Name:       Corpus Cleric5
Race:       Half-Elf (Arcadian)
Player:      
Classes:    Cleric5
Hit Points: 31
Experience: 15000 / 23000
Alignment:  None
Vision:     Low-Light Vision
Speed:      Walk 20 ft.
Languages:  Common, Elven
Stat    Score   Mod
STR  13 (+1)
DEX  10 (+0)
CON  14 (+2)
INT  10 (+0)
WIS  18 (+4)
CHA  14 (+2)
-------------------------- Skills --------------------------
Skill                   Total   Rnk     Stat    Msc
Acrobatics  -1  0.0  0  -1
Acrobatics (When Jumping)  -5  0.0  0  -5
Appraise  8  5.0  0  3
Bluff  2  0.0  2  0
Climb  -5  0.0  1  -6
Craft (Alchemy)  8  5.0  0  3
Craft (Untrained)  0  0.0  0  0
Diplomacy  2  0.0  2  0
Disguise  2  0.0  2  0
Escape Artist  -6  0.0  0  -6
Fly  -4  0.0  0  -4
Heal  4  0.0  4  0
Intimidate  2  0.0  2  0
Perception  6  0.0  4  2
Perform (Untrained)  2  0.0  2  0
Ride  -6  0.0  0  -6
Sense Motive  4  0.0  4  0
Stealth  -6  0.0  0  -6
Survival  4  0.0  4  0
Swim  -5  0.0  1  -6
-------------------------- Feats ---------------------------
Absorb Spirit
  You absorb restless spirits into your body at the cost of your own life force and sanity. Wisdom damage. If you succeed, you take 1 point of Constitution and Wisdom damage. No effect can prevent or reduce this damage, nor can the damage be healed or suppressed by any means until you release the spirit. You can release the spirit at any time as a standard action, at which point the spirit returns to its former location and begins rejuvenating or manifesting again as normal. If you die from the Constitution damage, the spirit is released, and if you become comatose from the Wisdom damage, the spirit gains control of your body (and can release itself whenever it desires).
  
Accursed
  [Not Implemented] Your curse weighs down your soul like a millstone around your neck.
  
Acrobatic
  You are skilled at leaping, jumping, and flying.
  
Skill Focus (Acrobatics)
-------------------- Special Abilities ---------------------

			<name>No Racial Subtype</name>
			<description>You have chosen no racial subtype.</description>
			<type>UNIVERSAL SUBTYPE</type>
			<associated></associated>
			<count>0</count>
			<aspect></aspect>
			<auto>F</auto>
			<hidden>F</hidden>
			<virtual>F</virtual>
			<category>Special Ability</category>
			<source>Paizo Inc. - Advanced Race Guide</source>
		</special_quality>
			<name>Take Inquisition</name>
			<description></description>
			<type>ALTCLASSINQUISITION.CLERICINQUISITION</type>
			<associated></associated>
			<count>0</count>
			<aspect></aspect>
			<auto>F</auto>
			<hidden>F</hidden>
			<virtual>F</virtual>
			<category>Special Ability</category>
			<source>Paizo Inc. - Ultimate Magic</source>
		</special_quality>
			<name>Absalom Bouncer</name>
			<description>When you make an attack that deals nonlethal damage with an unarmed strike, you gain a +1 bonus on your damage roll.</description>
			<type>TRAIT.BASICTRAIT.COMBATTRAIT</type>
			<associated></associated>
			<count>0</count>
			<aspect></aspect>
			<auto>F</auto>
			<hidden>F</hidden>
			<virtual>F</virtual>
			<category>Special Ability</category>
			<source>Paizo Inc. - Pathfinder Player Companion: Advanced Class Origins, p.11</source>
		</special_quality>
			<name>Acadamae Neophyte</name>
			<description>Whenever you succeed at a Knowledge (planes) check to identify a creature and its special powers or vulnerabilities, you gain one additional piece of useful information (as if your skill check result had been 5 higher).</description>
			<type>TRAIT.BASICTRAIT.MAGICTRAIT</type>
			<associated></associated>
			<count>0</count>
			<aspect></aspect>
			<auto>F</auto>
			<hidden>F</hidden>
			<virtual>F</virtual>
			<category>Special Ability</category>
			<source>Paizo Publishing - Pathfinder Player Companion: Monster Summoner's Handbook, p.10</source>
		</special_quality>
			<name>Adaptability</name>
			<description>Half-elves receive Skill Focus as a bonus feat at 1st level.</description>
			<type>RACIALTRAITS.HALF-ELF RACIAL TRAIT.HALF-ELF RACIAL DEFAULT.SPECIALQUALITY</type>
			<associated></associated>
			<count>0</count>
			<aspect></aspect>
			<auto>F</auto>
			<hidden>F</hidden>
			<virtual>F</virtual>
			<category>Special Ability</category>
			<source>Paizo Inc. - Advanced Race Guide, p.40</source>
		</special_quality>
			<name>Aura (Ex)</name>
			<description>A cleric of a chaotic, evil, good, or lawful deity has a particularly powerful aura corresponding to the deity's alignment (see the detect evil spell for details).</description>
			<type>EXTRAORDINARY.CLASSFEATURES.CLERICCLASSFEATURES.SPECIALQUALITY</type>
			<associated></associated>
			<count>0</count>
			<aspect></aspect>
			<auto>F</auto>
			<hidden>F</hidden>
			<virtual>F</virtual>
			<category>Special Ability</category>
			<source>Paizo Inc. - Core Rulebook, p.</source>
		</special_quality>
			<name>Domains</name>
			<description></description>
			<type>INTERNAL.CF_DOMAIN</type>
			<associated></associated>
			<count>0</count>
			<aspect></aspect>
			<auto>F</auto>
			<hidden>F</hidden>
			<virtual>F</virtual>
			<category>Special Ability</category>
			<source>Paizo Inc. - Core Rulebook</source>
		</special_quality>
			<name>Elf Blood</name>
			<description>Half-elves count as both elves and humans for any effect related to race.</description>
			<type>RACIALTRAITS.HALF-ELF RACIAL TRAIT.HALF-ELF RACIAL DEFAULT.SPECIALQUALITY.SPECIAL QUALITY</type>
			<associated></associated>
			<count>0</count>
			<aspect></aspect>
			<auto>F</auto>
			<hidden>F</hidden>
			<virtual>F</virtual>
			<category>Special Ability</category>
			<source>Paizo Inc. - Advanced Race Guide, p.40</source>
		</special_quality>
			<name>Elven Immunities</name>
			<description>Half-elves are immune to magic sleep effects and get a +2 racial saving throw bonus against enchantment spells and effects.</description>
			<type>RACIALTRAITS.HALF-ELF RACIAL TRAIT.HALF-ELF RACIAL DEFAULT.SPECIALQUALITY</type>
			<associated></associated>
			<count>0</count>
			<aspect>SaveBonus: +2 racial saving throw bonus against enchantment spells and effects.</aspect>
			<auto>F</auto>
			<hidden>F</hidden>
			<virtual>F</virtual>
			<category>Special Ability</category>
			<source>Paizo Inc. - Advanced Race Guide, p.40</source>
		</special_quality>
			<name>Immunity to Sleep (Ex)</name>
			<description>You are never subject to sleep effects.</description>
			<type>SPECIALQUALITY.EXTRAORDINARY.IMMUNITY</type>
			<associated></associated>
			<count>0</count>
			<aspect>Immunity: Sleep</aspect>
			<auto>F</auto>
			<hidden>F</hidden>
			<virtual>F</virtual>
			<category>Special Ability</category>
			<source>Paizo Inc. - Bestiary, p.301</source>
		</special_quality>
			<name>Keen Senses</name>
			<description>Half-elves receive a +2 racial bonus on Perception skill checks.</description>
			<type>RACIALTRAITS.HALF-ELF RACIAL TRAIT.HALF-ELF RACIAL DEFAULT.SPECIALQUALITY</type>
			<associated></associated>
			<count>0</count>
			<aspect></aspect>
			<auto>F</auto>
			<hidden>F</hidden>
			<virtual>F</virtual>
			<category>Special Ability</category>
			<source>Paizo Inc. - Advanced Race Guide, p.40</source>
		</special_quality>
			<name>Low-Light Vision</name>
			<description>Half-elves can see twice as far as humans in conditions of dim light.</description>
			<type>RACIALTRAITS.HALF-ELF RACIAL TRAIT.HALF-ELF RACIAL DEFAULT.SPECIALQUALITY.RACIAL VISION</type>
			<associated></associated>
			<count>0</count>
			<aspect></aspect>
			<auto>F</auto>
			<hidden>F</hidden>
			<virtual>F</virtual>
			<category>Special Ability</category>
			<source>Paizo Inc. - Advanced Race Guide, p.40</source>
		</special_quality>
			<name>Multitalented</name>
			<description>Half-elves choose two favored classes at first level and gain +1 hit point or +1 skill point whenever they take a level in either one of those classes.</description>
			<type>RACIALTRAITS.HALF-ELF RACIAL TRAIT.HALF-ELF RACIAL DEFAULT.SPECIALQUALITY</type>
			<associated></associated>
			<count>0</count>
			<aspect></aspect>
			<auto>F</auto>
			<hidden>F</hidden>
			<virtual>F</virtual>
			<category>Special Ability</category>
			<source>Paizo Inc. - Advanced Race Guide, p.40</source>
		</special_quality>
			<name>Orisons</name>
			<description>You can prepare a number of orisons, or 0-level spells. These spells are cast like any other spells, but they are not expended when used and may be used again.</description>
			<type>CLERICCLASSFEATURES.SPECIALQUALITY</type>
			<associated></associated>
			<count>0</count>
			<aspect></aspect>
			<auto>F</auto>
			<hidden>F</hidden>
			<virtual>F</virtual>
			<category>Special Ability</category>
			<source>Paizo Inc. - Core Rulebook, p.41</source>
		</special_quality>
			<name>Spontaneous Casting</name>
			<description></description>
			<type>CLERICCLASSFEATURES.SPECIALQUALITY</type>
			<associated></associated>
			<count>0</count>
			<aspect></aspect>
			<auto>F</auto>
			<hidden>F</hidden>
			<virtual>F</virtual>
			<category>Special Ability</category>
			<source>Paizo Inc. - Core Rulebook, p.41</source>
		</special_quality>
	</special_qualities>
------------------------ Templates -------------------------

-------------------------- Combat --------------------------
    Total / Touch / Flat Footed
AC: 17 / 12 / 17
Initiative:   +0
BAB:          +3
Melee tohit:  +4
Ranged tohit: +3
Fortitude:    +6
Reflex:       +1
Will:         +8
Unarmed attack:
to hit:       +4
damage:       1d3+1
critical:     20/x2
Mace, Heavy:
to hit:       -2
damage:       1d8+1
critical:     20/x2
Shield, Heavy Wooden:
to hit:       -10
damage:       1d4
critical:     20/x2
--------------------- Special Abilities --------------------
 
------------------------- Equipment ------------------------
Name                                            QTY	LBS
Mace, Heavy  1	8lbs
Shield, Heavy Wooden  1	10lbs
Scale Mail  1	30lbs
Total weight carried: 48 lbs.
Current load:         Light
Encumbrance
Light:  50   
Medium: 100   
Heavy:  150
--------------------------- Magic --------------------------


Cleric Spells

SPELLBOOKNAME0
 
Level 0
Bleed (Necromancy)
Saves: Will negates	DC: 14	Casting: 1 standard action
Duration: Instantaneous	Range: Close (35 ft.)	Components: V, S
SR: Yes	Effect: You cause a living creature that is below 0 hit points but stabilized to resume dying.	Target: One living creature
DESC: You cause a living creature that is below 0 hit points but stabilized to resume dying.
DESC 2:  You cause a living creature that is below 0 hit points but stabilized to resume dying.
Create Water (Conjuration)
Saves: None	DC: 	Casting: 1 standard action
Duration: Instantaneous	Range: Close (35 ft.)	Components: V, S
SR: No	Effect: This spell generates wholesome, drinkable water, just like clean rain water.	Target: Up to 10 gallons of water
DESC: This spell generates wholesome, drinkable water, just like clean rain water.
DESC 2:  This spell generates wholesome, drinkable water, just like clean rain water.
Detect Fiendish Presence (Divination)
Saves: None	DC: 	Casting: 1 standard action
Duration: Concentration, up to 50 minutes [D]	Range: 60 ft.	Components: V,S
SR: No	Effect: This spell functions like detect evil, except that it detects only outsiders with the evil subtype, as well as the lingering effects caused by their gifts, presence, and spells. It can also detect clerics and paladins of fiendish deities, including Asmodeus, archdevils, daemonic harbingers, and demon lords.	Target: Cone-shaped emanation
DESC: This spell functions like detect evil, except that it detects only outsiders with the evil subtype, as well as the lingering effects caused by their gifts, presence, and spells. It can also detect clerics and paladins of fiendish deities, including Asmodeus, archdevils, daemonic harbingers, and demon lords.
DESC 2:  This spell functions like detect evil, except that it detects only outsiders with the evil subtype, as well as the lingering effects caused by their gifts, presence, and spells. It can also detect clerics and paladins of fiendish deities, including Asmodeus, archdevils, daemonic harbingers, and demon lords.
Detect Magic (Divination)
Saves: None	DC: 	Casting: 1 standard action
Duration: Concentration, up to 5 minutes [D]	Range: 60 ft.	Components: V, S
SR: No	Effect: You detect magical auras.	Target: Cone-shaped emanation
DESC: You detect magical auras.
DESC 2:  You detect magical auras.
Detect Poison (Divination)
Saves: None	DC: 	Casting: 1 standard action
Duration: Instantaneous	Range: Close (35 ft.)	Components: V, S
SR: No	Effect: You determine whether a creature, object, or area has been poisoned or is poisonous.	Target: Or Area one creature, one object, or a 5-ft. cube
DESC: You determine whether a creature, object, or area has been poisoned or is poisonous.
DESC 2:  You determine whether a creature, object, or area has been poisoned or is poisonous.
Enhanced Diplomacy (Divination)
Saves: Will negates (harmless)	DC: 14	Casting: 1 standard action
Duration: 1 minute or until discharged	Range: Touch	Components: V, S
SR: yes (harmless)	Effect: You imbue the subject with divine diplomacy skills. The creature gets a +2 competence bonus on a single Diplomacy or Intimidate check. It must choose to use the bonus before making the roll to which it applies.	Target: creature touched
DESC: You imbue the subject with divine diplomacy skills. The creature gets a +2 competence bonus on a single Diplomacy or Intimidate check. It must choose to use the bonus before making the roll to which it applies.
DESC 2:  You imbue the subject with divine diplomacy skills. The creature gets a +2 competence bonus on a single Diplomacy or Intimidate check. It must choose to use the bonus before making the roll to which it applies.
Guidance (Divination)
Saves: Will negates (harmless)	DC: 14	Casting: 1 standard action
Duration: 1 minute or until discharged	Range: Touch	Components: V, S
SR: Yes	Effect: This spell imbues the subject with a touch of divine guidance.	Target: Creature touched
DESC: This spell imbues the subject with a touch of divine guidance.
DESC 2:  This spell imbues the subject with a touch of divine guidance.
Light (Evocation)
Saves: None	DC: 	Casting: 1 standard action
Duration: 50 minutes	Range: Touch	Components: V, M/DF
SR: No	Effect: This spell causes a touched object to glow like a torch.	Target: Object touched
DESC: This spell causes a touched object to glow like a torch.
DESC 2:  This spell causes a touched object to glow like a torch.
Mending (Transmutation)
Saves: Will negates (harmless, object)	DC: 14	Casting: 10 minutes
Duration: Instantaneous	Range: 10 ft.	Components: V, S
SR: Yes (harmless, object)	Effect: This spell repairs damaged objects, restoring 1d4 hit points to the object.	Target: One object of up to 5 lb.
DESC: This spell repairs damaged objects, restoring 1d4 hit points to the object.
DESC 2:  This spell repairs damaged objects, restoring 1d4 hit points to the object.
Purify Food and Drink (Transmutation)
Saves: Will negates (object)	DC: 14	Casting: 1 standard action
Duration: Instantaneous	Range: 10 ft.	Components: V, S
SR: Yes (object)	Effect: This spell makes spoiled, rotten, diseased, poisonous, or otherwise contaminated food and water pure and suitable for eating and drinking.	Target: 5 cu. ft. of contaminated food and water
DESC: This spell makes spoiled, rotten, diseased, poisonous, or otherwise contaminated food and water pure and suitable for eating and drinking.
DESC 2:  This spell makes spoiled, rotten, diseased, poisonous, or otherwise contaminated food and water pure and suitable for eating and drinking.
Read Magic (Divination)
Saves: 	DC: 	Casting: 1 standard action
Duration: 50 minutes	Range: Personal	Components: V, S, F
SR: 	Effect: You can decipher magical inscriptions on objects--books, scrolls, weapons, and the like--that would otherwise be unintelligible.	Target: You
DESC: You can decipher magical inscriptions on objects--books, scrolls, weapons, and the like--that would otherwise be unintelligible.
DESC 2:  You can decipher magical inscriptions on objects--books, scrolls, weapons, and the like--that would otherwise be unintelligible.
Resistance (Abjuration)
Saves: Will negates (harmless)	DC: 14	Casting: 1 standard action
Duration: 1 minute	Range: Touch	Components: V, S, M/DF
SR: Yes (harmless)	Effect: You imbue the subject with magical energy that protects it from harm, granting it a +1 resistance bonus on saves.	Target: Creature touched
DESC: You imbue the subject with magical energy that protects it from harm, granting it a +1 resistance bonus on saves.
DESC 2:  You imbue the subject with magical energy that protects it from harm, granting it a +1 resistance bonus on saves.
Spark (Evocation, FireSchool)
Saves: Fortitude negates (object)	DC: 14	Casting: 1 standard action
Duration: Instantaneous	Range: Close (35 ft.)	Components: V or S
SR: Yes (object)	Effect: Ignites flammable objects.	Target: one Fine object
DESC: Ignites flammable objects.
DESC 2:  Ignites flammable objects.
Stabilize (Conjuration)
Saves: Will negates (harmless)	DC: 14	Casting: 1 standard action
Duration: Instantaneous	Range: Close (35 ft.)	Components: V, S
SR: Yes (harmless)	Effect: Upon casting this spell, you target a living creature that has -1 or fewer hit points.	Target: One living creature
DESC: Upon casting this spell, you target a living creature that has -1 or fewer hit points.
DESC 2:  Upon casting this spell, you target a living creature that has -1 or fewer hit points.
Vigor (Transmutation)
Saves: Will negates (harmless)	DC: 14	Casting: Touch
Duration: 1 minute or until discharched	Range: Touch	Components: V, S
SR: Yes	Effect: This spell infuses the subject with a small surge of strength. The creature gets a +1 competence bonus on a single melee damage roll. It must choose to use the bonus before making the roll to which it applies. Ranged or spell attacks are unaffected by this spell.	Target: Creature touched
DESC: This spell infuses the subject with a small surge of strength. The creature gets a +1 competence bonus on a single melee damage roll. It must choose to use the bonus before making the roll to which it applies. Ranged or spell attacks are unaffected by this spell.
DESC 2:  This spell infuses the subject with a small surge of strength. The creature gets a +1 competence bonus on a single melee damage roll. It must choose to use the bonus before making the roll to which it applies. Ranged or spell attacks are unaffected by this spell.
Virtue (Transmutation)
Saves: None	DC: 	Casting: 1 standard action
Duration: 1 min.	Range: Touch	Components: V, S, DF
SR: Yes (harmless)	Effect: With a touch, you infuse a creature with a tiny surge of life, granting the subject 1 temporary hit point.	Target: Creature touched
DESC: With a touch, you infuse a creature with a tiny surge of life, granting the subject 1 temporary hit point.
DESC 2:  With a touch, you infuse a creature with a tiny surge of life, granting the subject 1 temporary hit point.
 
 
Level 1
Abstemiousness (Transmutation)
Saves: None	DC: 	Casting: 1 standard action
Duration: 1 hour	Range: Touch	Components: V, M
SR: Yes	Effect: Magically enhance a handful of simple food to satisfy a Medium or smaller creature for one day.	Target: A handful of berries, grains, nuts, or rice
DESC: Magically enhance a handful of simple food to satisfy a Medium or smaller creature for one day.
DESC 2:  Magically enhance a handful of simple food to satisfy a Medium or smaller creature for one day.
Abundant Ammunition (Conjuration)
Saves: None	DC: 	Casting: 1 standard action
Duration: 5 minutes	Range: 	Components: V, S, M/DF
SR: No	Effect: Replaces nonmagical ammunition every round.	Target: one container touched
DESC: Replaces nonmagical ammunition every round.
DESC 2:  Replaces nonmagical ammunition every round.
Air Bubble (Conjuration)
Saves: Will negates (harmless)	DC: 15	Casting: 1 standard action
Duration: 5 minutes	Range: Touch	Components: S, M/DF
SR: Yes (harmless)	Effect: Creates a small pocket of air around your head or an object.	Target: one creature or one object no larger than a Large twohanded weapon
DESC: Creates a small pocket of air around your head or an object.
DESC 2:  Creates a small pocket of air around your head or an object.
Ant Haul (Transmutation)
Saves: Fortitude negates (harmless)	DC: 15	Casting: 1 standard action
Duration: 10 hours	Range: Touch	Components: V, S, M/DF
SR: Yes (harmless)	Effect: Triples carrying capacity of a creature.	Target: creature touched
DESC: Triples carrying capacity of a creature.
DESC 2:  Triples carrying capacity of a creature.
Bane (Enchantment)
Saves: Will negates	DC: 15	Casting: 1 standard action
Duration: 5 minutes	Range: 50 ft.	Components: V, S, DF
SR: Yes	Effect: Bane fills your enemies with fear and doubt.	Target: 50-ft.-radius burst, centered on you
DESC: Bane fills your enemies with fear and doubt.
DESC 2:  Bane fills your enemies with fear and doubt.
Barbed Chains (Conjuration)
Saves: Will partial (see text)	DC: 15	Casting: 1 standard action
Duration: Instantaneous	Range: Close (35 ft.)	Components: V,S,M
SR: No	Effect: Hellish chains attack and cause a target to become shaken.	Target: A chain sharpened at one end
DESC: Hellish chains attack and cause a target to become shaken.
DESC 2:  Hellish chains attack and cause a target to become shaken.
Bless (Enchantment)
Saves: None	DC: 	Casting: 1 standard action
Duration: 5 minutes	Range: 50 ft.	Components: V, S, DF
SR: Yes (harmless)	Effect: Bless fills your allies with courage.	Target: The caster and all allies within a 50-ft. burst, centered on the caster
DESC: Bless fills your allies with courage.
DESC 2:  Bless fills your allies with courage.
Bless Water (Transmutation)
Saves: Will negates (object)	DC: 15	Casting: 1 minute
Duration: Instantaneous	Range: Touch	Components: V, S, M
SR: Yes (object)	Effect: This transmutation imbues a flask of water with positive energy, turning it into holy water.	Target: Flask of water touched
DESC: This transmutation imbues a flask of water with positive energy, turning it into holy water.
DESC 2:  This transmutation imbues a flask of water with positive energy, turning it into holy water.
Blessed Fist (Transmutation)
Saves: none	DC: 15	Casting: 1 standard action
Duration: 5 minutes	Range: Touch	Components: V, S
SR: yes	Effect: Target doesn't provoke attacks of opportunity with unarmed strikes.	Target: creature touched
DESC: Target doesn't provoke attacks of opportunity with unarmed strikes.
DESC 2:  Target doesn't provoke attacks of opportunity with unarmed strikes.
Carrion Compass (Divination)
Saves: Will negates	DC: 15	Casting: 1 standard action
Duration: 50 minutes	Range: Close (35 ft.)	Components: V,S
SR: No	Effect: You animate one of the target's fetid organs so that it leads you to the undead creature's most recent controller or the cause of the creature's undeath. The organ floats in front of you at chest level and slowly leads you to the undead creature's most recent controller [if none, creator, or, failing that, place of creation] at a rate of 30 feet per round, always staying within your range of vision. If the creature was self­created, or if the it's most recent controller no longer exists, the spell fails. Once the organ is within 10 feet of its intended destination, the spell ends, and the organ falls to the ground. If the undead creature to which the organ belonged is destroyed, the spell ends and the organ falls to the ground.	Target: One undead creature
DESC: You animate one of the target's fetid organs so that it leads you to the undead creature's most recent controller or the cause of the creature's undeath. The organ floats in front of you at chest level and slowly leads you to the undead creature's most recent controller (if none, creator, or, failing that, place of creation) at a rate of 30 feet per round, always staying within your range of vision. If the creature was self­created, or if the it's most recent controller no longer exists, the spell fails. Once the organ is within 10 feet of its intended destination, the spell ends, and the organ falls to the ground. If the undead creature to which the organ belonged is destroyed, the spell ends and the organ falls to the ground.
DESC 2:  You animate one of the target's fetid organs so that it leads you to the undead creature's most recent controller or the cause of the creature's undeath. The organ floats in front of you at chest level and slowly leads you to the undead creature's most recent controller [if none, creator, or, failing that, place of creation] at a rate of 30 feet per round, always staying within your range of vision. If the creature was self­created, or if the it's most recent controller no longer exists, the spell fails. Once the organ is within 10 feet of its intended destination, the spell ends, and the organ falls to the ground. If the undead creature to which the organ belonged is destroyed, the spell ends and the organ falls to the ground.
Cause Fear (Necromancy)
Saves: Will partial	DC: 15	Casting: 1 standard action
Duration: 1d4 rounds or 1 round; see text	Range: Close (35 ft.)	Components: V, S
SR: Yes	Effect: The affected creature becomes frightened.	Target: One living creature with 5 or fewer HD
DESC: The affected creature becomes frightened.
DESC 2:  The affected creature becomes frightened.
Clarion Call (Illusion)
Saves: Fortitude negates (harmless)	DC: 15	Casting: 1 standard action
Duration: 50 minutes	Range: Touch	Components: V, S, M
SR: Yes (harmless)	Effect: Amplify target's voice	Target: Creature touched
DESC: Amplify target's voice
DESC 2:  Amplify target's voice
Command (Enchantment)
Saves: Will negates	DC: 15	Casting: 1 standard action
Duration: 1 round	Range: Close (35 ft.)	Components: V
SR: Yes	Effect: You give the subject a single command, which it obeys to the best of its ability at its earliest opportunity.	Target: One living creature
DESC: You give the subject a single command, which it obeys to the best of its ability at its earliest opportunity.
DESC 2:  You give the subject a single command, which it obeys to the best of its ability at its earliest opportunity.
Compel Hostility (Enchantment)
Saves: see text	DC: 15	Casting: 1 standard action
Duration: 5 rounds	Range: Personal	Components: V, S, M
SR: see text	Effect: Compels opponents to attack you instead of your allies.	Target: You
DESC: Compels opponents to attack you instead of your allies.
DESC 2:  Compels opponents to attack you instead of your allies.
Comprehend Languages (Divination)
Saves: 	DC: 	Casting: 1 standard action
Duration: 50 minutes	Range: Personal	Components: V, S, M/DF
SR: 	Effect: You can understand the spoken words of creatures or read otherwise incomprehensible written messages.	Target: You
DESC: You can understand the spoken words of creatures or read otherwise incomprehensible written messages.
DESC 2:  You can understand the spoken words of creatures or read otherwise incomprehensible written messages.
Coward's Cowl (Enchantment)
Saves: Will negates (harmless)	DC: 15	Casting: 1 standard action
Duration: 5 minutes	Range: Close (35 ft.)	Components: V,S
SR: No	Effect: You imbue the target with a compulsion to avoid threats, enhancing its defensive instincts. So long as the affected creature does not move closer to enemies during its turn, or moves at least 5 feet away from adjacent enemies, it gains a +1 morale bonus to its AC, and a +1 morale bonus on saves and on attack rolls made as readied actions and attacks of opportunity. Alternatively, if the affected creature does not close with its enemies, it can increase the DC of all spells it casts as part of a readied action by 1. If the subject of the spell willingly moves toward a threatening creature, the spell immediately ends. While affected by coward’s cowl, a creature takes a –2 penalty on all saving throws against fear effects.	Target: One creature
DESC: You imbue the target with a compulsion to avoid threats, enhancing its defensive instincts. So long as the affected creature does not move closer to enemies during its turn, or moves at least 5 feet away from adjacent enemies, it gains a +1 morale bonus to its AC, and a +1 morale bonus on saves and on attack rolls made as readied actions and attacks of opportunity. Alternatively, if the affected creature does not close with its enemies, it can increase the DC of all spells it casts as part of a readied action by 1. If the subject of the spell willingly moves toward a threatening creature, the spell immediately ends. While affected by coward’s cowl, a creature takes a –2 penalty on all saving throws against fear effects.
DESC 2:  You imbue the target with a compulsion to avoid threats, enhancing its defensive instincts. So long as the affected creature does not move closer to enemies during its turn, or moves at least 5 feet away from adjacent enemies, it gains a +1 morale bonus to its AC, and a +1 morale bonus on saves and on attack rolls made as readied actions and attacks of opportunity. Alternatively, if the affected creature does not close with its enemies, it can increase the DC of all spells it casts as part of a readied action by 1. If the subject of the spell willingly moves toward a threatening creature, the spell immediately ends. While affected by coward’s cowl, a creature takes a –2 penalty on all saving throws against fear effects.
Cultural Adaptation (Divination)
Saves: 	DC: 	Casting: 1 standard action
Duration: 50 minutes	Range: Personal	Components: V,S,M/DF
SR: 	Effect: Adapt to fit the local culture.	Target: You
DESC: Adapt to fit the local culture.
DESC 2:  Adapt to fit the local culture.
Cure Light Wounds (Conjuration)
Saves: Will half (harmless); see text	DC: 15	Casting: 1 standard action
Duration: Instantaneous	Range: Touch	Components: V, S
SR: Yes (harmless); see text	Effect: When laying your hand upon a living creature, you channel positive energy that cures 1d8+5 points of damage.	Target: Creature touched
DESC: When laying your hand upon a living creature, you channel positive energy that cures 1d8+(min(5,CASTERLEVEL)) points of damage.
DESC 2:  When laying your hand upon a living creature, you channel positive energy that cures 1d8+5 points of damage.
Curse Water (Necromancy)
Saves: Will negates (object)	DC: 15	Casting: 1 minute
Duration: Instantaneous	Range: Touch	Components: V, S, M
SR: Yes (object)	Effect: This spell imbues a flask [1 pint] of water with negative energy, turning it into unholy water.	Target: Flask of water touched
DESC: This spell imbues a flask (1 pint) of water with negative energy, turning it into unholy water.
DESC 2:  This spell imbues a flask [1 pint] of water with negative energy, turning it into unholy water.
Dancing Lantern (Transmutation, FireSchool)
Saves: None	DC: 	Casting: 1 standard action
Duration: 5 hours [D]	Range: Touch	Components: V, S, F
SR: No	Effect: Animates a lantern that follows you.	Target: Animates one lantern
DESC: Animates a lantern that follows you.
DESC 2:  Animates a lantern that follows you.
Deadeye's Lore (Divination)
Saves: 	DC: 	Casting: 1 round
Duration: 5 hours	Range: Personal	Components: V, S
SR: 	Effect: Gain a +4 bonus on Survival and move full speed while tracking.	Target: You
DESC: Gain a +4 bonus on Survival and move full speed while tracking.
DESC 2:  Gain a +4 bonus on Survival and move full speed while tracking.
Deathwatch (Necromancy)
Saves: None	DC: 	Casting: 1 standard action
Duration: 50 minutes	Range: 30 ft.	Components: V, S
SR: No	Effect: Using the powers of necromancy, you can determine the condition of creatures near death within the spell's range.	Target: Cone-shaped emanation
DESC: Using the powers of necromancy, you can determine the condition of creatures near death within the spell's range.
DESC 2:  Using the powers of necromancy, you can determine the condition of creatures near death within the spell's range.
Decompose Corpse (Necromancy)
Saves: Fortitude negates (object)	DC: 15	Casting: 1 standard action
Duration: Instantaneous or 1 minute; see text	Range: Touch	Components: V, S, M
SR: Yes (object)	Effect: Turn corpse into clean skeleton.	Target: One corpse or corporeal undead
DESC: Turn corpse into clean skeleton.
DESC 2:  Turn corpse into clean skeleton.
Desperate Weapon (Conjuration)
Saves: None	DC: 	Casting: 1 swift action
Duration: 5 minutes	Range: Personal	Components: V
SR: No	Effect: Create an improvised weapon.	Target: One-handed improvised weapon
DESC: Create an improvised weapon.
DESC 2:  Create an improvised weapon.
Detect Chaos (Divination)
Saves: None	DC: 	Casting: 1 standard action
Duration: Concentration, up to 50 minutes [D]	Range: 60 ft.	Components: V, S, DF
SR: No	Effect: You can sense the auras of chaotic creatures.	Target: Cone-shaped emanation
DESC: You can sense the auras of chaotic creatures.
DESC 2:  You can sense the auras of chaotic creatures.
Detect Evil (Divination)
Saves: None	DC: 	Casting: 1 standard action
Duration: Concentration, up to 50 minutes [D]	Range: 60 ft.	Components: V, S, DF
SR: No	Effect: You can sense the presence of evil.	Target: Cone-shaped emanation
DESC: You can sense the presence of evil.
DESC 2:  You can sense the presence of evil.
Detect Good (Divination)
Saves: None	DC: 	Casting: 1 standard action
Duration: Concentration, up to 50 minutes [D]	Range: 60 ft.	Components: V, S, DF
SR: No	Effect: You can sense the presence of good.	Target: Cone-shaped emanation
DESC: You can sense the presence of good.
DESC 2:  You can sense the presence of good.
Detect Law (Divination)
Saves: None	DC: 	Casting: 1 standard action
Duration: Concentration, up to 50 minutes [D]	Range: 60 ft.	Components: V, S, DF
SR: No	Effect: You can sense the auras of lawful creatures.	Target: Cone-shaped emanation
DESC: You can sense the auras of lawful creatures.
DESC 2:  You can sense the auras of lawful creatures.
Detect the Faithful (Divination)
Saves: None	DC: 	Casting: 1 standard action
Duration: Concentration, up to 5 minutes [D]	Range: 60 ft.	Components: V,S,DF
SR: No	Effect: Find others of the same faith.	Target: Cone-shaped emanation
DESC: Find others of the same faith.
DESC 2:  Find others of the same faith.
Detect Undead (Divination)
Saves: None	DC: 	Casting: 1 standard action
Duration: Concentration, up to 5 minutes [D]	Range: 60 ft.	Components: V, S, M/DF
SR: No	Effect: You can detect the aura that surrounds undead creatures.	Target: Cone-shaped emanation
DESC: You can detect the aura that surrounds undead creatures.
DESC 2:  You can detect the aura that surrounds undead creatures.
Diagnose Disease (Divination)
Saves: None	DC: 	Casting: 1 standard action
Duration: Instantaneous	Range: Close (35 ft.)	Components: V, S
SR: No	Effect: Detect and identify diseases.	Target: One creature, one object, or a 5-ft. cube
DESC: Detect and identify diseases.
DESC 2:  Detect and identify diseases.
Divine Favor (Evocation)
Saves: 	DC: 	Casting: 1 standard action
Duration: 1 minute	Range: Personal	Components: V, S, DF
SR: 	Effect: Calling upon the strength and wisdom of a deity, you gain a +1 luck bonus on attack and weapon damage rolls.	Target: You
DESC: Calling upon the strength and wisdom of a deity, you gain a +(max(1,min(3,floor(CASTERLEVEL/3)))) luck bonus on attack and weapon damage rolls.
DESC 2:  Calling upon the strength and wisdom of a deity, you gain a +1 luck bonus on attack and weapon damage rolls.
Doom (Necromancy)
Saves: Will negates	DC: 15	Casting: 1 standard action
Duration: 5 minutes	Range: Medium (150 ft.)	Components: V, S, DF
SR: Yes	Effect: This spell fills a single subject with a feeling of horrible dread that causes it to become shaken.	Target: One living creature
DESC: This spell fills a single subject with a feeling of horrible dread that causes it to become shaken.
DESC 2:  This spell fills a single subject with a feeling of horrible dread that causes it to become shaken.
Egorian Diplomacy (Enchantment)
Saves: Will negates	DC: 15	Casting: 1 standard action
Duration: Instant; see text	Range: Close (35 ft.)	Components: V,S,M
SR: Yes	Effect: As part of casting this spell, you can attempt a single Intimidate skill check to make a target act friendly toward you. If you succeed, the target assists you normally, but Egorian diplomacy clouds the memory of any threats or pressure you applied. The target remembers assisting you, but can't remember why, and its attitude toward you doesn't worsen as a result of being intimidated. Whether a creature fails or succeeds at its saving throw, it becomes immune to further castings of Egorian diplomacy for 24 hours.	Target: One creature
DESC: As part of casting this spell, you can attempt a single Intimidate skill check to make a target act friendly toward you. If you succeed, the target assists you normally, but Egorian diplomacy clouds the memory of any threats or pressure you applied. The target remembers assisting you, but can't remember why, and its attitude toward you doesn't worsen as a result of being intimidated. Whether a creature fails or succeeds at its saving throw, it becomes immune to further castings of Egorian diplomacy for 24 hours.
DESC 2:  As part of casting this spell, you can attempt a single Intimidate skill check to make a target act friendly toward you. If you succeed, the target assists you normally, but Egorian diplomacy clouds the memory of any threats or pressure you applied. The target remembers assisting you, but can't remember why, and its attitude toward you doesn't worsen as a result of being intimidated. Whether a creature fails or succeeds at its saving throw, it becomes immune to further castings of Egorian diplomacy for 24 hours.
Endure Elements (Abjuration)
Saves: Will negates (harmless)	DC: 15	Casting: 1 standard action
Duration: 24 hours	Range: Touch	Components: V, S
SR: Yes (harmless)	Effect: A creature protected by endure elements suffers no harm from being in a hot or cold environment.	Target: Creature touched
DESC: A creature protected by endure elements suffers no harm from being in a hot or cold environment.
DESC 2:  A creature protected by endure elements suffers no harm from being in a hot or cold environment.
Endure Elements (Cold Environment) (Abjuration)
Saves: Will negates (harmless)	DC: 15	Casting: 1 standard action
Duration: 24 hours	Range: Touch	Components: V, S
SR: Yes (harmless)	Effect: A creature protected by endure elements suffers no harm from being in a hot or cold environment.	Target: Creature touched
DESC: A creature protected by endure elements suffers no harm from being in a hot or cold environment.
DESC 2:  A creature protected by endure elements suffers no harm from being in a hot or cold environment.
Enhance Water (Transmutation)
Saves: Fortitude negates (object)	DC: 15	Casting: 1 round
Duration: Instantaneous	Range: Touch	Components: V, S
SR: Yes (object)	Effect: Transform water into an alcoholic beverage, typically ale, beer, mead, or wine.	Target: 5 pints of water
DESC: Transform water into an alcoholic beverage, typically ale, beer, mead, or wine.
DESC 2:  Transform water into an alcoholic beverage, typically ale, beer, mead, or wine.
Entropic Shield (Abjuration)
Saves: 	DC: 	Casting: 1 standard action
Duration: 5 minutes [D]	Range: Personal	Components: V, S
SR: 	Effect: A magical field appears around you, glowing with a chaotic blast of multicolored hues deflecting incoming arrows, rays, and other ranged attacks.	Target: You
DESC: A magical field appears around you, glowing with a chaotic blast of multicolored hues deflecting incoming arrows, rays, and other ranged attacks.
DESC 2:  A magical field appears around you, glowing with a chaotic blast of multicolored hues deflecting incoming arrows, rays, and other ranged attacks.
Fairness (Enchantment)
Saves: Will negates	DC: 15	Casting: 1 full-round action
Duration: 5 minutes	Range: Close (35 ft.)	Components: V, S, DF
SR: Yes	Effect: Targets must trade fairly to the best of their knowledge.	Target: 5 humanoid creatures
DESC: Targets must trade fairly to the best of their knowledge.
DESC 2:  Targets must trade fairly to the best of their knowledge.
Forbid Action (Enchantment)
Saves: Will negates	DC: 15	Casting: 1 standard action
Duration: 1 round	Range: Close (35 ft.)	Components: V
SR: Yes	Effect: Target obeys your command to not do something.	Target: One creature
DESC: Target obeys your command to not do something.
DESC 2:  Target obeys your command to not do something.
Gorum's Armor (Transmutation)
Saves: Fortitude negates (harmless)	DC: 15	Casting: 1 standard action
Duration: 50 minutes	Range: Touch	Components: V, S, M
SR: Yes (harmless)	Effect: Targeted object sprouts thousand of tiny iron spikes. These act as armor/shield spikes [enhanced at CL 5+], causing 1 point of piercing damage for each opponent's natural attack that hits.	Target: One suit of metal armor or one metal shield
DESC: Targeted object sprouts thousand of tiny iron spikes. These act as armor/shield spikes [enhanced at CL 5+], causing 1 point of piercing damage for each opponent's natural attack that hits.
DESC 2:  Targeted object sprouts thousand of tiny iron spikes. These act as armor/shield spikes [enhanced at CL 5+], causing 1 point of piercing damage for each opponent's natural attack that hits.
Grasping Corpse (Necromancy)
Saves: None	DC: 	Casting: 1 standard action
Duration: Instantaneous	Range: Close (35 ft.)	Components: V,S,M
SR: No	Effect: Cause a corpse to grab or trip a foe.	Target: One corpse
DESC: Cause a corpse to grab or trip a foe.
DESC 2:  Cause a corpse to grab or trip a foe.
Hairline Fractures (Transmutation)
Saves: Fortitude negates (object)	DC: 15	Casting: 1 standard action
Duration: 5 rounds	Range: Touch	Components: V, S, M
SR: Yes (object)	Effect: You create momentary hairline fractures in a piece of stone or a creature with the earth subtype.	Target: 5-ft.-square section of stone or a creature with the earth subtype
DESC: You create momentary hairline fractures in a piece of stone or a creature with the earth subtype.
DESC 2:  You create momentary hairline fractures in a piece of stone or a creature with the earth subtype.
Haze of Dreams (Enchantment)
Saves: Will negates	DC: 15	Casting: 1 standard action
Duration: 5 rounds	Range: Close (35 ft.)	Components: V, M
SR: Yes	Effect: You fill an enemy's head with waking dreams, reducing the target's speet by half.	Target: One Creature
DESC: You fill an enemy's head with waking dreams, reducing the target's speet by half.
DESC 2:  You fill an enemy's head with waking dreams, reducing the target's speet by half.
Hedging Weapons (Abjuration)
Saves: 	DC: 	Casting: 1 standard action
Duration: 5 minutes [D]	Range: Personal	Components: V,S,DF
SR: 	Effect: Floating weapons protect you and make ranged attacks.	Target: You
DESC: Floating weapons protect you and make ranged attacks.
DESC 2:  Floating weapons protect you and make ranged attacks.
Hidden Spring (Transmutation)
Saves: None	DC: 	Casting: 1 hour
Duration: 5 hours	Range: Touch	Components: V,S,F
SR: No	Effect: Discover a temporary spring of fresh, flowing water.	Target: A spring of fresh water
DESC: Discover a temporary spring of fresh, flowing water.
DESC 2:  Discover a temporary spring of fresh, flowing water.
Hide from Undead (Abjuration)
Saves: Will negates (harmless); see text	DC: 15	Casting: 1 standard action
Duration: 50 minutes [D]	Range: Touch	Components: V, S, DF
SR: Yes	Effect: Undead cannot see, hear, or smell creatures warded by this spell.	Target: 5 creatures touched
DESC: Undead cannot see, hear, or smell creatures warded by this spell.
DESC 2:  Undead cannot see, hear, or smell creatures warded by this spell.
Infernal Healing (Conjuration)
Saves: Will negates (harmless)	DC: 15	Casting: 1 round
Duration: 1 minute	Range: Touch	Components: V, S, M
SR: Yes (harmless)	Effect: Anoint a wounded creature with devil's blood or unholy water giving it fast healing 1. Does not repair silver or good damage. Target detects as evil for the duration.	Target: Creature touched
DESC: Anoint a wounded creature with devil's blood or unholy water giving it fast healing 1. Does not repair silver or good damage. Target detects as evil for the duration.
DESC 2:  Anoint a wounded creature with devil's blood or unholy water giving it fast healing 1. Does not repair silver or good damage. Target detects as evil for the duration.
Inflict Light Wounds (Necromancy)
Saves: Will half	DC: 15	Casting: 1 standard action
Duration: Instantaneous	Range: Touch	Components: V, S
SR: Yes	Effect: When laying your hand upon a creature, you channel negative energy that deals 1d8+5 points of damage.	Target: Creature touched
DESC: When laying your hand upon a creature, you channel negative energy that deals 1d8+(min(5,CASTERLEVEL)) points of damage.
DESC 2:  When laying your hand upon a creature, you channel negative energy that deals 1d8+5 points of damage.
Know the Enemy (Divination)
Saves: None	DC: 	Casting: 1 minute
Duration: Instantaneous	Range: Personal	Components: V, S, DF
SR: No	Effect: Gain +10 on a monster Knowledge check.	Target: You
DESC: Gain +10 on a monster Knowledge check.
DESC 2:  Gain +10 on a monster Knowledge check.
Liberating Command (Transmutation)
Saves: Will negates (harmless)	DC: 15	Casting: 1 immediate action
Duration: instantaneous	Range: Close (35 ft.)	Components: V
SR: Yes (harmless)	Effect: Target makes an Escape Artist check as an immediate action and gains a bonus on it.	Target: one creature
DESC: Target makes an Escape Artist check as an immediate action and gains a bonus on it.
DESC 2:  Target makes an Escape Artist check as an immediate action and gains a bonus on it.
Lighten Object (Transmutation)
Saves: Will negates (object)	DC: 15	Casting: 1 standard action
Duration: 5 minutes	Range: CLose (35 ft.)	Components: V, M
SR: Yes (object)	Effect: Decrease target object's weight by half.	Target: 1 object of 5 cubic ft.
DESC: Decrease target object's weight by half.
DESC 2:  Decrease target object's weight by half.
Magic Stone (Transmutation)
Saves: Will negates (harmless, object)	DC: 15	Casting: 1 standard action
Duration: 30 minutes or until discharged	Range: Touch	Components: V, S, DF
SR: Yes (harmless, object)	Effect: You transmute as many as three pebbles, which can be no larger than sling bullets, so that they strike with great force when thrown or slung.	Target: Up to three pebbles touched
DESC: You transmute as many as three pebbles, which can be no larger than sling bullets, so that they strike with great force when thrown or slung.
DESC 2:  You transmute as many as three pebbles, which can be no larger than sling bullets, so that they strike with great force when thrown or slung.
Magic Weapon (Transmutation)
Saves: Will negates (harmless, object)	DC: 15	Casting: 1 standard action
Duration: 5 minutes	Range: Touch	Components: V, S, DF
SR: Yes (harmless, object)	Effect: Magic weapon gives a weapon a +1 enhancement bonus on attack and damage rolls.	Target: Weapon touched
DESC: Magic weapon gives a weapon a +1 enhancement bonus on attack and damage rolls.
DESC 2:  Magic weapon gives a weapon a +1 enhancement bonus on attack and damage rolls.
Moment of Greatness (Enchantment)
Saves: None	DC: 	Casting: 1 standard action
Duration: 5 minutes or until discharged	Range: 50 ft.	Components: V, S, M/DF
SR: Yes (harmless)	Effect: Doubles a morale bonus.	Target: The caster and allies within a 50-ft. burst centered on the caster
DESC: Doubles a morale bonus.
DESC 2:  Doubles a morale bonus.
Murderous Command (Enchantment)
Saves: Will negates	DC: 15	Casting: 1 standard action
Duration: 1 round	Range: Close (35 ft.)	Components: V
SR: Yes	Effect: Target is compelled to kill its ally.	Target: One living creature
DESC: Target is compelled to kill its ally.
DESC 2:  Target is compelled to kill its ally.
Obscure Poison (Abjuration)
Saves: None	DC: 	Casting: 1 standard action
Duration: 5 hours	Range: Touch	Components: S,M
SR: No	Effect: Make it harder to detect a poison or a venomous creature.	Target: One dose of poison or one venomous creature
DESC: Make it harder to detect a poison or a venomous creature.
DESC 2:  Make it harder to detect a poison or a venomous creature.
Obscuring Mist (Conjuration, WaterSchool)
Saves: None	DC: 	Casting: 1 standard action
Duration: 5 minutes [D]	Range: 20 ft.	Components: V, S
SR: No	Effect: A misty, stationary vapor arises around you obscuring all sight, including darkvision, beyond 5 feet.	Target: Cloud spreads in 20-ft. radius from you, 20 ft. high
DESC: A misty, stationary vapor arises around you obscuring all sight, including darkvision, beyond 5 feet.
DESC 2:  A misty, stationary vapor arises around you obscuring all sight, including darkvision, beyond 5 feet.
Protection from Chaos (Abjuration)
Saves: Will negates (harmless)	DC: 15	Casting: 1 standard action
Duration: 5 minutes [D]	Range: Touch	Components: V, S, M/DF
SR: No; see text	Effect: This spell wards a creature from attacks by chaotic creatures, from mental control, and from summoned creatures.	Target: Creature touched
DESC: This spell wards a creature from attacks by chaotic creatures, from mental control, and from summoned creatures.
DESC 2:  This spell wards a creature from attacks by chaotic creatures, from mental control, and from summoned creatures.
Protection from Evil (Abjuration)
Saves: Will negates (harmless)	DC: 15	Casting: 1 standard action
Duration: 5 minutes [D]	Range: Touch	Components: V, S, M/DF
SR: No; see text	Effect: This spell wards a creature from attacks by evil creatures, from mental control, and from summoned creatures.	Target: Creature touched
DESC: This spell wards a creature from attacks by evil creatures, from mental control, and from summoned creatures.
DESC 2:  This spell wards a creature from attacks by evil creatures, from mental control, and from summoned creatures.
Protection from Good (Abjuration)
Saves: Will negates (harmless)	DC: 15	Casting: 1 standard action
Duration: 5 minutes [D]	Range: Touch	Components: V, S, M/DF
SR: No; see text	Effect: This spell wards a creature from attacks by good creatures, from mental control, and from summoned creatures.	Target: Creature touched
DESC: This spell wards a creature from attacks by good creatures, from mental control, and from summoned creatures.
DESC 2:  This spell wards a creature from attacks by good creatures, from mental control, and from summoned creatures.
Protection from Law (Abjuration)
Saves: Will negates (harmless)	DC: 15	Casting: 1 standard action
Duration: 5 minutes [D]	Range: Touch	Components: V, S, M/DF
SR: No; see text	Effect: This spell wards a creature from attacks by lawful creatures, from mental control, and from summoned creatures.	Target: Creature touched
DESC: This spell wards a creature from attacks by lawful creatures, from mental control, and from summoned creatures.
DESC 2:  This spell wards a creature from attacks by lawful creatures, from mental control, and from summoned creatures.
Ray of Sickening (Necromancy)
Saves: Fortitude partial; see text	DC: 15	Casting: 1 standard action
Duration: 5 minutes	Range: Close (35 ft.)	Components: V, S, M
SR: Yes	Effect: Ray makes the subject sickened.	Target: Ray
DESC: Ray makes the subject sickened.
DESC 2:  Ray makes the subject sickened.
Read Weather (Divination)
Saves: 	DC: 	Casting: 1 minute
Duration: Instantaneous	Range: Personal	Components: V, S, F
SR: 	Effect: Forecast the weather at your location for the next 48 hours.	Target: You
DESC: Forecast the weather at your location for the next 48 hours.
DESC 2:  Forecast the weather at your location for the next 48 hours.
Refine Improvised Weapon (Transmutation)
Saves: Will negates (harmless, object)	DC: 15	Casting: 1 standard action
Duration: 5 hours [D]	Range: Touch	Components: V, S, DF
SR: yes (harmless, object)	Effect: Transform improvised weapon into a masterwork simple or martial weapon.	Target: one improvised weapon
DESC: Transform improvised weapon into a masterwork simple or martial weapon.
DESC 2:  Transform improvised weapon into a masterwork simple or martial weapon.
Reinforce Armaments (Transmutation)
Saves: Will negates (harmless, object)	DC: 15	Casting: 1 standard action
Duration: 50 minutes	Range: Touch	Components: V, S, M/DF
SR: Yes (harmless, object)	Effect: Temporarily mitigates the fragile quality in targeted weapon or armor.	Target: one armor suit or weapon touched
DESC: Temporarily mitigates the fragile quality in targeted weapon or armor.
DESC 2:  Temporarily mitigates the fragile quality in targeted weapon or armor.
Remove Fear (Abjuration)
Saves: Will negates (harmless)	DC: 15	Casting: 1 standard action
Duration: 10 minutes; see text	Range: Close (35 ft.)	Components: V, S
SR: Yes (harmless)	Effect: You instill courage in the subject, granting it a +4 morale bonus against fear effects for 10 minutes.	Target: 2 creatures, no two of which can be more than 30 ft. apart
DESC: You instill courage in the subject, granting it a +4 morale bonus against fear effects for 10 minutes.
DESC 2:  You instill courage in the subject, granting it a +4 morale bonus against fear effects for 10 minutes.
Remove Sickness (Conjuration)
Saves: Fortitude negates (harmless)	DC: 15	Casting: 1 standard action
Duration: 50 minutes; see text	Range: Close (35 ft.)	Components: V, S
SR: Yes (harmless)	Effect: Suppress disease, nausea, and the sickened condition.	Target: One creature
DESC: Suppress disease, nausea, and the sickened condition.
DESC 2:  Suppress disease, nausea, and the sickened condition.
Restore Corpse (Necromancy)
Saves: None	DC: 	Casting: 1 standard action
Duration: Instantaneous	Range: Touch	Components: V, S
SR: No	Effect: Skeletal corpse grows flesh.	Target: Corpse touched
DESC: Skeletal corpse grows flesh.
DESC 2:  Skeletal corpse grows flesh.
Sanctify Corpse (Evocation)
Saves: None	DC: 	Casting: 1 standard action
Duration: 24 hours	Range: Touch	Components: V, S, DF, M
SR: No	Effect: Prevent a corpse from becoming an undead creature.	Target: Corpse touched
DESC: Prevent a corpse from becoming an undead creature.
DESC 2:  Prevent a corpse from becoming an undead creature.
Sanctuary (Abjuration)
Saves: Will negates	DC: 15	Casting: 1 standard action
Duration: 5 rounds	Range: Touch	Components: V, S, DF
SR: No	Effect: Any opponent attempting to directly attack the warded creature, even with a targeted spell, must attempt a Will save.	Target: Creature touched
DESC: Any opponent attempting to directly attack the warded creature, even with a targeted spell, must attempt a Will save.
DESC 2:  Any opponent attempting to directly attack the warded creature, even with a targeted spell, must attempt a Will save.
Shadow Trap (Illusion)
Saves: Will negates	DC: 15	Casting: 1 standard action
Duration: 5 rounds	Range: Close (35 ft.)	Components: V,S
SR: Yes	Effect: You pin the target's shadow to its current location, causing the target to become entangled and preventing it from moving farther than 5 feet from its original position, as if its shadow were anchored to the terrain. Each round on its turn, the target can attempt a new saving throw to end the effect as a full-round action. A flying creature can only hover in place or fall while entangled in this manner. This spell automatically fails when cast on a creature that doesn't throw a shadow, and it ends if the creature is entirely in an area with no illumination.	Target: One creature
DESC: You pin the target's shadow to its current location, causing the target to become entangled and preventing it from moving farther than 5 feet from its original position, as if its shadow were anchored to the terrain. Each round on its turn, the target can attempt a new saving throw to end the effect as a full-round action. A flying creature can only hover in place or fall while entangled in this manner. This spell automatically fails when cast on a creature that doesn't throw a shadow, and it ends if the creature is entirely in an area with no illumination.
DESC 2:  You pin the target's shadow to its current location, causing the target to become entangled and preventing it from moving farther than 5 feet from its original position, as if its shadow were anchored to the terrain. Each round on its turn, the target can attempt a new saving throw to end the effect as a full-round action. A flying creature can only hover in place or fall while entangled in this manner. This spell automatically fails when cast on a creature that doesn't throw a shadow, and it ends if the creature is entirely in an area with no illumination.
Shield of Faith (Abjuration)
Saves: Will negates (harmless)	DC: 15	Casting: 1 standard action
Duration: 5 minutes	Range: Touch	Components: V, S, M
SR: Yes (harmless)	Effect: This spell creates a shimmering, magical field around the target that averts and deflects attacks.	Target: Creature touched
DESC: This spell creates a shimmering, magical field around the target that averts and deflects attacks.
DESC 2:  This spell creates a shimmering, magical field around the target that averts and deflects attacks.
Shield Speech (Abjuration)
Saves: Will negates (harmless)	DC: 15	Casting: 1 standard action
Duration: 1 minute/level [D]	Range: 10 ft.	Components: V, S
SR: yes (harmless)	Effect: You can securely communicate with one creature within range. So long as your target remains within 10 feet of you, you and it can speak freely to each other without fear of being overheard. Communications that involve shield speech cannot be spied on, such as with a divination spell, and observers of the conversation can tell you are communicating but cannot read lips or hear the conversation unless they are the target of the spell. If you or the target speak to any other creatures, they can hear you normally [only communication between you and the target is protected]. The spell does not shield writing, sign language, or any form of communication other than speaking.	Target: you and one other creature
DESC: You can securely communicate with one creature within range. So long as your target remains within 10 feet of you, you and it can speak freely to each other without fear of being overheard. Communications that involve shield speech cannot be spied on, such as with a divination spell, and observers of the conversation can tell you are communicating but cannot read lips or hear the conversation unless they are the target of the spell. If you or the target speak to any other creatures, they can hear you normally (only communication between you and the target is protected). The spell does not shield writing, sign language, or any form of communication other than speaking.
DESC 2:  You can securely communicate with one creature within range. So long as your target remains within 10 feet of you, you and it can speak freely to each other without fear of being overheard. Communications that involve shield speech cannot be spied on, such as with a divination spell, and observers of the conversation can tell you are communicating but cannot read lips or hear the conversation unless they are the target of the spell. If you or the target speak to any other creatures, they can hear you normally [only communication between you and the target is protected]. The spell does not shield writing, sign language, or any form of communication other than speaking.
Shield the Banner (Abjuration)
Saves: Will negates	DC: 15	Casting: 1 standard action
Duration: 5 minutes	Range: Touch	Components: V, S, DF
SR: No	Effect: This spell is used to protect one of a tribe's most valuable possessions: its tribal banner. Any creature [other than a member of the tribe which the standard represents] attempting to directly attack or touch the standard must make a Will save. This spell functions as sanctuary, but only protects a standard or banner. In addition, the spell grants a +2 bonus to the standard's hardness, and +10 to the standard's hit points for the duration of the spell.	Target: Standard touched
DESC: This spell is used to protect one of a tribe's most valuable possessions: its tribal banner. Any creature (other than a member of the tribe which the standard represents) attempting to directly attack or touch the standard must make a Will save. This spell functions as sanctuary, but only protects a standard or banner. In addition, the spell grants a +2 bonus to the standard's hardness, and +10 to the standard's hit points for the duration of the spell.
DESC 2:  This spell is used to protect one of a tribe's most valuable possessions: its tribal banner. Any creature [other than a member of the tribe which the standard represents] attempting to directly attack or touch the standard must make a Will save. This spell functions as sanctuary, but only protects a standard or banner. In addition, the spell grants a +2 bonus to the standard's hardness, and +10 to the standard's hit points for the duration of the spell.
Stunning Barrier (Abjuration)
Saves: none and Will negates (see text)	DC: 15	Casting: 1 standard action
Duration: 5 rounds or until discharged	Range: Personal	Components: V, S
SR: no and yes (see text)	Effect: Magical field grants a +1 bonus to AC and on saves, and stuns one creature attacking you.	Target: you
DESC: Magical field grants a +1 bonus to AC and on saves, and stuns one creature attacking you.
DESC 2:  Magical field grants a +1 bonus to AC and on saves, and stuns one creature attacking you.
Summon Minor Monster (Conjuration)
Saves: None	DC: 	Casting: 1 round
Duration: 5 rounds [D]	Range: Close (35 ft.)	Components: V, S, F/DF
SR: No	Effect: Summon 1d3 Tiny animals	Target: 1d3 summoned creatures
DESC: Summon 1d3 Tiny animals
DESC 2:  Summon 1d3 Tiny animals
Summon Monster I (Conjuration)
Saves: None	DC: 	Casting: 1 round
Duration: 5 rounds [D]	Range: Close (35 ft.)	Components: V, S, F/DF
SR: No	Effect: This spell summons an extraplanar creature.	Target: One summoned creature
DESC: This spell summons an extraplanar creature.
DESC 2:  This spell summons an extraplanar creature.
Sun Metal (Transmutation)
Saves: Fortitude negates (object)	DC: 15	Casting: 1 standard action
Duration: 5 rounds [see text]	Range: Touch	Components: V, S
SR: Yes (object)	Effect: 	Target: one melee weapon
DESC: 
DESC 2:  
Tap Inner Beauty (Divination)
Saves: 	DC: 	Casting: 1 standard action
Duration: 5 minutes	Range: Personal	Components: V, M
SR: 	Effect: You gain a +2 insight bonus on all Charisma ability checks and Charisma-based skill checks.	Target: You
DESC: You gain a +2 insight bonus on all Charisma ability checks and Charisma-based skill checks.
DESC 2:  You gain a +2 insight bonus on all Charisma ability checks and Charisma-based skill checks.
Touch of Blindness (Necromancy)
Saves: Fortitude negates	DC: 15	Casting: 1 standard action
Duration: 5 rounds [see text]	Range: Touch	Components: V
SR: Yes	Effect: A touch from your hand, which is engulfed in darkness, disrupts a creature's vision by coating its eyes in supernatural darkness. Each touch causes the target to become blinded for 1 round unless it makes a successful Fortitude saving throw. You can use this melee touch attack up to 5 times. Any touch attack not used after 5 rounds is lost.	Target: Creature or creatures touched
DESC: A touch from your hand, which is engulfed in darkness, disrupts a creature's vision by coating its eyes in supernatural darkness. Each touch causes the target to become blinded for 1 round unless it makes a successful Fortitude saving throw. You can use this melee touch attack up to 5 times. Any touch attack not used after 5 rounds is lost.
DESC 2:  A touch from your hand, which is engulfed in darkness, disrupts a creature's vision by coating its eyes in supernatural darkness. Each touch causes the target to become blinded for 1 round unless it makes a successful Fortitude saving throw. You can use this melee touch attack up to 5 times. Any touch attack not used after 5 rounds is lost.
Touch of Bloodletting (Necromancy)
Saves: Will negates	DC: 15	Casting: 1 standard action
Duration: 5 rounds	Range: Touch	Components: V, S
SR: Yes	Effect: Causes existing wounds to bleed profusely.	Target: Creature touched
DESC: Causes existing wounds to bleed profusely.
DESC 2:  Causes existing wounds to bleed profusely.
Unbreakable Heart (Enchantment)
Saves: Will negates (harmless)	DC: 15	Casting: 1 standard action
Duration: 5 rounds	Range: Close (35 ft.)	Components: V, S
SR: Yes (harmless)	Effect: Creature gains +4 morale bonus on saves against mind-affecting effects that rely on negative emotions or that would force him to harm an ally. Supresses such effects already in place.	Target: One creature
DESC: Creature gains +4 morale bonus on saves against mind-affecting effects that rely on negative emotions or that would force him to harm an ally. Supresses such effects already in place.
DESC 2:  Creature gains +4 morale bonus on saves against mind-affecting effects that rely on negative emotions or that would force him to harm an ally. Supresses such effects already in place.
Waterproof (Abjuration, WaterSchool)
Saves: Will negates (harmless)	DC: 15	Casting: 1 standard action
Duration: 24 hours	Range: Touch	Components: V,S
SR: Yes (harmless)	Effect: This spell renders a touched object-or the equipment of a touched creature-waterproof for the duration of the spell.	Target: One touched creature, or one touched object of up to 50 lbs
DESC: This spell renders a touched object-or the equipment of a touched creature-waterproof for the duration of the spell.
DESC 2:  This spell renders a touched object-or the equipment of a touched creature-waterproof for the duration of the spell.
Weapons Against Evil (Transmutation)
Saves: Fortitude negates (object)	DC: 15	Casting: 1 standard action
Duration: 5 rounds	Range: Close (35 ft.)	Components: V, DF
SR: Yes (object)	Effect: Target weapons shed light and ignore the DR of some evil creatures.	Target: 5 weapons, no two of which can be more than 20 ft. apart
DESC: Target weapons shed light and ignore the DR of some evil creatures.
DESC 2:  Target weapons shed light and ignore the DR of some evil creatures.
Weaponwand (Transmutation)
Saves: Will negates (harmless, object)	DC: 15	Casting: 1 round
Duration: 5 minutes	Range: Touch	Components: V, S, F
SR: Yes (harmless, object)	Effect: When you cast this spell on a weapon, you cause a portion of the weapon to open like the skin of a partially peeled apple, revealing a space large enough to insert a single wand within. 
As part of the spell's casting, you can insert a single wand into the weapon, at which point the weapon returns to its original form with the wand held inside of it without negatively impacting the weapon's integrity. For the spell's duration, a character who wields the transmuted weapon is also considered to be wielding the wand as well. You can attack normally with the weapon or use the weapon as if it were the encased wand. If the effect created by the wand requires an attack roll to successfully strike a foe, you may make the attack roll as if you were making an attack with the weapon at its highest bonus [including any bonuses the weapon would normally receive] rather than just a normal attack with the wand-doing so does not allow you to add the weapon's damage to the wand's attack roll, but instead allows you to use your skill with the weapon to boost your chance of hitting with the spell. 
At the end of the spell's duration, the encased wand is ejected from the weapon. If you have a free hand, you may catch the weapon as a free action; otherwise, the wand drops to the ground. If the weapon housing the wand is broken or destroyed during the duration of weaponwand, the encased wand is similarly broken or destroyed.	Target: One weapon
DESC: When you cast this spell on a weapon, you cause a portion of the weapon to open like the skin of a partially peeled apple, revealing a space large enough to insert a single wand within. 
As part of the spell's casting, you can insert a single wand into the weapon, at which point the weapon returns to its original form with the wand held inside of it without negatively impacting the weapon's integrity. For the spell's duration, a character who wields the transmuted weapon is also considered to be wielding the wand as well. You can attack normally with the weapon or use the weapon as if it were the encased wand. If the effect created by the wand requires an attack roll to successfully strike a foe, you may make the attack roll as if you were making an attack with the weapon at its highest bonus (including any bonuses the weapon would normally receive) rather than just a normal attack with the wand-doing so does not allow you to add the weapon's damage to the wand's attack roll, but instead allows you to use your skill with the weapon to boost your chance of hitting with the spell. 
At the end of the spell's duration, the encased wand is ejected from the weapon. If you have a free hand, you may catch the weapon as a free action; otherwise, the wand drops to the ground. If the weapon housing the wand is broken or destroyed during the duration of weaponwand, the encased wand is similarly broken or destroyed.
DESC 2:  When you cast this spell on a weapon, you cause a portion of the weapon to open like the skin of a partially peeled apple, revealing a space large enough to insert a single wand within. 
As part of the spell's casting, you can insert a single wand into the weapon, at which point the weapon returns to its original form with the wand held inside of it without negatively impacting the weapon's integrity. For the spell's duration, a character who wields the transmuted weapon is also considered to be wielding the wand as well. You can attack normally with the weapon or use the weapon as if it were the encased wand. If the effect created by the wand requires an attack roll to successfully strike a foe, you may make the attack roll as if you were making an attack with the weapon at its highest bonus [including any bonuses the weapon would normally receive] rather than just a normal attack with the wand-doing so does not allow you to add the weapon's damage to the wand's attack roll, but instead allows you to use your skill with the weapon to boost your chance of hitting with the spell. 
At the end of the spell's duration, the encased wand is ejected from the weapon. If you have a free hand, you may catch the weapon as a free action; otherwise, the wand drops to the ground. If the weapon housing the wand is broken or destroyed during the duration of weaponwand, the encased wand is similarly broken or destroyed.
 
 
Level 2
Admonishing Ray (Evocation)
Saves: none	DC: 16	Casting: 1 standard action
Duration: instantaneous	Range: Close (35 ft.)	Components: V, S
SR: yes	Effect: You blast your enemies with rays of nonlethal force. You may fire one ray, plus one additional ray for every four levels you possess beyond 3rd [to a maximum of three rays at 11th level]. Each ray requires a ranged touch attack to hit and deals 4d6 points of nonlethal damage. This is a force effect. The rays may be fired at the same or different targets, but all rays must be fired simultaneously and aimed at targets within 30 feet of each other. The rays hit about as hard as a punch from a strong adult human, and can knock away unattended objects weighing up to 10 pounds if that amount of force could normally do so.	Target: one or more rays
DESC: You blast your enemies with rays of nonlethal force. You may fire one ray, plus one additional ray for every four levels you possess beyond 3rd (to a maximum of three rays at 11th level). Each ray requires a ranged touch attack to hit and deals 4d6 points of nonlethal damage. This is a force effect. The rays may be fired at the same or different targets, but all rays must be fired simultaneously and aimed at targets within 30 feet of each other. The rays hit about as hard as a punch from a strong adult human, and can knock away unattended objects weighing up to 10 pounds if that amount of force could normally do so.
DESC 2:  You blast your enemies with rays of nonlethal force. You may fire one ray, plus one additional ray for every four levels you possess beyond 3rd [to a maximum of three rays at 11th level]. Each ray requires a ranged touch attack to hit and deals 4d6 points of nonlethal damage. This is a force effect. The rays may be fired at the same or different targets, but all rays must be fired simultaneously and aimed at targets within 30 feet of each other. The rays hit about as hard as a punch from a strong adult human, and can knock away unattended objects weighing up to 10 pounds if that amount of force could normally do so.
Aid (Enchantment)
Saves: None	DC: 	Casting: 1 standard action
Duration: 5 minutes	Range: Touch	Components: V, S, DF
SR: Yes (harmless)	Effect: Aid grants +1 morale bonus on attack rolls and saves vs fear effects, plus 1d8 + 5 temporary hit points.	Target: Living creature touched
DESC: Aid grants +1 morale bonus on attack rolls and saves vs fear effects, plus 1d8 + (min(CASTERLEVEL,10)) temporary hit points.
DESC 2:  Aid grants +1 morale bonus on attack rolls and saves vs fear effects, plus 1d8 + 5 temporary hit points.
Air Step (Transmutation)
Saves: 	DC: 	Casting: 1 standard action
Duration: 5 minutes	Range: Personal	Components: V, S, M
SR: 	Effect: Tread unsteadily on air, with limitations.	Target: you
DESC: Tread unsteadily on air, with limitations.
DESC 2:  Tread unsteadily on air, with limitations.
Align Weapon (Transmutation)
Saves: Will negates (harmless, object)	DC: 16	Casting: 1 standard action
Duration: 5 minutes	Range: Touch	Components: V, S, DF
SR: Yes (harmless, object)	Effect: Align weapon makes a weapon chaotic, evil, good, or lawful, as you choose.	Target: Weapon touched or 50 projectiles [all of which must be together at the time of casting]
DESC: Align weapon makes a weapon chaotic, evil, good, or lawful, as you choose.
DESC 2:  Align weapon makes a weapon chaotic, evil, good, or lawful, as you choose.
Align Weapon (Chaos or Evil Only) (Transmutation)
Saves: Will negates (harmless, object)	DC: 16	Casting: 1 standard action
Duration: 5 minutes	Range: Touch	Components: V, S, DF
SR: Yes (harmless, object)	Effect: Align weapon makes a weapon chaotic, evil, good, or lawful, as you choose.	Target: Weapon touched or 50 projectiles [all of which must be together at the time of casting]
DESC: Align weapon makes a weapon chaotic, evil, good, or lawful, as you choose.
DESC 2:  Align weapon makes a weapon chaotic, evil, good, or lawful, as you choose.
Alter Summoned Monster (Conjuration)
Saves: Will negates	DC: 16	Casting: 1 standard action
Duration: Instantaneous	Range: Close (35 ft.)	Components: V,S
SR: Yes	Effect: You swap a creature summoned by a conjuration [summoning] spell for a creature you could summon with a summon monster or summon nature's ally spell. The new creature must be an option from a spell of the same level or lower as the spell that summoned the target. The new creature cannot be summoned into an environment that cannot support it. The target can attempt a Will saving throw to negate this effect, but if the target is under your control, it receives no saving throw. Alter summoned monster does not alter the duration of the spell that summoned the target, nor does it affect any additional creatures summoned by the same spell as the target. The new creature has the same conditions and amount of damage as the target creature, and remains affected by all curses, diseases, poisons, and penalties that affected the target, but no other spells or effects carry over. Alter summoned monster is a spell of the same alignment type or types as the creature for which you exchange the target. An eidolon can't be targeted by this spell.	Target: One summoned creature
DESC: You swap a creature summoned by a conjuration (summoning) spell for a creature you could summon with a summon monster or summon nature's ally spell. The new creature must be an option from a spell of the same level or lower as the spell that summoned the target. The new creature cannot be summoned into an environment that cannot support it. The target can attempt a Will saving throw to negate this effect, but if the target is under your control, it receives no saving throw. Alter summoned monster does not alter the duration of the spell that summoned the target, nor does it affect any additional creatures summoned by the same spell as the target. The new creature has the same conditions and amount of damage as the target creature, and remains affected by all curses, diseases, poisons, and penalties that affected the target, but no other spells or effects carry over. Alter summoned monster is a spell of the same alignment type or types as the creature for which you exchange the target. An eidolon can't be targeted by this spell.
DESC 2:  You swap a creature summoned by a conjuration [summoning] spell for a creature you could summon with a summon monster or summon nature's ally spell. The new creature must be an option from a spell of the same level or lower as the spell that summoned the target. The new creature cannot be summoned into an environment that cannot support it. The target can attempt a Will saving throw to negate this effect, but if the target is under your control, it receives no saving throw. Alter summoned monster does not alter the duration of the spell that summoned the target, nor does it affect any additional creatures summoned by the same spell as the target. The new creature has the same conditions and amount of damage as the target creature, and remains affected by all curses, diseases, poisons, and penalties that affected the target, but no other spells or effects carry over. Alter summoned monster is a spell of the same alignment type or types as the creature for which you exchange the target. An eidolon can't be targeted by this spell.
Amplify Stench (Transmutation)
Saves: 	DC: 	Casting: 1 standard action
Duration: 50 minutes	Range: Personal	Components: V,S
SR: 	Effect: You amplify your natural stench special ability-its save DC increases by 2, and creatures that fail their saving throws against your stench become nauseated rather than sickened. If your stench ability normally causes a creature to become nauseated [such as with the foul stench ability], the radius of your stench doubles instead. This spell has no effect if you don't possess the stench special ability.	Target: You
DESC: You amplify your natural stench special ability-its save DC increases by 2, and creatures that fail their saving throws against your stench become nauseated rather than sickened. If your stench ability normally causes a creature to become nauseated (such as with the foul stench ability), the radius of your stench doubles instead. This spell has no effect if you don't possess the stench special ability.
DESC 2:  You amplify your natural stench special ability-its save DC increases by 2, and creatures that fail their saving throws against your stench become nauseated rather than sickened. If your stench ability normally causes a creature to become nauseated [such as with the foul stench ability], the radius of your stench doubles instead. This spell has no effect if you don't possess the stench special ability.
Angelic Aspect (Lesser) (Transmutation)
Saves: 	DC: 	Casting: 1 standard action
Duration: 5 minutes [D]	Range: Personal	Components: V, S
SR: 	Effect: You take on an aspect of an angelic being, including some of its physical characteristics. You gain low-light vision, resistance to acid 5, resistance to cold 5, and the benefits of Protection from Evil.	Target: You
DESC: You take on an aspect of an angelic being, including some of its physical characteristics. You gain low-light vision, resistance to acid 5, resistance to cold 5, and the benefits of Protection from Evil.
DESC 2:  You take on an aspect of an angelic being, including some of its physical characteristics. You gain low-light vision, resistance to acid 5, resistance to cold 5, and the benefits of Protection from Evil.
Animate Dead, Lesser (Necromancy)
Saves: None	DC: 	Casting: 1 standard action
Duration: Instantaneous	Range: Touch	Components: V, S, M
SR: No	Effect: Create one skeleton or zombie.	Target: One corpse
DESC: Create one skeleton or zombie.
DESC 2:  Create one skeleton or zombie.
Ant Haul (Communal) (Transmutation)
Saves: Fortitude negates (harmless)	DC: 16	Casting: 1 standard action
Duration: 10 hours	Range: Touch	Components: V, S, M/DF
SR: Yes (harmless)	Effect: As ant haul, but you may divide the duration among creatures touched.	Target: creatures touched
DESC: As ant haul, but you may divide the duration among creatures touched.
DESC 2:  As ant haul, but you may divide the duration among creatures touched.
Arrow of Law (Evocation)
Saves: Will partial (see text)	DC: 16	Casting: 1 standard action
Duration: Instantaneous [1 round]; see text	Range: Close (35 ft.)	Components: V, S, DF
SR: Yes	Effect: Harm and possibly daze chaotic creatures.	Target: Arrow-shaped projectile of lawful energy
DESC: Harm and possibly daze chaotic creatures.
DESC 2:  Harm and possibly daze chaotic creatures.
Augury (Divination)
Saves: 	DC: 	Casting: 1 minute
Duration: Instantaneous	Range: Personal	Components: V, S, M, F
SR: 	Effect: An augury can tell you whether a particular action will bring good or bad results for you in the immediate future.	Target: You
DESC: An augury can tell you whether a particular action will bring good or bad results for you in the immediate future.
DESC 2:  An augury can tell you whether a particular action will bring good or bad results for you in the immediate future.
Bear's Endurance (Transmutation)
Saves: Will negates (harmless)	DC: 16	Casting: 1 standard action
Duration: 5 minutes	Range: Touch	Components: V, S, M/DF
SR: Yes	Effect: The affected creature gains greater vitality and stamina granting the subject a +4 enhancement bonus to Constitution.	Target: Creature touched
DESC: The affected creature gains greater vitality and stamina granting the subject a +4 enhancement bonus to Constitution.
DESC 2:  The affected creature gains greater vitality and stamina granting the subject a +4 enhancement bonus to Constitution.
Bestow Weapon Proficiency (Enchantment)
Saves: Will negates (harmless)	DC: 16	Casting: 1 standard action
Duration: 5 minutes	Range: Close (35 ft.)	Components: V, S, M
SR: Yes (harmless)	Effect: Grant a creature proficiency in a single weapon for short period of time.	Target: one creature
DESC: Grant a creature proficiency in a single weapon for short period of time.
DESC 2:  Grant a creature proficiency in a single weapon for short period of time.
Blessing of Courage and Life (Conjuration)
Saves: Will negates (harmless)	DC: 16	Casting: 1 standard action
Duration: 5 minutes [see below]	Range: Close (35 ft.)	Components: V, S, DF
SR: Yes (harmless)	Effect: Grants a +2 bonus on saves vs. fear and death.	Target: one living creature
DESC: Grants a +2 bonus on saves vs. fear and death.
DESC 2:  Grants a +2 bonus on saves vs. fear and death.
Blood in the Water (Necromancy)
Saves: Will negates (harmless)	DC: 16	Casting: 1 standard action
Duration: 5 rounds	Range: 20 ft.	Components: V,S,DF
SR: Yes (harmless)	Effect: As part of the casting of this spell, you must deal 1 point of piercing or slashing damage to yourself to release your blood. This causes you to take 1 point of bleed damage. While the spell is in effect, all sharks, feeders in the depths, and creatures with the blood frenzy ability in the area gain a +2 bonus to Strength and Constitution and take a -2 penalty to AC. This is treated as blood frenzy for the purposes of other feats and effects, and doesn't stack with the effects of actual blood frenzy. If you cease bleeding, the spell immediately ends.	Target: 20-ft.-radius emanation centered on you
DESC: As part of the casting of this spell, you must deal 1 point of piercing or slashing damage to yourself to release your blood. This causes you to take 1 point of bleed damage. While the spell is in effect, all sharks, feeders in the depths, and creatures with the blood frenzy ability in the area gain a +2 bonus to Strength and Constitution and take a -2 penalty to AC. This is treated as blood frenzy for the purposes of other feats and effects, and doesn't stack with the effects of actual blood frenzy. If you cease bleeding, the spell immediately ends.
DESC 2:  As part of the casting of this spell, you must deal 1 point of piercing or slashing damage to yourself to release your blood. This causes you to take 1 point of bleed damage. While the spell is in effect, all sharks, feeders in the depths, and creatures with the blood frenzy ability in the area gain a +2 bonus to Strength and Constitution and take a -2 penalty to AC. This is treated as blood frenzy for the purposes of other feats and effects, and doesn't stack with the effects of actual blood frenzy. If you cease bleeding, the spell immediately ends.
Bloodbath (Necromancy)
Saves: Fortitude negates	DC: 16	Casting: 1 standard action
Duration: 5 rounds [D]	Range: Close (35 ft.)	Components: V,S,F
SR: Yes	Effect: Cause yourself and enemies to bleed.	Target: Up to 5 creatures, no two more than 30 ft. apart
DESC: Cause yourself and enemies to bleed.
DESC 2:  Cause yourself and enemies to bleed.
Boiling Blood (Transmutation)
Saves: Fortitude negates (see text)	DC: 16	Casting: 1 standard action
Duration: Concentration + 5 rounds	Range: Medium (150 ft.)	Components: V, S
SR: Yes	Effect: Targets take 1 fire damage each round; orcs get +2 Strength.	Target: 1 creatures, no two of which may be more than 30 ft. apart
DESC: Targets take 1 fire damage each round; orcs get +2 Strength.
DESC 2:  Targets take 1 fire damage each round; orcs get +2 Strength.
Bone Fists (Necromancy)
Saves: None (harmless)	DC: 16	Casting: 1 standard action
Duration: 5 minutes	Range: Close (35 ft.)	Components: V,S,M
SR: No	Effect: The bones of your targets' joints grow thick and sharp, protruding painfully through the skin at the knuckles, elbows, shoulders, spine, and knees. The targets each gain a +1 bonus to natural armor and a +2 bonus on damage rolls with natural weapons, and they are treated as having armor spikes, with which they are proficient. [Material Components] the knucklebone of a dire animal	Target: 5 creatures, no two more than 30 feet apart
DESC: The bones of your targets' joints grow thick and sharp, protruding painfully through the skin at the knuckles, elbows, shoulders, spine, and knees. The targets each gain a +1 bonus to natural armor and a +2 bonus on damage rolls with natural weapons, and they are treated as having armor spikes, with which they are proficient. [Material Components] the knucklebone of a dire animal
DESC 2:  The bones of your targets' joints grow thick and sharp, protruding painfully through the skin at the knuckles, elbows, shoulders, spine, and knees. The targets each gain a +1 bonus to natural armor and a +2 bonus on damage rolls with natural weapons, and they are treated as having armor spikes, with which they are proficient. [Material Components] the knucklebone of a dire animal
Boneshaker (Necromancy)
Saves: Fortitude partial or negates (see text)	DC: 16	Casting: 1 standard action
Duration: Instantaneous	Range: Medium (150 ft.)	Components: V,S,F
SR: Yes	Effect: Momentarily control a living or undead creature's skeleton.	Target: One living creature or undead creature with a skeleton
DESC: Momentarily control a living or undead creature's skeleton.
DESC 2:  Momentarily control a living or undead creature's skeleton.
Brittle Portal (Transmutation)
Saves: Will negates (object)	DC: 16	Casting: 1 standard action
Duration: 5 rounds	Range: Close (35 ft.)	Components: V, S
SR: Yes	Effect: Reduce the hardness of any nonmagical surface by 10.	Target: 5-ft.-radius spread
DESC: Reduce the hardness of any nonmagical surface by (CASTERLEVEL*2).
DESC 2:  Reduce the hardness of any nonmagical surface by 10.
Build Trust (Divination)
Saves: Will negates	DC: 16	Casting: 1 standard action
Duration: 5 days; see text	Range: Close (35 ft.)	Components: V,S,M
SR: Yes	Effect: Gain various bonuses when interacting with the target.	Target: One creature
DESC: Gain various bonuses when interacting with the target.
DESC 2:  Gain various bonuses when interacting with the target.
Bull's Strength (Transmutation)
Saves: Will negates (harmless)	DC: 16	Casting: 1 standard action
Duration: 5 minutes	Range: Touch	Components: V, S, M/DF
SR: Yes (harmless)	Effect: The subject becomes stronger granting a +4 enhancement bonus to Strength.	Target: Creature touched
DESC: The subject becomes stronger granting a +4 enhancement bonus to Strength.
DESC 2:  The subject becomes stronger granting a +4 enhancement bonus to Strength.
Burst of Radiance (Evocation)
Saves: Fortitude negates	DC: 16	Casting: 1 standard action
Duration: Instantaneous	Range: Long (600 ft.)	Components: V, S, M/DF
SR: Yes	Effect: This spell fills the area with a brilliant flash of shimmering light. Creatures in the area are blinded for 1d4 rounds, or dazzled for 1d4 rounds if they succeed at a Reflex save. Evil creatures in the area of the burst take 1d4 points of damage per caster level [max 5d4], whether they succeed at the Reflex save or not.	Target: 10-ft.-radius burst
DESC: This spell fills the area with a brilliant flash of shimmering light. Creatures in the area are blinded for 1d4 rounds, or dazzled for 1d4 rounds if they succeed at a Reflex save. Evil creatures in the area of the burst take 1d4 points of damage per caster level (max 5d4), whether they succeed at the Reflex save or not.
DESC 2:  This spell fills the area with a brilliant flash of shimmering light. Creatures in the area are blinded for 1d4 rounds, or dazzled for 1d4 rounds if they succeed at a Reflex save. Evil creatures in the area of the burst take 1d4 points of damage per caster level [max 5d4], whether they succeed at the Reflex save or not.
Calm Emotions (Enchantment)
Saves: Will negates	DC: 16	Casting: 1 standard action
Duration: Concentration, up to 5 rounds [D]	Range: Medium (150 ft.)	Components: V, S, DF
SR: Yes	Effect: This spell calms agitated creatures.	Target: Creatures in a 20-ft.-radius spread
DESC: This spell calms agitated creatures.
DESC 2:  This spell calms agitated creatures.
Calm Spirit (Necromancy)
Saves: Will negates or none; see text	DC: 16	Casting: 1 standard action
Duration: 1 minute or 5 rounds; see text	Range: Close (35 ft.)	Components: V, S
SR: Yes	Effect: Postpone hostile action by a haunt or incorporeal undead.	Target: One incorporeal undead creature or haunt
DESC: Postpone hostile action by a haunt or incorporeal undead.
DESC 2:  Postpone hostile action by a haunt or incorporeal undead.
Compassionate Ally (Enchantment)
Saves: Will negates	DC: 16	Casting: 1 standard action
Duration: 5 rounds	Range: Close (35 ft.)	Components: V, S
SR: Yes	Effect: Target is compelled to help injured ally.	Target: One creature
DESC: Target is compelled to help injured ally.
DESC 2:  Target is compelled to help injured ally.
Conditional Favor (Abjuration)
Saves: None; see text	DC: 16	Casting: 1 swift action
Duration: 5 days [D]	Range: See text	Components: V
SR: Yes	Effect: Provide another spell whose effects reverse if the target breaks a restriction.	Target: One creature
DESC: Provide another spell whose effects reverse if the target breaks a restriction.
DESC 2:  Provide another spell whose effects reverse if the target breaks a restriction.
Consecrate (Evocation)
Saves: None	DC: 	Casting: 1 standard action
Duration: 10 hours	Range: Close (35 ft.)	Components: V, S, M, DF
SR: No	Effect: This spell blesses an area with positive energy.	Target: 20-ft.-radius emanation
DESC: This spell blesses an area with positive energy.
DESC 2:  This spell blesses an area with positive energy.
Contact Entity I (Evocation)
Saves: None	DC: 	Casting: 1 minute
Duration: Instantaneous	Range: 100 miles	Components: V,S,M
SR: No	Effect: Ask eldritch entities to find and converse with you.	Target: Up to 20 entities of 6 HD or fewer; see text
DESC: Ask eldritch entities to find and converse with you.
DESC 2:  Ask eldritch entities to find and converse with you.
Cure Moderate Wounds (Conjuration)
Saves: Will half (harmless) or Will half; see text	DC: 16	Casting: 1 standard action
Duration: Instantaneous	Range: Touch	Components: V, S
SR: Yes (harmless) or yes; see text	Effect: When laying your hand upon a living creature, you channel positive energy that cures 2d8+5 points of damage.	Target: Creature touched
DESC: When laying your hand upon a living creature, you channel positive energy that cures 2d8+(min(10,CASTERLEVEL)) points of damage.
DESC 2:  When laying your hand upon a living creature, you channel positive energy that cures 2d8+5 points of damage.
Curse Terrain (Lesser) (Necromancy)
Saves: None	DC: 	Casting: 10 minutes
Duration: 1 day [D]	Range: Touch	Components: V,S,M
SR: No	Effect: Curse an area with three mild hazards.	Target: 300-ft. radius emanating from the touched point
DESC: Curse an area with three mild hazards.
DESC 2:  Curse an area with three mild hazards.
Dark Whispers (Illusion)
Saves: None	DC: 	Casting: 1 standard action
Duration: 50 minutes	Range: Long (600 ft.)	Components: V,S,F/DF
SR: Yes	Effect: Whisper through the shadows.	Target: 5 creatures
DESC: Whisper through the shadows.
DESC 2:  Whisper through the shadows.
Darkness (Evocation)
Saves: None	DC: 	Casting: 1 standard action
Duration: 5 minutes [D]	Range: Touch	Components: V, M/DF
SR: No	Effect: This spell causes an object to radiate darkness out to a 20-foot radius.	Target: Object touched
DESC: This spell causes an object to radiate darkness out to a 20-foot radius.
DESC 2:  This spell causes an object to radiate darkness out to a 20-foot radius.
Death Knell (Necromancy)
Saves: Will negates	DC: 16	Casting: 1 standard action
Duration: Instantaneous/10 minutes per HD of subject; see text	Range: Touch	Components: V, S
SR: Yes	Effect: You draw forth the ebbing life force of a creature and use it to fuel your own power.	Target: Living creature touched
DESC: You draw forth the ebbing life force of a creature and use it to fuel your own power.
DESC 2:  You draw forth the ebbing life force of a creature and use it to fuel your own power.
Delay Pain (Enchantment)
Saves: Will negates	DC: 16	Casting: 1 standard action
Duration: 5 hours	Range: Close (35 ft.)	Components: V, S
SR: Yes	Effect: Ignore pain.	Target: One creature
DESC: Ignore pain.
DESC 2:  Ignore pain.
Delay Poison (Conjuration)
Saves: Fortitude negates (harmless)	DC: 16	Casting: 1 standard action
Duration: 5 hours	Range: Touch	Components: V, S, DF
SR: Yes (harmless)	Effect: The subject becomes temporarily immune to poison.	Target: Creature touched
DESC: The subject becomes temporarily immune to poison.
DESC 2:  The subject becomes temporarily immune to poison.
Desecrate (Evocation)
Saves: None	DC: 	Casting: 1 standard action
Duration: 10 hours	Range: Close (35 ft.)	Components: V, S, M, DF
SR: Yes	Effect: This spell imbues an area with negative energy.	Target: 20-ft.-radius emanation
DESC: This spell imbues an area with negative energy.
DESC 2:  This spell imbues an area with negative energy.
Detect Magic (Greater) (Divination)
Saves: None	DC: 	Casting: 1 standard action
Duration: Concentration, up to 5 minutes [D]	Range: 60 ft.	Components: V,S
SR: No	Effect: As detect magic, but learn more information.	Target: Cone-shaped emanation
DESC: As detect magic, but learn more information.
DESC 2:  As detect magic, but learn more information.
Disfiguring Touch (Transmutation)
Saves: Will negates	DC: 16	Casting: 1 standard action
Duration: 5 days	Range: Touch	Components: V, S
SR: Yes	Effect: Target becomes disfigured.	Target: Creature touched
DESC: Target becomes disfigured.
DESC 2:  Target becomes disfigured.
Display Aversion (Illusion)
Saves: Will disbelief (if interacted with)	DC: 16	Casting: 1 standard action
Duration: Concentration + 1d4 rounds	Range: Long (600 ft.)	Components: V,S,M
SR: No	Effect: This spell functions like minor image, except it always creates an animated illusion of you presenting to a vampire a material, object, or sound that it is averse to, such as garlic, a holy symbol, or bells ringing.	Target: Visual figment
DESC: This spell functions like minor image, except it always creates an animated illusion of you presenting to a vampire a material, object, or sound that it is averse to, such as garlic, a holy symbol, or bells ringing.
DESC 2:  This spell functions like minor image, except it always creates an animated illusion of you presenting to a vampire a material, object, or sound that it is averse to, such as garlic, a holy symbol, or bells ringing.
Dread Bolt (Evocation)
Saves: Will partial (see text)	DC: 16	Casting: 1 standard action
Duration: Instantaneous [1d4 rounds]	Range: Close (35 ft.)	Components: V, S, DF
SR: Yes	Effect: Harm and possibly sicken good creatures.	Target: Arrow-shaped projectile of evil energy
DESC: Harm and possibly sicken good creatures.
DESC 2:  Harm and possibly sicken good creatures.
Dress Corpse (Necromancy)
Saves: None	DC: 	Casting: 1 standard action
Duration: Instantaneous	Range: Touch	Components: V,S,M
SR: No	Effect: Doctor the evidence on a corpse.	Target: Corpse touched
DESC: Doctor the evidence on a corpse.
DESC 2:  Doctor the evidence on a corpse.
Eagle's Splendor (Transmutation)
Saves: Will negates (harmless)	DC: 16	Casting: 1 standard action
Duration: 5 minutes	Range: Touch	Components: V, S, M/DF
SR: Yes	Effect: The transmuted creature becomes more poised, articulate, and personally forceful gaining a +4 enhancement bonus to Charisma.	Target: Creature touched
DESC: The transmuted creature becomes more poised, articulate, and personally forceful gaining a +4 enhancement bonus to Charisma.
DESC 2:  The transmuted creature becomes more poised, articulate, and personally forceful gaining a +4 enhancement bonus to Charisma.
Early Judgment (Divination)
Saves: Will negates	DC: 16	Casting: 1 standard action
Duration: 1 round	Range: Close (35 ft.)	Components: V, S, DF
SR: Yes	Effect: Show a creature a glimpse of the afterlife, possibly affecting it negatively for 1d4 rounds.	Target: One humanoid creature
DESC: Show a creature a glimpse of the afterlife, possibly affecting it negatively for 1d4 rounds.
DESC 2:  Show a creature a glimpse of the afterlife, possibly affecting it negatively for 1d4 rounds.
Effortless Armor (Transmutation)
Saves: 	DC: 	Casting: 1 standard action
Duration: 5 minutes	Range: Personal	Components: V, S
SR: 	Effect: Armor you wear no longer slows your speed.	Target: You
DESC: Armor you wear no longer slows your speed.
DESC 2:  Armor you wear no longer slows your speed.
Endure Elements (Communal) (Abjuration)
Saves: Will negates (harmless)	DC: 16	Casting: 1 standard action
Duration: 24 hours	Range: Touch	Components: V, S
SR: Yes (harmless)	Effect: As endure elements, but you may divide the duration among creatures touched.	Target: creatures touched
DESC: As endure elements, but you may divide the duration among creatures touched.
DESC 2:  As endure elements, but you may divide the duration among creatures touched.
Enthrall (Enchantment)
Saves: Will negates; see text	DC: 16	Casting: 1 round
Duration: 1 hour or less	Range: Medium (150 ft.)	Components: V, S
SR: Yes	Effect: If you have the attention of a group of creatures, you can use this spell to hold them enthralled.	Target: Any number of creatures
DESC: If you have the attention of a group of creatures, you can use this spell to hold them enthralled.
DESC 2:  If you have the attention of a group of creatures, you can use this spell to hold them enthralled.
Fear the Sun (Transmutation)
Saves: Fortitude negates	DC: 16	Casting: 1 standard action
Duration: 5 rounds	Range: Medium (150 ft.)	Components: V,S,M
SR: Yes	Effect: Each target that fails its saving throw gains light blindness, as per the universal monster rule. When exposed to bright light, affected targets are blinded for 1 full round and are dazzled in successive rounds. If you cast this spell in the presence of bright light, any target that fails its save is blinded immediately, and dazzled starting at the beginning of its first turn.	Target: Up to 5 creatures, no two of which can be more than 30 ft. apart
DESC: Each target that fails its saving throw gains light blindness, as per the universal monster rule. When exposed to bright light, affected targets are blinded for 1 full round and are dazzled in successive rounds. If you cast this spell in the presence of bright light, any target that fails its save is blinded immediately, and dazzled starting at the beginning of its first turn.
DESC 2:  Each target that fails its saving throw gains light blindness, as per the universal monster rule. When exposed to bright light, affected targets are blinded for 1 full round and are dazzled in successive rounds. If you cast this spell in the presence of bright light, any target that fails its save is blinded immediately, and dazzled starting at the beginning of its first turn.
Find Traps (Divination)
Saves: 	DC: 	Casting: 1 standard action
Duration: 5 minutes	Range: Personal	Components: V, S
SR: 	Effect: You gain intuitive insight into the workings of traps.	Target: You
DESC: You gain intuitive insight into the workings of traps.
DESC 2:  You gain intuitive insight into the workings of traps.
Flickering Lights (Evocation)
Saves: Will negates	DC: 16	Casting: 1 round
Duration: 5 rounds	Range: Medium (150 ft.)	Components: V,S,M
SR: Yes	Effect: Create an area of inconsistent lighting.	Target: Contiguous area consisting of 5 ten-foot cubes [S]
DESC: Create an area of inconsistent lighting.
DESC 2:  Create an area of inconsistent lighting.
Gentle Repose (Necromancy)
Saves: Will negates (object)	DC: 16	Casting: 1 standard action
Duration: 5 days	Range: Touch	Components: V, S, M/DF
SR: Yes (object)	Effect: You preserve the remains of a dead creature so that they do not decay.	Target: Corpse touched
DESC: You preserve the remains of a dead creature so that they do not decay.
DESC 2:  You preserve the remains of a dead creature so that they do not decay.
Ghost Whip (Evocation)
Saves: None	DC: 	Casting: 1 standard action
Duration: 5 rounds [D]	Range: 0 ft.	Components: V, S
SR: Yes	Effect: Create a ghost touch whip that passes through objects.	Target: Whip of flexible ectoplasm
DESC: Create a ghost touch whip that passes through objects.
DESC 2:  Create a ghost touch whip that passes through objects.
Ghostbane Dirge (Transmutation)
Saves: Will negates	DC: 16	Casting: 1 standard action
Duration: 5 rounds	Range: Close (35 ft.)	Components: V, S, M/DF
SR: Yes	Effect: Incorporeal creature takes half damage from nonmagical weapons.	Target: one incorporeal creature
DESC: Incorporeal creature takes half damage from nonmagical weapons.
DESC 2:  Incorporeal creature takes half damage from nonmagical weapons.
Gird Ally (Abjuration)
Saves: None	DC: 	Casting: 1 standard action
Duration: 5 rounds [D]	Range: Close (35 ft.)	Components: V,S
SR: No	Effect: You create a magical field around summoned creatures you control that deflects attacks made against them. The targets gain a +1 deflection bonus to their AC. A summoner can target his eidolon with this spell.	Target: 5 summoned creatures you control, no two of which can be more than 30 ft. apart
DESC: You create a magical field around summoned creatures you control that deflects attacks made against them. The targets gain a +1 deflection bonus to their AC. A summoner can target his eidolon with this spell.
DESC 2:  You create a magical field around summoned creatures you control that deflects attacks made against them. The targets gain a +1 deflection bonus to their AC. A summoner can target his eidolon with this spell.
Grace (Abjuration)
Saves: 	DC: 	Casting: 1 swift action
Duration: see text	Range: Personal	Components: V
SR: 	Effect: Movement doesn't provoke attacks of opportunity.	Target: You
DESC: Movement doesn't provoke attacks of opportunity.
DESC 2:  Movement doesn't provoke attacks of opportunity.
Hold Person (Enchantment)
Saves: Will negates; see text	DC: 16	Casting: 1 standard action
Duration: 5 rounds [D]; see text	Range: Medium (150 ft.)	Components: V, S, F/DF
SR: Yes	Effect: The subject becomes paralyzed and freezes in place.	Target: One humanoid creature
DESC: The subject becomes paralyzed and freezes in place.
DESC 2:  The subject becomes paralyzed and freezes in place.
Holy Ice Weapon (Transmutation)
Saves: none	DC: 16	Casting: 1 standard action
Duration: 5 minutes [D]	Range: 0 Ft.	Components: V, S, M
SR: no	Effect: Create a masterwork weapon made of frozen holy water.	Target: one ice weapon
DESC: Create a masterwork weapon made of frozen holy water.
DESC 2:  Create a masterwork weapon made of frozen holy water.
Imbue with Aura (Transmutation)
Saves: Will negates (see text)	DC: 16	Casting: 1 standard action
Duration: 5 minutes	Range: Close (35 ft.)	Components: V, S, DF
SR: Yes	Effect: Target emulates your cleric aura.	Target: One creature
DESC: Target emulates your cleric aura.
DESC 2:  Target emulates your cleric aura.
Inflict Moderate Wounds (Necromancy)
Saves: Will half	DC: 16	Casting: 1 standard action
Duration: Instantaneous	Range: Touch	Components: V, S
SR: Yes	Effect: When laying your hand upon a creature, you channel negative energy that deals 2d8+5 points of damage.	Target: Creature touched
DESC: When laying your hand upon a creature, you channel negative energy that deals 2d8+(min(10,CASTERLEVEL)) points of damage.
DESC 2:  When laying your hand upon a creature, you channel negative energy that deals 2d8+5 points of damage.
Instant Armor (Conjuration)
Saves: 	DC: 	Casting: 1 standard action
Duration: 5 minutes [D]	Range: Personal	Components: V, S, DF
SR: 	Effect: Summon armor temporarily replacing your current attire.	Target: You
DESC: Summon armor temporarily replacing your current attire.
DESC 2:  Summon armor temporarily replacing your current attire.
Instrument of Agony (Transmutation)
Saves: Will negates (harmless, object), see text	DC: 16	Casting: 1 standard action
Duration: 5 minutes	Range: Touch	Components: V, S
SR: Yes (harmless, object), see text	Effect: Weapon exudes divine fury, granting a bonus on Intimidate checks.	Target: weapon touched
DESC: Weapon exudes divine fury, granting a bonus on Intimidate checks.
DESC 2:  Weapon exudes divine fury, granting a bonus on Intimidate checks.
Ironskin (Transmutation)
Saves: 	DC: 	Casting: 1 standard action
Duration: 5 minutes [D; see text]	Range: Personal	Components: V,S,DF/M
SR: 	Effect: Your skin hardens and takes on the color and texture of rough iron. You gain a +4  enhancement bonus to your existing natural armor bonus [if you do not have a natural armor bonus, you are considered to have an effective natural armor bonus of +0]. This enhancement bonus increases by 1 for every 4 caster levels above 3rd, to a maximum of +7 at 15th level. While you're under the effects of this spell, if an opponent confirms a critical hit or sneak attack against you with a physical weapon [not a spell or magical effect], you can dismiss this spell to negate the critical hit or sneak attack and treat it is as a normal hit. Dismissing the spell in this way is not an action, but you must be conscious and aware of the attack to do so.	Target: You
DESC: Your skin hardens and takes on the color and texture of rough iron. You gain a +4  enhancement bonus to your existing natural armor bonus (if you do not have a natural armor bonus, you are considered to have an effective natural armor bonus of +0). This enhancement bonus increases by 1 for every 4 caster levels above 3rd, to a maximum of +7 at 15th level. While you're under the effects of this spell, if an opponent confirms a critical hit or sneak attack against you with a physical weapon (not a spell or magical effect), you can dismiss this spell to negate the critical hit or sneak attack and treat it is as a normal hit. Dismissing the spell in this way is not an action, but you must be conscious and aware of the attack to do so.
DESC 2:  Your skin hardens and takes on the color and texture of rough iron. You gain a +4  enhancement bonus to your existing natural armor bonus [if you do not have a natural armor bonus, you are considered to have an effective natural armor bonus of +0]. This enhancement bonus increases by 1 for every 4 caster levels above 3rd, to a maximum of +7 at 15th level. While you're under the effects of this spell, if an opponent confirms a critical hit or sneak attack against you with a physical weapon [not a spell or magical effect], you can dismiss this spell to negate the critical hit or sneak attack and treat it is as a normal hit. Dismissing the spell in this way is not an action, but you must be conscious and aware of the attack to do so.
Know Peerage (Divination)
Saves: Will negates (harmless)	DC: 16	Casting: 1 standard action
Duration: 50 minutes	Range: Touch	Components: V,S,M
SR: Yes (harmless)	Effect: Target uses your Knowledge [nobility] ranks.	Target: Creature touched
DESC: Target uses your Knowledge (nobility) ranks.
DESC 2:  Target uses your Knowledge [nobility] ranks.
Lay of the Land (Divination)
Saves: None	DC: 	Casting: 1 min
Duration: 1 day	Range: Personal	Components: V,S,M
SR: No	Effect: In a flash of recognition, you learn about the geography of your surroundings within a radius of 2 miles. This instant familiarity grants you a +5 insight bonus on Knowledge [geography] checks and Survival checks to avoid getting lost so long as you remain in the affected area. Additionally, for the duration of the spell you can make Knowledge [geography] checks regarding the affected area as though you were trained in that skill.	Target: You
DESC: In a flash of recognition, you learn about the geography of your surroundings within a radius of (max(1,floor(CASTERLEVEL/2))) miles. This instant familiarity grants you a +(min(5,CASTERLEVEL)) insight bonus on Knowledge (geography) checks and Survival checks to avoid getting lost so long as you remain in the affected area. Additionally, for the duration of the spell you can make Knowledge (geography) checks regarding the affected area as though you were trained in that skill.
DESC 2:  In a flash of recognition, you learn about the geography of your surroundings within a radius of 2 miles. This instant familiarity grants you a +5 insight bonus on Knowledge [geography] checks and Survival checks to avoid getting lost so long as you remain in the affected area. Additionally, for the duration of the spell you can make Knowledge [geography] checks regarding the affected area as though you were trained in that skill.
Life Pact (Necromancy)
Saves: Will negates (harmless)	DC: 16	Casting: 1 standard action
Duration: 5 minutes	Range: Close (35 ft.)	Components: V, S, DF/M
SR: Yes	Effect: Affected creatures automatically donate hp to stabilize fallen ally.	Target: 5 willing living creatures, no two of which can be more than 30 ft. apart
DESC: Affected creatures automatically donate hp to stabilize fallen ally.
DESC 2:  Affected creatures automatically donate hp to stabilize fallen ally.
Magic Boulder (Transmutation)
Saves: Will negates (harmless, object)	DC: 16	Casting: 1 standard action
Duration: 30 minutes or until discharged	Range: Touch	Components: V,S,DF
SR: Yes (harmless, object)	Effect: This spell works like magic stone, except you transmute as many as three boulders [rocks up to two size categories smaller than yourself] to use with the rock throwing ability or as siege engine ammunition. The boulder's damage increases by one step, and the boulder gains a + 1 enhancement bonus on attack and damage rolls.	Target: up to three boulders touched
DESC: This spell works like magic stone, except you transmute as many as three boulders (rocks up to two size categories smaller than yourself) to use with the rock throwing ability or as siege engine ammunition. The boulder's damage increases by one step, and the boulder gains a + 1 enhancement bonus on attack and damage rolls.
DESC 2:  This spell works like magic stone, except you transmute as many as three boulders [rocks up to two size categories smaller than yourself] to use with the rock throwing ability or as siege engine ammunition. The boulder's damage increases by one step, and the boulder gains a + 1 enhancement bonus on attack and damage rolls.
Magic Siege Engine (Transmutation)
Saves: Will negates (harmless, object)	DC: 16	Casting: 1 standard action
Duration: 5 minutes	Range: Touch	Components: V, S, DF
SR: Yes (harmless, object)	Effect: Siege engine gains +1 on targeting and damage rolls.	Target: one siege engine touched
DESC: Siege engine gains +1 on targeting and damage rolls.
DESC 2:  Siege engine gains +1 on targeting and damage rolls.
Make Whole (Transmutation)
Saves: Will negates (harmless, object)	DC: 16	Casting: 10 minutes
Duration: Instantaneous	Range: Close (35 ft.)	Components: V, S
SR: Yes (harmless, object)	Effect: This spell functions as mending, except that it repairs 5d6 points of damage when cast on a construct creature.	Target: One object of up to 50 cu. ft. or one construct creature of any size
DESC: This spell functions as mending, except that it repairs (min(5,CASTERLEVEL))d6 points of damage when cast on a construct creature.
DESC 2:  This spell functions as mending, except that it repairs 5d6 points of damage when cast on a construct creature.
Marching Chant (Transmutation)
Saves: Will negates (harmless)	DC: 16	Casting: 1 minute
Duration: concentration	Range: Close (35 ft.)	Components: V, S
SR: yes (harmless)	Effect: Allies can hustle without penalty while you sing or chant.	Target: 5 creatures
DESC: Allies can hustle without penalty while you sing or chant.
DESC 2:  Allies can hustle without penalty while you sing or chant.
Martyr's Bargain (Transmutation)
Saves: None	DC: 	Casting: 1 immediate action
Duration: 5 rounds	Range: Personal	Components: V
SR: No	Effect: Among the faithful followers of the gods of purity-whether they be the servants of Desna in Nidal, zealous followers of Milani struggling against Cheliax's government, paladins of Iomedae fighting against the horrors of the Worldwound, or simply those that fight evil the world over-martyr's bargain represents true faith and true sacrifice. 
You cast this spell as an immediate action when you are subject to a spell or spell-like ability that deals hit point damage, after attack rolls and saving throws have been rolled but before the damage itself is determined. The damage dealt by the spell and any related effects are then delayed for you [and you only] for a number of rounds equal to your caster level. 
At the end of that time [or immediately if martyr's bargain is dispelled], the delayed damage takes effect on you as it would have at the time it was cast, but is maximized as if affected by the Maximize Spell metamagic feat. Spells and spell-like abilities that were already maximized gain no additional benefit from this spell. Nothing can prevent this delayed damage from affecting you. 
You can be affected by only one martyr's bargain spell at a time. If you cast this spell while you are already under the effects of a previous martyr's bargain, the previous spell effect ends and you immediately take the damage it had delayed.	Target: You
DESC: Among the faithful followers of the gods of purity-whether they be the servants of Desna in Nidal, zealous followers of Milani struggling against Cheliax's government, paladins of Iomedae fighting against the horrors of the Worldwound, or simply those that fight evil the world over-martyr's bargain represents true faith and true sacrifice. 
You cast this spell as an immediate action when you are subject to a spell or spell-like ability that deals hit point damage, after attack rolls and saving throws have been rolled but before the damage itself is determined. The damage dealt by the spell and any related effects are then delayed for you (and you only) for a number of rounds equal to your caster level. 
At the end of that time (or immediately if martyr's bargain is dispelled), the delayed damage takes effect on you as it would have at the time it was cast, but is maximized as if affected by the Maximize Spell metamagic feat. Spells and spell-like abilities that were already maximized gain no additional benefit from this spell. Nothing can prevent this delayed damage from affecting you. 
You can be affected by only one martyr's bargain spell at a time. If you cast this spell while you are already under the effects of a previous martyr's bargain, the previous spell effect ends and you immediately take the damage it had delayed.
DESC 2:  Among the faithful followers of the gods of purity-whether they be the servants of Desna in Nidal, zealous followers of Milani struggling against Cheliax's government, paladins of Iomedae fighting against the horrors of the Worldwound, or simply those that fight evil the world over-martyr's bargain represents true faith and true sacrifice. 
You cast this spell as an immediate action when you are subject to a spell or spell-like ability that deals hit point damage, after attack rolls and saving throws have been rolled but before the damage itself is determined. The damage dealt by the spell and any related effects are then delayed for you [and you only] for a number of rounds equal to your caster level. 
At the end of that time [or immediately if martyr's bargain is dispelled], the delayed damage takes effect on you as it would have at the time it was cast, but is maximized as if affected by the Maximize Spell metamagic feat. Spells and spell-like abilities that were already maximized gain no additional benefit from this spell. Nothing can prevent this delayed damage from affecting you. 
You can be affected by only one martyr's bargain spell at a time. If you cast this spell while you are already under the effects of a previous martyr's bargain, the previous spell effect ends and you immediately take the damage it had delayed.
Masterwork Transformation (Transmutation)
Saves: None	DC: 	Casting: 1 hour
Duration: Instantaneous	Range: Touch	Components: V, S, M
SR: No	Effect: Make a normal item into a masterwork one.	Target: One weapon, suit of armor, tool, or skill kit touched
DESC: Make a normal item into a masterwork one.
DESC 2:  Make a normal item into a masterwork one.
Muffle Sound (Illusion)
Saves: Will negates	DC: 16	Casting: 1 round
Duration: 5 minutes [D]	Range: Close (35 ft.)	Components: V, S
SR: yes	Effect: Allies gain a bonus on Stealth checks but risk verbal spell failure.	Target: 5 allies
DESC: Allies gain a bonus on Stealth checks but risk verbal spell failure.
DESC 2:  Allies gain a bonus on Stealth checks but risk verbal spell failure.
Necromantic Burden (Necromancy)
Saves: Will negates	DC: 16	Casting: 1 round
Duration: 5 hours	Range: Close (35 ft.)	Components: V,S,M/DF
SR: Yes	Effect: You make an undead creature more difficult for necromancers and clerics to control via effects such as Command Undead or control undead. If the target fails its Will save, the target's effective number of Hit Dice is doubled for the purposes of determining whether it remains under the control of another creature. Regardless of the target's actual Hit Dice, its effective HD cannot exceed 10. If the targeted undead is under the control of another creature and this spell causes the target's effective Hit Dice to exceed the controller's maximum capability, the target creature is immediately freed from control. Any creature capable of controlling undead may attempt to control the target, provided the target's effective HD won't cause the would-be controller to exceed its HD limit. The target's former controller can attempt to regain control over the target by relinquishing command over other creatures until its HD limit is no longer exceeded [or the former controller can wait until the spell's duration expires to attempt this at the target's normal HD].	Target: One undead creature
DESC: You make an undead creature more difficult for necromancers and clerics to control via effects such as Command Undead or control undead. If the target fails its Will save, the target's effective number of Hit Dice is doubled for the purposes of determining whether it remains under the control of another creature. Regardless of the target's actual Hit Dice, its effective HD cannot exceed 10. If the targeted undead is under the control of another creature and this spell causes the target's effective Hit Dice to exceed the controller's maximum capability, the target creature is immediately freed from control. Any creature capable of controlling undead may attempt to control the target, provided the target's effective HD won't cause the would-be controller to exceed its HD limit. The target's former controller can attempt to regain control over the target by relinquishing command over other creatures until its HD limit is no longer exceeded (or the former controller can wait until the spell's duration expires to attempt this at the target's normal HD).
DESC 2:  You make an undead creature more difficult for necromancers and clerics to control via effects such as Command Undead or control undead. If the target fails its Will save, the target's effective number of Hit Dice is doubled for the purposes of determining whether it remains under the control of another creature. Regardless of the target's actual Hit Dice, its effective HD cannot exceed 10. If the targeted undead is under the control of another creature and this spell causes the target's effective Hit Dice to exceed the controller's maximum capability, the target creature is immediately freed from control. Any creature capable of controlling undead may attempt to control the target, provided the target's effective HD won't cause the would-be controller to exceed its HD limit. The target's former controller can attempt to regain control over the target by relinquishing command over other creatures until its HD limit is no longer exceeded [or the former controller can wait until the spell's duration expires to attempt this at the target's normal HD].
Owl's Wisdom (Transmutation)
Saves: Will negates (harmless)	DC: 16	Casting: 1 standard action
Duration: 5 minutes	Range: Touch	Components: V, S, M/DF
SR: Yes	Effect: The transmuted creature becomes wiser gaining a +4 enhancement bonus to Wisdom.	Target: Creature touched
DESC: The transmuted creature becomes wiser gaining a +4 enhancement bonus to Wisdom.
DESC 2:  The transmuted creature becomes wiser gaining a +4 enhancement bonus to Wisdom.
Path of Glory (Conjuration)
Saves: none	DC: 16	Casting: 1 standard action
Duration: 5 rounds	Range: Touch [see text]	Components: V, S
SR: no	Effect: Create an expanding glow that heals allies within it of 1 hp of damage.	Target: 20 5-ft. squares [see text]
DESC: Create an expanding glow that heals allies within it of 1 hp of damage.
DESC 2:  Create an expanding glow that heals allies within it of 1 hp of damage.
Pilfering Hand (Evocation, AetherSchool)
Saves: None	DC: 	Casting: 1 standard action
Duration: see text	Range: Close (35 ft.)	Components: S
SR: Yes (object)	Effect: You may seize an object or manipulate it from afar.	Target: one object
DESC: You may seize an object or manipulate it from afar.
DESC 2:  You may seize an object or manipulate it from afar.
Protection from Chaos (Communal) (Abjuration)
Saves: Will negates (harmless)	DC: 16	Casting: 1 standard action
Duration: 5 minutes [D]	Range: Touch	Components: V, S, M/DF
SR: No; see text	Effect: As protection from chaos, but you may divide the duration among creatures touched.	Target: creatures touched
DESC: As protection from chaos, but you may divide the duration among creatures touched.
DESC 2:  As protection from chaos, but you may divide the duration among creatures touched.
Protection from Evil (Communal) (Abjuration)
Saves: Will negates (harmless)	DC: 16	Casting: 1 standard action
Duration: 5 minutes [D]	Range: Touch	Components: V, S, M/DF
SR: No; see text	Effect: As protection from evil, but you may divide the duration among creatures touched.	Target: creatures touched
DESC: As protection from evil, but you may divide the duration among creatures touched.
DESC 2:  As protection from evil, but you may divide the duration among creatures touched.
Protection from Good (Communal) (Abjuration)
Saves: Will negates (harmless)	DC: 16	Casting: 1 standard action
Duration: 5 minutes [D]	Range: Touch	Components: V, S, M/DF
SR: No; see text	Effect: As protection from good, but you may divide the duration among creatures touched.	Target: creatures touched
DESC: As protection from good, but you may divide the duration among creatures touched.
DESC 2:  As protection from good, but you may divide the duration among creatures touched.
Protection from Law (Communal) (Abjuration)
Saves: Will negates (harmless)	DC: 16	Casting: 1 standard action
Duration: 5 minutes [D]	Range: Touch	Components: V, S, M/DF
SR: No; see text	Effect: As protection from law, but you may divide the duration among creatures touched.	Target: creatures touched
DESC: As protection from law, but you may divide the duration among creatures touched.
DESC 2:  As protection from law, but you may divide the duration among creatures touched.
Protective Penumbra (Evocation)
Saves: Will negates (harmless)	DC: 16	Casting: 1 standard action
Duration: 50 minutes	Range: Touch	Components: V, S
SR: Yes	Effect: Shadow protects the target from light.	Target: Creature touched
DESC: Shadow protects the target from light.
DESC 2:  Shadow protects the target from light.
Recentering Drone (Abjuration)
Saves: Will negates (harmless)	DC: 16	Casting: 1 standard action
Duration: Concentration	Range: Close (35 ft.)	Components: V,S,DF
SR: Yes (harmless)	Effect: A target with the dazzled, fatigued, shaken, or sickened condition ignores the penalties of those conditions for the duration of this spell. A target with the blinded, exhausted, frightened, or nauseated conditions treats them as dazzled, fatigued, shaken, and sickened, respectively.	Target: 2 creatures [no two of which may be more than 30 ft. apart]
DESC: A target with the dazzled, fatigued, shaken, or sickened condition ignores the penalties of those conditions for the duration of this spell. A target with the blinded, exhausted, frightened, or nauseated conditions treats them as dazzled, fatigued, shaken, and sickened, respectively.
DESC 2:  A target with the dazzled, fatigued, shaken, or sickened condition ignores the penalties of those conditions for the duration of this spell. A target with the blinded, exhausted, frightened, or nauseated conditions treats them as dazzled, fatigued, shaken, and sickened, respectively.
Reinforce Armaments (Communal) (Transmutation)
Saves: Will negates (harmless, object)	DC: 16	Casting: 1 standard action
Duration: 50 minutes	Range: Touch	Components: V, S, M/DF
SR: Yes (harmless, object)	Effect: As reinforce armaments, but you may divide the spell's duration among objects touched.	Target: armor suits or weapons touched
DESC: As reinforce armaments, but you may divide the spell's duration among objects touched.
DESC 2:  As reinforce armaments, but you may divide the spell's duration among objects touched.
Remove Paralysis (Conjuration)
Saves: Will negates (harmless)	DC: 16	Casting: 1 standard action
Duration: Instantaneous	Range: Close (35 ft.)	Components: V, S
SR: Yes (harmless)	Effect: You can free one or more creatures from the effects of temporary paralysis or related magic.	Target: Up to four creatures, no two of which can be more than 30 ft. apart
DESC: You can free one or more creatures from the effects of temporary paralysis or related magic.
DESC 2:  You can free one or more creatures from the effects of temporary paralysis or related magic.
Resist Energy (Abjuration, AirSchool, EarthSchool, FireSchool, WaterSchool)
Saves: Fortitude negates (harmless)	DC: 16	Casting: 1 standard action
Duration: 50 minutes	Range: Touch	Components: V, S, DF
SR: Yes (harmless)	Effect: This abjuration grants a creature limited protection from damage of whichever one of five energy types you select.	Target: Creature touched
DESC: This abjuration grants a creature limited protection from damage of whichever one of five energy types you select.
DESC 2:  This abjuration grants a creature limited protection from damage of whichever one of five energy types you select.
Restoration (Lesser) (Conjuration)
Saves: Will negates (harmless)	DC: 16	Casting: 3 rounds
Duration: Instantaneous	Range: Touch	Components: V, S
SR: Yes (harmless)	Effect: Lesser restoration dispels any magical effects reducing one of the subject's ability scores or cures 1d4 points of temporary ability damage to one of the subject's ability scores.	Target: Creature touched
DESC: Lesser restoration dispels any magical effects reducing one of the subject's ability scores or cures 1d4 points of temporary ability damage to one of the subject's ability scores.
DESC 2:  Lesser restoration dispels any magical effects reducing one of the subject's ability scores or cures 1d4 points of temporary ability damage to one of the subject's ability scores.
Returning Weapon (Conjuration)
Saves: Will negates (harmless, object)	DC: 16	Casting: 1 standard action
Duration: 5 minutes	Range: Close (35 ft.)	Components: V, S
SR: Yes (harmless, object)	Effect: Grants a weapon the returning special weapon quality.	Target: one weapon that can be thrown
DESC: Grants a weapon the returning special weapon quality.
DESC 2:  Grants a weapon the returning special weapon quality.
Sense Fear (Divination)
Saves: 	DC: 	Casting: 1 standard action
Duration: 50 minutes [D]	Range: Personal	Components: V,S,M/DF
SR: 	Effect: Perceive nearby creatures that are experiencing fear.	Target: You
DESC: Perceive nearby creatures that are experiencing fear.
DESC 2:  Perceive nearby creatures that are experiencing fear.
Sense Madness (Divination)
Saves: None	DC: 	Casting: 1 standard action
Duration: Concentration, up to5 rounds [D]	Range: Close (35 ft.)	Components: V,S
SR: No	Effect: Determine mental disturbances in nearby creatures.	Target: Creatures in range [see text]
DESC: Determine mental disturbances in nearby creatures.
DESC 2:  Determine mental disturbances in nearby creatures.
Shard of Chaos (Evocation)
Saves: Will partial (see text)	DC: 16	Casting: 1 standard action
Duration: Instantaneous [1d6 rounds]	Range: Close (35 ft.)	Components: V, S, DF
SR: Yes	Effect: Harm and possibly slow lawful creatures.	Target: Dart-shaped projectile of chaotic energy
DESC: Harm and possibly slow lawful creatures.
DESC 2:  Harm and possibly slow lawful creatures.
Share Language (Divination)
Saves: Will negates (harmless)	DC: 16	Casting: 1 standard action
Duration: 24 hours	Range: Touch	Components: V, S, M
SR: Yes (harmless)	Effect: Subject understands chosen language.	Target: creature touched
DESC: Subject understands chosen language.
DESC 2:  Subject understands chosen language.
Shared Sacrifice (Necromancy)
Saves: Will negates	DC: 16	Casting: 1 round
Duration: 5 rounds [D]	Range: Close (35 ft.)	Components: V, S
SR: Yes	Effect: You create a link between yourself and your target, and you can direct pain and damage through this link.	Target: One creature
DESC: You create a link between yourself and your target, and you can direct pain and damage through this link.
DESC 2:  You create a link between yourself and your target, and you can direct pain and damage through this link.
Shatter (Evocation, EarthSchool)
Saves: Will negates (object); Will negates (object) or Fortitude half; see text	DC: 16	Casting: 1 standard action
Duration: Instantaneous	Range: Close (35 ft.)	Components: V, S, M/DF
SR: Yes	Effect: Shatter creates a loud, ringing noise that breaks brittle, nonmagical objects; sunders a single solid, nonmagical object; or damages a crystalline creature.	Target: Or Target 5-ft.-radius spread; or one solid object or one crystalline creature
DESC: Shatter creates a loud, ringing noise that breaks brittle, nonmagical objects; sunders a single solid, nonmagical object; or damages a crystalline creature.
DESC 2:  Shatter creates a loud, ringing noise that breaks brittle, nonmagical objects; sunders a single solid, nonmagical object; or damages a crystalline creature.
Shield of Fortification (Abjuration)
Saves: Fortitude negates (harmless)	DC: 16	Casting: 1 standard action
Duration: 5 minutes	Range: Touch	Components: V, S, DF
SR: yes (harmless)	Effect: Target gains a 25% chance to treat critical hits and sneak attacks as normal hits.	Target: creature touched
DESC: Target gains a 25% chance to treat critical hits and sneak attacks as normal hits.
DESC 2:  Target gains a 25% chance to treat critical hits and sneak attacks as normal hits.
Shield Other (Abjuration)
Saves: Will negates (harmless)	DC: 16	Casting: 1 standard action
Duration: 5 hours [D]	Range: Close (35 ft.)	Components: V, S, F
SR: Yes (harmless)	Effect: This spell wards the subject and creates a mystic connection between you and the subject so that some of its wounds are transferred to you.	Target: One creature
DESC: This spell wards the subject and creates a mystic connection between you and the subject so that some of its wounds are transferred to you.
DESC 2:  This spell wards the subject and creates a mystic connection between you and the subject so that some of its wounds are transferred to you.
Silence (Illusion)
Saves: Will negates; see text or none (object)	DC: 16	Casting: 1 round
Duration: 5 rounds [D]	Range: Long (600 ft.)	Components: V, S
SR: Yes; see text or no (object)	Effect: Upon the casting of this spell, complete silence prevails in the affected area.	Target: 20-ft.-radius emanation centered on a creature, object, or point in space
DESC: Upon the casting of this spell, complete silence prevails in the affected area.
DESC 2:  Upon the casting of this spell, complete silence prevails in the affected area.
Silent Table (Illusion)
Saves: none (object)	DC: 16	Casting: 1 round
Duration: 5 minutes [D]	Range: Close (35 ft.)	Components: V
SR: no (object)	Effect: Give yourself privacy by muffling sound leaving the area.	Target: 5-ft.-diameter emanation centered on an object or a point in space
DESC: Give yourself privacy by muffling sound leaving the area.
DESC 2:  Give yourself privacy by muffling sound leaving the area.
Sound Burst (Evocation)
Saves: Fortitude partial	DC: 16	Casting: 1 standard action
Duration: Instantaneous	Range: Close (35 ft.)	Components: V, S, F/DF
SR: Yes	Effect: You blast an area with a tremendous cacophony.	Target: 10-ft.-radius spread
DESC: You blast an area with a tremendous cacophony.
DESC 2:  You blast an area with a tremendous cacophony.
Spear of Purity (Evocation)
Saves: Will partial (see text)	DC: 16	Casting: 1 standard action
Duration: Instantaneous [1 round]	Range: Close (35 ft.)	Components: V, S, DF
SR: Yes	Effect: Harm and possibly blind evil creatures.	Target: Spear-shaped projectile of good energy
DESC: Harm and possibly blind evil creatures.
DESC 2:  Harm and possibly blind evil creatures.
Spell Gauge (Divination)
Saves: Will negates	DC: 16	Casting: 1 standard action
Duration: Instantaneous	Range: Close (35 ft.)	Components: V, S, F
SR: Yes	Effect: You immediately know a selection of the spells the target creature has prepared or knows.	Target: One creature
DESC: You immediately know a selection of the spells the target creature has prepared or knows.
DESC 2:  You immediately know a selection of the spells the target creature has prepared or knows.
Spindrift Spritz (Conjuration, WaterSchool)
Saves: Will negates (harmless)	DC: 16	Casting: 1 immediate action
Duration: Instantaneous	Range: Close (35 ft.)	Components: V,S
SR: Yes (harmless)	Effect: Target takes the better of two rolls when attempting a saving throw against an effect that would cause the fatigued, shaken, sickened, or staggered conditions	Target: One creature
DESC: Target takes the better of two rolls when attempting a saving throw against an effect that would cause the fatigued, shaken, sickened, or staggered conditions
DESC 2:  Target takes the better of two rolls when attempting a saving throw against an effect that would cause the fatigued, shaken, sickened, or staggered conditions
Spiritual Weapon (Evocation, AetherSchool)
Saves: None	DC: 	Casting: 1 standard action
Duration: 5 rounds [D]	Range: Medium (150 ft.)	Components: V, S, DF
SR: Yes	Effect: A weapon made of force appears and attacks foes at a distance, as you direct it, dealing 1d8+1 force damage per hit.	Target: Magic weapon of force
DESC: A weapon made of force appears and attacks foes at a distance, as you direct it, dealing 1d8+(min(5,floor(CASTERLEVEL/3))) force damage per hit.
DESC 2:  A weapon made of force appears and attacks foes at a distance, as you direct it, dealing 1d8+1 force damage per hit.
Status (Divination)
Saves: Will negates (harmless)	DC: 16	Casting: 1 standard action
Duration: 5 hours	Range: Touch	Components: V, S
SR: Yes (harmless)	Effect: When you need to keep track of comrades who may get separated, status allows you to mentally monitor their relative positions and general condition.	Target: 1 living creatures
DESC: When you need to keep track of comrades who may get separated, status allows you to mentally monitor their relative positions and general condition.
DESC 2:  When you need to keep track of comrades who may get separated, status allows you to mentally monitor their relative positions and general condition.
Stave Off Corruption (Abjuration)
Saves: Will negates (harmless)	DC: 16	Casting: 1 standard action
Duration: 5 days	Range: Touch	Components: V,S,M
SR: Yes (harmless)	Effect: Protect against a corruption's progression.	Target: One creature
DESC: Protect against a corruption's progression.
DESC 2:  Protect against a corruption's progression.
Summon Monster II (Conjuration, AirSchool, EarthSchool, FireSchool, WaterSchool)
Saves: None	DC: 	Casting: 1 round
Duration: 5 rounds [D]	Range: Close (35 ft.)	Components: V, S, F/DF
SR: No	Effect: This spell functions like summon monster I, except that you can summon one creature from the 2nd-level list or 1d3 creatures of the same kind from the 1st-level list.	Target: One summoned creature
DESC: This spell functions like summon monster I, except that you can summon one creature from the 2nd-level list or 1d3 creatures of the same kind from the 1st-level list.
DESC 2:  This spell functions like summon monster I, except that you can summon one creature from the 2nd-level list or 1d3 creatures of the same kind from the 1st-level list.
Summon Monster II (giant spider only) (Conjuration)
Saves: None	DC: 	Casting: 1 round
Duration: 5 rounds [D]	Range: Close (35 ft.)	Components: V, S, F/DF
SR: No	Effect: This spell functions like summon monster I, except that you can summon one creature from the 2nd-level list or 1d3 creatures of the same kind from the 1st-level list.	Target: One summoned creature
DESC: This spell functions like summon monster I, except that you can summon one creature from the 2nd-level list or 1d3 creatures of the same kind from the 1st-level list.
DESC 2:  This spell functions like summon monster I, except that you can summon one creature from the 2nd-level list or 1d3 creatures of the same kind from the 1st-level list.
Summon Monster II (octopus or squid only) (Conjuration)
Saves: None	DC: 	Casting: 1 round
Duration: 5 rounds [D]	Range: Close (35 ft.)	Components: V, S, F/DF
SR: No	Effect: This spell functions like summon monster I, except that you can summon one creature from the 2nd-level list or 1d3 creatures of the same kind from the 1st-level list.	Target: One summoned creature
DESC: This spell functions like summon monster I, except that you can summon one creature from the 2nd-level list or 1d3 creatures of the same kind from the 1st-level list.
DESC 2:  This spell functions like summon monster I, except that you can summon one creature from the 2nd-level list or 1d3 creatures of the same kind from the 1st-level list.
Surmount Affliction (Abjuration)
Saves: 	DC: 	Casting: 1 standard action
Duration: 5 rounds	Range: Personal	Components: V, S
SR: 	Effect: Temporarily suppress one condition.	Target: You
DESC: Temporarily suppress one condition.
DESC 2:  Temporarily suppress one condition.
Touch of Mercy (Enchantment)
Saves: Will negates	DC: 16	Casting: 1 standard action
Duration: 5 rounds [D]	Range: Touch	Components: V, S, DF
SR: Yes	Effect: The target creature deals only nonlethal damage with all of its weapon attacks. Damage taken by creatures or objects that are not subject to nonlethal damage is not converted to nonlethal and remains lethal damage. The weapon retains all of its other normal properties.	Target: One Creature
DESC: The target creature deals only nonlethal damage with all of its weapon attacks. Damage taken by creatures or objects that are not subject to nonlethal damage is not converted to nonlethal and remains lethal damage. The weapon retains all of its other normal properties.
DESC 2:  The target creature deals only nonlethal damage with all of its weapon attacks. Damage taken by creatures or objects that are not subject to nonlethal damage is not converted to nonlethal and remains lethal damage. The weapon retains all of its other normal properties.
Trail of the Rose (Illusion)
Saves: None	DC: 	Casting: 1 standard action
Duration: 5 hours [D]	Range: Touch	Components: V, S
SR: No	Effect: Creates an illusory trail that can only be followed by your allies.	Target: 1 rose touched
DESC: Creates an illusory trail that can only be followed by your allies.
DESC 2:  Creates an illusory trail that can only be followed by your allies.
Transmute Wine to Blood (Transmutation)
Saves: Fortitude negates (object)	DC: 16	Casting: 1 standard action
Duration: Instantaneous	Range: Touch	Components: V,S,M
SR: Yes (object)	Effect: You transform one bottle of fine wine into 1 pint of animal blood, sufficient for a creature with the blood drain ability to feed upon as if it came from a Medium animal with 1 Hit Die.	Target: Bottle of wine worth at least 10 gp
DESC: You transform one bottle of fine wine into 1 pint of animal blood, sufficient for a creature with the blood drain ability to feed upon as if it came from a Medium animal with 1 Hit Die.
DESC 2:  You transform one bottle of fine wine into 1 pint of animal blood, sufficient for a creature with the blood drain ability to feed upon as if it came from a Medium animal with 1 Hit Die.
Undetectable Alignment (Abjuration)
Saves: Will negates (object)	DC: 16	Casting: 1 standard action
Duration: 24 hours	Range: Close (35 ft.)	Components: V, S
SR: Yes (object)	Effect: An undetectable alignment spell conceals the alignment of an object or a creature from all forms of divination.	Target: One creature or object
DESC: An undetectable alignment spell conceals the alignment of an object or a creature from all forms of divination.
DESC 2:  An undetectable alignment spell conceals the alignment of an object or a creature from all forms of divination.
Unholy Ice Weapon (Transmutation)
Saves: none	DC: 16	Casting: 1 standard action
Duration: 5 minutes [D]	Range: 0 Ft.	Components: V, S, M
SR: no	Effect: Create a masterwork weapon made of frozen unholy water.	Target: one ice weapon
DESC: Create a masterwork weapon made of frozen unholy water.
DESC 2:  Create a masterwork weapon made of frozen unholy water.
Unliving Rage (Necromancy)
Saves: none	DC: 16	Casting: 1 standard action
Duration: concentration + 5 rounds [D]	Range: Medium (150 ft.)	Components: V, S
SR: yes	Effect: As rage, except affecting only undead.	Target: 1 willing undead creatures, no two of which can be more than 30 ft. apart
DESC: As rage, except affecting only undead.
DESC 2:  As rage, except affecting only undead.
Violent Accident (Transmutation)
Saves: Reflex half; see text	DC: 16	Casting: 1 standard action
Duration: 1 day or until discharged	Range: Long (600 ft.)	Components: V,S
SR: Yes	Effect: You curse the target to suffer a violent accident within the next 24 hours. You have no control over the form the accident takes or when it strikes. The target can avoid being cursed with spell resistance when you cast the spell, but otherwise receives no saving throw. Regardless of the accident's nature, it is magically empowered to deal an amount of damage equal to 5d8, and the damage is of a type appropriate to the source of damage [such as fire for an explosion or bludgeoning for a falling object]. When the accident occurs, the target can attempt a Reflex saving throw to reduce the damage by half. Although others might be surprised or inconvenienced by the accident, it damages only the target.	Target: One creature
DESC: You curse the target to suffer a violent accident within the next 24 hours. You have no control over the form the accident takes or when it strikes. The target can avoid being cursed with spell resistance when you cast the spell, but otherwise receives no saving throw. Regardless of the accident's nature, it is magically empowered to deal an amount of damage equal to (min(5,(CASTERLEVEL)))d8, and the damage is of a type appropriate to the source of damage (such as fire for an explosion or bludgeoning for a falling object). When the accident occurs, the target can attempt a Reflex saving throw to reduce the damage by half. Although others might be surprised or inconvenienced by the accident, it damages only the target.
DESC 2:  You curse the target to suffer a violent accident within the next 24 hours. You have no control over the form the accident takes or when it strikes. The target can avoid being cursed with spell resistance when you cast the spell, but otherwise receives no saving throw. Regardless of the accident's nature, it is magically empowered to deal an amount of damage equal to 5d8, and the damage is of a type appropriate to the source of damage [such as fire for an explosion or bludgeoning for a falling object]. When the accident occurs, the target can attempt a Reflex saving throw to reduce the damage by half. Although others might be surprised or inconvenienced by the accident, it damages only the target.
Water Walk (Communal) (Transmutation)
Saves: Will negates (harmless)	DC: 16	Casting: 1 standard action
Duration: 50 minutes [D]	Range: Touch	Components: V, S, DF
SR: Yes (harmless)	Effect: As water walk, but you may divide the duration among creatures touched.	Target: creatures touched
DESC: As water walk, but you may divide the duration among creatures touched.
DESC 2:  As water walk, but you may divide the duration among creatures touched.
Weapon of Awe (Transmutation)
Saves: Will negates (harmless, object)	DC: 16	Casting: 1 standard action
Duration: 5 minutes	Range: Touch	Components: V, S, DF
SR: Yes (harmless, object)	Effect: Weapon gets +2 on damage rolls.	Target: weapon touched
DESC: Weapon gets +2 on damage rolls.
DESC 2:  Weapon gets +2 on damage rolls.
Web Shelter (Conjuration)
Saves: None	DC: 	Casting: 1 minute
Duration: 5 hours [D]	Range: Close (35 ft.)	Components: V, S, DF
SR: No	Effect: Create a comfortable shelter made of webbing.	Target: 5 ft.-10 ft. diameter web sphere or 5 ft.-20 ft. hemisphere
DESC: Create a comfortable shelter made of webbing.
DESC 2:  Create a comfortable shelter made of webbing.
Whispering Lore (Divination)
Saves: None	DC: 	Casting: 1 full-round action
Duration: 50 minutes	Range: Personal	Components: V, S
SR: No	Effect: Upon casting this spell, you are able to gain knowledge from the land itself. As you walk through the terrain, it whispers information in a language you understand, though the whispering is so rambling it is hard to distinguish useful information. This whispering grants you a +4 insight bonus on a single Knowledge skill type appropriate to the type of terrain you are in. If you are within a cold, desert, forest, jungle, mountain, plains, swamp, or water environment, you gain the bonus on Knowledge [nature] checks. If you are within an underground environment, you gain the bonus on Knowledge [dungeoneering] checks. If you are within an urban environment, you gain the bonus on Knowledge [local] checks. If you are on a plane other than the Material Plane, you gain the bonus on Knowledge [planes] checks. If you enter a new terrain, you lose the previous terrain's skill bonus and gain the new bonus.	Target: You
DESC: Upon casting this spell, you are able to gain knowledge from the land itself. As you walk through the terrain, it whispers information in a language you understand, though the whispering is so rambling it is hard to distinguish useful information. This whispering grants you a +4 insight bonus on a single Knowledge skill type appropriate to the type of terrain you are in. If you are within a cold, desert, forest, jungle, mountain, plains, swamp, or water environment, you gain the bonus on Knowledge (nature) checks. If you are within an underground environment, you gain the bonus on Knowledge (dungeoneering) checks. If you are within an urban environment, you gain the bonus on Knowledge (local) checks. If you are on a plane other than the Material Plane, you gain the bonus on Knowledge (planes) checks. If you enter a new terrain, you lose the previous terrain's skill bonus and gain the new bonus.
DESC 2:  Upon casting this spell, you are able to gain knowledge from the land itself. As you walk through the terrain, it whispers information in a language you understand, though the whispering is so rambling it is hard to distinguish useful information. This whispering grants you a +4 insight bonus on a single Knowledge skill type appropriate to the type of terrain you are in. If you are within a cold, desert, forest, jungle, mountain, plains, swamp, or water environment, you gain the bonus on Knowledge [nature] checks. If you are within an underground environment, you gain the bonus on Knowledge [dungeoneering] checks. If you are within an urban environment, you gain the bonus on Knowledge [local] checks. If you are on a plane other than the Material Plane, you gain the bonus on Knowledge [planes] checks. If you enter a new terrain, you lose the previous terrain's skill bonus and gain the new bonus.
Zone of Truth (Enchantment)
Saves: Will negates	DC: 16	Casting: 1 standard action
Duration: 5 minutes	Range: Close (35 ft.)	Components: V, S, DF
SR: Yes	Effect: Creatures within the emanation area [or those who enter it] can't speak any deliberate and intentional lies.	Target: 20-ft.-radius emanation
DESC: Creatures within the emanation area (or those who enter it) can't speak any deliberate and intentional lies.
DESC 2:  Creatures within the emanation area [or those who enter it] can't speak any deliberate and intentional lies.
 
 
Level 3
Accept Affliction (Conjuration)
Saves: Fortitude negates (harmless)	DC: 17	Casting: 1 standard action
Duration: Instantaneous	Range: Touch	Components: V, S, M/DF
SR: Yes (harmless)	Effect: The caster can transfer the effects of afflictions such as curses, diseases, and poisons from the target creature to himself. This spell can also transfer the blinded, deafened, fatigued, nauseated, shaken, and sickened conditions. All aspects of the transferred afflictions [save DCs, remaining duration, removal conditions, and so on] remain the same, but affect the caster instead of the original target. After transferring the affliction or condition, the caster is free to cure it in any way he can.	Target: Creature touched
DESC: The caster can transfer the effects of afflictions such as curses, diseases, and poisons from the target creature to himself. This spell can also transfer the blinded, deafened, fatigued, nauseated, shaken, and sickened conditions. All aspects of the transferred afflictions (save DCs, remaining duration, removal conditions, and so on) remain the same, but affect the caster instead of the original target. After transferring the affliction or condition, the caster is free to cure it in any way he can.
DESC 2:  The caster can transfer the effects of afflictions such as curses, diseases, and poisons from the target creature to himself. This spell can also transfer the blinded, deafened, fatigued, nauseated, shaken, and sickened conditions. All aspects of the transferred afflictions [save DCs, remaining duration, removal conditions, and so on] remain the same, but affect the caster instead of the original target. After transferring the affliction or condition, the caster is free to cure it in any way he can.
Agonize (Evocation)
Saves: Fortitude negates	DC: 17	Casting: 1 standard action
Duration: 1 round	Range: Close (35 ft.)	Components: V, S
SR: Yes	Effect: Pain encourages an outsider to obey you.	Target: One conjured outsider or elemental [see text]
DESC: Pain encourages an outsider to obey you.
DESC 2:  Pain encourages an outsider to obey you.
Air Breathing (Transmutation)
Saves: Will negates (harmless)	DC: 17	Casting: 1 standard action
Duration: 10 hours; see text	Range: Touch	Components: V,S,M/DF
SR: Yes (harmless)	Effect: The transmuted creatures can breathe air freely. Divide the duration evenly among all the creatures you touch. The spell doesn't make creatures unable to breathe water.	Target: Living aquatic creatures touched
DESC: The transmuted creatures can breathe air freely. Divide the duration evenly among all the creatures you touch. The spell doesn't make creatures unable to breathe water.
DESC 2:  The transmuted creatures can breathe air freely. Divide the duration evenly among all the creatures you touch. The spell doesn't make creatures unable to breathe water.
Align Weapon (Communal) (Transmutation)
Saves: Will negates (harmless, object)	DC: 17	Casting: 1 standard action
Duration: 5 minutes	Range: Touch	Components: V, S, DF
SR: yes (harmless, object)	Effect: As align weapon, but you can divide the duration among weapons touched.	Target: weapons or projectiles touched
DESC: As align weapon, but you can divide the duration among weapons touched.
DESC 2:  As align weapon, but you can divide the duration among weapons touched.
Animate Dead (Necromancy)
Saves: None	DC: 	Casting: 1 standard action
Duration: Instantaneous	Range: Touch	Components: V, S, M
SR: No	Effect: Turns corpses into undead skeletons or zombies that obey your spoken commands.	Target: One or more corpses touched
DESC: Turns corpses into undead skeletons or zombies that obey your spoken commands.
DESC 2:  Turns corpses into undead skeletons or zombies that obey your spoken commands.
Appearance of Life (Illusion)
Saves: Will disbelief or Will negates (see text)	DC: 17	Casting: 1 round
Duration: 50 minutes [D]	Range: Long (600 ft.)	Components: V,S,M
SR: No	Effect: Undead appear to be alive.	Target: One or more undead creatures
DESC: Undead appear to be alive.
DESC 2:  Undead appear to be alive.
Archon's Aura (Evocation)
Saves: Will negates	DC: 17	Casting: 1 standard action
Duration: 5 minutes	Range: 20 ft.	Components: V, S
SR: Yes	Effect: Aura penalizes enemy attacks and AC.	Target: 20-ft. radius centered on you
DESC: Aura penalizes enemy attacks and AC.
DESC 2:  Aura penalizes enemy attacks and AC.
Aura of Cannibalism (Necromancy)
Saves: Fortitude negates	DC: 17	Casting: 1 standard action
Duration: 5 minutes [D]	Range: Personal	Components: V,S,M
SR: Yes	Effect: You emanate an aura that saps the strength of others of your kind and channels their energy into you. Each round that a creature starts its turn in the spell's area and shares both your creature type and at least one subtype you possess [if any], that creature must succeed at a Fortitude save or take 1d4 points of damage. You gain a number of temporary hit points equal to the amount of damage you deal with this spell [maximum 10 + your caster level]. These temporary hit points go away when the spell ends. As long as you have at least 5 temporary hit points while this spell is in effect, you gain a +1 competence bonus on attack rolls, saving throws, and skill checks. If you have 15 or more temporary hit points, this competence bonus increases to +2.	Target: 20-ft.-radius emanation centered on you
DESC: You emanate an aura that saps the strength of others of your kind and channels their energy into you. Each round that a creature starts its turn in the spell's area and shares both your creature type and at least one subtype you possess (if any), that creature must succeed at a Fortitude save or take 1d4 points of damage. You gain a number of temporary hit points equal to the amount of damage you deal with this spell (maximum 10 + your caster level). These temporary hit points go away when the spell ends. As long as you have at least 5 temporary hit points while this spell is in effect, you gain a +1 competence bonus on attack rolls, saving throws, and skill checks. If you have 15 or more temporary hit points, this competence bonus increases to +2.
DESC 2:  You emanate an aura that saps the strength of others of your kind and channels their energy into you. Each round that a creature starts its turn in the spell's area and shares both your creature type and at least one subtype you possess [if any], that creature must succeed at a Fortitude save or take 1d4 points of damage. You gain a number of temporary hit points equal to the amount of damage you deal with this spell [maximum 10 + your caster level]. These temporary hit points go away when the spell ends. As long as you have at least 5 temporary hit points while this spell is in effect, you gain a +1 competence bonus on attack rolls, saving throws, and skill checks. If you have 15 or more temporary hit points, this competence bonus increases to +2.
Aura Sight (Divination)
Saves: 	DC: 	Casting: 1 standard action
Duration: 5 minutes [D]	Range: Personal	Components: V, S
SR: 	Effect: Alignment auras become visible to you.	Target: you
DESC: Alignment auras become visible to you.
DESC 2:  Alignment auras become visible to you.
Badger's Ferocity (Transmutation)
Saves: Will negates (harmless)	DC: 17	Casting: 1 standard action
Duration: Concentration	Range: Close (35 ft.)	Components: V, S
SR: Yes (harmless)	Effect: Weapons are keen while you concentrate.	Target: 1 weapons
DESC: Weapons are keen while you concentrate.
DESC 2:  Weapons are keen while you concentrate.
Bestow Curse (Necromancy)
Saves: Will negates	DC: 17	Casting: 1 standard action
Duration: Permanent	Range: Touch	Components: V, S
SR: Yes	Effect: You place a curse on the subject.	Target: Creature touched
DESC: You place a curse on the subject.
DESC 2:  You place a curse on the subject.
Bestow Insight (Enchantment)
Saves: Will negates (harmless)	DC: 17	Casting: 1 standard action
Duration: 5 minutes	Range: Touch	Components: V, S
SR: Yes (harmless)	Effect: When casting this spell, choose a single skill that you have at least one rank in. The target gains a +3 insight bonus on skill checks with this skill and is considered trained in that skill. Furthermore, once before the spell's duration, the target can choose to roll two checks and take the greater result. Doing so ends the spell's other effects.	Target: One creature
DESC: When casting this spell, choose a single skill that you have at least one rank in. The target gains a +3 insight bonus on skill checks with this skill and is considered trained in that skill. Furthermore, once before the spell's duration, the target can choose to roll two checks and take the greater result. Doing so ends the spell's other effects.
DESC 2:  When casting this spell, choose a single skill that you have at least one rank in. The target gains a +3 insight bonus on skill checks with this skill and is considered trained in that skill. Furthermore, once before the spell's duration, the target can choose to roll two checks and take the greater result. Doing so ends the spell's other effects.
Blessing of the Mole (Transmutation)
Saves: None	DC: 	Casting: 1 round
Duration: 5 minutes	Range: Close (35 ft.)	Components: V, S
SR: Yes (harmless)	Effect: 5 allies gain darkvision and a +2 Stealth bonus.	Target: 5 creatures
DESC: (CASTERLEVEL) allies gain darkvision and a +2 Stealth bonus.
DESC 2:  5 allies gain darkvision and a +2 Stealth bonus.
Blindness/Deafness (Necromancy)
Saves: Fortitude negates	DC: 17	Casting: 1 standard action
Duration: Permanent [D]	Range: Medium (150 ft.)	Components: V
SR: Yes	Effect: You call upon the powers of unlife to render the subject blinded or deafened, as you choose.	Target: One living creature
DESC: You call upon the powers of unlife to render the subject blinded or deafened, as you choose.
DESC 2:  You call upon the powers of unlife to render the subject blinded or deafened, as you choose.
Blood Biography (Divination)
Saves: Will negates (see text)	DC: 17	Casting: 1 minute
Duration: Instantaneous	Range: Touch	Components: V, S, M/DF
SR: No	Effect: Learn about a creature with its blood.	Target: one creature's blood or one bloodstain
DESC: Learn about a creature with its blood.
DESC 2:  Learn about a creature with its blood.
Blood Rage (Enchantment)
Saves: Will negates (harmless)	DC: 17	Casting: 1 standard action
Duration: 5 rounds	Range: Close (35 ft.)	Components: V, S, M
SR: Yes	Effect: The targets of this spell become angrier as they fight, the pain of their wounds fueling their strength. An affected creature gains a cumulative +2 morale bonus to Strength and a cumulative -1 penalty to AC for every 5 points of damage it takes [maximum +10 Strength, -5 AC] for the duration of the spell. These bonuses last until the spell expires or the target falls unconscious.	Target: 2 willing living creatures, no two of which may be more than 30 ft. apart
DESC: The targets of this spell become angrier as they fight, the pain of their wounds fueling their strength. An affected creature gains a cumulative +2 morale bonus to Strength and a cumulative -1 penalty to AC for every 5 points of damage it takes (maximum +10 Strength, -5 AC) for the duration of the spell. These bonuses last until the spell expires or the target falls unconscious.
DESC 2:  The targets of this spell become angrier as they fight, the pain of their wounds fueling their strength. An affected creature gains a cumulative +2 morale bonus to Strength and a cumulative -1 penalty to AC for every 5 points of damage it takes [maximum +10 Strength, -5 AC] for the duration of the spell. These bonuses last until the spell expires or the target falls unconscious.
Catatonia (Necromancy)
Saves: None	DC: 	Casting: 1 standard action
Duration: 5 hours [D]	Range: Touch	Components: S
SR: Yes	Effect: Make a willing target appear to be dead.	Target: Willing creature touched
DESC: Make a willing target appear to be dead.
DESC 2:  Make a willing target appear to be dead.
Chain of Perdition (Evocation)
Saves: None	DC: 	Casting: 1 standard action
Duration: 5 rounds [D]	Range: Close (35 ft.)	Components: V, S, M/DF
SR: Yes	Effect: Creates a floating chain of force.	Target: 10-ft. chain
DESC: Creates a floating chain of force.
DESC 2:  Creates a floating chain of force.
Contact Entity II (Evocation)
Saves: None	DC: 	Casting: 1 minute
Duration: Instantaneous	Range: 200 miles	Components: V,S,M
SR: No	Effect: Ask more powerful eldritch entities to find and converse with you.	Target: Up to 20 entities of 12 HD or fewer; see text
DESC: Ask more powerful eldritch entities to find and converse with you.
DESC 2:  Ask more powerful eldritch entities to find and converse with you.
Contagion (Necromancy)
Saves: Fortitude negates	DC: 17	Casting: 1 standard action
Duration: Instantaneous	Range: Touch	Components: V, S
SR: Yes	Effect: The subject contracts a disease.	Target: Living creature touched
DESC: The subject contracts a disease.
DESC 2:  The subject contracts a disease.
Contagious Zeal (Enchantment)
Saves: Will negates (harmless)	DC: 17	Casting: 1 standard action
Duration: 5 rounds	Range: Close (35 ft.)	Components: V, S
SR: Yes (harmless)	Effect: The target gains a +2 morale bonus on attack rolls and weapon damage rolls, 1d6 temporary hit points, and a +4 morale bonus on saving throws against fear effects and to the DC of Intimidate checks attempted against her. Once per round, the target can select one other creature to gain this bonus as well. The chosen creature can be no farther from the target than 37 feet, and a creature can't be selected more than once in this way. Such allies gain only the bonuses and temporary hit points; they don't continue to spread it to other creatures. The additional creatures' bonuses and temporary hit points share the original spell's duration, so when that duration ends, all affected creatures lose their bonuses and any remaining temporary hit points from this spell.	Target: One creature
DESC: The target gains a +2 morale bonus on attack rolls and weapon damage rolls, 1d6 temporary hit points, and a +4 morale bonus on saving throws against fear effects and to the DC of Intimidate checks attempted against her. Once per round, the target can select one other creature to gain this bonus as well. The chosen creature can be no farther from the target than (25+(CASTERLEVEL*5)/2) feet, and a creature can't be selected more than once in this way. Such allies gain only the bonuses and temporary hit points; they don't continue to spread it to other creatures. The additional creatures' bonuses and temporary hit points share the original spell's duration, so when that duration ends, all affected creatures lose their bonuses and any remaining temporary hit points from this spell.
DESC 2:  The target gains a +2 morale bonus on attack rolls and weapon damage rolls, 1d6 temporary hit points, and a +4 morale bonus on saving throws against fear effects and to the DC of Intimidate checks attempted against her. Once per round, the target can select one other creature to gain this bonus as well. The chosen creature can be no farther from the target than 37 feet, and a creature can't be selected more than once in this way. Such allies gain only the bonuses and temporary hit points; they don't continue to spread it to other creatures. The additional creatures' bonuses and temporary hit points share the original spell's duration, so when that duration ends, all affected creatures lose their bonuses and any remaining temporary hit points from this spell.
Continual Flame (Evocation)
Saves: None	DC: 	Casting: 1 standard action
Duration: Permanent	Range: Touch	Components: V, S, M
SR: No	Effect: A flame, equivalent in brightness to a torch, springs forth from an object that you touch.	Target: Object touched
DESC: A flame, equivalent in brightness to a torch, springs forth from an object that you touch.
DESC 2:  A flame, equivalent in brightness to a torch, springs forth from an object that you touch.
Control Vermin (Transmutation)
Saves: Will negates	DC: 17	Casting: 1 standard action
Duration: 5 hours	Range: Close (35 ft.)	Components: V,S,DF/M
SR: No	Effect: You and a number of allies less than or equal to your caster level designated upon casting can use Handle Animal and Ride checks to influence or control the targeted vermin as if they were animals and had animal-level intelligence.	Target: up to 5 HD of vermin, no two of which can be more than 30 ft. apart
DESC: You and a number of allies less than or equal to your caster level designated upon casting can use Handle Animal and Ride checks to influence or control the targeted vermin as if they were animals and had animal-level intelligence.
DESC 2:  You and a number of allies less than or equal to your caster level designated upon casting can use Handle Animal and Ride checks to influence or control the targeted vermin as if they were animals and had animal-level intelligence.
Create Food and Water (Conjuration)
Saves: None	DC: 	Casting: 10 minutes
Duration: 24 hours; see text	Range: Close (35 ft.)	Components: V, S
SR: No	Effect: The food that this spell creates is simple fare of your choice--highly nourishing, if rather bland.	Target: Food and water to sustain 15 humans or 5 horses for 24 hours
DESC: The food that this spell creates is simple fare of your choice--highly nourishing, if rather bland.
DESC 2:  The food that this spell creates is simple fare of your choice--highly nourishing, if rather bland.
Cure Serious Wounds (Conjuration)
Saves: Will half (harmless) or Will half; see text	DC: 17	Casting: 1 standard action
Duration: Instantaneous	Range: Close (35 ft.)	Components: V, S
SR: Yes (harmless) or yes; see text	Effect: When laying your hand upon a living creature, you channel positive energy that cures 3d8+5 points of damage.	Target: Creature touched
DESC: When laying your hand upon a living creature, you channel positive energy that cures 3d8+(min(15,CASTERLEVEL)) points of damage.
DESC 2:  When laying your hand upon a living creature, you channel positive energy that cures 3d8+5 points of damage.
Curse of Befouled Fortune (Necromancy)
Saves: Will negates	DC: 17	Casting: 1 standard action
Duration: Permanent	Range: Touch	Components: V,S
SR: Yes	Effect: You curse the target, making it incredibly unlucky. While affected by curse of befouled fortune, the target can't receive luck bonuses or benefit from effects that grant it the ability to roll multiple times and take the higher result [like the swashbuckler's charmed life ability]. The target also can't choose a die result, such as taking 10 or 20 in lieu of rolling [as per the bard's lore master ability]. Finally, the first time each turn the target would succeed at an attack, saving throw, or skill check, it must roll twice and use the worse of the two results. This curse cannot be dispelled, but it can be removed with a break enchantment, limited wish, miracle, remove curse, or wish spell.	Target: Creature touched
DESC: You curse the target, making it incredibly unlucky. While affected by curse of befouled fortune, the target can't receive luck bonuses or benefit from effects that grant it the ability to roll multiple times and take the higher result (like the swashbuckler's charmed life ability). The target also can't choose a die result, such as taking 10 or 20 in lieu of rolling (as per the bard's lore master ability). Finally, the first time each turn the target would succeed at an attack, saving throw, or skill check, it must roll twice and use the worse of the two results. This curse cannot be dispelled, but it can be removed with a break enchantment, limited wish, miracle, remove curse, or wish spell.
DESC 2:  You curse the target, making it incredibly unlucky. While affected by curse of befouled fortune, the target can't receive luck bonuses or benefit from effects that grant it the ability to roll multiple times and take the higher result [like the swashbuckler's charmed life ability]. The target also can't choose a die result, such as taking 10 or 20 in lieu of rolling [as per the bard's lore master ability]. Finally, the first time each turn the target would succeed at an attack, saving throw, or skill check, it must roll twice and use the worse of the two results. This curse cannot be dispelled, but it can be removed with a break enchantment, limited wish, miracle, remove curse, or wish spell.
Daggermark's Exchange (Transmutation)
Saves: 	DC: 	Casting: 1 standard action
Duration: Instantaneous	Range: Personal	Components: V,S,M
SR: 	Effect: You swallow a dose of poison with no effect and regurgitate a dose of a different poison [your choice] into the old container [or another you have on hand]. Attempt a Craft [alchemy] check against the new poison's DC. If you succeed, you create a dose of your chosen poison. If you fail, the poison you regurgitate is inert. If you roll a natural 1, you expose yourself to the original poison [although you remain immune to that poison if you have venom immunity or a similar class feature or ability]. The new poison's price must be the same as or less than the original poison's price.	Target: You
DESC: You swallow a dose of poison with no effect and regurgitate a dose of a different poison (your choice) into the old container (or another you have on hand). Attempt a Craft (alchemy) check against the new poison's DC. If you succeed, you create a dose of your chosen poison. If you fail, the poison you regurgitate is inert. If you roll a natural 1, you expose yourself to the original poison (although you remain immune to that poison if you have venom immunity or a similar class feature or ability). The new poison's price must be the same as or less than the original poison's price.
DESC 2:  You swallow a dose of poison with no effect and regurgitate a dose of a different poison [your choice] into the old container [or another you have on hand]. Attempt a Craft [alchemy] check against the new poison's DC. If you succeed, you create a dose of your chosen poison. If you fail, the poison you regurgitate is inert. If you roll a natural 1, you expose yourself to the original poison [although you remain immune to that poison if you have venom immunity or a similar class feature or ability]. The new poison's price must be the same as or less than the original poison's price.
Damnation (Evocation)
Saves: Will half	DC: 17	Casting: 1 standard action
Duration: Instantaneous	Range: 0	Components: V,S,M/DF
SR: Yes	Effect: Punish creatures for evil spells they know or that affect them.	Target: 30-ft.-radius burst centered on you
DESC: Punish creatures for evil spells they know or that affect them.
DESC 2:  Punish creatures for evil spells they know or that affect them.
Daybreak Arrow (Evocation)
Saves: Fortitude negates (harmless, object)	DC: 17	Casting: 1 standard action
Duration: 50 minutes	Range: Touch	Components: V, S
SR: Yes (harmless, object)	Effect: Targeted ammunition exudes radiant energy.	Target: up to 50 pieces of ammunition, all of which must be together at the time of casting
DESC: Targeted ammunition exudes radiant energy.
DESC 2:  Targeted ammunition exudes radiant energy.
Daylight (Evocation)
Saves: None	DC: 	Casting: 1 standard action
Duration: 50 minutes [D]	Range: Touch	Components: V, S
SR: No	Effect: You touch an object when you cast this spell, causing the object to shed bright light in a 60-foot radius.	Target: Object touched
DESC: You touch an object when you cast this spell, causing the object to shed bright light in a 60-foot radius.
DESC 2:  You touch an object when you cast this spell, causing the object to shed bright light in a 60-foot radius.
Deadly Juggernaut (Necromancy)
Saves: 	DC: 	Casting: 1 standard action
Duration: 5 minutes	Range: Personal	Components: V, S
SR: 	Effect: Your might increases with every kill you make.	Target: You
DESC: Your might increases with every kill you make.
DESC 2:  Your might increases with every kill you make.
Deeper Darkness (Evocation)
Saves: None	DC: 	Casting: 1 standard action
Duration: 5 minutes [D]	Range: Touch	Components: V, M/DF
SR: No	Effect: This spell functions as darkness, except that objects radiate darkness in a 60-foot radius and the light level is lowered by two steps.	Target: Object touched
DESC: This spell functions as darkness, except that objects radiate darkness in a 60-foot radius and the light level is lowered by two steps.
DESC 2:  This spell functions as darkness, except that objects radiate darkness in a 60-foot radius and the light level is lowered by two steps.
Delay Poison (Communal) (Conjuration)
Saves: Fortitude negates (harmless)	DC: 17	Casting: 1 standard action
Duration: 5 hours	Range: Touch	Components: V, S, DF
SR: Yes (harmless)	Effect: As delay poison, but you may divide the duration among creatures touched.	Target: creatures touched
DESC: As delay poison, but you may divide the duration among creatures touched.
DESC 2:  As delay poison, but you may divide the duration among creatures touched.
Detect Anxieties (Divination)
Saves: Will negates; see text	DC: 17	Casting: 1 standard action
Duration: Concentration, up to 5 minutes [D]	Range: 60 ft.	Components: V,S,F/DF
SR: No	Effect: Learn what makes creatures anxious.	Target: Cone-shaped emanation
DESC: Learn what makes creatures anxious.
DESC 2:  Learn what makes creatures anxious.
Detect Desires (Divination)
Saves: Will negates; see text	DC: 17	Casting: 1 standard action
Duration: Concentration, up to 5 minutes [D]	Range: 60 ft.	Components: V,S,F/DF
SR: No	Effect: Learn what creatures desire.	Target: Cone-shaped emanation
DESC: Learn what creatures desire.
DESC 2:  Learn what creatures desire.
Discovery Torch (Evocation)
Saves: None	DC: 	Casting: 1 round
Duration: 50 minutes	Range: Touch	Components: V, S
SR: No	Effect: Touched object emanates bright light, granting Perception and Sense Motive bonuses.	Target: object touched
DESC: Touched object emanates bright light, granting Perception and Sense Motive bonuses.
DESC 2:  Touched object emanates bright light, granting Perception and Sense Motive bonuses.
Dispel Magic (Abjuration)
Saves: None	DC: 	Casting: 1 standard action
Duration: Instantaneous	Range: Medium (150 ft.)	Components: V, S
SR: No	Effect: You can use dispel magic to end one ongoing spell that has been cast on a creature or object, to temporarily suppress the magical abilities of a magic item, or to counter another spellcaster's spell.	Target: One spellcaster, creature, or object
DESC: You can use dispel magic to end one ongoing spell that has been cast on a creature or object, to temporarily suppress the magical abilities of a magic item, or to counter another spellcaster's spell.
DESC 2:  You can use dispel magic to end one ongoing spell that has been cast on a creature or object, to temporarily suppress the magical abilities of a magic item, or to counter another spellcaster's spell.
Disrupt Silence (Abjuration)
Saves: Will negates	DC: 17	Casting: 1 standard action
Duration: 5 rounds [D]	Range: Touch	Components: S,M
SR: Yes	Effect: Disrupt all silence effects in an area.	Target: 10-ft.-radius emanation centered on a creature, object, or point in space
DESC: Disrupt all silence effects in an area.
DESC 2:  Disrupt all silence effects in an area.
Elemental Speech (Divination, AirSchool, EarthSchool, FireSchool, WaterSchool)
Saves: 	DC: 	Casting: 1 standard action
Duration: 5 minutes	Range: Personal	Components: V, S, M
SR: 	Effect: Enables you to speak to elementals and some creatures.	Target: You
DESC: Enables you to speak to elementals and some creatures.
DESC 2:  Enables you to speak to elementals and some creatures.
Enter Image (Transmutation)
Saves: None	DC: 	Casting: 1 standard action
Duration: concentration	Range: 250 ft.	Components: V, S, M/DF
SR: No	Effect: Transfers your consciousness to an object bearing your likeness.	Target: transfer consciousness to any object bearing your likeness
DESC: Transfers your consciousness to an object bearing your likeness.
DESC 2:  Transfers your consciousness to an object bearing your likeness.
Final Sacrifice (Evocation)
Saves: Fortitude negates, then Reflex half (see text)	DC: 17	Casting: 1 standard action
Duration: Instantaneous	Range: Close (35 ft.)	Components: V,S
SR: Yes	Effect: You disrupt the conjuring energies within a summoned creature, causing it to violently explode. If the target fails its Fortitude save, it is immediately slain and all creatures within 20 feet of the target take 1d4 points of damage per spell level of the summoning spell that conjured the target. This damage is fire damage unless the target creature has the cold or water subtype, in which case it's cold damage. Creatures caught in this explosion take half damage if they succeed at their Reflex saves against this spell's DC. Final sacrifice can detonate a summoner's eidolon, though an eidolon receives a +4 bonus on its Fortitude save unless the spell is cast by the eidolon's own summoner. If this spell targets an eidolon, creatures within 20 feet of the eidolon take an amount of damage equal to 1d4 + 1/2 the caster level of the summoner who controlled the eidolon.	Target: One summoned creature
DESC: You disrupt the conjuring energies within a summoned creature, causing it to violently explode. If the target fails its Fortitude save, it is immediately slain and all creatures within 20 feet of the target take 1d4 points of damage per spell level of the summoning spell that conjured the target. This damage is fire damage unless the target creature has the cold or water subtype, in which case it's cold damage. Creatures caught in this explosion take half damage if they succeed at their Reflex saves against this spell's DC. Final sacrifice can detonate a summoner's eidolon, though an eidolon receives a +4 bonus on its Fortitude save unless the spell is cast by the eidolon's own summoner. If this spell targets an eidolon, creatures within 20 feet of the eidolon take an amount of damage equal to 1d4 + 1/2 the caster level of the summoner who controlled the eidolon.
DESC 2:  You disrupt the conjuring energies within a summoned creature, causing it to violently explode. If the target fails its Fortitude save, it is immediately slain and all creatures within 20 feet of the target take 1d4 points of damage per spell level of the summoning spell that conjured the target. This damage is fire damage unless the target creature has the cold or water subtype, in which case it's cold damage. Creatures caught in this explosion take half damage if they succeed at their Reflex saves against this spell's DC. Final sacrifice can detonate a summoner's eidolon, though an eidolon receives a +4 bonus on its Fortitude save unless the spell is cast by the eidolon's own summoner. If this spell targets an eidolon, creatures within 20 feet of the eidolon take an amount of damage equal to 1d4 + 1/2 the caster level of the summoner who controlled the eidolon.
Flesh Puppet (Necromancy)
Saves: None	DC: 	Casting: 1 round
Duration: Permanent [D]	Range: Touch	Components: V,S,M
SR: No	Effect: Control a zombie in human guise.	Target: One corpse touched
DESC: Control a zombie in human guise.
DESC 2:  Control a zombie in human guise.
Glyph of Warding (Abjuration)
Saves: See text	DC: 17	Casting: 10 minutes
Duration: Permanent until discharged [D]	Range: Touch	Components: V, S, M
SR: No (object) and yes; see text	Effect: This powerful inscription harms those who enter, pass, or open the warded area or object.	Target: Object touched or up to 25 sq. ft.
DESC: This powerful inscription harms those who enter, pass, or open the warded area or object.
DESC 2:  This powerful inscription harms those who enter, pass, or open the warded area or object.
Guiding Star (Divination)
Saves: 	DC: 	Casting: 1 minute
Duration: 5 days [D]	Range: Personal	Components: V, S, M
SR: 	Effect: Know approximate distance from where you cast this spell.	Target: You
DESC: Know approximate distance from where you cast this spell.
DESC 2:  Know approximate distance from where you cast this spell.
Helping Hand (Evocation)
Saves: None	DC: 	Casting: 1 standard action
Duration: 5 hours	Range: 5 miles	Components: V, S, DF
SR: No	Effect: You create the ghostly image of a hand, which you can send to find a creature within 5 miles.	Target: Ghostly hand
DESC: You create the ghostly image of a hand, which you can send to find a creature within 5 miles.
DESC 2:  You create the ghostly image of a hand, which you can send to find a creature within 5 miles.
Holy Javelin (Conjuration)
Saves: None	DC: 	Casting: 1 standard action
Duration: 2 rounds	Range: Medium (150 ft.)	Components: V,S,DF
SR: Yes	Effect: Deal ongoing damage to evil creatures and apply penalties.	Target: Javelin of divine energy
DESC: Deal ongoing damage to evil creatures and apply penalties.
DESC 2:  Deal ongoing damage to evil creatures and apply penalties.
Hydrophobia (Necromancy)
Saves: Will negates	DC: 17	Casting: 1 standard action
Duration: 5 rounds	Range: Close (35 ft.)	Components: V,S
SR: Yes	Effect: Targets in the area must succeed at a Will save or become deathly afraid of drowning. If the target is swimming or submerged in water, it must attempt to escape from the water. As long as an affected target remains in water, it takes 1d6 points of nonlethal damage each round. Even out of water, targets cannot imbibe potions or willingly interact with any fluids for the duration of this spell.	Target: One living creature
DESC: Targets in the area must succeed at a Will save or become deathly afraid of drowning. If the target is swimming or submerged in water, it must attempt to escape from the water. As long as an affected target remains in water, it takes 1d6 points of nonlethal damage each round. Even out of water, targets cannot imbibe potions or willingly interact with any fluids for the duration of this spell.
DESC 2:  Targets in the area must succeed at a Will save or become deathly afraid of drowning. If the target is swimming or submerged in water, it must attempt to escape from the water. As long as an affected target remains in water, it takes 1d6 points of nonlethal damage each round. Even out of water, targets cannot imbibe potions or willingly interact with any fluids for the duration of this spell.
Inflict Serious Wounds (Necromancy)
Saves: Will half	DC: 17	Casting: 1 standard action
Duration: Instantaneous	Range: Touch	Components: V, S
SR: Yes	Effect: When laying your hand upon a creature, you channel negative energy that deals 3d8+5 points of damage.	Target: Creature touched
DESC: When laying your hand upon a creature, you channel negative energy that deals 3d8+(min(15,CASTERLEVEL)) points of damage.
DESC 2:  When laying your hand upon a creature, you channel negative energy that deals 3d8+5 points of damage.
Invisibility Purge (Evocation)
Saves: 	DC: 	Casting: 1 standard action
Duration: 5 minutes [D]	Range: Personal	Components: V, S
SR: 	Effect: You surround yourself with a sphere of power with a radius of 25 feet that negates all forms of invisibility.	Target: You
DESC: You surround yourself with a sphere of power with a radius of (CASTERLEVEL*5) feet that negates all forms of invisibility.
DESC 2:  You surround yourself with a sphere of power with a radius of 25 feet that negates all forms of invisibility.
Iron Stake (Conjuration)
Saves: Fortitude partial	DC: 17	Casting: 1 standard action
Duration: Instantaneous or 5 rounds; see text	Range: Close (35 ft.)	Components: V,S,M
SR: No	Effect: Hurl a spike of cold iron at a foe.	Target: See text
DESC: Hurl a spike of cold iron at a foe.
DESC 2:  Hurl a spike of cold iron at a foe.
Irregular Size (Transmutation)
Saves: Fortitude negates	DC: 17	Casting: 1 standard action
Duration: Permanent	Range: Touch	Components: V,S
SR: Yes	Effect: You curse a creature so one set of its limbs [typically its arms, legs, or wings] shrivels in size. [Arms]-The creature counts as one size category smaller for the purpose of determining the size of weapon it can wield. If the creature is capable of making natural attacks with its arms, the damage dealt by those attacks decreases as though the target were one size category smaller than its actual size. [Legs]-The creature's base speed decreases by 10 feet [to a minimum of 5 feet] and its Strength score counts as 4 lower for the purpose of determining its carrying capacity. [Wings]-The creature's Fly speed decreases by 10 feet [to a minimum of 5 feet], the damage dealt by any wing attacks decreases as though the target were one size category smaller than its actual size, and its fly maneuverability decreases by a step [to a minimum of clumsy].	Target: Creature touched
DESC: You curse a creature so one set of its limbs (typically its arms, legs, or wings) shrivels in size. [Arms]-The creature counts as one size category smaller for the purpose of determining the size of weapon it can wield. If the creature is capable of making natural attacks with its arms, the damage dealt by those attacks decreases as though the target were one size category smaller than its actual size. [Legs]-The creature's base speed decreases by 10 feet (to a minimum of 5 feet) and its Strength score counts as 4 lower for the purpose of determining its carrying capacity. [Wings]-The creature's Fly speed decreases by 10 feet (to a minimum of 5 feet), the damage dealt by any wing attacks decreases as though the target were one size category smaller than its actual size, and its fly maneuverability decreases by a step (to a minimum of clumsy).
DESC 2:  You curse a creature so one set of its limbs [typically its arms, legs, or wings] shrivels in size. [Arms]-The creature counts as one size category smaller for the purpose of determining the size of weapon it can wield. If the creature is capable of making natural attacks with its arms, the damage dealt by those attacks decreases as though the target were one size category smaller than its actual size. [Legs]-The creature's base speed decreases by 10 feet [to a minimum of 5 feet] and its Strength score counts as 4 lower for the purpose of determining its carrying capacity. [Wings]-The creature's Fly speed decreases by 10 feet [to a minimum of 5 feet], the damage dealt by any wing attacks decreases as though the target were one size category smaller than its actual size, and its fly maneuverability decreases by a step [to a minimum of clumsy].
Kalistocrat's Nightmare (Transmutation)
Saves: Will negates	DC: 17	Casting: 1 standard action
Duration: 5 hours; see text	Range: Touch	Components: V,S,M
SR: Yes	Effect: You temporarily curse a creature so its touch lessens the value of coins it touches. While under the effects of this curse, whenever the target touches a coin of higher value than copper piece, that coin changes into a copper piece. The change takes place over the course of the following minute, allowing the target to interact with multiple coins before the effect of the curse becomes apparent. The affected coins are permanently transmuted from their previous material [typically gold or silver] into copper coins, though remove curse [which can affect up to 50 coins with a single casting] or a similar spell can restore them to their previous material. [Material Components] a copper piece	Target: Creature touched
DESC: You temporarily curse a creature so its touch lessens the value of coins it touches. While under the effects of this curse, whenever the target touches a coin of higher value than copper piece, that coin changes into a copper piece. The change takes place over the course of the following minute, allowing the target to interact with multiple coins before the effect of the curse becomes apparent. The affected coins are permanently transmuted from their previous material (typically gold or silver) into copper coins, though remove curse (which can affect up to 50 coins with a single casting) or a similar spell can restore them to their previous material. [Material Components] a copper piece
DESC 2:  You temporarily curse a creature so its touch lessens the value of coins it touches. While under the effects of this curse, whenever the target touches a coin of higher value than copper piece, that coin changes into a copper piece. The change takes place over the course of the following minute, allowing the target to interact with multiple coins before the effect of the curse becomes apparent. The affected coins are permanently transmuted from their previous material [typically gold or silver] into copper coins, though remove curse [which can affect up to 50 coins with a single casting] or a similar spell can restore them to their previous material. [Material Components] a copper piece
Ki Leech (Necromancy)
Saves: 	DC: 	Casting: 1 standard action
Duration: 5 minutes [D]	Range: Personal	Components: V, S
SR: 	Effect: Add to your ki pool when you critically hit.	Target: You
DESC: Add to your ki pool when you critically hit.
DESC 2:  Add to your ki pool when you critically hit.
Life Shield (Conjuration)
Saves: 	DC: 	Casting: 1 standard action
Duration: 5 minutes or until discharged	Range: Personal	Components: S,DF
SR: 	Effect: You surround yourself with a positive energy field that damages undead opponents. Each time an undead creature damages you with a melee attack, that creature takes an amount of positive energy damage equal to half the damage it dealt to you. This damage is calculated after applying your damage reduction, resistances, and other defenses. Once this spell has dealt 0 points of damage, it is discharged.	Target: You
DESC: You surround yourself with a positive energy field that damages undead opponents. Each time an undead creature damages you with a melee attack, that creature takes an amount of positive energy damage equal to half the damage it dealt to you. This damage is calculated after applying your damage reduction, resistances, and other defenses. Once this spell has dealt 0 points of damage, it is discharged.
DESC 2:  You surround yourself with a positive energy field that damages undead opponents. Each time an undead creature damages you with a melee attack, that creature takes an amount of positive energy damage equal to half the damage it dealt to you. This damage is calculated after applying your damage reduction, resistances, and other defenses. Once this spell has dealt 0 points of damage, it is discharged.
Light of Iomedae (Conjuration)
Saves: Will partial	DC: 17	Casting: 1 minute
Duration: 5 minutes	Range: Medium (150 ft.)	Components: V, S, DF
SR: Yes	Effect: With this spell, you create shafts of blue light that illuminate all undead creatures in the area. Affected undead take a -20 penalty on all Stealth checks. Invisible undead are not made visible by this effect, but the light does make it easy to pinpoint the exact squares in which such undead are located [they still retain the 50% miss chance granted by invisibility]. The light of Iomedae increases light levels by one step in a 5-foot radius around an affected undead creature. Once an undead is affected, it remains illuminated as long as remains within the spell's range, even if it leaves the spell's original radius, until the spell's duration ends. 
Affected undead must also make a Will save when they are first illuminated by the light of Iomedae. Those who fail this save lose all benefits of channel resistance and take a -2 penalty on all saving throws made against positive energy effects.	Target: All undead in a 10-foot-radius spread
DESC: With this spell, you create shafts of blue light that illuminate all undead creatures in the area. Affected undead take a -20 penalty on all Stealth checks. Invisible undead are not made visible by this effect, but the light does make it easy to pinpoint the exact squares in which such undead are located (they still retain the 50% miss chance granted by invisibility). The light of Iomedae increases light levels by one step in a 5-foot radius around an affected undead creature. Once an undead is affected, it remains illuminated as long as remains within the spell's range, even if it leaves the spell's original radius, until the spell's duration ends. 
Affected undead must also make a Will save when they are first illuminated by the light of Iomedae. Those who fail this save lose all benefits of channel resistance and take a -2 penalty on all saving throws made against positive energy effects.
DESC 2:  With this spell, you create shafts of blue light that illuminate all undead creatures in the area. Affected undead take a -20 penalty on all Stealth checks. Invisible undead are not made visible by this effect, but the light does make it easy to pinpoint the exact squares in which such undead are located [they still retain the 50% miss chance granted by invisibility]. The light of Iomedae increases light levels by one step in a 5-foot radius around an affected undead creature. Once an undead is affected, it remains illuminated as long as remains within the spell's range, even if it leaves the spell's original radius, until the spell's duration ends. 
Affected undead must also make a Will save when they are first illuminated by the light of Iomedae. Those who fail this save lose all benefits of channel resistance and take a -2 penalty on all saving throws made against positive energy effects.
Locate Object (Divination)
Saves: None	DC: 	Casting: 1 standard action
Duration: 5 minutes	Range: Long (600 ft.)	Components: V, S, F/DF
SR: No	Effect: You sense the direction of a well-known or clearly visualized object.	Target: Circle, centered on you, with a radius of 600 ft.
DESC: You sense the direction of a well-known or clearly visualized object.
DESC 2:  You sense the direction of a well-known or clearly visualized object.
Lover's Vengeance (Enchantment)
Saves: Will negates (harmless)	DC: 17	Casting: 1 minute
Duration: Up to 5 days [D] or until fulfilled	Range: Touch	Components: V, M
SR: Yes (harmless)	Effect: Inspire self or recent lover to vengeful rage against enemy who has wronged you. When in combat with that enemy, gain benefit of rage spell against them for 5 rounds [double if enemy is an ex-lover].	Target: Creature touched
DESC: Inspire self or recent lover to vengeful rage against enemy who has wronged you. When in combat with that enemy, gain benefit of rage spell against them for (CASTERLEVEL) rounds [double if enemy is an ex-lover].
DESC 2:  Inspire self or recent lover to vengeful rage against enemy who has wronged you. When in combat with that enemy, gain benefit of rage spell against them for 5 rounds [double if enemy is an ex-lover].
Magic Circle against Chaos (Abjuration)
Saves: Will negates (harmless)	DC: 17	Casting: 1 standard action
Duration: 50 minutes	Range: Touch	Components: V, S, M/DF
SR: No; see text	Effect: All creatures within the area gain the effects of a protection from chaos spell, and chaotic summoned creatures cannot enter the area either.	Target: 10-ft.-radius emanation from touched creature
DESC: All creatures within the area gain the effects of a protection from chaos spell, and chaotic summoned creatures cannot enter the area either.
DESC 2:  All creatures within the area gain the effects of a protection from chaos spell, and chaotic summoned creatures cannot enter the area either.
Magic Circle against Evil (Abjuration)
Saves: Will negates (harmless)	DC: 17	Casting: 1 standard action
Duration: 50 minutes	Range: Touch	Components: V, S, M/DF
SR: No; see text	Effect: All creatures within the area gain the effects of a protection from evil spell, and evil summoned creatures cannot enter the area either.	Target: 10-ft.-radius emanation from touched creature
DESC: All creatures within the area gain the effects of a protection from evil spell, and evil summoned creatures cannot enter the area either.
DESC 2:  All creatures within the area gain the effects of a protection from evil spell, and evil summoned creatures cannot enter the area either.
Magic Circle against Good (Abjuration)
Saves: Will negates (harmless)	DC: 17	Casting: 1 standard action
Duration: 50 minutes	Range: Touch	Components: V, S, M/DF
SR: No; see text	Effect: All creatures within the area gain the effects of a protection from good spell, and good summoned creatures cannot enter the area either.	Target: 10-ft.-radius emanation from touched creature
DESC: All creatures within the area gain the effects of a protection from good spell, and good summoned creatures cannot enter the area either.
DESC 2:  All creatures within the area gain the effects of a protection from good spell, and good summoned creatures cannot enter the area either.
Magic Circle against Law (Abjuration)
Saves: Will negates (harmless)	DC: 17	Casting: 1 standard action
Duration: 50 minutes	Range: Touch	Components: V, S, M/DF
SR: No; see text	Effect: All creatures within the area gain the effects of a protection from law spell, and lawfull summoned creatures cannot enter the area either.	Target: 10-ft.-radius emanation from touched creature
DESC: All creatures within the area gain the effects of a protection from law spell, and lawfull summoned creatures cannot enter the area either.
DESC 2:  All creatures within the area gain the effects of a protection from law spell, and lawfull summoned creatures cannot enter the area either.
Magic Vestment (Transmutation)
Saves: Will negates (harmless, object)	DC: 17	Casting: 1 standard action
Duration: 5 hours	Range: Touch	Components: V, S, DF
SR: Yes (harmless, object)	Effect: You imbue a suit of armor or a shield with an enhancement bonus of +1.	Target: Armor or shield touched
DESC: You imbue a suit of armor or a shield with an enhancement bonus of +(min(5,floor(CASTERLEVEL/4))).
DESC 2:  You imbue a suit of armor or a shield with an enhancement bonus of +1.
Mantle of Calm (Enchantment)
Saves: none and Will negates (see text)	DC: 17	Casting: 1 standard action
Duration: 5 rounds [D]	Range: Personal	Components: V, S, DF
SR: no and yes (see text)	Effect: Neutralize the rage effects of those who have attacked you.	Target: you
DESC: Neutralize the rage effects of those who have attacked you.
DESC 2:  Neutralize the rage effects of those who have attacked you.
Mark of Obvious Ethics (Divination)
Saves: Will negates	DC: 17	Casting: 1 standard action
Duration: 5 days	Range: Touch	Components: V, S
SR: yes	Effect: Other creatures can determine the target's alignment.	Target: creature touched
DESC: Other creatures can determine the target's alignment.
DESC 2:  Other creatures can determine the target's alignment.
Meld into Stone (Transmutation)
Saves: 	DC: 	Casting: 1 standard action
Duration: 50 minutes	Range: Personal	Components: V, S, DF
SR: 	Effect: Meld into stone enables you to meld your body and possessions into a single block of stone.	Target: You
DESC: Meld into stone enables you to meld your body and possessions into a single block of stone.
DESC 2:  Meld into stone enables you to meld your body and possessions into a single block of stone.
Monstrous Extremities (Transmutation)
Saves: Will negates	DC: 17	Casting: 1 minute
Duration: 5 hours	Range: Touch	Components: V, S
SR: Yes	Effect: Change one of the extremities of target into a tentacle, a hoof, or a wing.	Target: Creature touched
DESC: Change one of the extremities of target into a tentacle, a hoof, or a wing.
DESC 2:  Change one of the extremities of target into a tentacle, a hoof, or a wing.
Nap Stack (Necromancy)
Saves: Will negates (harmless)	DC: 17	Casting: 1 minute
Duration: 8 hours	Range: 30 ft.	Components: V, S, M
SR: Yes (harmless)	Effect: Subjects only need 2 hours for a night's sleep, and can sleep even longer for more benefits.	Target: 30-ft.-radius emanation
DESC: Subjects only need 2 hours for a night's sleep, and can sleep even longer for more benefits.
DESC 2:  Subjects only need 2 hours for a night's sleep, and can sleep even longer for more benefits.
Obscure Object (Abjuration)
Saves: Will negates (object)	DC: 17	Casting: 1 standard action
Duration: 8 hours [D]	Range: Touch	Components: V, S, M/DF
SR: Yes (object)	Effect: This spell hides an object from location by divination [scrying] effects, such as the scrying spell or a crystal ball.	Target: One object touched of up to 500 lbs.
DESC: This spell hides an object from location by divination [scrying] effects, such as the scrying spell or a crystal ball.
DESC 2:  This spell hides an object from location by divination [scrying] effects, such as the scrying spell or a crystal ball.
Prayer (Enchantment)
Saves: None	DC: 	Casting: 1 standard action
Duration: 5 rounds	Range: 40 ft.	Components: V, S, DF
SR: Yes	Effect: You bring special favor upon yourself and your allies while bringing disfavor to your enemies.	Target: All allies and foes within a 40-ft.-radius burst centered on you
DESC: You bring special favor upon yourself and your allies while bringing disfavor to your enemies.
DESC 2:  You bring special favor upon yourself and your allies while bringing disfavor to your enemies.
Project Weakness (Necromancy)
Saves: Will negates	DC: 17	Casting: 1 standard action
Duration: Permanent	Range: Touch	Components: V,S
SR: Yes	Effect: You curse the target with the weaknesses of your kind of vampirism. The creature reacts to garlic, mirrors, ringing bells, sunlight, and so on as if it were a vampire of the same type as you. This cannot kill the target; anything that would kill it [such as a lengthy exposure to sunlight if you are a moroi vampire] renders it helpless until the curse or the harmful effect is removed.	Target: Living creature touched
DESC: You curse the target with the weaknesses of your kind of vampirism. The creature reacts to garlic, mirrors, ringing bells, sunlight, and so on as if it were a vampire of the same type as you. This cannot kill the target; anything that would kill it (such as a lengthy exposure to sunlight if you are a moroi vampire) renders it helpless until the curse or the harmful effect is removed.
DESC 2:  You curse the target with the weaknesses of your kind of vampirism. The creature reacts to garlic, mirrors, ringing bells, sunlight, and so on as if it were a vampire of the same type as you. This cannot kill the target; anything that would kill it [such as a lengthy exposure to sunlight if you are a moroi vampire] renders it helpless until the curse or the harmful effect is removed.
Protection from Energy (Abjuration, AirSchool, EarthSchool, FireSchool, WaterSchool)
Saves: Fortitude negates (harmless)	DC: 17	Casting: 1 standard action
Duration: 50 minutes or until discharged	Range: Touch	Components: V, S, DF
SR: Yes (harmless)	Effect: Protection from energy grants temporary immunity to the type of energy you specify when you cast it.	Target: Creature touched
DESC: Protection from energy grants temporary immunity to the type of energy you specify when you cast it.
DESC 2:  Protection from energy grants temporary immunity to the type of energy you specify when you cast it.
Remove Blindness/Deafness (Conjuration)
Saves: Fortitude negates (harmless)	DC: 17	Casting: 1 standard action
Duration: Instantaneous	Range: Touch	Components: V, S
SR: Yes (harmless)	Effect: Remove blindness/deafness cures blindness or deafness.	Target: Creature touched
DESC: Remove blindness/deafness cures blindness or deafness.
DESC 2:  Remove blindness/deafness cures blindness or deafness.
Remove Curse (Abjuration)
Saves: Will negates (harmless)	DC: 17	Casting: 1 standard action
Duration: Instantaneous	Range: Touch	Components: V, S
SR: Yes (harmless)	Effect: Remove curse can remove all curses on an object or a creature.	Target: Creature or object touched
DESC: Remove curse can remove all curses on an object or a creature.
DESC 2:  Remove curse can remove all curses on an object or a creature.
Remove Disease (Conjuration)
Saves: Fortitude negates (harmless)	DC: 17	Casting: 1 standard action
Duration: Instantaneous	Range: Touch	Components: V, S
SR: Yes (harmless)	Effect: Remove disease can cure all diseases from which the subject is suffering.	Target: Creature touched
DESC: Remove disease can cure all diseases from which the subject is suffering.
DESC 2:  Remove disease can cure all diseases from which the subject is suffering.
Resist Energy (Communal) (Abjuration)
Saves: Fortitude negates (harmless)	DC: 17	Casting: 1 standard action
Duration: 50 minutes	Range: Touch	Components: V, S, DF
SR: Yes (harmless)	Effect: As resist energy, but you may divide the duration among creatures touched.	Target: creatures touched
DESC: As resist energy, but you may divide the duration among creatures touched.
DESC 2:  As resist energy, but you may divide the duration among creatures touched.
Returning Weapon (Communal) (Conjuration)
Saves: Will negates (harmless, object)	DC: 17	Casting: 1 standard action
Duration: 5 minutes	Range: Close (35 ft.)	Components: V, S
SR: Yes (harmless, object)	Effect: As returning weapon, but you may divide the duration among weapons touched.	Target: weapons that can be thrown
DESC: As returning weapon, but you may divide the duration among weapons touched.
DESC 2:  As returning weapon, but you may divide the duration among weapons touched.
Sacred Bond (Conjuration)
Saves: Will negates (harmless)	DC: 17	Casting: 1 round
Duration: 50 minutes [D]	Range: Touch; see text	Components: V, S, F
SR: Yes (harmless)	Effect: Cast touch healing spells from a distance.	Target: creature touched
DESC: Cast touch healing spells from a distance.
DESC 2:  Cast touch healing spells from a distance.
Sand Whirlwind (Conjuration)
Saves: Will negates (blinding only)	DC: 17	Casting: 1 standard action
Duration: 1 round/level	Range: medium (150 ft.)	Components: V, S, M
SR: no	Effect: A whirling cloud of sand strikes the target, blinding it and hampering its ability to speak. To speak while affected by the spell, the target must make a Concentration check [DC equal to the DC of this spell]. If the target tries to cast a spell, the Concentration DC increases by the level of the spell being cast. A successful Will save negates the blindness but not the speechhampering effect.	Target: one creature
DESC: A whirling cloud of sand strikes the target, blinding it and hampering its ability to speak. To speak while affected by the spell, the target must make a Concentration check (DC equal to the DC of this spell). If the target tries to cast a spell, the Concentration DC increases by the level of the spell being cast. A successful Will save negates the blindness but not the speechhampering effect.
DESC 2:  A whirling cloud of sand strikes the target, blinding it and hampering its ability to speak. To speak while affected by the spell, the target must make a Concentration check [DC equal to the DC of this spell]. If the target tries to cast a spell, the Concentration DC increases by the level of the spell being cast. A successful Will save negates the blindness but not the speechhampering effect.
Sands of Time (Necromancy)
Saves: None	DC: 	Casting: 1 standard action
Duration: 50 minutes or instantaneous [See text]	Range: Touch	Components: V, S
SR: Yes	Effect: Target temporarily ages.	Target: Touched creature or object
DESC: Target temporarily ages.
DESC 2:  Target temporarily ages.
Screaming Flames (Evocation)
Saves: Reflex half and Will negates (see text)	DC: 17	Casting: 1 standard action
Duration: Instantaneous	Range: Close (35 ft.)	Components: V,S,M/DF
SR: Yes	Effect: Send forth a wave of flames screaming with the agony of the damned.	Target: A sheet of flame up to 15 ft. long and 10 ft. high that moves 15 ft. in a straight line.
DESC: Send forth a wave of flames screaming with the agony of the damned.
DESC 2:  Send forth a wave of flames screaming with the agony of the damned.
Searing Light (Evocation)
Saves: None	DC: 	Casting: 1 standard action
Duration: Instantaneous	Range: Medium (150 ft.)	Components: V, S
SR: Yes	Effect: Focusing divine power like a ray of the sun, you project a blast of light from your open palm dealing 2d8 points of damage.	Target: Ray
DESC: Focusing divine power like a ray of the sun, you project a blast of light from your open palm dealing (min(5,floor(CASTERLEVEL/2)))d8 points of damage.
DESC 2:  Focusing divine power like a ray of the sun, you project a blast of light from your open palm dealing 2d8 points of damage.
Second Wind (Conjuration, AirSchool)
Saves: 	DC: 	Casting: 1 swift action or immediate action; see text
Duration: Instantaneous	Range: Personal	Components: V
SR: 	Effect: You heal 2d8+5 points of damage.	Target: You
DESC: You heal 2d8+5 points of damage.
DESC 2:  You heal 2d8+5 points of damage.
Shadowmind (Illusion)
Saves: Will negates	DC: 17	Casting: 1 standard action
Duration: 5 minutes	Range: Medium (150 ft.)	Components: V,S,M
SR: Yes	Effect: You dim your targets' perceptions of light and shadow, convincing them the space they occupy is dark. Each creature that fails its save perceives the world around it as one light level darker than its true illumination level. The spell does not change the light level outside of the targets' perception, and does not create magical darkness. However, the spell creates an illusion of darkness rather than actual darkness, so low-light and darkvision don't allow a target to see in the conditions created by the spell. Even targets that see normally through magical darkness suffer a loss of vision from this spell.	Target: Up to 5 creatures, no two of which can be more than 30 ft. apart
DESC: You dim your targets' perceptions of light and shadow, convincing them the space they occupy is dark. Each creature that fails its save perceives the world around it as one light level darker than its true illumination level. The spell does not change the light level outside of the targets' perception, and does not create magical darkness. However, the spell creates an illusion of darkness rather than actual darkness, so low-light and darkvision don't allow a target to see in the conditions created by the spell. Even targets that see normally through magical darkness suffer a loss of vision from this spell.
DESC 2:  You dim your targets' perceptions of light and shadow, convincing them the space they occupy is dark. Each creature that fails its save perceives the world around it as one light level darker than its true illumination level. The spell does not change the light level outside of the targets' perception, and does not create magical darkness. However, the spell creates an illusion of darkness rather than actual darkness, so low-light and darkvision don't allow a target to see in the conditions created by the spell. Even targets that see normally through magical darkness suffer a loss of vision from this spell.
Share Language (Communal) (Divination)
Saves: Will negates (harmless)	DC: 17	Casting: 1 standard action
Duration: 24 hours	Range: Touch	Components: V, S, M
SR: Yes (harmless)	Effect: 	Target: creatures touched
DESC: 
DESC 2:  
Shield of Darkness (Evocation)
Saves: 	DC: 	Casting: 1 standard action
Duration: 5 rounds [D]	Range: Personal	Components: V
SR: 	Effect: You shield yourself with darkness, reducing the illumination level in your space to magical darkness and granting you total concealment. Your opponents are automatically aware of which squares you occupy, preventing you from attempting Stealth checks using this concealment unless every square adjacent to you has an illumination level of darkness or lower. Shield of darkness does not hinder your vision, and creatures that can see in magical darkness ignore this effect.	Target: You
DESC: You shield yourself with darkness, reducing the illumination level in your space to magical darkness and granting you total concealment. Your opponents are automatically aware of which squares you occupy, preventing you from attempting Stealth checks using this concealment unless every square adjacent to you has an illumination level of darkness or lower. Shield of darkness does not hinder your vision, and creatures that can see in magical darkness ignore this effect.
DESC 2:  You shield yourself with darkness, reducing the illumination level in your space to magical darkness and granting you total concealment. Your opponents are automatically aware of which squares you occupy, preventing you from attempting Stealth checks using this concealment unless every square adjacent to you has an illumination level of darkness or lower. Shield of darkness does not hinder your vision, and creatures that can see in magical darkness ignore this effect.
Sky Swim (Transmutation)
Saves: None	DC: 	Casting: 1 standard action
Duration: 5 minutes	Range: Touch	Components: V, S, DF
SR: Yes (harmless)	Effect: Grants the target the ability to swim through the air.	Target: Creature touched [Large or smaller]
DESC: Grants the target the ability to swim through the air.
DESC 2:  Grants the target the ability to swim through the air.
Speak with Dead (Necromancy)
Saves: Will negates; see text	DC: 17	Casting: 10 minutes
Duration: 5 minutes	Range: 10 ft.	Components: V, S, DF
SR: No	Effect: You grant the semblance of life to a corpse, allowing it to answer questions.	Target: One dead creature
DESC: You grant the semblance of life to a corpse, allowing it to answer questions.
DESC 2:  You grant the semblance of life to a corpse, allowing it to answer questions.
Spellcurse (Necromancy)
Saves: Will half	DC: 17	Casting: 1 standard action
Duration: Instantaneous	Range: Medium (150 ft.)	Components: V,S,M
SR: Yes	Effect: You disrupt any spell energy affecting your target, causing that energy to crackle with power and harm the target. The target takes 1d6 points of damage for each spell with a duration of 1 round or greater currently affecting it. The spells themselves are not dispelled or modified. [Material Components] a fragment of a destroyed magical item	Target: One creature
DESC: You disrupt any spell energy affecting your target, causing that energy to crackle with power and harm the target. The target takes 1d6 points of damage for each spell with a duration of 1 round or greater currently affecting it. The spells themselves are not dispelled or modified. [Material Components] a fragment of a destroyed magical item
DESC 2:  You disrupt any spell energy affecting your target, causing that energy to crackle with power and harm the target. The target takes 1d6 points of damage for each spell with a duration of 1 round or greater currently affecting it. The spells themselves are not dispelled or modified. [Material Components] a fragment of a destroyed magical item
Spotlight (Evocation)
Saves: Fortitude partial	DC: 17	Casting: 1 standard action
Duration: 5 minutes [D]	Range: Long (600 ft.)	Components: V,S
SR: Yes	Effect: You create a mobile area of bright light centered on one target while simultaneously suppressing other light sources surrounding it. The light level in the target's space increases to bright light, causing the target to take any penalties that it would normally take in bright light. In addition, all mundane light sources [and magic light sources of 3rd spell level or lower] within 20 feet of the target's space are suppressed, shedding no light as long as they remain within this spell's affected area and reverting the area normally affected by those light sources to their unmodified illumination levels. The effects of spotlight are centered on the target and move as the target does. As a result, the target takes a -20 penalty on all Stealth checks for the spell's duration and cannot benefit from concealment normally provided by darkness, as though illuminated with faerie fire. If the target succeeds at its Reflex save, the spotlight is created in the target's square but does not move with the target, and it hinders the Stealth checks only of creatures within that square.	Target: One creature
DESC: You create a mobile area of bright light centered on one target while simultaneously suppressing other light sources surrounding it. The light level in the target's space increases to bright light, causing the target to take any penalties that it would normally take in bright light. In addition, all mundane light sources (and magic light sources of 3rd spell level or lower) within 20 feet of the target's space are suppressed, shedding no light as long as they remain within this spell's affected area and reverting the area normally affected by those light sources to their unmodified illumination levels. The effects of spotlight are centered on the target and move as the target does. As a result, the target takes a -20 penalty on all Stealth checks for the spell's duration and cannot benefit from concealment normally provided by darkness, as though illuminated with faerie fire. If the target succeeds at its Reflex save, the spotlight is created in the target's square but does not move with the target, and it hinders the Stealth checks only of creatures within that square.
DESC 2:  You create a mobile area of bright light centered on one target while simultaneously suppressing other light sources surrounding it. The light level in the target's space increases to bright light, causing the target to take any penalties that it would normally take in bright light. In addition, all mundane light sources [and magic light sources of 3rd spell level or lower] within 20 feet of the target's space are suppressed, shedding no light as long as they remain within this spell's affected area and reverting the area normally affected by those light sources to their unmodified illumination levels. The effects of spotlight are centered on the target and move as the target does. As a result, the target takes a -20 penalty on all Stealth checks for the spell's duration and cannot benefit from concealment normally provided by darkness, as though illuminated with faerie fire. If the target succeeds at its Reflex save, the spotlight is created in the target's square but does not move with the target, and it hinders the Stealth checks only of creatures within that square.
Steal Years (Transmutation)
Saves: Fortitude negates	DC: 17	Casting: 1 standard action
Duration: 24 hours	Range: Touch	Components: V,S,M
SR: Yes	Effect: You temporarily drain youth and vitality from the target and channel it into yourself. If the target fails its Fortitude save, it physically ages 5d4 years, and you decrease your age by the same number of years. If this changes the age category of you or the target, only adjust physical ability scores. When the spell ends, the sudden weight of aging makes you fatigued for 1d4 hours.	Target: Creature touched
DESC: You temporarily drain youth and vitality from the target and channel it into yourself. If the target fails its Fortitude save, it physically ages 5d4 years, and you decrease your age by the same number of years. If this changes the age category of you or the target, only adjust physical ability scores. When the spell ends, the sudden weight of aging makes you fatigued for 1d4 hours.
DESC 2:  You temporarily drain youth and vitality from the target and channel it into yourself. If the target fails its Fortitude save, it physically ages 5d4 years, and you decrease your age by the same number of years. If this changes the age category of you or the target, only adjust physical ability scores. When the spell ends, the sudden weight of aging makes you fatigued for 1d4 hours.
Stone Shape (Transmutation, EarthSchool)
Saves: None	DC: 	Casting: 1 standard action
Duration: Instantaneous	Range: Touch	Components: V, S, M/DF
SR: No	Effect: You can form an existing piece of stone into any shape that suits your purpose.	Target: Stone or stone object touched, up to 15 cu. ft.
DESC: You can form an existing piece of stone into any shape that suits your purpose.
DESC 2:  You can form an existing piece of stone into any shape that suits your purpose.
Stunning Barrier (Greater) (Abjuration)
Saves: none and Will negates (see text)	DC: 17	Casting: 1 standard action
Duration: 5 rounds or until discharged	Range: Personal	Components: V, S
SR: no and yes (see text)	Effect: Magical field grants a +2 bonus to AC and on saves, and stuns multiple creatures attacking you.	Target: you
DESC: Magical field grants a +2 bonus to AC and on saves, and stuns multiple creatures attacking you.
DESC 2:  Magical field grants a +2 bonus to AC and on saves, and stuns multiple creatures attacking you.
Summon Monster III (Conjuration)
Saves: None	DC: 	Casting: 1 round
Duration: 5 rounds [D]	Range: Close (35 ft.)	Components: V, S, F/DF
SR: No	Effect: This spell functions like summon monster I, except that you can  summon one creature from the 3rd-level list, 1d3 creatures of the same kind from the 2nd-level list, or 1d4+1 creatures of the same kind from the 1st-level list.	Target: One summoned creature
DESC: This spell functions like summon monster I, except that you can  summon one creature from the 3rd-level list, 1d3 creatures of the same kind from the 2nd-level list, or 1d4+1 creatures of the same kind from the 1st-level list.
DESC 2:  This spell functions like summon monster I, except that you can  summon one creature from the 3rd-level list, 1d3 creatures of the same kind from the 2nd-level list, or 1d4+1 creatures of the same kind from the 1st-level list.
Symbol of Exsanguination (Necromancy)
Saves: Fortitude negates	DC: 17	Casting: 10 minutes
Duration: 50 minutes	Range: 0 ft.; see text	Components: V,S,M
SR: Yes	Effect: Triggered rune causes nearby creatures to bleed.	Target: One symbol
DESC: Triggered rune causes nearby creatures to bleed.
DESC 2:  Triggered rune causes nearby creatures to bleed.
Symbol of Healing (Conjuration)
Saves: Will half (harmless)	DC: 17	Casting: 10 minutes
Duration: See text	Range: 0 ft.; see text	Components: V, S, M
SR: Yes (harmless)	Effect: Triggered rune heals living creatures.	Target: One symbol
DESC: Triggered rune heals living creatures.
DESC 2:  Triggered rune heals living creatures.
Transfer Regeneration (Transmutation)
Saves: None	DC: 	Casting: 1 standard action
Duration: 1 minute	Range: Close (35 ft.)	Components: V,S
SR: No	Effect: You bestow your regenerative abilities on the target. Your regeneration stops functioning for the duration of the spell, and the target gains your regeneration. For example, if you have regeneration 5 [acid or fire], your target gains regeneration 5 [acid or fire]. This regeneration overlaps [does not stack] with any regeneration the creature already has, including other castings of this spell. This spell has no effect if you don't have the regeneration ability or your regeneration isn't functioning when you cast the spell.	Target: 1 willing living creature
DESC: You bestow your regenerative abilities on the target. Your regeneration stops functioning for the duration of the spell, and the target gains your regeneration. For example, if you have regeneration 5 (acid or fire), your target gains regeneration 5 (acid or fire). This regeneration overlaps (does not stack) with any regeneration the creature already has, including other castings of this spell. This spell has no effect if you don't have the regeneration ability or your regeneration isn't functioning when you cast the spell.
DESC 2:  You bestow your regenerative abilities on the target. Your regeneration stops functioning for the duration of the spell, and the target gains your regeneration. For example, if you have regeneration 5 [acid or fire], your target gains regeneration 5 [acid or fire]. This regeneration overlaps [does not stack] with any regeneration the creature already has, including other castings of this spell. This spell has no effect if you don't have the regeneration ability or your regeneration isn't functioning when you cast the spell.
Trial by Fire (Evocation)
Saves: None	DC: 	Casting: 1 standard action
Duration: Instantaneous	Range: Touch	Components: V,S,DF
SR: Yes	Effect: You test a creature's purity of convictions by exposing it to a sheet of divine fire. Unless the target's alignment is within one step of your deity's, the spell deals 2d6 points of damage. Half the damage is fire damage, but the other half results directly from divine power and is therefore not subject to being reduced by resistance to fire-based attacks. Additionally, if the target has an element of its alignment that is in direct opposition to your deity's [chaos opposes law and evil opposes good], you can also attempt an Intimidate check to demoralize the target as a free action.	Target: Creature touched
DESC: You test a creature's purity of convictions by exposing it to a sheet of divine fire. Unless the target's alignment is within one step of your deity's, the spell deals (min(5,CASTERLEVEL/2))d6 points of damage. Half the damage is fire damage, but the other half results directly from divine power and is therefore not subject to being reduced by resistance to fire-based attacks. Additionally, if the target has an element of its alignment that is in direct opposition to your deity's (chaos opposes law and evil opposes good), you can also attempt an Intimidate check to demoralize the target as a free action.
DESC 2:  You test a creature's purity of convictions by exposing it to a sheet of divine fire. Unless the target's alignment is within one step of your deity's, the spell deals 2d6 points of damage. Half the damage is fire damage, but the other half results directly from divine power and is therefore not subject to being reduced by resistance to fire-based attacks. Additionally, if the target has an element of its alignment that is in direct opposition to your deity's [chaos opposes law and evil opposes good], you can also attempt an Intimidate check to demoralize the target as a free action.
Trial of Fire and Acid (Evocation)
Saves: Fortitude half (see text)	DC: 17	Casting: 1 standard action
Duration: 5 rounds	Range: Touch	Components: V,S
SR: No	Effect: The target creature is covered in burning acid that deals 1d6 points of acid damage and 1d6 points of fire damage each round. The subject can attempt a Fortitude saving throw each round to reduce the damage by half. Dousing the target in water ends the effect [both the acid and the fire], but rolling on the ground does not extinguish the fire or affect the acid.	Target: Creature touched
DESC: The target creature is covered in burning acid that deals 1d6 points of acid damage and 1d6 points of fire damage each round. The subject can attempt a Fortitude saving throw each round to reduce the damage by half. Dousing the target in water ends the effect (both the acid and the fire), but rolling on the ground does not extinguish the fire or affect the acid.
DESC 2:  The target creature is covered in burning acid that deals 1d6 points of acid damage and 1d6 points of fire damage each round. The subject can attempt a Fortitude saving throw each round to reduce the damage by half. Dousing the target in water ends the effect [both the acid and the fire], but rolling on the ground does not extinguish the fire or affect the acid.
Vampiric Hunger (Necromancy)
Saves: Will negates	DC: 17	Casting: 1 round
Duration: 5 minutes	Range: Touch	Components: V, S
SR: Yes	Effect: Target grows fangs of a vampire, as well as a thirst for blood.	Target: One creature
DESC: Target grows fangs of a vampire, as well as a thirst for blood.
DESC 2:  Target grows fangs of a vampire, as well as a thirst for blood.
Vision of Hell (Illusion)
Saves: Will negates	DC: 17	Casting: 1 standard action
Duration: 5 minutes [D]	Range: Medium (150 ft.)	Components: V, M
SR: No	Effect: Illusory hellscape makes creatures shaken.	Target: 50-ft. radius emanation
DESC: Illusory hellscape makes creatures shaken.
DESC 2:  Illusory hellscape makes creatures shaken.
Voluminous Vocabulary (Divination)
Saves: Will negates (harmless)	DC: 17	Casting: 1 standard action
Duration: 8 hours [D]	Range: Touch	Components: V,S,M
SR: Yes (harmless)	Effect: Grant ability to speak, read, and write one or more languages for 8 hours.	Target: Creature touched
DESC: Grant ability to speak, read, and write one or more languages for 8 hours.
DESC 2:  Grant ability to speak, read, and write one or more languages for 8 hours.
Wall of Split Illumination (Evocation)
Saves: None	DC: 	Casting: 1 standard action
Duration: 5 minutes [D]	Range: Medium (150 ft.)	Components: V,S
SR: No	Effect: An immobile curtain of illumination springs into existence. When created, one side of the wall [designated by you] radiates bright light to a range of 60 feet away from that side while the other side radiates darkness to an equal distance. This effect alters the illumination level by up to two steps toward either bright light [the light side] or darkness [the dark side]. The wall also obstructs vision through it, regardless of which side of the wall the viewer is on.	Target: 10-ft.-high vertical sheet of illumination up to 25 ft. long
DESC: An immobile curtain of illumination springs into existence. When created, one side of the wall (designated by you) radiates bright light to a range of 60 feet away from that side while the other side radiates darkness to an equal distance. This effect alters the illumination level by up to two steps toward either bright light (the light side) or darkness (the dark side). The wall also obstructs vision through it, regardless of which side of the wall the viewer is on.
DESC 2:  An immobile curtain of illumination springs into existence. When created, one side of the wall [designated by you] radiates bright light to a range of 60 feet away from that side while the other side radiates darkness to an equal distance. This effect alters the illumination level by up to two steps toward either bright light [the light side] or darkness [the dark side]. The wall also obstructs vision through it, regardless of which side of the wall the viewer is on.
Water Breathing (Transmutation, WaterSchool)
Saves: Will negates (harmless)	DC: 17	Casting: 1 standard action
Duration: 10 hours; see text	Range: Touch	Components: V, S, M/DF
SR: Yes (harmless)	Effect: The transmuted creatures can breathe water freely.	Target: Living creatures touched
DESC: The transmuted creatures can breathe water freely.
DESC 2:  The transmuted creatures can breathe water freely.
Water Walk (Transmutation)
Saves: Will negates (harmless)	DC: 17	Casting: 1 standard action
Duration: 50 minutes [D]	Range: Touch	Components: V, S, DF
SR: Yes (harmless)	Effect: The transmuted creatures can tread on any liquid as if it were firm ground.	Target: 5 touched creatures
DESC: The transmuted creatures can tread on any liquid as if it were firm ground.
DESC 2:  The transmuted creatures can tread on any liquid as if it were firm ground.
Waters of Lamashtu (Conjuration)
Saves: Fortitude partial	DC: 17	Casting: 1 standard action
Duration: Instantaneous	Range: Close (35 ft.)	Components: V, S, M
SR: No	Effect: Generate one dose of apparent clear, pure water that is foul secretion that functions as unholy water. In addition, affected creatures are sickened for 1d4 rounds and [on failed save] take 1d6 Intelligence and 1d6 Dexterity damage.	Target: Up to 2 drafts of the waters of Lamashtu
DESC: Generate one dose of apparent clear, pure water that is foul secretion that functions as unholy water. In addition, affected creatures are sickened for 1d4 rounds and [on failed save] take 1d6 Intelligence and 1d6 Dexterity damage.
DESC 2:  Generate one dose of apparent clear, pure water that is foul secretion that functions as unholy water. In addition, affected creatures are sickened for 1d4 rounds and [on failed save] take 1d6 Intelligence and 1d6 Dexterity damage.
Wind Wall (Evocation, AirSchool)
Saves: None; see text	DC: 17	Casting: 1 standard action
Duration: 5 rounds	Range: Medium (150 ft.)	Components: V, S, M/DF
SR: Yes	Effect: An invisible vertical curtain of wind appears.	Target: Wall up to 50 ft. long and 25 ft. high [S]
DESC: An invisible vertical curtain of wind appears.
DESC 2:  An invisible vertical curtain of wind appears.
Wood Meld (as Meld into Stone but only with wood) (Transmutation)
Saves: 	DC: 	Casting: 1 standard action
Duration: 50 minutes	Range: Personal	Components: V, S, DF
SR: 	Effect: Meld into stone enables you to meld your body and possessions into a single block of stone.	Target: You
DESC: Meld into stone enables you to meld your body and possessions into a single block of stone.
DESC 2:  Meld into stone enables you to meld your body and possessions into a single block of stone.
Wrathful Mantle (Evocation)
Saves: Will negates (harmless)	DC: 17	Casting: 1 standard action
Duration: 5 minutes	Range: Touch or 5 ft.; see text	Components: V, S, DF
SR: Yes (harmless)	Effect: Subject shines and gets 1 on all saves.	Target: creature touched or all creatures within 5 ft.; see text
DESC: Subject shines and gets (CASTERLEVEL/4) on all saves.
DESC 2:  Subject shines and gets 1 on all saves.
 
  
  
  
  
  
  
 
                     

      
------------------------ Description -----------------------
Height: 0' 0" Weight: 0 lbs. Gender: Male	
Eyes:    Hair: , Skin: 
Dominant Hand: Right Quirks: , 	
Speech style:  Quotable: 
Full Description

Background

Campaign Logs
