<?xml version="1.0" encoding="UTF-8"?>
<!--
-->
<character>
	<export>
		<date>X</date>
		<time>X</time>
		<version>6.09.08.RC1</version>
		<paperinfo>
			<name>A4</name>
			<height>297mm</height>
			<width>210mm</width>
			<margins>
				<top>10mm</top>
				<bottom>15mm</bottom>
				<left>10mm</left>
				<right>10mm</right>
			</margins>
		</paperinfo>
		<directories>
			<pcgen>X</pcgen>
			<templates>X</templates>
			<pcg>X</pcg>
			<html>X</html>
			<temp>X</temp>
		</directories>
		<invalidtext>
			<tohit>N/A</tohit>
			<damage>N/A</damage>
		</invalidtext>
	</export>
	<unit_set>
		<name>Imperial</name>
		<height_unit>ftin</height_unit>
		<distance_unit> ft.</distance_unit>
		<weight_unit> lbs.</weight_unit>
	</unit_set>
	<!--
	  ====================================
	  ====================================
			BIO
	  ====================================
	  ====================================-->
	<basics>
		<bonuses></bonuses>
		<bonuses></bonuses>
		<bonuses></bonuses>
		<bonuses></bonuses>
		<name>Corpus Cleric5</name>
		<followerof></followerof>
		<playername></playername>
		<charactertype>PC</charactertype>
		<hero_points>0</hero_points>
		<age>0</age>
		<alignment>
			<long>None</long>
			<short>None</short>
		</alignment>
		<archetypes>
		</archetypes>
		<bab>+3</bab>
		<bio></bio>
		<birthday></birthday>
		<birthplace></birthplace>
		<catchphrase></catchphrase>
		<classes>
			<class>
				<name>Cleric</name>
				<abbreviation>Clr</abbreviation>
				<level>5</level>
				<bonuslist>Cleric</bonuslist>
				<sequence>0</sequence>
				<sequence_shortform>Clr5</sequence_shortform>
			</class>
			<levels_total>5</levels_total>
			<levels_ecl>5</levels_ecl>
			<!-- shortform below should be removed - it can be derived from class info above -->
			<shortform>Clr5</shortform>
			<!-- CLASSLIST is not extracted because we can derive it from the information above -->
		</classes>
		<deity>
			<name>None</name>
			<alignment></alignment>
			<description>None</description>
			<domainlist>Aeon Subdomain, Agathion Subdomain, Air, Ancestors Subdomain, Animal, Aquatic, Arcane Subdomain, Archon Subdomain (Good), Archon Subdomain (Law), Arctic, Aristocracy Subdomain, Artifice, Ash Subdomain, Azata Subdomain (Chaos), Azata Subdomain (Good), Badlands, Battle (Spirit), Blood Subdomain, Bones (Spirit), Cannibalism Subdomain, Catastrophe Subdomain, Cave, Caves Subdomain, Chaos, Charm, Cloud Subdomain, Community, Construct Subdomain, Cooperation Subdomain, Corruption Subdomain, Crocodile, Curse Subdomain, Daemon Subdomain, Dark Tapestry Subdomain, Darkness, Day Subdomain, Death, Death (Pharasma), Decay Subdomain, Deception Subdomain, Defense Subdomain, Demodand Subdomain (Chaos), Demodand Subdomain (Evil), Demon Subdomain (Chaos), Demon Subdomain (Evil), Desert, Destruction, Devil Subdomain (Evil), Devil Subdomain (Law), Divine Subdomain, Dragon Subdomain, Eagle, Earth, Erosion, Evil, Exploration Subdomain, Family Subdomain, Fate Subdomain, Feather Subdomain, Ferocity Subdomain, Fire, Fist Subdomain, Flame (Spirit), Flowing Subdomain, Freedom Subdomain, Frog, Fur Subdomain, Glory, Good, Greed Subdomain, Growth Subdomain, Hatred Subdomain, Healing, Heavens (Spirit), Heroism Subdomain, Home Subdomain, Honor Subdomain, Ice Subdomain, Imagination Subdomain, Inevitable Subdomain, Innuendo Subdomain, Insanity Subdomain, Isolation Subdomain, Judgment Subdomain, Jungle, Knowledge, Kyton Subdomain (Evil), Kyton Subdomain (Law), Language Subdomain, Law, Leadership Subdomain, Leshy Subdomain, Liberation, Life (Spirit), Light Subdomain, Lore (Spirit), Loss Subdomain, Love Subdomain, Luck, Lust Subdomain, Madness, Magic, Martyr Subdomain, Memory Subdomain, Metal Subdomain, Monkey, Mountain, Murder Subdomain, Nature (Spirit), Night Subdomain, Nightmare Subdomain, Nobility, Oceans Subdomain, Panther, Plains, Plant, Protean Subdomain, Protection, Psychopomp Subdomain (Death), Psychopomp Subdomain (Repose), Purity Subdomain, Rage Subdomain, Redemption Subdomain, Repose, Resolve Subdomain, Restoration Subdomain, Resurrection Subdomain, Revelation Subdomain, Revelry Subdomain, Revolution Subdomain, Rune, Saurian Subdomain, Scalykind, Seasons Subdomain, Serpent, Shadow Subdomain (Darkness), Shadow Subdomain (Death), Smoke Subdomain, Solitude Subdomain, Souls (Pharasma) Subdomain, Souls Subdomain, Stars Subdomain, Stone (Spirit), Storms Subdomain, Strength, Sun, Swamp, Tactics Subdomain, Thievery Subdomain, Thought Subdomain, Toil Subdomain, Trade Subdomain, Travel, Trickery, Undead Subdomain, Venom Subdomain, Vermin, Void, Vulture, War, Wards Subdomain, Water, Waves (Spirit), Weather, Wind (Spirit), Wind Subdomain, Wolf</domainlist>
			<favoredweapon></favoredweapon>
			<holyitem>None</holyitem>
			<pantheonlist></pantheonlist>
			<source>Paizo Inc. - Core Rulebook</source>
			<special_abilities></special_abilities>
			<appearance></appearance>
			<title></title>
			<worshippers></worshippers>
		</deity>
		<description></description>
		<experience>
			<current>15000</current>
			<next_level>23000</next_level>
			<factor>100%</factor>
			<penalty>0%</penalty>
		</experience>
		<eyes>
			<color></color>
		</eyes>
		<hair>
			<color></color>
			<length></length>
		</hair>
		<skin>
			<color></color>
		</skin>
		<cr>4</cr>
		<face>
			<face>5 ft. by 5 ft.</face>
			<short>5 ft.</short>
			<squares>1 x 1</squares>
		</face>
		<favoredlist></favoredlist>
		<followerlist></followerlist>
		<gender>
			<long>Male</long>
			<short>Male</short>
		</gender>
		<handed>Right</handed>
		<height>
			<total>0&#39; 0&quot;</total>
			<feet>0</feet>
			<inches>0</inches>
		</height>
		<hitdice>(5d8)+10</hitdice>
		<image>file:C:\Users\USER\Documents\PCGen\characters/Corpus Cleric5.jpg</image>
		<interests></interests>
		<languages>
			<language>Common</language>
			<language>Elven</language>
			<language></language>
			<all>Common, Elven</all>
		</languages>
		<location></location>
		<move>
			<move>
				<name>Walk</name>
				<rate>20 ft.</rate>
				<squares>4</squares>
			</move>
			<all>Walk 20 ft.</all>
		</move>
		<personality>
			<trait></trait>
			<trait></trait>
		</personality>
		<portrait>
			<portrait></portrait>
			<portrait_thumb></portrait_thumb>
		</portrait>
		<phobias></phobias>
			<race>Half-Elf (Arcadian)</race>
		<race>
			<racetype>Humanoid</racetype>
		</race>
		<reach>
			<reach>5 ft.</reach>
			<squares>1</squares>
		</reach>
		<region>Absalom</region>
		<reputation>0</reputation>
		<residence></residence>
		<size>
			<long>Medium</long>
			<short>M</short>
		</size>
		<speechtendency></speechtendency>
		<type>Humanoid</type>
		<vision>
			<vision>Low-Light Vision</vision>
			<all>Low-Light Vision</all>
		</vision>
		<wealth>0</wealth>
		<gold>4,931</gold>
		<weight>
			<weight_unit>0 lbs.</weight_unit>
			<weight_nounit>0</weight_nounit>
		</weight>
		<poolpoints>
			<cost>0</cost>
			<current>0</current>
		</poolpoints>
		<notes>
		</notes>
	</basics>

	<!-- Use ASPECT.NotesSection.x and ASPECT.Notes.y	-->
	<!--
	  ====================================
	  ====================================
			ABILITIES
	  ====================================
	  ====================================-->
	<abilities>
		<ability>
			<name>
				<long>Strength</long>
				<short>STR</short>
			</name>
			<score>13</score>
			<modifier>+1</modifier>
		<!--
		Old BASE tag does not give stats with racial, and other permentant adjustments.
		Use NOTEMP.NOEQUIP instead of BASE gives the correct results.

			<base>13</base>
			<basemod>+1</basemod>
		-->
			<base>13</base>
			<basemod>+1</basemod>

			<noequip>13</noequip>
			<noequip_mod>+1</noequip_mod>
			<no_temp_score>13</no_temp_score>
			<no_temp_modifier>+1</no_temp_modifier>
		</ability>
		<ability>
			<name>
				<long>Dexterity</long>
				<short>DEX</short>
			</name>
			<score>10</score>
			<modifier>+0</modifier>
		<!--
		Old BASE tag does not give stats with racial, and other permentant adjustments.
		Use NOTEMP.NOEQUIP instead of BASE gives the correct results.

			<base>10</base>
			<basemod>+0</basemod>
		-->
			<base>10</base>
			<basemod>+0</basemod>

			<noequip>10</noequip>
			<noequip_mod>+0</noequip_mod>
			<no_temp_score>10</no_temp_score>
			<no_temp_modifier>+0</no_temp_modifier>
		</ability>
		<ability>
			<name>
				<long>Constitution</long>
				<short>CON</short>
			</name>
			<score>14</score>
			<modifier>+2</modifier>
		<!--
		Old BASE tag does not give stats with racial, and other permentant adjustments.
		Use NOTEMP.NOEQUIP instead of BASE gives the correct results.

			<base>14</base>
			<basemod>+2</basemod>
		-->
			<base>14</base>
			<basemod>+2</basemod>

			<noequip>14</noequip>
			<noequip_mod>+2</noequip_mod>
			<no_temp_score>14</no_temp_score>
			<no_temp_modifier>+2</no_temp_modifier>
		</ability>
		<ability>
			<name>
				<long>Intelligence</long>
				<short>INT</short>
			</name>
			<score>10</score>
			<modifier>+0</modifier>
		<!--
		Old BASE tag does not give stats with racial, and other permentant adjustments.
		Use NOTEMP.NOEQUIP instead of BASE gives the correct results.

			<base>10</base>
			<basemod>+0</basemod>
		-->
			<base>10</base>
			<basemod>+0</basemod>

			<noequip>10</noequip>
			<noequip_mod>+0</noequip_mod>
			<no_temp_score>10</no_temp_score>
			<no_temp_modifier>+0</no_temp_modifier>
		</ability>
		<ability>
			<name>
				<long>Wisdom</long>
				<short>WIS</short>
			</name>
			<score>18</score>
			<modifier>+4</modifier>
		<!--
		Old BASE tag does not give stats with racial, and other permentant adjustments.
		Use NOTEMP.NOEQUIP instead of BASE gives the correct results.

			<base>18</base>
			<basemod>+4</basemod>
		-->
			<base>18</base>
			<basemod>+4</basemod>

			<noequip>18</noequip>
			<noequip_mod>+4</noequip_mod>
			<no_temp_score>18</no_temp_score>
			<no_temp_modifier>+4</no_temp_modifier>
		</ability>
		<ability>
			<name>
				<long>Charisma</long>
				<short>CHA</short>
			</name>
			<score>14</score>
			<modifier>+2</modifier>
		<!--
		Old BASE tag does not give stats with racial, and other permentant adjustments.
		Use NOTEMP.NOEQUIP instead of BASE gives the correct results.

			<base>12</base>
			<basemod>+1</basemod>
		-->
			<base>14</base>
			<basemod>+2</basemod>

			<noequip>14</noequip>
			<noequip_mod>+2</noequip_mod>
			<no_temp_score>14</no_temp_score>
			<no_temp_modifier>+2</no_temp_modifier>
		</ability>
	</abilities>
	<!--
	  ====================================
	  ====================================
			HIT POINTS
	  ====================================
	  ====================================-->
	<hit_points>
		<usealternatedamage>0</usealternatedamage>
		<points>31</points>
		<alternate>28</alternate>
		<die>(5d8)+10</die>
		<die_short>5</die_short>
		<current/>
		<subdual/>
		<damage_reduction></damage_reduction>
		<damage_threshold>0</damage_threshold>
		<history>
			<roll>
				<level>1</level>
				<roll>8</roll>
				<stat>2</stat>
				<total>10</total>
			</roll>
			<roll>
				<level>2</level>
				<roll>3</roll>
				<stat>2</stat>
				<total>5</total>
			</roll>
			<roll>
				<level>3</level>
				<roll>1</roll>
				<stat>2</stat>
				<total>3</total>
			</roll>
			<roll>
				<level>4</level>
				<roll>3</roll>
				<stat>2</stat>
				<total>5</total>
			</roll>
			<roll>
				<level>5</level>
				<roll>6</roll>
				<stat>2</stat>
				<total>8</total>
			</roll>
		</history>
	</hit_points>
	<!--
	  ====================================
	  ====================================
			ARMOR CLASS
	  ====================================
	  ====================================-->
	<armor_class>
		<total>17</total>
		<listing>ARMOR +5, BASE +10, SHIELD +2</listing>
		<flat>17</flat>
		<touch>10</touch>
		<base>10</base>
		<armor_bonus>5</armor_bonus>
		<shield_bonus>2</shield_bonus>
		<stat_mod>0</stat_mod>
		<size_mod>0</size_mod>
		<natural>0</natural>
		<deflection>0</deflection>
		<dodge>0</dodge>
		<dodge_bonus>0</dodge_bonus>
		<class_bonus>0</class_bonus>
		<misc>0</misc>
		<insight>0</insight>
		<morale>0</morale>
		<sacred>0</sacred>
		<profane>0</profane>
		<miss_chance/>
		<max_dex>+3</max_dex>
		<spell_failure>40</spell_failure>
		<check_penalty>-6</check_penalty>
		<spell_resistance>0</spell_resistance>
	</armor_class>
	<!--
	  ====================================
	  ====================================
			INITIATIVE
	  ====================================
	  ====================================-->
	<initiative>
		<total>+0</total>
		<dex_mod>+0</dex_mod>
		<misc_mod>+0</misc_mod>
		<spell_failure>40</spell_failure>
		<check_penalty>-6</check_penalty>
		<spell_resistance>0</spell_resistance>
		<hero_points>0</hero_points>
	</initiative>
	<!--
	  ====================================
	  ====================================
			SKILLS
	  ====================================
	  ====================================-->
	<skillinfo>
		<conditional_modifiers>
		</conditional_modifiers>
	</skillinfo>
	<skills>
		<conditional_modifiers>
		</conditional_modifiers>
		<skillpoints>
			<total>10</total>
			<used>10</used>
			<unused>0</unused>
			<eclipse_total>0</eclipse_total>
		</skillpoints>
		<list_mods>Appraise +8, Craft (Alchemy) +8, Perception +6</list_mods>
			<max_class_skill_level>5</max_class_skill_level>
		<max_cross_class_skill_level>5.0</max_cross_class_skill_level>
		<skill>
			<name>Acrobatics</name>
			<ranks>0.0</ranks>
			<mod>-1<!-- Mods from abilities, equipment, etc -->
			</mod>
			<skill_mod>-1</skill_mod>
			<ability_mod>0<!-- Mod from the key ability -->
			</ability_mod>
			<misc_mod>-1<!-- This is a calc value of TOTAL-RANK-ABMOD -->
			</misc_mod>
			<ability>DEX</ability>
			<synergy>Acrobatics</synergy>
			<untrained>Y</untrained>
			<exclusive>N</exclusive>
			<trained_total>-1</trained_total>
			<exclusive_total>-1</exclusive_total>
			<classes></classes>
			<type>Dexterity.ACHECK.Base</type>
		</skill>
		<skill>
			<name>Acrobatics (When Jumping)</name>
			<ranks>0.0</ranks>
			<mod>-5<!-- Mods from abilities, equipment, etc -->
			</mod>
			<skill_mod>-5</skill_mod>
			<ability_mod>0<!-- Mod from the key ability -->
			</ability_mod>
			<misc_mod>-5<!-- This is a calc value of TOTAL-RANK-ABMOD -->
			</misc_mod>
			<ability>DEX</ability>
			<synergy>Acrobatics (When Jumping)</synergy>
			<untrained>Y</untrained>
			<exclusive>N</exclusive>
			<trained_total>-5</trained_total>
			<exclusive_total>-5</exclusive_total>
			<classes></classes>
			<type>Dexterity.ACHECK.Base</type>
		</skill>
		<skill>
			<name>Appraise</name>
			<ranks>5.0</ranks>
			<mod>3<!-- Mods from abilities, equipment, etc -->
			</mod>
			<skill_mod>8</skill_mod>
			<ability_mod>0<!-- Mod from the key ability -->
			</ability_mod>
			<misc_mod>3<!-- This is a calc value of TOTAL-RANK-ABMOD -->
			</misc_mod>
			<ability>INT</ability>
			<synergy>Appraise</synergy>
			<untrained>Y</untrained>
			<exclusive>N</exclusive>
			<trained_total>8</trained_total>
			<exclusive_total>8</exclusive_total>
			<classes>Cleric</classes>
			<type>Intelligence.Base.Background</type>
		</skill>
		<skill>
			<name>Bluff</name>
			<ranks>0.0</ranks>
			<mod>2<!-- Mods from abilities, equipment, etc -->
			</mod>
			<skill_mod>2</skill_mod>
			<ability_mod>2<!-- Mod from the key ability -->
			</ability_mod>
			<misc_mod>0<!-- This is a calc value of TOTAL-RANK-ABMOD -->
			</misc_mod>
			<ability>CHA</ability>
			<synergy>Bluff</synergy>
			<untrained>Y</untrained>
			<exclusive>N</exclusive>
			<trained_total>2</trained_total>
			<exclusive_total>2</exclusive_total>
			<classes></classes>
			<type>Charisma.Base</type>
		</skill>
		<skill>
			<name>Climb</name>
			<ranks>0.0</ranks>
			<mod>-5<!-- Mods from abilities, equipment, etc -->
			</mod>
			<skill_mod>-5</skill_mod>
			<ability_mod>1<!-- Mod from the key ability -->
			</ability_mod>
			<misc_mod>-6<!-- This is a calc value of TOTAL-RANK-ABMOD -->
			</misc_mod>
			<ability>STR</ability>
			<synergy>Climb</synergy>
			<untrained>Y</untrained>
			<exclusive>N</exclusive>
			<trained_total>-5</trained_total>
			<exclusive_total>-5</exclusive_total>
			<classes></classes>
			<type>Strength.ACHECK.Base</type>
		</skill>
		<skill>
			<name>Craft (Alchemy)</name>
			<ranks>5.0</ranks>
			<mod>3<!-- Mods from abilities, equipment, etc -->
			</mod>
			<skill_mod>8</skill_mod>
			<ability_mod>0<!-- Mod from the key ability -->
			</ability_mod>
			<misc_mod>3<!-- This is a calc value of TOTAL-RANK-ABMOD -->
			</misc_mod>
			<ability>INT</ability>
			<synergy>Craft (Alchemy)</synergy>
			<untrained>NO</untrained>
			<exclusive>N</exclusive>
			<trained_total>8</trained_total>
			<exclusive_total>8</exclusive_total>
			<classes>Cleric</classes>
			<type>Intelligence.Craft.Base.Background</type>
		</skill>
		<skill>
			<name>Craft (Untrained)</name>
			<ranks>0.0</ranks>
			<mod>0<!-- Mods from abilities, equipment, etc -->
			</mod>
			<skill_mod>0</skill_mod>
			<ability_mod>0<!-- Mod from the key ability -->
			</ability_mod>
			<misc_mod>0<!-- This is a calc value of TOTAL-RANK-ABMOD -->
			</misc_mod>
			<ability>INT</ability>
			<synergy>Craft (Untrained)</synergy>
			<untrained>Y</untrained>
			<exclusive>N</exclusive>
			<trained_total>0</trained_total>
			<exclusive_total>0</exclusive_total>
			<classes>Cleric</classes>
			<type>Intelligence.Craft</type>
		</skill>
		<skill>
			<name>Diplomacy</name>
			<ranks>0.0</ranks>
			<mod>2<!-- Mods from abilities, equipment, etc -->
			</mod>
			<skill_mod>2</skill_mod>
			<ability_mod>2<!-- Mod from the key ability -->
			</ability_mod>
			<misc_mod>0<!-- This is a calc value of TOTAL-RANK-ABMOD -->
			</misc_mod>
			<ability>CHA</ability>
			<synergy>Diplomacy</synergy>
			<untrained>Y</untrained>
			<exclusive>N</exclusive>
			<trained_total>2</trained_total>
			<exclusive_total>2</exclusive_total>
			<classes>Cleric</classes>
			<type>Charisma.Base</type>
		</skill>
		<skill>
			<name>Disguise</name>
			<ranks>0.0</ranks>
			<mod>2<!-- Mods from abilities, equipment, etc -->
			</mod>
			<skill_mod>2</skill_mod>
			<ability_mod>2<!-- Mod from the key ability -->
			</ability_mod>
			<misc_mod>0<!-- This is a calc value of TOTAL-RANK-ABMOD -->
			</misc_mod>
			<ability>CHA</ability>
			<synergy>Disguise</synergy>
			<untrained>Y</untrained>
			<exclusive>N</exclusive>
			<trained_total>2</trained_total>
			<exclusive_total>2</exclusive_total>
			<classes></classes>
			<type>Charisma.Base</type>
		</skill>
		<skill>
			<name>Escape Artist</name>
			<ranks>0.0</ranks>
			<mod>-6<!-- Mods from abilities, equipment, etc -->
			</mod>
			<skill_mod>-6</skill_mod>
			<ability_mod>0<!-- Mod from the key ability -->
			</ability_mod>
			<misc_mod>-6<!-- This is a calc value of TOTAL-RANK-ABMOD -->
			</misc_mod>
			<ability>DEX</ability>
			<synergy>Escape Artist</synergy>
			<untrained>Y</untrained>
			<exclusive>N</exclusive>
			<trained_total>-6</trained_total>
			<exclusive_total>-6</exclusive_total>
			<classes></classes>
			<type>Dexterity.ACHECK.Base</type>
		</skill>
		<skill>
			<name>Fly</name>
			<ranks>0.0</ranks>
			<mod>-4<!-- Mods from abilities, equipment, etc -->
			</mod>
			<skill_mod>-4</skill_mod>
			<ability_mod>0<!-- Mod from the key ability -->
			</ability_mod>
			<misc_mod>-4<!-- This is a calc value of TOTAL-RANK-ABMOD -->
			</misc_mod>
			<ability>DEX</ability>
			<synergy>Fly</synergy>
			<untrained>Y</untrained>
			<exclusive>N</exclusive>
			<trained_total>-4</trained_total>
			<exclusive_total>-4</exclusive_total>
			<classes></classes>
			<type>Dexterity.ACHECK.Base</type>
		</skill>
		<skill>
			<name>Heal</name>
			<ranks>0.0</ranks>
			<mod>4<!-- Mods from abilities, equipment, etc -->
			</mod>
			<skill_mod>4</skill_mod>
			<ability_mod>4<!-- Mod from the key ability -->
			</ability_mod>
			<misc_mod>0<!-- This is a calc value of TOTAL-RANK-ABMOD -->
			</misc_mod>
			<ability>WIS</ability>
			<synergy>Heal</synergy>
			<untrained>Y</untrained>
			<exclusive>N</exclusive>
			<trained_total>4</trained_total>
			<exclusive_total>4</exclusive_total>
			<classes>Cleric</classes>
			<type>Wisdom.Base</type>
		</skill>
		<skill>
			<name>Intimidate</name>
			<ranks>0.0</ranks>
			<mod>2<!-- Mods from abilities, equipment, etc -->
			</mod>
			<skill_mod>2</skill_mod>
			<ability_mod>2<!-- Mod from the key ability -->
			</ability_mod>
			<misc_mod>0<!-- This is a calc value of TOTAL-RANK-ABMOD -->
			</misc_mod>
			<ability>CHA</ability>
			<synergy>Intimidate</synergy>
			<untrained>Y</untrained>
			<exclusive>N</exclusive>
			<trained_total>2</trained_total>
			<exclusive_total>2</exclusive_total>
			<classes></classes>
			<type>Charisma.Base</type>
		</skill>
		<skill>
			<name>Perception</name>
			<ranks>0.0</ranks>
			<mod>6<!-- Mods from abilities, equipment, etc -->
			</mod>
			<skill_mod>6</skill_mod>
			<ability_mod>4<!-- Mod from the key ability -->
			</ability_mod>
			<misc_mod>2<!-- This is a calc value of TOTAL-RANK-ABMOD -->
			</misc_mod>
			<ability>WIS</ability>
			<synergy>Perception</synergy>
			<untrained>Y</untrained>
			<exclusive>N</exclusive>
			<trained_total>6</trained_total>
			<exclusive_total>6</exclusive_total>
			<classes></classes>
			<type>Wisdom.Base</type>
		</skill>
		<skill>
			<name>Perform (Untrained)</name>
			<ranks>0.0</ranks>
			<mod>2<!-- Mods from abilities, equipment, etc -->
			</mod>
			<skill_mod>2</skill_mod>
			<ability_mod>2<!-- Mod from the key ability -->
			</ability_mod>
			<misc_mod>0<!-- This is a calc value of TOTAL-RANK-ABMOD -->
			</misc_mod>
			<ability>CHA</ability>
			<synergy>Perform (Untrained)</synergy>
			<untrained>Y</untrained>
			<exclusive>N</exclusive>
			<trained_total>2</trained_total>
			<exclusive_total>2</exclusive_total>
			<classes></classes>
			<type>Charisma.Perform.Background</type>
		</skill>
		<skill>
			<name>Ride</name>
			<ranks>0.0</ranks>
			<mod>-6<!-- Mods from abilities, equipment, etc -->
			</mod>
			<skill_mod>-6</skill_mod>
			<ability_mod>0<!-- Mod from the key ability -->
			</ability_mod>
			<misc_mod>-6<!-- This is a calc value of TOTAL-RANK-ABMOD -->
			</misc_mod>
			<ability>DEX</ability>
			<synergy>Ride</synergy>
			<untrained>Y</untrained>
			<exclusive>N</exclusive>
			<trained_total>-6</trained_total>
			<exclusive_total>-6</exclusive_total>
			<classes></classes>
			<type>Dexterity.ACHECK.Base</type>
		</skill>
		<skill>
			<name>Sense Motive</name>
			<ranks>0.0</ranks>
			<mod>4<!-- Mods from abilities, equipment, etc -->
			</mod>
			<skill_mod>4</skill_mod>
			<ability_mod>4<!-- Mod from the key ability -->
			</ability_mod>
			<misc_mod>0<!-- This is a calc value of TOTAL-RANK-ABMOD -->
			</misc_mod>
			<ability>WIS</ability>
			<synergy>Sense Motive</synergy>
			<untrained>Y</untrained>
			<exclusive>N</exclusive>
			<trained_total>4</trained_total>
			<exclusive_total>4</exclusive_total>
			<classes>Cleric</classes>
			<type>Wisdom.Base</type>
		</skill>
		<skill>
			<name>Stealth</name>
			<ranks>0.0</ranks>
			<mod>-6<!-- Mods from abilities, equipment, etc -->
			</mod>
			<skill_mod>-6</skill_mod>
			<ability_mod>0<!-- Mod from the key ability -->
			</ability_mod>
			<misc_mod>-6<!-- This is a calc value of TOTAL-RANK-ABMOD -->
			</misc_mod>
			<ability>DEX</ability>
			<synergy>Stealth</synergy>
			<untrained>Y</untrained>
			<exclusive>N</exclusive>
			<trained_total>-6</trained_total>
			<exclusive_total>-6</exclusive_total>
			<classes></classes>
			<type>Dexterity.ACHECK.Base</type>
		</skill>
		<skill>
			<name>Survival</name>
			<ranks>0.0</ranks>
			<mod>4<!-- Mods from abilities, equipment, etc -->
			</mod>
			<skill_mod>4</skill_mod>
			<ability_mod>4<!-- Mod from the key ability -->
			</ability_mod>
			<misc_mod>0<!-- This is a calc value of TOTAL-RANK-ABMOD -->
			</misc_mod>
			<ability>WIS</ability>
			<synergy>Survival</synergy>
			<untrained>Y</untrained>
			<exclusive>N</exclusive>
			<trained_total>4</trained_total>
			<exclusive_total>4</exclusive_total>
			<classes></classes>
			<type>Wisdom.Base</type>
		</skill>
		<skill>
			<name>Swim</name>
			<ranks>0.0</ranks>
			<mod>-5<!-- Mods from abilities, equipment, etc -->
			</mod>
			<skill_mod>-5</skill_mod>
			<ability_mod>1<!-- Mod from the key ability -->
			</ability_mod>
			<misc_mod>-6<!-- This is a calc value of TOTAL-RANK-ABMOD -->
			</misc_mod>
			<ability>STR</ability>
			<synergy>Swim</synergy>
			<untrained>Y</untrained>
			<exclusive>N</exclusive>
			<trained_total>-5</trained_total>
			<exclusive_total>-5</exclusive_total>
			<classes></classes>
			<type>Strength.ACHECK.Base</type>
		</skill>

	<!-- Skills -->
	</skills>
	<!--
	  ====================================
	  ====================================
			SAVING THROWS
	  ====================================
	  ====================================-->
	<saving_throws>
		<conditional_modifiers>
			<savebonus>
				<description>+2 racial saving throw bonus against enchantment spells and effects.</description>
			</savebonus>
		</conditional_modifiers>
		<saving_throw>
			<name>
				<long>fortitude</long>
				<short>fort</short>
			</name>
				<ability>constitution</ability>
			<total>+6</total>
			<base>+4</base>
			<abil_mod>+2</abil_mod>
			<feats>+0</feats>
			<magic_mod>+0</magic_mod>
			<misc_mod>+0</misc_mod>
			<misc_w_magic_mod>+0</misc_w_magic_mod>
			<race>+0</race>
			<epic_mod>+0</epic_mod>
			<temp_mod/>
		</saving_throw>
		<saving_throw>
			<name>
				<long>reflex</long>
				<short>ref</short>
			</name>
				<ability>dexterity</ability>
			<total>+1</total>
			<base>+1</base>
			<abil_mod>+0</abil_mod>
			<feats>+0</feats>
			<magic_mod>+0</magic_mod>
			<misc_mod>+0</misc_mod>
			<misc_w_magic_mod>+0</misc_w_magic_mod>
			<race>+0</race>
			<epic_mod>+0</epic_mod>
			<temp_mod/>
		</saving_throw>
		<saving_throw>
			<name>
				<long>will</long>
				<short>will</short>
			</name>
				<ability>wisdom</ability>
			<total>+8</total>
			<base>+4</base>
			<abil_mod>+4</abil_mod>
			<feats>+0</feats>
			<magic_mod>+0</magic_mod>
			<misc_mod>+0</misc_mod>
			<misc_w_magic_mod>+0</misc_w_magic_mod>
			<race>+0</race>
			<epic_mod>+0</epic_mod>
			<temp_mod/>
		</saving_throw>
	</saving_throws>
	<!--
	  ====================================
	  ====================================
			ATTACK
	  ====================================
	  ====================================-->
	<attack>
			<conditional_modifiers>
				<savebonus>
				<description>+2 racial saving throw bonus against enchantment spells and effects.</description>
				</savebonus>
			</conditional_modifiers>

		<melee>
			<total>+4</total>
			<total_short>+4</total_short>
			<bab>+3</bab>
			<!-- +3 -->
			<base_attack_bonus>+3</base_attack_bonus>
			<stat_mod>+1</stat_mod>
			<size_mod>+0</size_mod>
			<misc_mod>+0</misc_mod>
			<epic_mod>0</epic_mod>
			<!-- +0 -->
			<temp_mod/>
		</melee>
		<ranged>
			<total>+3</total>
			<bab>+3</bab>
			<!-- +3 -->
			<base_attack_bonus>+3</base_attack_bonus>
			<stat_mod>+0</stat_mod>
			<size_mod>+0</size_mod>
			<misc_mod>+0</misc_mod>
			<epic_mod>0</epic_mod>
			<!-- +0 -->
			<temp_mod/>
		</ranged>
			<!-- Either CMB block, or Grapple Block -->
			<cmb>
				<!-- Base stuff for standard block -->
				<title>CMB</title>
				<total>+4</total>
				<bab>+3</bab>
				<base_attack_bonus>+3</base_attack_bonus>
				<stat_mod>+1</stat_mod>
				<size_mod>+0</size_mod>
				<misc_mod></misc_mod>	
				<epic_mod/>
				<temp_mod/>
				<!-- Base values (not yet used) -->
				<grapple_base>+4</grapple_base>
				<trip_base>+4</trip_base>
				<disarm_base>+4</disarm_base>
				<sunder_base>+4</sunder_base>
				<bullrush_base>+0</bullrush_base>
				<overrun_base>+4</overrun_base>
				<!-- Defense values -->
				<!-- Pathfinder (final release) -->
				<!-- Attack values -->
				<grapple_attack>+4</grapple_attack>
				<trip_attack>+4</trip_attack>
				<disarm_attack>+4</disarm_attack>
				<sunder_attack>+4</sunder_attack>
				<bullrush_attack>+4</bullrush_attack>
				<overrun_attack>+4</overrun_attack>
				<!-- Defense values -->
				<defense>14</defense>
				<grapple_defense>14</grapple_defense>
				<trip_defense>
				14
				</trip_defense>
				<disarm_defense>14</disarm_defense>
				<sunder_defense>14</sunder_defense>
				<bullrush_defense>14</bullrush_defense>
				<overrun_defense>14</overrun_defense>

			</cmb>
		<!-- End CMB / Grapple Block -->
	</attack>
	<!--
	  ====================================
	  ====================================
			WEAPONS
	  ====================================
	  ====================================-->

	<weapons>
		<unarmed>
			<total>+4</total>
			<damage>1d3+1</damage>
			<critical>20/x2</critical>
			<!-- Should be changed to a variable due to improved crit -->
			<reach>5 ft.</reach>
						<!-- Commenting this out (will need a test as well)
			3.0 uses "Subdual", 3.5 uses "nonlethal".  We'll need a separate node for both.	-->
			<type>(nonlethal only)</type>
		</unarmed>
		<!-- Spirit Weapon - Melee -->

		<!-- Spirit Weapon - Ranged -->
	<!-- End Spirit Weapon - Ranged -->

	<!-- Blank Natural Attack -->

	<!-- Natural Attack -->

	<!--	Request to remove the Double Weapon Block OS-133		-->
		<weapon>
			<common>
				<name>
					<short>*Mace, Heavy</short>
					<long>*Mace, Heavy</long>
					<output>*Mace, Heavy</output>
				</name>
				<category>Simple-Melee</category>
				<critical>
					<range>20</range>
					<multiplier>2</multiplier>
				</critical>
				<to_hit>
					<hit>-2</hit>
					<magic_hit>+0</magic_hit>
					<total_hit>-2</total_hit>
				</to_hit>
				<feat>
					<hit>+0</hit>
					<damage>+0</damage>
				</feat>
				<magic>
					<hit>+0</hit>
					<damage>+0</damage>
				</magic>
				<template>
					<hit>+0</hit>
					<damage>+0</damage>
				</template>
				<hand>Primary</hand>
				<num_attacks>1</num_attacks>
				<reach>5</reach>
				<reachunit> ft.</reachunit>
				<size>M</size>
					<special_properties></special_properties>
				<type>B</type>
				<weight>8</weight>
				<attacks>0</attacks>
				<heft>MEDIUM</heft>
				<range>0 ft.</range>
				<sizemod>+0</sizemod>
				<basehit>+4</basehit>
				<misc>+0</misc>
				<damage>1d8+1</damage>
				<damagebonus>+1</damagebonus>
				<basedamagebonus>+0</basedamagebonus>
				<thdamagebonus>+1</thdamagebonus>
				<ohdamagebonus>+0</ohdamagebonus>
				<rateoffire></rateoffire>
				<islight>FALSE</islight>
				<sequence>0</sequence>
			</common>
			<melee>
				<invalidtext>
					<tohit>N/A</tohit>
					<damage>N/A</damage>
				</invalidtext>
				<hand>Primary</hand>
				<w1_h1_p>
					<!-- One weapon, 1 hand, primary hand -->
					<to_hit>+4</to_hit>
					<damage>1d8+1</damage>
				</w1_h1_p>
				<w1_h1_o>
					<!-- One weapon, 1 handed, offhand -->
					<to_hit>+0</to_hit>
					<damage>1d8</damage>
				</w1_h1_o>
				<w1_h2>
					<!-- One weapon, 2 handed -->
					<to_hit>+4</to_hit>
					<damage>1d8+1</damage>
				</w1_h2>
				<w2_p_oh>
					<!-- Two weapons, this weapon in primary hand, other hand with heavy weapon -->
					<to_hit>-2</to_hit>
					<damage>1d8+1</damage>
				</w2_p_oh>
				<w2_p_ol>
					<!-- Two weapons, this weapon in primary hand, other hand with light weapon -->
					<to_hit>+0</to_hit>
					<damage>1d8+1</damage>
				</w2_p_ol>
				<w2_o>
					<!-- Two weapons, this weapon in off-hand -->
					<to_hit>-6</to_hit>
					<damage>1d8</damage>
				</w2_o>
			</melee>
		</weapon>
	<!--	Request to remove the Double Weapon Block OS-133		-->
		<weapon>
			<common>
				<name>
					<short>*Shield, Heavy Wooden</short>
					<long>*Shield, Heavy Wooden</long>
					<output>*Shield, Heavy Wooden</output>
				</name>
				<category>Non-Standard-Melee</category>
				<critical>
					<range>20</range>
					<multiplier>2</multiplier>
				</critical>
				<to_hit>
					<hit>-10</hit>
					<magic_hit>+0</magic_hit>
					<total_hit>-10</total_hit>
				</to_hit>
				<feat>
					<hit>+0</hit>
					<damage>+0</damage>
				</feat>
				<magic>
					<hit>+0</hit>
					<damage>+0</damage>
				</magic>
				<template>
					<hit>+0</hit>
					<damage>+0</damage>
				</template>
				<hand>Off-hand</hand>
				<num_attacks>1</num_attacks>
				<reach>5</reach>
				<reachunit> ft.</reachunit>
				<size>M</size>
					<special_properties></special_properties>
				<type></type>
				<weight>10</weight>
				<attacks>0</attacks>
				<heft>MEDIUM</heft>
				<range>0 ft.</range>
				<sizemod>+0</sizemod>
				<basehit>+0</basehit>
				<misc>+0</misc>
				<damage>1d4</damage>
				<damagebonus>+0</damagebonus>
				<basedamagebonus>+0</basedamagebonus>
				<thdamagebonus>+1</thdamagebonus>
				<ohdamagebonus>+0</ohdamagebonus>
				<rateoffire></rateoffire>
				<islight>FALSE</islight>
				<sequence>1</sequence>
			</common>
			<simple>
				<to_hit>-10</to_hit>
				<damage>1d4</damage>
				<range>0 ft.</range>
				<!-- This is an Addition by Itwally for the Monk Flurry of Blows Fix per DATA-73 -->
				<name>*Shield, Heavy Wooden</name>
				<class>Clr5</class>
		<!-- End DATA-73 Work Around-->
			</simple>
		</weapon>
	</weapons>
	<!--
	  ====================================
	  ====================================
			ARMOR
	  ====================================
	  ====================================-->
	<protection>
		<armor>
			<name>*Scale Mail</name>
			<acbonus>+5</acbonus>
			<accheck>-4</accheck>
			<baseac>+5</baseac>
			<edr>+0</edr>
			<maxdex>+3</maxdex>
			<move></move>
			<spellfail>25</spellfail>
			<special_properties></special_properties>
			<totalac>+5</totalac>
			<type>Medium</type>
			<wt>30</wt>
			<fulltype>ARMOR.MEDIUM.ARMORPROFMEDIUM.SUIT.CUSTOM.METAL</fulltype>
			<location>Equipped</location>
		</armor>
		<shield>
			<name>*Shield, Heavy Wooden</name>
			<acbonus>+2</acbonus>
			<accheck>-2</accheck>
			<baseac>+2</baseac>
			<edr>+0</edr>
			<maxdex></maxdex>
			<move></move>
			<spellfail>15</spellfail>
			<special_properties></special_properties>
			<totalac>+2</totalac>
			<type>Heavy</type>
			<wt>10</wt>
		</shield>
	</protection>
	<!--
	  ====================================
	  ====================================
			CLASS-DEPENDANT FEATURES
	  ====================================
	  ====================================-->
	<class_features>
		<!-- D&D 3.0 -->
		<!-- D&D 3.5 -->
	<!-- Bard -->




	<!-- Pathfinder -->
		<!-- Character Rage -->
		<!-- Character Rage -->

	<!-- Turning ability -->


	<!-- Eclipse Channeling -->

	<!-- Channel Energy -->

	<!-- 3.0 stunning fist -->

	<!-- 3.0 stunning fist -->

	<!-- 3.5 stunning fist -->

	<!-- 3.0 wholeness of body -->

	<!-- 3.5 wholeness of body -->

			<!-- Psionics -->

		
		


	</class_features>

	<!-- Abilites with check lists - master/child abilities -->
	<checklists>
	</checklists>

	<!-- Proficiency lists -->
	<proficiency_specials>
	</proficiency_specials>

	<!--
	  ====================================
	  ====================================
			EQUIPMENT
	  ====================================
	  ====================================-->
	<equipment>
		<item>
			<longname>Mace, Heavy</longname>
			<id></id>
			<name>Mace, Heavy</name>
			<carried>1.0</carried>
			<charges></charges>
			<charges_used></charges_used>
			<contents></contents>
			<contents_num>0</contents_num>
			<content_weight>0</content_weight>
			<cost>12</cost>
			<equipped>Y</equipped>
			<location>Equipped</location>
			<locationId></locationId>
			<maxcharges>0</maxcharges>
			<note></note>
			<quantity>1</quantity>
			<checkbox>1</checkbox>
			<size>
				<long>Medium</long>
				<short>M</short>
			</size>
			<special_properties></special_properties>
			<type>WEAPON.RESIZABLE.MELEE.SIMPLE.ONEHANDED.BLUDGEONING.MACE.HAMMER.WEAPON GROUP HAMMERS.CUSTOM.METAL</type>
			<weight>8</weight>
			<total_wt>8</total_wt>
			<total_weight>8</total_weight>
			<bonuslist></bonuslist>
			<acmod>0</acmod>
			<maxdex>100</maxdex>
			<accheck>0</accheck>
			<edr>0</edr>
			<move></move>
			<spell_failure>0</spell_failure>
			<damage>1d8</damage>
			<damage_alt></damage_alt>
			<crit_range>1</crit_range>
			<crit_mult>x2</crit_mult>
			<crit_range_alt></crit_range_alt>
			<crit_mult_alt></crit_mult_alt>
			<range>0 ft.</range>
			<attacks>0.0</attacks>
			<prof>Mace (Heavy)</prof>
			<source>Custom - Paizo Inc. - Core Rulebook, p.147</source>
			<quality></quality>
		</item>
		<item>
			<longname>Shield, Heavy Wooden</longname>
			<id></id>
			<name>Shield, Heavy Wooden</name>
			<carried>1.0</carried>
			<charges></charges>
			<charges_used></charges_used>
			<contents></contents>
			<contents_num>0</contents_num>
			<content_weight>0</content_weight>
			<cost>7</cost>
			<equipped>Y</equipped>
			<location>Equipped</location>
			<locationId></locationId>
			<maxcharges>0</maxcharges>
			<note></note>
			<quantity>1</quantity>
			<checkbox>1</checkbox>
			<size>
				<long>Medium</long>
				<short>M</short>
			</size>
			<special_properties></special_properties>
			<type>SHIELD.HEAVY.WEAPON.RESIZABLE.MELEE.SHIELDBASH.CLOSE.WEAPON GROUP CLOSE.NONMETAL.CUSTOM.WOODEN</type>
			<weight>10</weight>
			<total_wt>10</total_wt>
			<total_weight>10</total_weight>
			<bonuslist></bonuslist>
			<acmod>2</acmod>
			<maxdex>100</maxdex>
			<accheck>-2</accheck>
			<edr>0</edr>
			<move></move>
			<spell_failure>15</spell_failure>
			<damage>1d4</damage>
			<damage_alt></damage_alt>
			<crit_range>1</crit_range>
			<crit_mult>x2</crit_mult>
			<crit_range_alt></crit_range_alt>
			<crit_mult_alt></crit_mult_alt>
			<range>0 ft.</range>
			<attacks>0.0</attacks>
			<prof></prof>
			<source>Custom - Paizo Inc. - Core Rulebook, p.151</source>
			<quality></quality>
		</item>
		<item>
			<longname>Scale Mail</longname>
			<id></id>
			<name>Scale Mail</name>
			<carried>1.0</carried>
			<charges></charges>
			<charges_used></charges_used>
			<contents></contents>
			<contents_num>0</contents_num>
			<content_weight>0</content_weight>
			<cost>50</cost>
			<equipped>Y</equipped>
			<location>Equipped</location>
			<locationId></locationId>
			<maxcharges>0</maxcharges>
			<note></note>
			<quantity>1</quantity>
			<checkbox>1</checkbox>
			<size>
				<long>Medium</long>
				<short>M</short>
			</size>
			<special_properties></special_properties>
			<type>ARMOR.MEDIUM.ARMORPROFMEDIUM.SUIT.CUSTOM.METAL</type>
			<weight>30</weight>
			<total_wt>30</total_wt>
			<total_weight>30</total_weight>
			<bonuslist></bonuslist>
			<acmod>5</acmod>
			<maxdex>3</maxdex>
			<accheck>-4</accheck>
			<edr>0</edr>
			<move></move>
			<spell_failure>25</spell_failure>
			<damage></damage>
			<damage_alt></damage_alt>
			<crit_range></crit_range>
			<crit_mult></crit_mult>
			<crit_range_alt></crit_range_alt>
			<crit_mult_alt></crit_mult_alt>
			<range>0 ft.</range>
			<attacks>0.0</attacks>
			<prof>Scale Mail</prof>
			<source>Custom - Paizo Inc. - Core Rulebook, p.151</source>
			<quality></quality>
		</item>
		<total>
			<weight>48 lbs.</weight>
			<value>69 gp</value>
			<load>Light</load>
			<capacity>150</capacity>
		</total>
		<equipmentsets>
		<equipmentset name="Default Set">
				<item>
					<longname>Mace, Heavy</longname>
					<name>Mace, Heavy</name>
					<carried>1.0</carried>
					<charges></charges>
					<charges_used></charges_used>
					<contents></contents>
					<contents_num>0</contents_num>
					<content_weight>0</content_weight>
					<cost>12</cost>
					<equipped>Y</equipped>
					<location>Equipped</location>
					<maxcharges>0</maxcharges>
					<note></note>
					<quantity>1</quantity>
					<checkbox>1</checkbox>
					<size>
						<long>Medium</long>
						<short>M</short>
					</size>
					<special_properties></special_properties>
					<type>WEAPON.RESIZABLE.MELEE.SIMPLE.ONEHANDED.BLUDGEONING.MACE.HAMMER.WEAPON GROUP HAMMERS.CUSTOM.METAL</type>
					<weight>8</weight>
					<total_wt>8</total_wt>
					<total_weight>8</total_weight>
					<bonuslist></bonuslist>
					<acmod>0</acmod>
					<maxdex>100</maxdex>
					<accheck>0</accheck>
					<edr>0</edr>
					<move></move>
					<spell_failure>0</spell_failure>
					<damage>1d8</damage>
					<damage_alt></damage_alt>
					<crit_range>1</crit_range>
					<crit_mult>x2</crit_mult>
					<crit_range_alt></crit_range_alt>
					<crit_mult_alt></crit_mult_alt>
					<range>0 ft.</range>
					<attacks>0.0</attacks>
					<prof>Mace (Heavy)</prof>
					<source>Custom - Paizo Inc. - Core Rulebook, p.147</source>
					<quality>EQ.0.QUALITY</quality>
				</item>
				<item>
					<longname>Shield, Heavy Wooden</longname>
					<name>Shield, Heavy Wooden</name>
					<carried>1.0</carried>
					<charges></charges>
					<charges_used></charges_used>
					<contents></contents>
					<contents_num>0</contents_num>
					<content_weight>0</content_weight>
					<cost>7</cost>
					<equipped>Y</equipped>
					<location>Equipped</location>
					<maxcharges>0</maxcharges>
					<note></note>
					<quantity>1</quantity>
					<checkbox>1</checkbox>
					<size>
						<long>Medium</long>
						<short>M</short>
					</size>
					<special_properties></special_properties>
					<type>SHIELD.HEAVY.WEAPON.RESIZABLE.MELEE.SHIELDBASH.CLOSE.WEAPON GROUP CLOSE.NONMETAL.CUSTOM.WOODEN</type>
					<weight>10</weight>
					<total_wt>10</total_wt>
					<total_weight>10</total_weight>
					<bonuslist></bonuslist>
					<acmod>2</acmod>
					<maxdex>100</maxdex>
					<accheck>-2</accheck>
					<edr>0</edr>
					<move></move>
					<spell_failure>15</spell_failure>
					<damage>1d4</damage>
					<damage_alt></damage_alt>
					<crit_range>1</crit_range>
					<crit_mult>x2</crit_mult>
					<crit_range_alt></crit_range_alt>
					<crit_mult_alt></crit_mult_alt>
					<range>0 ft.</range>
					<attacks>0.0</attacks>
					<prof></prof>
					<source>Custom - Paizo Inc. - Core Rulebook, p.151</source>
					<quality>EQ.0.QUALITY</quality>
				</item>
				<item>
					<longname>Scale Mail</longname>
					<name>Scale Mail</name>
					<carried>1.0</carried>
					<charges></charges>
					<charges_used></charges_used>
					<contents></contents>
					<contents_num>0</contents_num>
					<content_weight>0</content_weight>
					<cost>50</cost>
					<equipped>Y</equipped>
					<location>Equipped</location>
					<maxcharges>0</maxcharges>
					<note></note>
					<quantity>1</quantity>
					<checkbox>1</checkbox>
					<size>
						<long>Medium</long>
						<short>M</short>
					</size>
					<special_properties></special_properties>
					<type>ARMOR.MEDIUM.ARMORPROFMEDIUM.SUIT.CUSTOM.METAL</type>
					<weight>30</weight>
					<total_wt>30</total_wt>
					<total_weight>30</total_weight>
					<bonuslist></bonuslist>
					<acmod>5</acmod>
					<maxdex>3</maxdex>
					<accheck>-4</accheck>
					<edr>0</edr>
					<move></move>
					<spell_failure>25</spell_failure>
					<damage></damage>
					<damage_alt></damage_alt>
					<crit_range></crit_range>
					<crit_mult></crit_mult>
					<crit_range_alt></crit_range_alt>
					<crit_mult_alt></crit_mult_alt>
					<range>0 ft.</range>
					<attacks>0.0</attacks>
					<prof>Scale Mail</prof>
					<source>Custom - Paizo Inc. - Core Rulebook, p.151</source>
					<quality>EQ.0.QUALITY</quality>
				</item>
			</equipmentset>
		</equipmentsets>
	</equipment>
	<weight_allowance>
		<light>50</light>
		<medium>100</medium>
		<heavy>150</heavy>
		<lift_over_head>150</lift_over_head>
		<lift_off_ground>300</lift_off_ground>
		<!-- And loses Dex bonus to AC and can only move 5 feet per round as a full-round action -->
		<push_drag>750</push_drag>
	</weight_allowance>
	<!--
	  ====================================
	  ====================================
			SPECIAL ABILITIES
	  ====================================
	  ====================================-->
	<special_abilities>
		<race></race>
		<class>
			<class>Cleric</class>
			<ability></ability>
		</class>
	</special_abilities>
	<!--
	  ====================================
	  ====================================
			FEATS
	  ====================================
	  ====================================-->
	<feats>
		<!-- Visible standard feats (not including the auto feats) -->
		<feat>
			<name>Absorb Spirit</name>
			<description>You absorb restless spirits into your body at the cost of your own life force and sanity. Wisdom damage. If you succeed, you take 1 point of Constitution and Wisdom damage. No effect can prevent or reduce this damage, nor can the damage be healed or suppressed by any means until you release the spirit. You can release the spirit at any time as a standard action, at which point the spirit returns to its former location and begins rejuvenating or manifesting again as normal. If you die from the Constitution damage, the spirit is released, and if you become comatose from the Wisdom damage, the spirit gains control of your body (and can release itself whenever it desires).</description>
			<benefit>When an incorporeal undead with the rejuvenation special ability or a haunt is reduced to 0 or fewer hit points within 30 feet of you, you can attempt to absorb its spirit into your body as an immediate action. You must attempt a Will save with a DC equal to 5 + twice the CR of the undead creature or haunt. If you are a medium with the haunt channeler class feature, you receive a +2 bonus on this saving throw. If you succeed, you harbor the undead or haunt&#39;s essence, and it cannot continue to rejuvenate or manifest until you release it. For every 24 hours that you harbor the entity, you must attempt a Constitution check (DC = 10 + the CR of the undead or haunt). If you are a medium with the haunt channeler class feature, you receive a +2 bonus on this check. If you fail the check, you take 1d4 points of Constitution and</benefit>
			<type>GENERAL</type>
			<associated></associated>
			<count>0</count>
			<auto>F</auto>
			<hidden>F</hidden>
			<virtual>F</virtual>
			<source>Paizo Inc. - Horror Adventures, p.79</source>
		</feat>
		<feat>
			<name>Accursed</name>
			<description>[Not Implemented] Your curse weighs down your soul like a millstone around your neck.</description>
			<benefit>You gain spell resistance equal to 5 + your character level, as the curse interferes with all magic. Unlike most spell resistance, it can&#39;t voluntarily be lowered, though your own spells and magic items still automatically affect you. Goal:Your curse is lifted or you are able to purge the corruption of your fiendish blood (the circumstances of either vary widely based on the nature of the curse, and are up to the GM). Completion Benefit:You lose the spell resistance described above. You gain spell resistance equal to 11 + your character level, but only against harmful enchantment, necromancy, and transmutation spells and spell-like abilities-your aura resists further attempts to curse you. Harmless spells automatically bypass this spell resistance whether you desire it or not. This spell resistance can be voluntarily lowered.</benefit>
			<type>STORY</type>
			<associated></associated>
			<count>0</count>
			<auto>F</auto>
			<hidden>F</hidden>
			<virtual>F</virtual>
			<source>Paizo Publishing - Ultimate Campaign, p.67</source>
		</feat>
		<feat>
			<name>Acrobatic</name>
			<description>You are skilled at leaping, jumping, and flying.</description>
			<benefit>You get a +2 bonus on all Acrobatics and Fly skill checks. If you have 10 or more ranks in one of these skills, the bonus increases to +4 for that skill.</benefit>
			<type>GENERAL</type>
			<associated></associated>
			<count>0</count>
			<auto>F</auto>
			<hidden>F</hidden>
			<virtual>F</virtual>
			<source>Paizo Inc. - Core Rulebook, p.113</source>
		</feat>
		<feat>
			<name>Skill Focus (Acrobatics)</name>
			<description>You are particularly adept at your chosen skill.</description>
			<benefit>You get a +3 bonus on all checks involving the chosen skill. If you have 10 or more ranks in that skill, this bonus increases to +6.</benefit>
			<type>GENERAL.SKILLFOCUS.INSINUATORFEAT</type>
			<associated>Acrobatics</associated>
			<count>1</count>
			<auto>F</auto>
			<hidden>F</hidden>
			<virtual>F</virtual>
			<source>Paizo Inc. - Core Rulebook, p.134</source>
		</feat>

		<!-- Auto feats -->

		<!-- Virtual Feats -->
		<!-- End Virtual Feats -->
		<!-- Hidden feats (all feats less the virtual, automatic and visible ones) -->
		<!-- Hidden VFEATS -->
		<!-- END Hidden VFEATS -->
		<feat>
			<name>CMB Output</name>
			<description></description>
			<benefit></benefit>
			<type>INTERNAL</type>
			<associated></associated>
			<count>0</count>
			<auto>T</auto>
			<hidden>T</hidden>
			<virtual>F</virtual>
			<source>Paizo Inc. - Core Rulebook</source>
		</feat>
	</feats>

	<!--
	  ====================================
	  ====================================
			ARCHETYPES
	  ====================================
	  ====================================-->
	<archetypes>
	</archetypes>
	<!--
	  ====================================
	  ====================================
			SPECIAL QUALITIES
	  ====================================
	  ====================================-->
	<special_qualities>
		<!-- Visible All "Special Ability" Ability Objects -->
		<special_quality>
			<name>Adaptability</name>
			<description>Half-elves receive Skill Focus as a bonus feat at 1st level.</description>
			<type>RACIALTRAITS.HALF-ELF RACIAL TRAIT.HALF-ELF RACIAL DEFAULT.SPECIALQUALITY</type>
			<associated></associated>
			<count>0</count>
			<aspect></aspect>
			<auto>F</auto>
			<hidden>F</hidden>
			<virtual>F</virtual>
			<category>Special Ability</category>
			<source>Paizo Inc. - Advanced Race Guide, p.40</source>
		</special_quality>
		<special_quality>
			<name>Aura (Ex)</name>
			<description>A cleric of a chaotic, evil, good, or lawful deity has a particularly powerful aura corresponding to the deity&#39;s alignment (see the detect evil spell for details).</description>
			<type>EXTRAORDINARY.CLASSFEATURES.CLERICCLASSFEATURES.SPECIALQUALITY</type>
			<associated></associated>
			<count>0</count>
			<aspect></aspect>
			<auto>F</auto>
			<hidden>F</hidden>
			<virtual>F</virtual>
			<category>Special Ability</category>
			<source>Paizo Inc. - Core Rulebook, p.</source>
		</special_quality>
		<special_quality>
			<name>Elf Blood</name>
			<description>Half-elves count as both elves and humans for any effect related to race.</description>
			<type>RACIALTRAITS.HALF-ELF RACIAL TRAIT.HALF-ELF RACIAL DEFAULT.SPECIALQUALITY.SPECIAL QUALITY</type>
			<associated></associated>
			<count>0</count>
			<aspect></aspect>
			<auto>F</auto>
			<hidden>F</hidden>
			<virtual>F</virtual>
			<category>Special Ability</category>
			<source>Paizo Inc. - Advanced Race Guide, p.40</source>
		</special_quality>
		<special_quality>
			<name>Elven Immunities</name>
			<description>Half-elves are immune to magic sleep effects and get a +2 racial saving throw bonus against enchantment spells and effects.</description>
			<type>RACIALTRAITS.HALF-ELF RACIAL TRAIT.HALF-ELF RACIAL DEFAULT.SPECIALQUALITY</type>
			<associated></associated>
			<count>0</count>
			<aspect>SaveBonus: +2 racial saving throw bonus against enchantment spells and effects.</aspect>
			<auto>F</auto>
			<hidden>F</hidden>
			<virtual>F</virtual>
			<category>Special Ability</category>
			<source>Paizo Inc. - Advanced Race Guide, p.40</source>
		</special_quality>
		<special_quality>
			<name>Immunity to Sleep (Ex)</name>
			<description>You are never subject to sleep effects.</description>
			<type>SPECIALQUALITY.EXTRAORDINARY.IMMUNITY</type>
			<associated></associated>
			<count>0</count>
			<aspect>Immunity: Sleep</aspect>
			<auto>F</auto>
			<hidden>F</hidden>
			<virtual>F</virtual>
			<category>Special Ability</category>
			<source>Paizo Inc. - Bestiary, p.301</source>
		</special_quality>
		<special_quality>
			<name>Keen Senses</name>
			<description>Half-elves receive a +2 racial bonus on Perception skill checks.</description>
			<type>RACIALTRAITS.HALF-ELF RACIAL TRAIT.HALF-ELF RACIAL DEFAULT.SPECIALQUALITY</type>
			<associated></associated>
			<count>0</count>
			<aspect></aspect>
			<auto>F</auto>
			<hidden>F</hidden>
			<virtual>F</virtual>
			<category>Special Ability</category>
			<source>Paizo Inc. - Advanced Race Guide, p.40</source>
		</special_quality>
		<special_quality>
			<name>Low-Light Vision</name>
			<description>Half-elves can see twice as far as humans in conditions of dim light.</description>
			<type>RACIALTRAITS.HALF-ELF RACIAL TRAIT.HALF-ELF RACIAL DEFAULT.SPECIALQUALITY.RACIAL VISION</type>
			<associated></associated>
			<count>0</count>
			<aspect></aspect>
			<auto>F</auto>
			<hidden>F</hidden>
			<virtual>F</virtual>
			<category>Special Ability</category>
			<source>Paizo Inc. - Advanced Race Guide, p.40</source>
		</special_quality>
		<special_quality>
			<name>Multitalented</name>
			<description>Half-elves choose two favored classes at first level and gain +1 hit point or +1 skill point whenever they take a level in either one of those classes.</description>
			<type>RACIALTRAITS.HALF-ELF RACIAL TRAIT.HALF-ELF RACIAL DEFAULT.SPECIALQUALITY</type>
			<associated></associated>
			<count>0</count>
			<aspect></aspect>
			<auto>F</auto>
			<hidden>F</hidden>
			<virtual>F</virtual>
			<category>Special Ability</category>
			<source>Paizo Inc. - Advanced Race Guide, p.40</source>
		</special_quality>
		<special_quality>
			<name>Orisons</name>
			<description>You can prepare a number of orisons, or 0-level spells. These spells are cast like any other spells, but they are not expended when used and may be used again.</description>
			<type>CLERICCLASSFEATURES.SPECIALQUALITY</type>
			<associated></associated>
			<count>0</count>
			<aspect></aspect>
			<auto>F</auto>
			<hidden>F</hidden>
			<virtual>F</virtual>
			<category>Special Ability</category>
			<source>Paizo Inc. - Core Rulebook, p.41</source>
		</special_quality>
		<special_quality>
			<name>Spontaneous Casting</name>
			<description></description>
			<type>CLERICCLASSFEATURES.SPECIALQUALITY</type>
			<associated></associated>
			<count>0</count>
			<aspect></aspect>
			<auto>F</auto>
			<hidden>F</hidden>
			<virtual>F</virtual>
			<category>Special Ability</category>
			<source>Paizo Inc. - Core Rulebook, p.41</source>
		</special_quality>
	</special_qualities>
	<!--
	  ====================================
	  ====================================
			SPECIAL ATTACKS
	  ====================================
	  ====================================-->
	<special_attacks>
	</special_attacks>

		<!--
	  ====================================
	  ====================================
			Resistance Table
	  ====================================
	  ====================================-->
		<resistances>
		</resistances>

		<!--
	  ====================================
	  ====================================
			Racial Traits
	  ====================================
	  ====================================-->

	<racial_traits>
	</racial_traits>

		<!--
	  ====================================
	  ====================================
			Animal Trick
	  ====================================
	  ====================================-->
	<animal_tricks>
	</animal_tricks>

	<!--
	  ====================================
	  ====================================
			TALENTS
	  ====================================
	  ====================================-->
	<talents>
	</talents>

	<!--
	  ====================================
	  ====================================
			Intelligent Item
	  ====================================
	  ====================================-->
	<intelligent_items>
	</intelligent_items>

	<!--
	  ====================================
	  ====================================
			Words of Power
	  ====================================
	  ====================================-->
	<words_of_powers>
	</words_of_powers>

	<!--
	  ====================================
	  ====================================
			SALIENT DIVINE ABILITIES
	  ====================================
	  ====================================-->
	<salient_divine_abilities>
	</salient_divine_abilities>
	<!--
	  ====================================
	  ====================================
			Occupations
	  ====================================
	  ====================================-->
	<occupations>
	</occupations>


	<!-- Eclipse Section -->
		<!--
	  ====================================
	  ====================================
			Eclipse Recurring Bonuses
	  ====================================
	  ====================================-->
	<charcreations>
	</charcreations>
		<!--
	  ====================================
	  ====================================
			DISADVANTAGES
	  ====================================
	  ====================================-->
	<disadvantages>
	</disadvantages>
	<!--
	  ====================================
	  ====================================
			Eclipse Abilities
	  ====================================
	  ====================================-->
	<eclipse_abilities>
	</eclipse_abilities>
	<!--
	  ====================================
	  ====================================
			Spell Caster Output
	  ====================================
	  ====================================-->
	<spellcasteroutputs>
	</spellcasteroutputs>
	<!--
	  ====================================
	  ====================================
			Martial Arts
	  ====================================
	  ====================================-->
	<martial_arts>
	</martial_arts>
	<!--
	  ====================================
	  ====================================
			Mystic Artist
	  ====================================
	  ====================================-->
	<mystic_artists>
	</mystic_artists>
	<!--
	  ====================================
	  ====================================
			Witchcraft Abilities
	  ====================================
	  ====================================-->
	<witchcrafts>
	</witchcrafts>
	<!--
	  ====================================
	  ====================================
			The Path of the Dragon
	  ====================================
	  ====================================-->
	<path_dragons>
	</path_dragons>
		<!--
	  ====================================
	  ====================================
			Dominion and Advanced Dominion
	  ====================================
	  ====================================-->
	<dominions>
	</dominions>
	<!--
	  ====================================
	  ====================================
			Channeling
	  ====================================
	  ====================================-->
	<channelings>
	</channelings>
	<!-- END ECLIPSE SECION -->

	<!--
	  ====================================
	  ====================================
			POWERS - CLASSFEATURES
	  ====================================
	  ====================================-->
	<powers_classfeatures>
	</powers_classfeatures>

		<!--
	  ====================================
	  ====================================
			POWERS - CLASSFEATURES
	  ====================================
	  ====================================-->
	<powers_classfeatures>
	</powers_classfeatures><!--
	  ====================================
	  ====================================
			POWERS - FEATPOWERS
	  ====================================
	  ====================================-->
	<powers_featpowers>
	</powers_featpowers>

	<!--
	  ====================================
	  ====================================
			4e Powers - At-Will
	  ====================================
	  ====================================-->
	<powers_atwills>
	</powers_atwills>

	<!--
	  ====================================
	  ====================================
			4e Powers - At-Will
	  ====================================
	  ====================================-->
	<powers_atwills>
	</powers_atwills>

	<!--
	  ====================================
	  ====================================
			4e Powers - Encounter
	  ====================================
	  ====================================-->

	<powers_encounters>
	</powers_encounters>
	<!--
	  ====================================
	  ====================================
			4e Powers - Daily
	  ====================================
	  ====================================-->
	<powers_dailies>
	</powers_dailies>
	<!--
	  ====================================
	  ====================================
			4e Powers - Utility
	  ====================================
	  ====================================-->

	<powers_utilities>
	</powers_utilities>

	<!--
	  ====================================
	  ====================================
			Demon Cant
	  ====================================
	  ====================================-->
	<demon_cants>
	</demon_cants>
	<!--
	  ====================================
	  ====================================
			Mage Gnosis
	  ====================================
	  ====================================-->
	<mage_gnosises>
	</mage_gnosises>
	<!--
	  ====================================
	  ====================================
			Vampire Disciplines
	  ====================================
	  ====================================-->
	<vampire_disciplines>
	</vampire_disciplines>
	<!--
	  ====================================
	  ====================================
			Werewolf Rites
	  ====================================
	  ====================================-->
	<werewolf_rites>
	</werewolf_rites>

	<!--
	  ====================================
	  ====================================
			Force Powers
	  ====================================
	  ====================================-->
	<force_powers>
	</force_powers>
	<!--
	  ====================================
	  ====================================
			Force Techniques
	  ====================================
	  ====================================-->
	<force_techniques>
	</force_techniques>
	<!--
	  ====================================
	  ====================================
			Force Secrets
	  ====================================
	  ====================================-->
	<force_secrets>
	</force_secrets>

	<!--
	====================================
	====================================
			MUTATIONS
	====================================
	====================================	-->
	<mutations>
	</mutations>




	<!--
	  ====================================
	  ====================================
			TRAITS
	  ====================================
	  ====================================-->
	<traits>
		<trait>
			<name>Absalom Bouncer</name>
			<description>When you make an attack that deals nonlethal damage with an unarmed strike, you gain a +1 bonus on your damage roll.</description>
			<source>Paizo Inc. - Pathfinder Player Companion: Advanced Class Origins, p.11</source>
		</trait>
		<trait>
			<name>Acadamae Neophyte</name>
			<description>Whenever you succeed at a Knowledge (planes) check to identify a creature and its special powers or vulnerabilities, you gain one additional piece of useful information (as if your skill check result had been 5 higher).</description>
			<source>Paizo Publishing - Pathfinder Player Companion: Monster Summoner&#39;s Handbook, p.10</source>
		</trait>
	</traits>

	<!--
	  ====================================
	  ====================================
			Afflictions
	  ====================================
	  ====================================-->
	<afflictions>
	</afflictions>

	<!--
	  ====================================
	  ====================================
			PFS Chronicles
	  ====================================
	  ====================================-->
	<pfs_chronicles>
	</pfs_chronicles>
	<!--
	  ====================================
	  ====================================
			PFS Boons
	  ====================================
	  ====================================-->
	<pfs_boons>
	</pfs_boons>
	<!--
	====================================
	  ====================================
			Temporary Bonus
	  ====================================
	  ====================================-->
	<tempbonuses>
	</tempbonuses>

	<!--
	  ====================================
	  ====================================
			MISCELLANEOUS
	  ====================================
	  ====================================-->


	<!-- Domains -->
	<weapon_proficiencies>Battle Aspergillum, Bayonet, Blowgun, Boar Spear, Brass Knuckles, Cestus, Club, Heavy Crossbow, Light Crossbow, Dagger, Punching Dagger, Dart, Gauntlet, Spiked Gauntlet, Grapple, Javelin, Kunai, Longspear, Heavy Mace, Light Mace, Mere Club, Morningstar, Quarterstaff, Rock, Shortspear, Sickle, Sling, Spear, Boar Spear, Ray Spells, Touch Spells, Splash Weapon, Stake, Stonebow, Traveling Kettle, Unarmed Strike, Underwater Heavy Crossbow, Underwater Light Crossbow</weapon_proficiencies>
	<languages>Common, Elven</languages>


	<misc>
			<gold>4,931</gold>

		<funds>
			<fund></fund>
		</funds>
		<companions>
			<companion></companion>
		</companions>
<!--	This doesn't work - AM
		-->
		<magics>
			<magic></magic>
		</magics>
	</misc>
	<!--
	  ====================================
	  ====================================
			COMPANIONS
	  ====================================
	  ====================================-->
	<companions>


	</companions>
	<!--
	  ====================================
	  ====================================
			SPELLS
	  ====================================
	  ====================================-->
	<spells>
		<!-- ### BEGIN Innate spells ### -->
	<spells_innate number="none"/>
		<!-- ### END Innate spells ### -->
		<!-- ### BEGIN Known spells ### -->
		<known_spells>
		<class number="0" spelllistclass="Cleric" spellcasterlevel="5" spellcastertype="Divine" memorize="true" concentration="+9">
			<level number="0" known="0" cast="4">
				<spell>
						<name>Bleed</name>
						<outputname>Bleed</outputname>
						<times_memorized>1</times_memorized>
						<range>Close (35 ft.)</range>
						<components>V, S</components>
						<castingtime>1 standard action</castingtime>
						<casterlevel>5</casterlevel>
						<concentration>+9</concentration>
						<dc>14</dc>
						<duration>Instantaneous</duration>
						<effect>You cause a living creature that is below 0 hit points but stabilized to resume dying.</effect>
						<target>One living creature</target>
						<saveinfo>Will negates</saveinfo>
						<school>
							<school>Necromancy</school>
							<subschool></subschool>
							<descriptor></descriptor>
							<fullschool>Necromancy</fullschool>
						</school>
						<source>
							<source>Paizo Inc. - Core Rulebook, p.249</source>
							<sourcelevel>Clr0</sourcelevel>
							<sourcelink>http://paizo.com/pathfinderRPG/prd/spells/bleed.html#_bleed</sourcelink>
							<sourcepage>p.249</sourcepage>
							<sourceshort>CR</sourceshort>
						</source>
						<spell_resistance>Yes</spell_resistance>
						<description>You cause a living creature that is below 0 hit points but stabilized to resume dying.</description>
						<bonusspell></bonusspell>
				</spell>
				<spell>
						<name>Create Water</name>
						<outputname>Create Water</outputname>
						<times_memorized>1</times_memorized>
						<range>Close (35 ft.)</range>
						<components>V, S</components>
						<castingtime>1 standard action</castingtime>
						<casterlevel>5</casterlevel>
						<concentration>+9</concentration>
						<dc></dc>
						<duration>Instantaneous</duration>
						<effect>This spell generates wholesome, drinkable water, just like clean rain water.</effect>
						<target>Up to 10 gallons of water</target>
						<saveinfo>None</saveinfo>
						<school>
							<school>Conjuration</school>
							<subschool>Creation</subschool>
							<descriptor>Water</descriptor>
							<fullschool>Conjuration (Creation) [Water]</fullschool>
						</school>
						<source>
							<source>Paizo Inc. - Core Rulebook, p.262</source>
							<sourcelevel>Clr0</sourcelevel>
							<sourcelink>http://paizo.com/pathfinderRPG/prd/spells/createWater.html#_create-water</sourcelink>
							<sourcepage>p.262</sourcepage>
							<sourceshort>CR</sourceshort>
						</source>
						<spell_resistance>No</spell_resistance>
						<description>This spell generates wholesome, drinkable water, just like clean rain water.</description>
						<bonusspell></bonusspell>
				</spell>
				<spell>
						<name>Detect Fiendish Presence</name>
						<outputname>Detect Fiendish Presence</outputname>
						<times_memorized>1</times_memorized>
						<range>60 ft.</range>
						<components>V,S</components>
						<castingtime>1 standard action</castingtime>
						<casterlevel>5</casterlevel>
						<concentration>+9</concentration>
						<dc></dc>
						<duration>Concentration, up to 50 minutes [D]</duration>
						<effect>This spell functions like detect evil, except that it detects only outsiders with the evil subtype, as well as the lingering effects caused by their gifts, presence, and spells. It can also detect clerics and paladins of fiendish deities, including Asmodeus, archdevils, daemonic harbingers, and demon lords.</effect>
						<target>Cone-shaped emanation</target>
						<saveinfo>None</saveinfo>
						<school>
							<school>Divination</school>
							<subschool></subschool>
							<descriptor></descriptor>
							<fullschool>Divination</fullschool>
						</school>
						<source>
							<source>Paizo Inc. - Agents of Evil, p.16</source>
							<sourcelevel>Clr0</sourcelevel>
							<sourcelink></sourcelink>
							<sourcepage>p.16</sourcepage>
							<sourceshort>AoE</sourceshort>
						</source>
						<spell_resistance>No</spell_resistance>
						<description>This spell functions like detect evil, except that it detects only outsiders with the evil subtype, as well as the lingering effects caused by their gifts, presence, and spells. It can also detect clerics and paladins of fiendish deities, including Asmodeus, archdevils, daemonic harbingers, and demon lords.</description>
						<bonusspell></bonusspell>
				</spell>
				<spell>
						<name>Detect Magic</name>
						<outputname>Detect Magic</outputname>
						<times_memorized>1</times_memorized>
						<range>60 ft.</range>
						<components>V, S</components>
						<castingtime>1 standard action</castingtime>
						<casterlevel>5</casterlevel>
						<concentration>+9</concentration>
						<dc></dc>
						<duration>Concentration, up to 5 minutes [D]</duration>
						<effect>You detect magical auras.</effect>
						<target>Cone-shaped emanation</target>
						<saveinfo>None</saveinfo>
						<school>
							<school>Divination</school>
							<subschool></subschool>
							<descriptor></descriptor>
							<fullschool>Divination</fullschool>
						</school>
						<source>
							<source>Paizo Inc. - Core Rulebook, p.267</source>
							<sourcelevel>Clr0</sourcelevel>
							<sourcelink>http://paizo.com/pathfinderRPG/prd/spells/detectMagic.html#_detect-magic</sourcelink>
							<sourcepage>p.267</sourcepage>
							<sourceshort>CR</sourceshort>
						</source>
						<spell_resistance>No</spell_resistance>
						<description>You detect magical auras.</description>
						<bonusspell></bonusspell>
				</spell>
				<spell>
						<name>Detect Poison</name>
						<outputname>Detect Poison</outputname>
						<times_memorized>1</times_memorized>
						<range>Close (35 ft.)</range>
						<components>V, S</components>
						<castingtime>1 standard action</castingtime>
						<casterlevel>5</casterlevel>
						<concentration>+9</concentration>
						<dc></dc>
						<duration>Instantaneous</duration>
						<effect>You determine whether a creature, object, or area has been poisoned or is poisonous.</effect>
						<target>Or Area one creature, one object, or a 5-ft. cube</target>
						<saveinfo>None</saveinfo>
						<school>
							<school>Divination</school>
							<subschool></subschool>
							<descriptor></descriptor>
							<fullschool>Divination</fullschool>
						</school>
						<source>
							<source>Paizo Inc. - Core Rulebook, p.268</source>
							<sourcelevel>Clr0</sourcelevel>
							<sourcelink>http://paizo.com/pathfinderRPG/prd/spells/detectPoison.html#_detect-poison</sourcelink>
							<sourcepage>p.268</sourcepage>
							<sourceshort>CR</sourceshort>
						</source>
						<spell_resistance>No</spell_resistance>
						<description>You determine whether a creature, object, or area has been poisoned or is poisonous.</description>
						<bonusspell></bonusspell>
				</spell>
				<spell>
						<name>Enhanced Diplomacy</name>
						<outputname>Enhanced Diplomacy</outputname>
						<times_memorized>1</times_memorized>
						<range>Touch</range>
						<components>V, S</components>
						<castingtime>1 standard action</castingtime>
						<casterlevel>5</casterlevel>
						<concentration>+9</concentration>
						<dc>14</dc>
						<duration>1 minute or until discharged</duration>
						<effect>You imbue the subject with divine diplomacy skills. The creature gets a +2 competence bonus on a single Diplomacy or Intimidate check. It must choose to use the bonus before making the roll to which it applies.</effect>
						<target>creature touched</target>
						<saveinfo>Will negates (harmless)</saveinfo>
						<school>
							<school>Divination</school>
							<subschool></subschool>
							<descriptor></descriptor>
							<fullschool>Divination</fullschool>
						</school>
						<source>
							<source>Paizo Inc. - Pathfinder Companion: Taldor, Echoes of Glory, p.24</source>
							<sourcelevel>Clr0</sourcelevel>
							<sourcelink></sourcelink>
							<sourcepage>p.24</sourcepage>
							<sourceshort>TEOG</sourceshort>
						</source>
						<spell_resistance>yes (harmless)</spell_resistance>
						<description>You imbue the subject with divine diplomacy skills. The creature gets a +2 competence bonus on a single Diplomacy or Intimidate check. It must choose to use the bonus before making the roll to which it applies.</description>
						<bonusspell></bonusspell>
				</spell>
				<spell>
						<name>Guidance</name>
						<outputname>Guidance</outputname>
						<times_memorized>1</times_memorized>
						<range>Touch</range>
						<components>V, S</components>
						<castingtime>1 standard action</castingtime>
						<casterlevel>5</casterlevel>
						<concentration>+9</concentration>
						<dc>14</dc>
						<duration>1 minute or until discharged</duration>
						<effect>This spell imbues the subject with a touch of divine guidance.</effect>
						<target>Creature touched</target>
						<saveinfo>Will negates (harmless)</saveinfo>
						<school>
							<school>Divination</school>
							<subschool></subschool>
							<descriptor></descriptor>
							<fullschool>Divination</fullschool>
						</school>
						<source>
							<source>Paizo Inc. - Core Rulebook, p.292</source>
							<sourcelevel>Clr0</sourcelevel>
							<sourcelink>http://paizo.com/pathfinderRPG/prd/spells/guidance.html#_guidance</sourcelink>
							<sourcepage>p.292</sourcepage>
							<sourceshort>CR</sourceshort>
						</source>
						<spell_resistance>Yes</spell_resistance>
						<description>This spell imbues the subject with a touch of divine guidance.</description>
						<bonusspell></bonusspell>
				</spell>
				<spell>
						<name>Light</name>
						<outputname>Light</outputname>
						<times_memorized>1</times_memorized>
						<range>Touch</range>
						<components>V, M/DF</components>
						<castingtime>1 standard action</castingtime>
						<casterlevel>5</casterlevel>
						<concentration>+9</concentration>
						<dc></dc>
						<duration>50 minutes</duration>
						<effect>This spell causes a touched object to glow like a torch.</effect>
						<target>Object touched</target>
						<saveinfo>None</saveinfo>
						<school>
							<school>Evocation</school>
							<subschool></subschool>
							<descriptor>Light, WoodSchool</descriptor>
							<fullschool>Evocation [Light, WoodSchool]</fullschool>
						</school>
						<source>
							<source>Paizo Inc. - Core Rulebook, p.304</source>
							<sourcelevel>Clr0</sourcelevel>
							<sourcelink>http://paizo.com/pathfinderRPG/prd/spells/light.html#_light</sourcelink>
							<sourcepage>p.304</sourcepage>
							<sourceshort>CR</sourceshort>
						</source>
						<spell_resistance>No</spell_resistance>
						<description>This spell causes a touched object to glow like a torch.</description>
						<bonusspell></bonusspell>
				</spell>
				<spell>
						<name>Mending</name>
						<outputname>Mending</outputname>
						<times_memorized>1</times_memorized>
						<range>10 ft.</range>
						<components>V, S</components>
						<castingtime>10 minutes</castingtime>
						<casterlevel>5</casterlevel>
						<concentration>+9</concentration>
						<dc>14</dc>
						<duration>Instantaneous</duration>
						<effect>This spell repairs damaged objects, restoring 1d4 hit points to the object.</effect>
						<target>One object of up to 5 lb.</target>
						<saveinfo>Will negates (harmless, object)</saveinfo>
						<school>
							<school>Transmutation</school>
							<subschool></subschool>
							<descriptor>MetalSchool</descriptor>
							<fullschool>Transmutation [MetalSchool]</fullschool>
						</school>
						<source>
							<source>Paizo Inc. - Core Rulebook, p.312</source>
							<sourcelevel>Clr0</sourcelevel>
							<sourcelink>http://paizo.com/pathfinderRPG/prd/spells/mending.html#_mending</sourcelink>
							<sourcepage>p.312</sourcepage>
							<sourceshort>CR</sourceshort>
						</source>
						<spell_resistance>Yes (harmless, object)</spell_resistance>
						<description>This spell repairs damaged objects, restoring 1d4 hit points to the object.</description>
						<bonusspell></bonusspell>
				</spell>
				<spell>
						<name>Purify Food and Drink</name>
						<outputname>Purify Food and Drink</outputname>
						<times_memorized>1</times_memorized>
						<range>10 ft.</range>
						<components>V, S</components>
						<castingtime>1 standard action</castingtime>
						<casterlevel>5</casterlevel>
						<concentration>+9</concentration>
						<dc>14</dc>
						<duration>Instantaneous</duration>
						<effect>This spell makes spoiled, rotten, diseased, poisonous, or otherwise contaminated food and water pure and suitable for eating and drinking.</effect>
						<target>5 cu. ft. of contaminated food and water</target>
						<saveinfo>Will negates (object)</saveinfo>
						<school>
							<school>Transmutation</school>
							<subschool></subschool>
							<descriptor></descriptor>
							<fullschool>Transmutation</fullschool>
						</school>
						<source>
							<source>Paizo Inc. - Core Rulebook, p.328</source>
							<sourcelevel>Clr0</sourcelevel>
							<sourcelink>http://paizo.com/pathfinderRPG/prd/spells/purifyFoodAndDrink.html#_purify-food-and-drink</sourcelink>
							<sourcepage>p.328</sourcepage>
							<sourceshort>CR</sourceshort>
						</source>
						<spell_resistance>Yes (object)</spell_resistance>
						<description>This spell makes spoiled, rotten, diseased, poisonous, or otherwise contaminated food and water pure and suitable for eating and drinking.</description>
						<bonusspell></bonusspell>
				</spell>
				<spell>
						<name>Read Magic</name>
						<outputname>Read Magic</outputname>
						<times_memorized>1</times_memorized>
						<range>Personal</range>
						<components>V, S, F</components>
						<castingtime>1 standard action</castingtime>
						<casterlevel>5</casterlevel>
						<concentration>+9</concentration>
						<dc></dc>
						<duration>50 minutes</duration>
						<effect>You can decipher magical inscriptions on objects--books, scrolls, weapons, and the like--that would otherwise be unintelligible.</effect>
						<target>You</target>
						<saveinfo></saveinfo>
						<school>
							<school>Divination</school>
							<subschool></subschool>
							<descriptor></descriptor>
							<fullschool>Divination</fullschool>
						</school>
						<source>
							<source>Paizo Inc. - Core Rulebook, p.330</source>
							<sourcelevel>Clr0</sourcelevel>
							<sourcelink>http://paizo.com/pathfinderRPG/prd/spells/readMagic.html#_read-magic</sourcelink>
							<sourcepage>p.330</sourcepage>
							<sourceshort>CR</sourceshort>
						</source>
						<spell_resistance></spell_resistance>
						<description>You can decipher magical inscriptions on objects--books, scrolls, weapons, and the like--that would otherwise be unintelligible.</description>
						<bonusspell></bonusspell>
				</spell>
				<spell>
						<name>Resistance</name>
						<outputname>Resistance</outputname>
						<times_memorized>1</times_memorized>
						<range>Touch</range>
						<components>V, S, M/DF</components>
						<castingtime>1 standard action</castingtime>
						<casterlevel>5</casterlevel>
						<concentration>+9</concentration>
						<dc>14</dc>
						<duration>1 minute</duration>
						<effect>You imbue the subject with magical energy that protects it from harm, granting it a +1 resistance bonus on saves.</effect>
						<target>Creature touched</target>
						<saveinfo>Will negates (harmless)</saveinfo>
						<school>
							<school>Abjuration</school>
							<subschool></subschool>
							<descriptor></descriptor>
							<fullschool>Abjuration</fullschool>
						</school>
						<source>
							<source>Paizo Inc. - Core Rulebook, p.334</source>
							<sourcelevel>Clr0</sourcelevel>
							<sourcelink>http://paizo.com/pathfinderRPG/prd/spells/resistance.html#_resistance</sourcelink>
							<sourcepage>p.334</sourcepage>
							<sourceshort>CR</sourceshort>
						</source>
						<spell_resistance>Yes (harmless)</spell_resistance>
						<description>You imbue the subject with magical energy that protects it from harm, granting it a +1 resistance bonus on saves.</description>
						<bonusspell></bonusspell>
				</spell>
				<spell>
						<name>Spark</name>
						<outputname>Spark</outputname>
						<times_memorized>1</times_memorized>
						<range>Close (35 ft.)</range>
						<components>V or S</components>
						<castingtime>1 standard action</castingtime>
						<casterlevel>5</casterlevel>
						<concentration>+9</concentration>
						<dc>14</dc>
						<duration>Instantaneous</duration>
						<effect>Ignites flammable objects.</effect>
						<target>one Fine object</target>
						<saveinfo>Fortitude negates (object)</saveinfo>
						<school>
							<school>Evocation, FireSchool</school>
							<subschool></subschool>
							<descriptor>Fire</descriptor>
							<fullschool>Evocation, FireSchool [Fire]</fullschool>
						</school>
						<source>
							<source>Paizo Inc. - Advanced Player&#39;s Guide, p.246</source>
							<sourcelevel>Clr0</sourcelevel>
							<sourcelink>http://paizo.com/pathfinderRPG/prd/advanced/spells/spark.html#_spark-</sourcelink>
							<sourcepage>p.246</sourcepage>
							<sourceshort>APG</sourceshort>
						</source>
						<spell_resistance>Yes (object)</spell_resistance>
						<description>Ignites flammable objects.</description>
						<bonusspell></bonusspell>
				</spell>
				<spell>
						<name>Stabilize</name>
						<outputname>Stabilize</outputname>
						<times_memorized>1</times_memorized>
						<range>Close (35 ft.)</range>
						<components>V, S</components>
						<castingtime>1 standard action</castingtime>
						<casterlevel>5</casterlevel>
						<concentration>+9</concentration>
						<dc>14</dc>
						<duration>Instantaneous</duration>
						<effect>Upon casting this spell, you target a living creature that has -1 or fewer hit points.</effect>
						<target>One living creature</target>
						<saveinfo>Will negates (harmless)</saveinfo>
						<school>
							<school>Conjuration</school>
							<subschool>Healing</subschool>
							<descriptor></descriptor>
							<fullschool>Conjuration (Healing)</fullschool>
						</school>
						<source>
							<source>Paizo Inc. - Core Rulebook, p.348</source>
							<sourcelevel>Clr0</sourcelevel>
							<sourcelink>http://paizo.com/pathfinderRPG/prd/spells/stabilize.html#_stabilize</sourcelink>
							<sourcepage>p.348</sourcepage>
							<sourceshort>CR</sourceshort>
						</source>
						<spell_resistance>Yes (harmless)</spell_resistance>
						<description>Upon casting this spell, you target a living creature that has -1 or fewer hit points.</description>
						<bonusspell></bonusspell>
				</spell>
				<spell>
						<name>Vigor</name>
						<outputname>Vigor</outputname>
						<times_memorized>1</times_memorized>
						<range>Touch</range>
						<components>V, S</components>
						<castingtime>Touch</castingtime>
						<casterlevel>5</casterlevel>
						<concentration>+9</concentration>
						<dc>14</dc>
						<duration>1 minute or until discharched</duration>
						<effect>This spell infuses the subject with a small surge of strength. The creature gets a +1 competence bonus on a single melee damage roll. It must choose to use the bonus before making the roll to which it applies. Ranged or spell attacks are unaffected by this spell.</effect>
						<target>Creature touched</target>
						<saveinfo>Will negates (harmless)</saveinfo>
						<school>
							<school>Transmutation</school>
							<subschool></subschool>
							<descriptor></descriptor>
							<fullschool>Transmutation</fullschool>
						</school>
						<source>
							<source>Paizo Inc. - Pathfinder Player Companion: Orcs of Golarion, p.29</source>
							<sourcelevel>Clr0</sourcelevel>
							<sourcelink></sourcelink>
							<sourcepage>p.29</sourcepage>
							<sourceshort>OOG</sourceshort>
						</source>
						<spell_resistance>Yes</spell_resistance>
						<description>This spell infuses the subject with a small surge of strength. The creature gets a +1 competence bonus on a single melee damage roll. It must choose to use the bonus before making the roll to which it applies. Ranged or spell attacks are unaffected by this spell.</description>
						<bonusspell></bonusspell>
				</spell>
				<spell>
						<name>Virtue</name>
						<outputname>Virtue</outputname>
						<times_memorized>1</times_memorized>
						<range>Touch</range>
						<components>V, S, DF</components>
						<castingtime>1 standard action</castingtime>
						<casterlevel>5</casterlevel>
						<concentration>+9</concentration>
						<dc></dc>
						<duration>1 min.</duration>
						<effect>With a touch, you infuse a creature with a tiny surge of life, granting the subject 1 temporary hit point.</effect>
						<target>Creature touched</target>
						<saveinfo>None</saveinfo>
						<school>
							<school>Transmutation</school>
							<subschool></subschool>
							<descriptor></descriptor>
							<fullschool>Transmutation</fullschool>
						</school>
						<source>
							<source>Paizo Inc. - Core Rulebook, p.365</source>
							<sourcelevel>Clr0</sourcelevel>
							<sourcelink>http://paizo.com/pathfinderRPG/prd/spells/virtue.html#_virtue</sourcelink>
							<sourcepage>p.365</sourcepage>
							<sourceshort>CR</sourceshort>
						</source>
						<spell_resistance>Yes (harmless)</spell_resistance>
						<description>With a touch, you infuse a creature with a tiny surge of life, granting the subject 1 temporary hit point.</description>
						<bonusspell></bonusspell>
				</spell>
			</level>
			<level number="1" known="0" cast="4">
				<spell>
						<name>Abstemiousness</name>
						<outputname>Abstemiousness</outputname>
						<times_memorized>1</times_memorized>
						<range>Touch</range>
						<components>V, M</components>
						<castingtime>1 standard action</castingtime>
						<casterlevel>5</casterlevel>
						<concentration>+9</concentration>
						<dc></dc>
						<duration>1 hour</duration>
						<effect>Magically enhance a handful of simple food to satisfy a Medium or smaller creature for one day.</effect>
						<target>A handful of berries, grains, nuts, or rice</target>
						<saveinfo>None</saveinfo>
						<school>
							<school>Transmutation</school>
							<subschool></subschool>
							<descriptor></descriptor>
							<fullschool>Transmutation</fullschool>
						</school>
						<source>
							<source>Paizo Inc. - Pathfinder Player Companion: Faiths of Balance, p.28</source>
							<sourcelevel>Clr1</sourcelevel>
							<sourcelink></sourcelink>
							<sourcepage>p.28</sourcepage>
							<sourceshort>FOB</sourceshort>
						</source>
						<spell_resistance>Yes</spell_resistance>
						<description>Magically enhance a handful of simple food to satisfy a Medium or smaller creature for one day.</description>
						<bonusspell></bonusspell>
				</spell>
				<spell>
						<name>Abundant Ammunition</name>
						<outputname>Abundant Ammunition</outputname>
						<times_memorized>1</times_memorized>
						<range></range>
						<components>V, S, M/DF</components>
						<castingtime>1 standard action</castingtime>
						<casterlevel>5</casterlevel>
						<concentration>+9</concentration>
						<dc></dc>
						<duration>5 minutes</duration>
						<effect>Replaces nonmagical ammunition every round.</effect>
						<target>one container touched</target>
						<saveinfo>None</saveinfo>
						<school>
							<school>Conjuration</school>
							<subschool>Summoning</subschool>
							<descriptor></descriptor>
							<fullschool>Conjuration (Summoning)</fullschool>
						</school>
						<source>
							<source>Paizo Inc. - Ultimate Combat, p.222</source>
							<sourcelevel>Clr1</sourcelevel>
							<sourcelink>http://paizo.com/pathfinderRPG/prd/ultimateCombat/spells/abundantAmmunition.html#_abundant-ammunition</sourcelink>
							<sourcepage>p.222</sourcepage>
							<sourceshort>UC</sourceshort>
						</source>
						<spell_resistance>No</spell_resistance>
						<description>Replaces nonmagical ammunition every round.</description>
						<bonusspell></bonusspell>
				</spell>
				<spell>
						<name>Air Bubble</name>
						<outputname>Air Bubble</outputname>
						<times_memorized>1</times_memorized>
						<range>Touch</range>
						<components>S, M/DF</components>
						<castingtime>1 standard action</castingtime>
						<casterlevel>5</casterlevel>
						<concentration>+9</concentration>
						<dc>15</dc>
						<duration>5 minutes</duration>
						<effect>Creates a small pocket of air around your head or an object.</effect>
						<target>one creature or one object no larger than a Large twohanded weapon</target>
						<saveinfo>Will negates (harmless)</saveinfo>
						<school>
							<school>Conjuration</school>
							<subschool>Creation</subschool>
							<descriptor></descriptor>
							<fullschool>Conjuration (Creation)</fullschool>
						</school>
						<source>
							<source>Paizo Inc. - Ultimate Combat, p.222</source>
							<sourcelevel>Clr1</sourcelevel>
							<sourcelink>http://paizo.com/pathfinderRPG/prd/ultimateCombat/spells/airBubble.html#_air-bubble</sourcelink>
							<sourcepage>p.222</sourcepage>
							<sourceshort>UC</sourceshort>
						</source>
						<spell_resistance>Yes (harmless)</spell_resistance>
						<description>Creates a small pocket of air around your head or an object.</description>
						<bonusspell></bonusspell>
				</spell>
				<spell>
						<name>Ant Haul</name>
						<outputname>Ant Haul</outputname>
						<times_memorized>1</times_memorized>
						<range>Touch</range>
						<components>V, S, M/DF</components>
						<castingtime>1 standard action</castingtime>
						<casterlevel>5</casterlevel>
						<concentration>+9</concentration>
						<dc>15</dc>
						<duration>10 hours</duration>
						<effect>Triples carrying capacity of a creature.</effect>
						<target>creature touched</target>
						<saveinfo>Fortitude negates (harmless)</saveinfo>
						<school>
							<school>Transmutation</school>
							<subschool></subschool>
							<descriptor></descriptor>
							<fullschool>Transmutation</fullschool>
						</school>
						<source>
							<source>Paizo Inc. - Advanced Player&#39;s Guide, p.202</source>
							<sourcelevel>Clr1</sourcelevel>
							<sourcelink>http://paizo.com/pathfinderRPG/prd/advanced/spells/antHaul.html#_ant-haul-</sourcelink>
							<sourcepage>p.202</sourcepage>
							<sourceshort>APG</sourceshort>
						</source>
						<spell_resistance>Yes (harmless)</spell_resistance>
						<description>Triples carrying capacity of a creature.</description>
						<bonusspell></bonusspell>
				</spell>
				<spell>
						<name>Bane</name>
						<outputname>Bane</outputname>
						<times_memorized>1</times_memorized>
						<range>50 ft.</range>
						<components>V, S, DF</components>
						<castingtime>1 standard action</castingtime>
						<casterlevel>5</casterlevel>
						<concentration>+9</concentration>
						<dc>15</dc>
						<duration>5 minutes</duration>
						<effect>Bane fills your enemies with fear and doubt.</effect>
						<target>50-ft.-radius burst, centered on you</target>
						<saveinfo>Will negates</saveinfo>
						<school>
							<school>Enchantment</school>
							<subschool>Compulsion</subschool>
							<descriptor>Fear, Mind-Affecting, Emotion</descriptor>
							<fullschool>Enchantment (Compulsion) [Fear, Mind-Affecting, Emotion]</fullschool>
						</school>
						<source>
							<source>Paizo Inc. - Core Rulebook, p.246</source>
							<sourcelevel>Clr1</sourcelevel>
							<sourcelink>http://paizo.com/pathfinderRPG/prd/spells/bane.html#_bane</sourcelink>
							<sourcepage>p.246</sourcepage>
							<sourceshort>CR</sourceshort>
						</source>
						<spell_resistance>Yes</spell_resistance>
						<description>Bane fills your enemies with fear and doubt.</description>
						<bonusspell></bonusspell>
				</spell>
				<spell>
						<name>Barbed Chains</name>
						<outputname>Barbed Chains</outputname>
						<times_memorized>1</times_memorized>
						<range>Close (35 ft.)</range>
						<components>V,S,M</components>
						<castingtime>1 standard action</castingtime>
						<casterlevel>5</casterlevel>
						<concentration>+9</concentration>
						<dc>15</dc>
						<duration>Instantaneous</duration>
						<effect>Hellish chains attack and cause a target to become shaken.</effect>
						<target>A chain sharpened at one end</target>
						<saveinfo>Will partial (see text)</saveinfo>
						<school>
							<school>Conjuration</school>
							<subschool>Summoning</subschool>
							<descriptor>Emotion, Fear, Mind-Affecting</descriptor>
							<fullschool>Conjuration (Summoning) [Emotion, Fear, Mind-Affecting]</fullschool>
						</school>
						<source>
							<source>Paizo Inc. - Horror Adventures, p.109</source>
							<sourcelevel>Clr1</sourcelevel>
							<sourcelink>http://aonprd.com/SpellDisplay.aspx?ItemName=Barbed%20Chains</sourcelink>
							<sourcepage>p.109</sourcepage>
							<sourceshort>HA</sourceshort>
						</source>
						<spell_resistance>No</spell_resistance>
						<description>Hellish chains attack and cause a target to become shaken.</description>
						<bonusspell></bonusspell>
				</spell>
				<spell>
						<name>Bless</name>
						<outputname>Bless</outputname>
						<times_memorized>1</times_memorized>
						<range>50 ft.</range>
						<components>V, S, DF</components>
						<castingtime>1 standard action</castingtime>
						<casterlevel>5</casterlevel>
						<concentration>+9</concentration>
						<dc></dc>
						<duration>5 minutes</duration>
						<effect>Bless fills your allies with courage.</effect>
						<target>The caster and all allies within a 50-ft. burst, centered on the caster</target>
						<saveinfo>None</saveinfo>
						<school>
							<school>Enchantment</school>
							<subschool>Compulsion</subschool>
							<descriptor>Mind-Affecting</descriptor>
							<fullschool>Enchantment (Compulsion) [Mind-Affecting]</fullschool>
						</school>
						<source>
							<source>Paizo Inc. - Core Rulebook, p.249</source>
							<sourcelevel>Clr1</sourcelevel>
							<sourcelink>http://paizo.com/pathfinderRPG/prd/spells/bless.html#_bless</sourcelink>
							<sourcepage>p.249</sourcepage>
							<sourceshort>CR</sourceshort>
						</source>
						<spell_resistance>Yes (harmless)</spell_resistance>
						<description>Bless fills your allies with courage.</description>
						<bonusspell></bonusspell>
				</spell>
				<spell>
						<name>Bless Water</name>
						<outputname>Bless Water</outputname>
						<times_memorized>1</times_memorized>
						<range>Touch</range>
						<components>V, S, M</components>
						<castingtime>1 minute</castingtime>
						<casterlevel>5</casterlevel>
						<concentration>+9</concentration>
						<dc>15</dc>
						<duration>Instantaneous</duration>
						<effect>This transmutation imbues a flask of water with positive energy, turning it into holy water.</effect>
						<target>Flask of water touched</target>
						<saveinfo>Will negates (object)</saveinfo>
						<school>
							<school>Transmutation</school>
							<subschool></subschool>
							<descriptor>Good</descriptor>
							<fullschool>Transmutation [Good]</fullschool>
						</school>
						<source>
							<source>Paizo Inc. - Core Rulebook, p.249</source>
							<sourcelevel>Clr1</sourcelevel>
							<sourcelink>http://paizo.com/pathfinderRPG/prd/spells/blessWater.html#_bless-water</sourcelink>
							<sourcepage>p.249</sourcepage>
							<sourceshort>CR</sourceshort>
						</source>
						<spell_resistance>Yes (object)</spell_resistance>
						<description>This transmutation imbues a flask of water with positive energy, turning it into holy water.</description>
						<bonusspell></bonusspell>
				</spell>
				<spell>
						<name>Blessed Fist</name>
						<outputname>Blessed Fist</outputname>
						<times_memorized>1</times_memorized>
						<range>Touch</range>
						<components>V, S</components>
						<castingtime>1 standard action</castingtime>
						<casterlevel>5</casterlevel>
						<concentration>+9</concentration>
						<dc>15</dc>
						<duration>5 minutes</duration>
						<effect>Target doesn&#39;t provoke attacks of opportunity with unarmed strikes.</effect>
						<target>creature touched</target>
						<saveinfo>none</saveinfo>
						<school>
							<school>Transmutation</school>
							<subschool></subschool>
							<descriptor>Good</descriptor>
							<fullschool>Transmutation [Good]</fullschool>
						</school>
						<source>
							<source>Paizo Inc. - Advanced Class Guide, p.175</source>
							<sourcelevel>Clr1</sourcelevel>
							<sourcelink>http://paizo.com/pathfinderRPG/prd/advancedClassGuide/spells/blessedFist.html</sourcelink>
							<sourcepage>p.175</sourcepage>
							<sourceshort>ACG</sourceshort>
						</source>
						<spell_resistance>yes</spell_resistance>
						<description>Target doesn&#39;t provoke attacks of opportunity with unarmed strikes.</description>
						<bonusspell></bonusspell>
				</spell>
				<spell>
						<name>Carrion Compass</name>
						<outputname>Carrion Compass</outputname>
						<times_memorized>1</times_memorized>
						<range>Close (35 ft.)</range>
						<components>V,S</components>
						<castingtime>1 standard action</castingtime>
						<casterlevel>5</casterlevel>
						<concentration>+9</concentration>
						<dc>15</dc>
						<duration>50 minutes</duration>
						<effect>You animate one of the target&#39;s fetid organs so that it leads you to the undead creature&#39;s most recent controller or the cause of the creature&#39;s undeath. The organ floats in front of you at chest level and slowly leads you to the undead creature&#39;s most recent controller [if none, creator, or, failing that, place of creation] at a rate of 30 feet per round, always staying within your range of vision. If the creature was self&#173;created, or if the it&#39;s most recent controller no longer exists, the spell fails. Once the organ is within 10 feet of its intended destination, the spell ends, and the organ falls to the ground. If the undead creature to which the organ belonged is destroyed, the spell ends and the organ falls to the ground.</effect>
						<target>One undead creature</target>
						<saveinfo>Will negates</saveinfo>
						<school>
							<school>Divination</school>
							<subschool></subschool>
							<descriptor></descriptor>
							<fullschool>Divination</fullschool>
						</school>
						<source>
							<source>Paizo Inc. - Pathfinder Player Companion: Undead Slayer&#39;s Handbook, p.26</source>
							<sourcelevel>Clr1</sourcelevel>
							<sourcelink></sourcelink>
							<sourcepage>p.26</sourcepage>
							<sourceshort>USH</sourceshort>
						</source>
						<spell_resistance>No</spell_resistance>
						<description>You animate one of the target&#39;s fetid organs so that it leads you to the undead creature&#39;s most recent controller or the cause of the creature&#39;s undeath. The organ floats in front of you at chest level and slowly leads you to the undead creature&#39;s most recent controller (if none, creator, or, failing that, place of creation) at a rate of 30 feet per round, always staying within your range of vision. If the creature was self&#173;created, or if the it&#39;s most recent controller no longer exists, the spell fails. Once the organ is within 10 feet of its intended destination, the spell ends, and the organ falls to the ground. If the undead creature to which the organ belonged is destroyed, the spell ends and the organ falls to the ground.</description>
						<bonusspell></bonusspell>
				</spell>
				<spell>
						<name>Cause Fear</name>
						<outputname>Cause Fear</outputname>
						<times_memorized>1</times_memorized>
						<range>Close (35 ft.)</range>
						<components>V, S</components>
						<castingtime>1 standard action</castingtime>
						<casterlevel>5</casterlevel>
						<concentration>+9</concentration>
						<dc>15</dc>
						<duration>1d4 rounds or 1 round; see text</duration>
						<effect>The affected creature becomes frightened.</effect>
						<target>One living creature with 5 or fewer HD</target>
						<saveinfo>Will partial</saveinfo>
						<school>
							<school>Necromancy</school>
							<subschool></subschool>
							<descriptor>Fear, Mind-Affecting, Emotion</descriptor>
							<fullschool>Necromancy [Fear, Mind-Affecting, Emotion]</fullschool>
						</school>
						<source>
							<source>Paizo Inc. - Core Rulebook, p.252</source>
							<sourcelevel>Clr1</sourcelevel>
							<sourcelink>http://paizo.com/pathfinderRPG/prd/spells/causeFear.html#_cause-fear</sourcelink>
							<sourcepage>p.252</sourcepage>
							<sourceshort>CR</sourceshort>
						</source>
						<spell_resistance>Yes</spell_resistance>
						<description>The affected creature becomes frightened.</description>
						<bonusspell></bonusspell>
				</spell>
				<spell>
						<name>Clarion Call</name>
						<outputname>Clarion Call</outputname>
						<times_memorized>1</times_memorized>
						<range>Touch</range>
						<components>V, S, M</components>
						<castingtime>1 standard action</castingtime>
						<casterlevel>5</casterlevel>
						<concentration>+9</concentration>
						<dc>15</dc>
						<duration>50 minutes</duration>
						<effect>Amplify target&#39;s voice</effect>
						<target>Creature touched</target>
						<saveinfo>Fortitude negates (harmless)</saveinfo>
						<school>
							<school>Illusion</school>
							<subschool></subschool>
							<descriptor></descriptor>
							<fullschool>Illusion</fullschool>
						</school>
						<source>
							<source>Paizo Publishing - Pathfinder Player Companion: Knights of the Inner Sea, p.28</source>
							<sourcelevel>Clr1</sourcelevel>
							<sourcelink></sourcelink>
							<sourcepage>p.28</sourcepage>
							<sourceshort>KOTIS</sourceshort>
						</source>
						<spell_resistance>Yes (harmless)</spell_resistance>
						<description>Amplify target&#39;s voice</description>
						<bonusspell></bonusspell>
				</spell>
				<spell>
						<name>Command</name>
						<outputname>Command</outputname>
						<times_memorized>1</times_memorized>
						<range>Close (35 ft.)</range>
						<components>V</components>
						<castingtime>1 standard action</castingtime>
						<casterlevel>5</casterlevel>
						<concentration>+9</concentration>
						<dc>15</dc>
						<duration>1 round</duration>
						<effect>You give the subject a single command, which it obeys to the best of its ability at its earliest opportunity.</effect>
						<target>One living creature</target>
						<saveinfo>Will negates</saveinfo>
						<school>
							<school>Enchantment</school>
							<subschool>Compulsion</subschool>
							<descriptor>Language-Dependent, Mind-Affecting</descriptor>
							<fullschool>Enchantment (Compulsion) [Language-Dependent, Mind-Affecting]</fullschool>
						</school>
						<source>
							<source>Paizo Inc. - Core Rulebook, p.256</source>
							<sourcelevel>Clr1</sourcelevel>
							<sourcelink>http://paizo.com/pathfinderRPG/prd/spells/command.html#_command</sourcelink>
							<sourcepage>p.256</sourcepage>
							<sourceshort>CR</sourceshort>
						</source>
						<spell_resistance>Yes</spell_resistance>
						<description>You give the subject a single command, which it obeys to the best of its ability at its earliest opportunity.</description>
						<bonusspell></bonusspell>
				</spell>
				<spell>
						<name>Compel Hostility</name>
						<outputname>Compel Hostility</outputname>
						<times_memorized>1</times_memorized>
						<range>Personal</range>
						<components>V, S, M</components>
						<castingtime>1 standard action</castingtime>
						<casterlevel>5</casterlevel>
						<concentration>+9</concentration>
						<dc>15</dc>
						<duration>5 rounds</duration>
						<effect>Compels opponents to attack you instead of your allies.</effect>
						<target>You</target>
						<saveinfo>see text</saveinfo>
						<school>
							<school>Enchantment</school>
							<subschool>Compulsion</subschool>
							<descriptor>Mind-Affecting</descriptor>
							<fullschool>Enchantment (Compulsion) [Mind-Affecting]</fullschool>
						</school>
						<source>
							<source>Paizo Inc. - Ultimate Combat, p.226</source>
							<sourcelevel>Clr1</sourcelevel>
							<sourcelink>http://paizo.com/pathfinderRPG/prd/ultimateCombat/spells/compelHostility.html#_compel-hostility</sourcelink>
							<sourcepage>p.226</sourcepage>
							<sourceshort>UC</sourceshort>
						</source>
						<spell_resistance>see text</spell_resistance>
						<description>Compels opponents to attack you instead of your allies.</description>
						<bonusspell></bonusspell>
				</spell>
				<spell>
						<name>Comprehend Languages</name>
						<outputname>Comprehend Languages</outputname>
						<times_memorized>1</times_memorized>
						<range>Personal</range>
						<components>V, S, M/DF</components>
						<castingtime>1 standard action</castingtime>
						<casterlevel>5</casterlevel>
						<concentration>+9</concentration>
						<dc></dc>
						<duration>50 minutes</duration>
						<effect>You can understand the spoken words of creatures or read otherwise incomprehensible written messages.</effect>
						<target>You</target>
						<saveinfo></saveinfo>
						<school>
							<school>Divination</school>
							<subschool></subschool>
							<descriptor></descriptor>
							<fullschool>Divination</fullschool>
						</school>
						<source>
							<source>Paizo Inc. - Core Rulebook, p.258</source>
							<sourcelevel>Clr1</sourcelevel>
							<sourcelink>http://paizo.com/pathfinderRPG/prd/spells/comprehendLanguages.html#_comprehend-languages</sourcelink>
							<sourcepage>p.258</sourcepage>
							<sourceshort>CR</sourceshort>
						</source>
						<spell_resistance></spell_resistance>
						<description>You can understand the spoken words of creatures or read otherwise incomprehensible written messages.</description>
						<bonusspell></bonusspell>
				</spell>
				<spell>
						<name>Coward&#39;s Cowl</name>
						<outputname>Coward&#39;s Cowl</outputname>
						<times_memorized>1</times_memorized>
						<range>Close (35 ft.)</range>
						<components>V,S</components>
						<castingtime>1 standard action</castingtime>
						<casterlevel>5</casterlevel>
						<concentration>+9</concentration>
						<dc>15</dc>
						<duration>5 minutes</duration>
						<effect>You imbue the target with a compulsion to avoid threats, enhancing its defensive instincts. So long as the affected creature does not move closer to enemies during its turn, or moves at least 5 feet away from adjacent enemies, it gains a +1 morale bonus to its AC, and a +1 morale bonus on saves and on attack rolls made as readied actions and attacks of opportunity. Alternatively, if the affected creature does not close with its enemies, it can increase the DC of all spells it casts as part of a readied action by 1. If the subject of the spell willingly moves toward a threatening creature, the spell immediately ends. While affected by coward&#8217;s cowl, a creature takes a &#8211;2 penalty on all saving throws against fear effects.</effect>
						<target>One creature</target>
						<saveinfo>Will negates (harmless)</saveinfo>
						<school>
							<school>Enchantment</school>
							<subschool></subschool>
							<descriptor>Mind-Affecting</descriptor>
							<fullschool>Enchantment [Mind-Affecting]</fullschool>
						</school>
						<source>
							<source>Paizo Inc. - Agents of Evil, p.30</source>
							<sourcelevel>Clr1</sourcelevel>
							<sourcelink></sourcelink>
							<sourcepage>p.30</sourcepage>
							<sourceshort>AoE</sourceshort>
						</source>
						<spell_resistance>No</spell_resistance>
						<description>You imbue the target with a compulsion to avoid threats, enhancing its defensive instincts. So long as the affected creature does not move closer to enemies during its turn, or moves at least 5 feet away from adjacent enemies, it gains a +1 morale bonus to its AC, and a +1 morale bonus on saves and on attack rolls made as readied actions and attacks of opportunity. Alternatively, if the affected creature does not close with its enemies, it can increase the DC of all spells it casts as part of a readied action by 1. If the subject of the spell willingly moves toward a threatening creature, the spell immediately ends. While affected by coward&#8217;s cowl, a creature takes a &#8211;2 penalty on all saving throws against fear effects.</description>
						<bonusspell></bonusspell>
				</spell>
				<spell>
						<name>Cultural Adaptation</name>
						<outputname>Cultural Adaptation</outputname>
						<times_memorized>1</times_memorized>
						<range>Personal</range>
						<components>V,S,M/DF</components>
						<castingtime>1 standard action</castingtime>
						<casterlevel>5</casterlevel>
						<concentration>+9</concentration>
						<dc></dc>
						<duration>50 minutes</duration>
						<effect>Adapt to fit the local culture.</effect>
						<target>You</target>
						<saveinfo></saveinfo>
						<school>
							<school>Divination</school>
							<subschool></subschool>
							<descriptor></descriptor>
							<fullschool>Divination</fullschool>
						</school>
						<source>
							<source>Paizo Inc. - Ultimate Intrigue, p.208</source>
							<sourcelevel>Clr1</sourcelevel>
							<sourcelink>http://aonprd.com/SpellDisplay.aspx?ItemName=Cultural Adaptation</sourcelink>
							<sourcepage>p.208</sourcepage>
							<sourceshort>UI</sourceshort>
						</source>
						<spell_resistance></spell_resistance>
						<description>Adapt to fit the local culture.</description>
						<bonusspell></bonusspell>
				</spell>
				<spell>
						<name>Cure Light Wounds</name>
						<outputname>Cure Light Wounds</outputname>
						<times_memorized>1</times_memorized>
						<range>Touch</range>
						<components>V, S</components>
						<castingtime>1 standard action</castingtime>
						<casterlevel>5</casterlevel>
						<concentration>+9</concentration>
						<dc>15</dc>
						<duration>Instantaneous</duration>
						<effect>When laying your hand upon a living creature, you channel positive energy that cures 1d8+5 points of damage.</effect>
						<target>Creature touched</target>
						<saveinfo>Will half (harmless); see text</saveinfo>
						<school>
							<school>Conjuration</school>
							<subschool>Healing</subschool>
							<descriptor></descriptor>
							<fullschool>Conjuration (Healing)</fullschool>
						</school>
						<source>
							<source>Paizo Inc. - Core Rulebook, p.263</source>
							<sourcelevel>Clr1</sourcelevel>
							<sourcelink>http://paizo.com/pathfinderRPG/prd/spells/cureLightWounds.html#_cure-light-wounds</sourcelink>
							<sourcepage>p.263</sourcepage>
							<sourceshort>CR</sourceshort>
						</source>
						<spell_resistance>Yes (harmless); see text</spell_resistance>
						<description>When laying your hand upon a living creature, you channel positive energy that cures 1d8+(min(5,CASTERLEVEL)) points of damage.</description>
						<bonusspell></bonusspell>
				</spell>
				<spell>
						<name>Curse Water</name>
						<outputname>Curse Water</outputname>
						<times_memorized>1</times_memorized>
						<range>Touch</range>
						<components>V, S, M</components>
						<castingtime>1 minute</castingtime>
						<casterlevel>5</casterlevel>
						<concentration>+9</concentration>
						<dc>15</dc>
						<duration>Instantaneous</duration>
						<effect>This spell imbues a flask [1 pint] of water with negative energy, turning it into unholy water.</effect>
						<target>Flask of water touched</target>
						<saveinfo>Will negates (object)</saveinfo>
						<school>
							<school>Necromancy</school>
							<subschool></subschool>
							<descriptor>Evil</descriptor>
							<fullschool>Necromancy [Evil]</fullschool>
						</school>
						<source>
							<source>Paizo Inc. - Core Rulebook, p.263</source>
							<sourcelevel>Clr1</sourcelevel>
							<sourcelink>http://paizo.com/pathfinderRPG/prd/spells/curseWater.html#_curse-water</sourcelink>
							<sourcepage>p.263</sourcepage>
							<sourceshort>CR</sourceshort>
						</source>
						<spell_resistance>Yes (object)</spell_resistance>
						<description>This spell imbues a flask (1 pint) of water with negative energy, turning it into unholy water.</description>
						<bonusspell></bonusspell>
				</spell>
				<spell>
						<name>Dancing Lantern</name>
						<outputname>Dancing Lantern</outputname>
						<times_memorized>1</times_memorized>
						<range>Touch</range>
						<components>V, S, F</components>
						<castingtime>1 standard action</castingtime>
						<casterlevel>5</casterlevel>
						<concentration>+9</concentration>
						<dc></dc>
						<duration>5 hours [D]</duration>
						<effect>Animates a lantern that follows you.</effect>
						<target>Animates one lantern</target>
						<saveinfo>None</saveinfo>
						<school>
							<school>Transmutation, FireSchool</school>
							<subschool></subschool>
							<descriptor>Fire, Light</descriptor>
							<fullschool>Transmutation, FireSchool [Fire, Light]</fullschool>
						</school>
						<source>
							<source>Paizo Inc. - Advanced Player&#39;s Guide, p.214</source>
							<sourcelevel>Clr1</sourcelevel>
							<sourcelink>http://paizo.com/pathfinderRPG/prd/advanced/spells/dancingLantern.html#_dancing-lantern-</sourcelink>
							<sourcepage>p.214</sourcepage>
							<sourceshort>APG</sourceshort>
						</source>
						<spell_resistance>No</spell_resistance>
						<description>Animates a lantern that follows you.</description>
						<bonusspell></bonusspell>
				</spell>
				<spell>
						<name>Deadeye&#39;s Lore</name>
						<outputname>Deadeye&#39;s Lore</outputname>
						<times_memorized>1</times_memorized>
						<range>Personal</range>
						<components>V, S</components>
						<castingtime>1 round</castingtime>
						<casterlevel>5</casterlevel>
						<concentration>+9</concentration>
						<dc></dc>
						<duration>5 hours</duration>
						<effect>Gain a +4 bonus on Survival and move full speed while tracking.</effect>
						<target>You</target>
						<saveinfo></saveinfo>
						<school>
							<school>Divination</school>
							<subschool></subschool>
							<descriptor></descriptor>
							<fullschool>Divination</fullschool>
						</school>
						<source>
							<source>Paizo Inc. - Ultimate Combat, p.227</source>
							<sourcelevel>Clr1</sourcelevel>
							<sourcelink>http://paizo.com/pathfinderRPG/prd/ultimateCombat/spells/deadeyeSLore.html#_deadeye&#39;s-lore</sourcelink>
							<sourcepage>p.227</sourcepage>
							<sourceshort>UC</sourceshort>
						</source>
						<spell_resistance></spell_resistance>
						<description>Gain a +4 bonus on Survival and move full speed while tracking.</description>
						<bonusspell></bonusspell>
				</spell>
				<spell>
						<name>Deathwatch</name>
						<outputname>Deathwatch</outputname>
						<times_memorized>1</times_memorized>
						<range>30 ft.</range>
						<components>V, S</components>
						<castingtime>1 standard action</castingtime>
						<casterlevel>5</casterlevel>
						<concentration>+9</concentration>
						<dc></dc>
						<duration>50 minutes</duration>
						<effect>Using the powers of necromancy, you can determine the condition of creatures near death within the spell&#39;s range.</effect>
						<target>Cone-shaped emanation</target>
						<saveinfo>None</saveinfo>
						<school>
							<school>Necromancy</school>
							<subschool></subschool>
							<descriptor></descriptor>
							<fullschool>Necromancy</fullschool>
						</school>
						<source>
							<source>Paizo Inc. - Core Rulebook, p.265</source>
							<sourcelevel>Clr1</sourcelevel>
							<sourcelink>http://paizo.com/pathfinderRPG/prd/spells/deathwatch.html#_deathwatch</sourcelink>
							<sourcepage>p.265</sourcepage>
							<sourceshort>CR</sourceshort>
						</source>
						<spell_resistance>No</spell_resistance>
						<description>Using the powers of necromancy, you can determine the condition of creatures near death within the spell&#39;s range.</description>
						<bonusspell></bonusspell>
				</spell>
				<spell>
						<name>Decompose Corpse</name>
						<outputname>Decompose Corpse</outputname>
						<times_memorized>1</times_memorized>
						<range>Touch</range>
						<components>V, S, M</components>
						<castingtime>1 standard action</castingtime>
						<casterlevel>5</casterlevel>
						<concentration>+9</concentration>
						<dc>15</dc>
						<duration>Instantaneous or 1 minute; see text</duration>
						<effect>Turn corpse into clean skeleton.</effect>
						<target>One corpse or corporeal undead</target>
						<saveinfo>Fortitude negates (object)</saveinfo>
						<school>
							<school>Necromancy</school>
							<subschool></subschool>
							<descriptor></descriptor>
							<fullschool>Necromancy</fullschool>
						</school>
						<source>
							<source>Paizo Inc. - Ultimate Magic, p.216</source>
							<sourcelevel>Clr1</sourcelevel>
							<sourcelink>http://paizo.com/pathfinderRPG/prd/ultimateMagic/spells/decomposeCorpse.html#_decompose-corpse</sourcelink>
							<sourcepage>p.216</sourcepage>
							<sourceshort>UM</sourceshort>
						</source>
						<spell_resistance>Yes (object)</spell_resistance>
						<description>Turn corpse into clean skeleton.</description>
						<bonusspell></bonusspell>
				</spell>
				<spell>
						<name>Desperate Weapon</name>
						<outputname>Desperate Weapon</outputname>
						<times_memorized>1</times_memorized>
						<range>Personal</range>
						<components>V</components>
						<castingtime>1 swift action</castingtime>
						<casterlevel>5</casterlevel>
						<concentration>+9</concentration>
						<dc></dc>
						<duration>5 minutes</duration>
						<effect>Create an improvised weapon.</effect>
						<target>One-handed improvised weapon</target>
						<saveinfo>None</saveinfo>
						<school>
							<school>Conjuration</school>
							<subschool>Creation</subschool>
							<descriptor></descriptor>
							<fullschool>Conjuration (Creation)</fullschool>
						</school>
						<source>
							<source>Paizo Inc. - Ultimate Intrigue, p.210</source>
							<sourcelevel>Clr1</sourcelevel>
							<sourcelink>http://aonprd.com/SpellDisplay.aspx?ItemName=Desperate Weapon</sourcelink>
							<sourcepage>p.210</sourcepage>
							<sourceshort>UI</sourceshort>
						</source>
						<spell_resistance>No</spell_resistance>
						<description>Create an improvised weapon.</description>
						<bonusspell></bonusspell>
				</spell>
				<spell>
						<name>Detect Chaos</name>
						<outputname>Detect Chaos</outputname>
						<times_memorized>1</times_memorized>
						<range>60 ft.</range>
						<components>V, S, DF</components>
						<castingtime>1 standard action</castingtime>
						<casterlevel>5</casterlevel>
						<concentration>+9</concentration>
						<dc></dc>
						<duration>Concentration, up to 50 minutes [D]</duration>
						<effect>You can sense the auras of chaotic creatures.</effect>
						<target>Cone-shaped emanation</target>
						<saveinfo>None</saveinfo>
						<school>
							<school>Divination</school>
							<subschool></subschool>
							<descriptor></descriptor>
							<fullschool>Divination</fullschool>
						</school>
						<source>
							<source>Paizo Inc. - Core Rulebook, p.266</source>
							<sourcelevel>Clr1</sourcelevel>
							<sourcelink>http://paizo.com/pathfinderRPG/prd/spells/detectChaos.html#_detect-chaos</sourcelink>
							<sourcepage>p.266</sourcepage>
							<sourceshort>CR</sourceshort>
						</source>
						<spell_resistance>No</spell_resistance>
						<description>You can sense the auras of chaotic creatures.</description>
						<bonusspell></bonusspell>
				</spell>
				<spell>
						<name>Detect Evil</name>
						<outputname>Detect Evil</outputname>
						<times_memorized>1</times_memorized>
						<range>60 ft.</range>
						<components>V, S, DF</components>
						<castingtime>1 standard action</castingtime>
						<casterlevel>5</casterlevel>
						<concentration>+9</concentration>
						<dc></dc>
						<duration>Concentration, up to 50 minutes [D]</duration>
						<effect>You can sense the presence of evil.</effect>
						<target>Cone-shaped emanation</target>
						<saveinfo>None</saveinfo>
						<school>
							<school>Divination</school>
							<subschool></subschool>
							<descriptor></descriptor>
							<fullschool>Divination</fullschool>
						</school>
						<source>
							<source>Paizo Inc. - Core Rulebook, p.266</source>
							<sourcelevel>Clr1</sourcelevel>
							<sourcelink>http://paizo.com/pathfinderRPG/prd/spells/detectEvil.html#_detect-evil</sourcelink>
							<sourcepage>p.266</sourcepage>
							<sourceshort>CR</sourceshort>
						</source>
						<spell_resistance>No</spell_resistance>
						<description>You can sense the presence of evil.</description>
						<bonusspell></bonusspell>
				</spell>
				<spell>
						<name>Detect Good</name>
						<outputname>Detect Good</outputname>
						<times_memorized>1</times_memorized>
						<range>60 ft.</range>
						<components>V, S, DF</components>
						<castingtime>1 standard action</castingtime>
						<casterlevel>5</casterlevel>
						<concentration>+9</concentration>
						<dc></dc>
						<duration>Concentration, up to 50 minutes [D]</duration>
						<effect>You can sense the presence of good.</effect>
						<target>Cone-shaped emanation</target>
						<saveinfo>None</saveinfo>
						<school>
							<school>Divination</school>
							<subschool></subschool>
							<descriptor></descriptor>
							<fullschool>Divination</fullschool>
						</school>
						<source>
							<source>Paizo Inc. - Core Rulebook, p.267</source>
							<sourcelevel>Clr1</sourcelevel>
							<sourcelink>http://paizo.com/pathfinderRPG/prd/spells/detectGood.html#_detect-good</sourcelink>
							<sourcepage>p.267</sourcepage>
							<sourceshort>CR</sourceshort>
						</source>
						<spell_resistance>No</spell_resistance>
						<description>You can sense the presence of good.</description>
						<bonusspell></bonusspell>
				</spell>
				<spell>
						<name>Detect Law</name>
						<outputname>Detect Law</outputname>
						<times_memorized>1</times_memorized>
						<range>60 ft.</range>
						<components>V, S, DF</components>
						<castingtime>1 standard action</castingtime>
						<casterlevel>5</casterlevel>
						<concentration>+9</concentration>
						<dc></dc>
						<duration>Concentration, up to 50 minutes [D]</duration>
						<effect>You can sense the auras of lawful creatures.</effect>
						<target>Cone-shaped emanation</target>
						<saveinfo>None</saveinfo>
						<school>
							<school>Divination</school>
							<subschool></subschool>
							<descriptor></descriptor>
							<fullschool>Divination</fullschool>
						</school>
						<source>
							<source>Paizo Inc. - Core Rulebook, p.267</source>
							<sourcelevel>Clr1</sourcelevel>
							<sourcelink>http://paizo.com/pathfinderRPG/prd/spells/detectLaw.html#_detect-law</sourcelink>
							<sourcepage>p.267</sourcepage>
							<sourceshort>CR</sourceshort>
						</source>
						<spell_resistance>No</spell_resistance>
						<description>You can sense the auras of lawful creatures.</description>
						<bonusspell></bonusspell>
				</spell>
				<spell>
						<name>Detect the Faithful</name>
						<outputname>Detect the Faithful</outputname>
						<times_memorized>1</times_memorized>
						<range>60 ft.</range>
						<components>V,S,DF</components>
						<castingtime>1 standard action</castingtime>
						<casterlevel>5</casterlevel>
						<concentration>+9</concentration>
						<dc></dc>
						<duration>Concentration, up to 5 minutes [D]</duration>
						<effect>Find others of the same faith.</effect>
						<target>Cone-shaped emanation</target>
						<saveinfo>None</saveinfo>
						<school>
							<school>Divination</school>
							<subschool></subschool>
							<descriptor></descriptor>
							<fullschool>Divination</fullschool>
						</school>
						<source>
							<source>Paizo Inc. - Ultimate Intrigue, p.212</source>
							<sourcelevel>Clr1</sourcelevel>
							<sourcelink>http://aonprd.com/SpellDisplay.aspx?ItemName=Detect the Faithful</sourcelink>
							<sourcepage>p.212</sourcepage>
							<sourceshort>UI</sourceshort>
						</source>
						<spell_resistance>No</spell_resistance>
						<description>Find others of the same faith.</description>
						<bonusspell></bonusspell>
				</spell>
				<spell>
						<name>Detect Undead</name>
						<outputname>Detect Undead</outputname>
						<times_memorized>1</times_memorized>
						<range>60 ft.</range>
						<components>V, S, M/DF</components>
						<castingtime>1 standard action</castingtime>
						<casterlevel>5</casterlevel>
						<concentration>+9</concentration>
						<dc></dc>
						<duration>Concentration, up to 5 minutes [D]</duration>
						<effect>You can detect the aura that surrounds undead creatures.</effect>
						<target>Cone-shaped emanation</target>
						<saveinfo>None</saveinfo>
						<school>
							<school>Divination</school>
							<subschool></subschool>
							<descriptor></descriptor>
							<fullschool>Divination</fullschool>
						</school>
						<source>
							<source>Paizo Inc. - Core Rulebook, p.269</source>
							<sourcelevel>Clr1</sourcelevel>
							<sourcelink>http://paizo.com/pathfinderRPG/prd/spells/detectUndead.html#_detect-undead</sourcelink>
							<sourcepage>p.269</sourcepage>
							<sourceshort>CR</sourceshort>
						</source>
						<spell_resistance>No</spell_resistance>
						<description>You can detect the aura that surrounds undead creatures.</description>
						<bonusspell></bonusspell>
				</spell>
				<spell>
						<name>Diagnose Disease</name>
						<outputname>Diagnose Disease</outputname>
						<times_memorized>1</times_memorized>
						<range>Close (35 ft.)</range>
						<components>V, S</components>
						<castingtime>1 standard action</castingtime>
						<casterlevel>5</casterlevel>
						<concentration>+9</concentration>
						<dc></dc>
						<duration>Instantaneous</duration>
						<effect>Detect and identify diseases.</effect>
						<target>One creature, one object, or a 5-ft. cube</target>
						<saveinfo>None</saveinfo>
						<school>
							<school>Divination</school>
							<subschool></subschool>
							<descriptor></descriptor>
							<fullschool>Divination</fullschool>
						</school>
						<source>
							<source>Paizo Inc. - Ultimate Magic, p.216</source>
							<sourcelevel>Clr1</sourcelevel>
							<sourcelink>http://paizo.com/pathfinderRPG/prd/ultimateMagic/spells/diagnoseDisease.html#_diagnose-disease</sourcelink>
							<sourcepage>p.216</sourcepage>
							<sourceshort>UM</sourceshort>
						</source>
						<spell_resistance>No</spell_resistance>
						<description>Detect and identify diseases.</description>
						<bonusspell></bonusspell>
				</spell>
				<spell>
						<name>Divine Favor</name>
						<outputname>Divine Favor</outputname>
						<times_memorized>1</times_memorized>
						<range>Personal</range>
						<components>V, S, DF</components>
						<castingtime>1 standard action</castingtime>
						<casterlevel>5</casterlevel>
						<concentration>+9</concentration>
						<dc></dc>
						<duration>1 minute</duration>
						<effect>Calling upon the strength and wisdom of a deity, you gain a +1 luck bonus on attack and weapon damage rolls.</effect>
						<target>You</target>
						<saveinfo></saveinfo>
						<school>
							<school>Evocation</school>
							<subschool></subschool>
							<descriptor></descriptor>
							<fullschool>Evocation</fullschool>
						</school>
						<source>
							<source>Paizo Inc. - Core Rulebook, p.273</source>
							<sourcelevel>Clr1</sourcelevel>
							<sourcelink>http://paizo.com/pathfinderRPG/prd/spells/divineFavor.html#_divine-favor</sourcelink>
							<sourcepage>p.273</sourcepage>
							<sourceshort>CR</sourceshort>
						</source>
						<spell_resistance></spell_resistance>
						<description>Calling upon the strength and wisdom of a deity, you gain a +(max(1,min(3,floor(CASTERLEVEL/3)))) luck bonus on attack and weapon damage rolls.</description>
						<bonusspell></bonusspell>
				</spell>
				<spell>
						<name>Doom</name>
						<outputname>Doom</outputname>
						<times_memorized>1</times_memorized>
						<range>Medium (150 ft.)</range>
						<components>V, S, DF</components>
						<castingtime>1 standard action</castingtime>
						<casterlevel>5</casterlevel>
						<concentration>+9</concentration>
						<dc>15</dc>
						<duration>5 minutes</duration>
						<effect>This spell fills a single subject with a feeling of horrible dread that causes it to become shaken.</effect>
						<target>One living creature</target>
						<saveinfo>Will negates</saveinfo>
						<school>
							<school>Necromancy</school>
							<subschool></subschool>
							<descriptor>Fear, Mind-Affecting, Emotion</descriptor>
							<fullschool>Necromancy [Fear, Mind-Affecting, Emotion]</fullschool>
						</school>
						<source>
							<source>Paizo Inc. - Core Rulebook, p.274</source>
							<sourcelevel>Clr1</sourcelevel>
							<sourcelink>http://paizo.com/pathfinderRPG/prd/spells/doom.html#_doom</sourcelink>
							<sourcepage>p.274</sourcepage>
							<sourceshort>CR</sourceshort>
						</source>
						<spell_resistance>Yes</spell_resistance>
						<description>This spell fills a single subject with a feeling of horrible dread that causes it to become shaken.</description>
						<bonusspell></bonusspell>
				</spell>
				<spell>
						<name>Egorian Diplomacy</name>
						<outputname>Egorian Diplomacy</outputname>
						<times_memorized>1</times_memorized>
						<range>Close (35 ft.)</range>
						<components>V,S,M</components>
						<castingtime>1 standard action</castingtime>
						<casterlevel>5</casterlevel>
						<concentration>+9</concentration>
						<dc>15</dc>
						<duration>Instant; see text</duration>
						<effect>As part of casting this spell, you can attempt a single Intimidate skill check to make a target act friendly toward you. If you succeed, the target assists you normally, but Egorian diplomacy clouds the memory of any threats or pressure you applied. The target remembers assisting you, but can&#39;t remember why, and its attitude toward you doesn&#39;t worsen as a result of being intimidated. Whether a creature fails or succeeds at its saving throw, it becomes immune to further castings of Egorian diplomacy for 24 hours.</effect>
						<target>One creature</target>
						<saveinfo>Will negates</saveinfo>
						<school>
							<school>Enchantment</school>
							<subschool>Compulsion</subschool>
							<descriptor>Mind-Affecting</descriptor>
							<fullschool>Enchantment (Compulsion) [Mind-Affecting]</fullschool>
						</school>
						<source>
							<source>Paizo Inc. - Pathfinder Player Companion: Spymaster&#39;s Handbook, p.28</source>
							<sourcelevel>Clr1</sourcelevel>
							<sourcelink></sourcelink>
							<sourcepage>p.28</sourcepage>
							<sourceshort>SMH</sourceshort>
						</source>
						<spell_resistance>Yes</spell_resistance>
						<description>As part of casting this spell, you can attempt a single Intimidate skill check to make a target act friendly toward you. If you succeed, the target assists you normally, but Egorian diplomacy clouds the memory of any threats or pressure you applied. The target remembers assisting you, but can&#39;t remember why, and its attitude toward you doesn&#39;t worsen as a result of being intimidated. Whether a creature fails or succeeds at its saving throw, it becomes immune to further castings of Egorian diplomacy for 24 hours.</description>
						<bonusspell></bonusspell>
				</spell>
				<spell>
						<name>Endure Elements</name>
						<outputname>Endure Elements</outputname>
						<times_memorized>1</times_memorized>
						<range>Touch</range>
						<components>V, S</components>
						<castingtime>1 standard action</castingtime>
						<casterlevel>5</casterlevel>
						<concentration>+9</concentration>
						<dc>15</dc>
						<duration>24 hours</duration>
						<effect>A creature protected by endure elements suffers no harm from being in a hot or cold environment.</effect>
						<target>Creature touched</target>
						<saveinfo>Will negates (harmless)</saveinfo>
						<school>
							<school>Abjuration</school>
							<subschool></subschool>
							<descriptor></descriptor>
							<fullschool>Abjuration</fullschool>
						</school>
						<source>
							<source>Paizo Inc. - Core Rulebook, p.277</source>
							<sourcelevel>Clr1</sourcelevel>
							<sourcelink>http://paizo.com/pathfinderRPG/prd/spells/endureElements.html#_endure-elements</sourcelink>
							<sourcepage>p.277</sourcepage>
							<sourceshort>CR</sourceshort>
						</source>
						<spell_resistance>Yes (harmless)</spell_resistance>
						<description>A creature protected by endure elements suffers no harm from being in a hot or cold environment.</description>
						<bonusspell></bonusspell>
				</spell>
				<spell>
						<name>Endure Elements (Cold Environment)</name>
						<outputname>Endure Elements (Cold Environment)</outputname>
						<times_memorized>1</times_memorized>
						<range>Touch</range>
						<components>V, S</components>
						<castingtime>1 standard action</castingtime>
						<casterlevel>5</casterlevel>
						<concentration>+9</concentration>
						<dc>15</dc>
						<duration>24 hours</duration>
						<effect>A creature protected by endure elements suffers no harm from being in a hot or cold environment.</effect>
						<target>Creature touched</target>
						<saveinfo>Will negates (harmless)</saveinfo>
						<school>
							<school>Abjuration</school>
							<subschool></subschool>
							<descriptor></descriptor>
							<fullschool>Abjuration</fullschool>
						</school>
						<source>
							<source>Paizo Inc. - Core Rulebook, p.277</source>
							<sourcelevel>Clr1</sourcelevel>
							<sourcelink>http://paizo.com/pathfinderRPG/prd/spells/endureElements.html#_endure-elements</sourcelink>
							<sourcepage>p.277</sourcepage>
							<sourceshort>CR</sourceshort>
						</source>
						<spell_resistance>Yes (harmless)</spell_resistance>
						<description>A creature protected by endure elements suffers no harm from being in a hot or cold environment.</description>
						<bonusspell></bonusspell>
				</spell>
				<spell>
						<name>Enhance Water</name>
						<outputname>Enhance Water</outputname>
						<times_memorized>1</times_memorized>
						<range>Touch</range>
						<components>V, S</components>
						<castingtime>1 round</castingtime>
						<casterlevel>5</casterlevel>
						<concentration>+9</concentration>
						<dc>15</dc>
						<duration>Instantaneous</duration>
						<effect>Transform water into an alcoholic beverage, typically ale, beer, mead, or wine.</effect>
						<target>5 pints of water</target>
						<saveinfo>Fortitude negates (object)</saveinfo>
						<school>
							<school>Transmutation</school>
							<subschool></subschool>
							<descriptor></descriptor>
							<fullschool>Transmutation</fullschool>
						</school>
						<source>
							<source>Paizo Inc. - Pathfinder Player Companion: Faiths of Purity, p.28</source>
							<sourcelevel>Clr1</sourcelevel>
							<sourcelink></sourcelink>
							<sourcepage>p.28</sourcepage>
							<sourceshort>FOP</sourceshort>
						</source>
						<spell_resistance>Yes (object)</spell_resistance>
						<description>Transform water into an alcoholic beverage, typically ale, beer, mead, or wine.</description>
						<bonusspell></bonusspell>
				</spell>
				<spell>
						<name>Entropic Shield</name>
						<outputname>Entropic Shield</outputname>
						<times_memorized>1</times_memorized>
						<range>Personal</range>
						<components>V, S</components>
						<castingtime>1 standard action</castingtime>
						<casterlevel>5</casterlevel>
						<concentration>+9</concentration>
						<dc></dc>
						<duration>5 minutes [D]</duration>
						<effect>A magical field appears around you, glowing with a chaotic blast of multicolored hues deflecting incoming arrows, rays, and other ranged attacks.</effect>
						<target>You</target>
						<saveinfo></saveinfo>
						<school>
							<school>Abjuration</school>
							<subschool></subschool>
							<descriptor></descriptor>
							<fullschool>Abjuration</fullschool>
						</school>
						<source>
							<source>Paizo Inc. - Core Rulebook, p.278</source>
							<sourcelevel>Clr1</sourcelevel>
							<sourcelink>http://paizo.com/pathfinderRPG/prd/spells/entropicShield.html#_entropic-shield</sourcelink>
							<sourcepage>p.278</sourcepage>
							<sourceshort>CR</sourceshort>
						</source>
						<spell_resistance></spell_resistance>
						<description>A magical field appears around you, glowing with a chaotic blast of multicolored hues deflecting incoming arrows, rays, and other ranged attacks.</description>
						<bonusspell></bonusspell>
				</spell>
				<spell>
						<name>Fairness</name>
						<outputname>Fairness</outputname>
						<times_memorized>1</times_memorized>
						<range>Close (35 ft.)</range>
						<components>V, S, DF</components>
						<castingtime>1 full-round action</castingtime>
						<casterlevel>5</casterlevel>
						<concentration>+9</concentration>
						<dc>15</dc>
						<duration>5 minutes</duration>
						<effect>Targets must trade fairly to the best of their knowledge.</effect>
						<target>5 humanoid creatures</target>
						<saveinfo>Will negates</saveinfo>
						<school>
							<school>Enchantment</school>
							<subschool>Compulsion</subschool>
							<descriptor>Mind-Affecting</descriptor>
							<fullschool>Enchantment (Compulsion) [Mind-Affecting]</fullschool>
						</school>
						<source>
							<source>Paizo Inc. - Pathfinder Player Companion: Faiths of Balance, p.28</source>
							<sourcelevel>Clr1</sourcelevel>
							<sourcelink></sourcelink>
							<sourcepage>p.28</sourcepage>
							<sourceshort>FOB</sourceshort>
						</source>
						<spell_resistance>Yes</spell_resistance>
						<description>Targets must trade fairly to the best of their knowledge.</description>
						<bonusspell></bonusspell>
				</spell>
				<spell>
						<name>Forbid Action</name>
						<outputname>Forbid Action</outputname>
						<times_memorized>1</times_memorized>
						<range>Close (35 ft.)</range>
						<components>V</components>
						<castingtime>1 standard action</castingtime>
						<casterlevel>5</casterlevel>
						<concentration>+9</concentration>
						<dc>15</dc>
						<duration>1 round</duration>
						<effect>Target obeys your command to not do something.</effect>
						<target>One creature</target>
						<saveinfo>Will negates</saveinfo>
						<school>
							<school>Enchantment</school>
							<subschool>Compulsion</subschool>
							<descriptor>Language-Dependent, Mind-Affecting</descriptor>
							<fullschool>Enchantment (Compulsion) [Language-Dependent, Mind-Affecting]</fullschool>
						</school>
						<source>
							<source>Paizo Inc. - Ultimate Magic, p.220</source>
							<sourcelevel>Clr1</sourcelevel>
							<sourcelink>http://paizo.com/pathfinderRPG/prd/ultimateMagic/spells/forbidAction.html#_forbid-action</sourcelink>
							<sourcepage>p.220</sourcepage>
							<sourceshort>UM</sourceshort>
						</source>
						<spell_resistance>Yes</spell_resistance>
						<description>Target obeys your command to not do something.</description>
						<bonusspell></bonusspell>
				</spell>
				<spell>
						<name>Gorum&#39;s Armor</name>
						<outputname>Gorum&#39;s Armor</outputname>
						<times_memorized>1</times_memorized>
						<range>Touch</range>
						<components>V, S, M</components>
						<castingtime>1 standard action</castingtime>
						<casterlevel>5</casterlevel>
						<concentration>+9</concentration>
						<dc>15</dc>
						<duration>50 minutes</duration>
						<effect>Targeted object sprouts thousand of tiny iron spikes. These act as armor/shield spikes [enhanced at CL 5+], causing 1 point of piercing damage for each opponent&#39;s natural attack that hits.</effect>
						<target>One suit of metal armor or one metal shield</target>
						<saveinfo>Fortitude negates (harmless)</saveinfo>
						<school>
							<school>Transmutation</school>
							<subschool></subschool>
							<descriptor></descriptor>
							<fullschool>Transmutation</fullschool>
						</school>
						<source>
							<source>Paizo Inc. - Inner Sea World Guide, p.294</source>
							<sourcelevel>Clr1</sourcelevel>
							<sourcelink></sourcelink>
							<sourcepage>p.294</sourcepage>
							<sourceshort>ISWG</sourceshort>
						</source>
						<spell_resistance>Yes (harmless)</spell_resistance>
						<description>Targeted object sprouts thousand of tiny iron spikes. These act as armor/shield spikes [enhanced at CL 5+], causing 1 point of piercing damage for each opponent&#39;s natural attack that hits.</description>
						<bonusspell></bonusspell>
				</spell>
				<spell>
						<name>Grasping Corpse</name>
						<outputname>Grasping Corpse</outputname>
						<times_memorized>1</times_memorized>
						<range>Close (35 ft.)</range>
						<components>V,S,M</components>
						<castingtime>1 standard action</castingtime>
						<casterlevel>5</casterlevel>
						<concentration>+9</concentration>
						<dc></dc>
						<duration>Instantaneous</duration>
						<effect>Cause a corpse to grab or trip a foe.</effect>
						<target>One corpse</target>
						<saveinfo>None</saveinfo>
						<school>
							<school>Necromancy</school>
							<subschool></subschool>
							<descriptor>Evil</descriptor>
							<fullschool>Necromancy [Evil]</fullschool>
						</school>
						<source>
							<source>Paizo Inc. - Horror Adventures, p.118</source>
							<sourcelevel>Clr1</sourcelevel>
							<sourcelink>http://aonprd.com/SpellDisplay.aspx?ItemName=Grasping%20Corpse</sourcelink>
							<sourcepage>p.118</sourcepage>
							<sourceshort>HA</sourceshort>
						</source>
						<spell_resistance>No</spell_resistance>
						<description>Cause a corpse to grab or trip a foe.</description>
						<bonusspell></bonusspell>
				</spell>
				<spell>
						<name>Hairline Fractures</name>
						<outputname>Hairline Fractures</outputname>
						<times_memorized>1</times_memorized>
						<range>Touch</range>
						<components>V, S, M</components>
						<castingtime>1 standard action</castingtime>
						<casterlevel>5</casterlevel>
						<concentration>+9</concentration>
						<dc>15</dc>
						<duration>5 rounds</duration>
						<effect>You create momentary hairline fractures in a piece of stone or a creature with the earth subtype.</effect>
						<target>5-ft.-square section of stone or a creature with the earth subtype</target>
						<saveinfo>Fortitude negates (object)</saveinfo>
						<school>
							<school>Transmutation</school>
							<subschool></subschool>
							<descriptor></descriptor>
							<fullschool>Transmutation</fullschool>
						</school>
						<source>
							<source>Paizo Inc. - Pathfinder Player Companion: Faiths of Purity, p.28</source>
							<sourcelevel>Clr1</sourcelevel>
							<sourcelink></sourcelink>
							<sourcepage>p.28</sourcepage>
							<sourceshort>FOP</sourceshort>
						</source>
						<spell_resistance>Yes (object)</spell_resistance>
						<description>You create momentary hairline fractures in a piece of stone or a creature with the earth subtype.</description>
						<bonusspell></bonusspell>
				</spell>
				<spell>
						<name>Haze of Dreams</name>
						<outputname>Haze of Dreams</outputname>
						<times_memorized>1</times_memorized>
						<range>Close (35 ft.)</range>
						<components>V, M</components>
						<castingtime>1 standard action</castingtime>
						<casterlevel>5</casterlevel>
						<concentration>+9</concentration>
						<dc>15</dc>
						<duration>5 rounds</duration>
						<effect>You fill an enemy&#39;s head with waking dreams, reducing the target&#39;s speet by half.</effect>
						<target>One Creature</target>
						<saveinfo>Will negates</saveinfo>
						<school>
							<school>Enchantment</school>
							<subschool>Charm</subschool>
							<descriptor>Mind-Affecting</descriptor>
							<fullschool>Enchantment (Charm) [Mind-Affecting]</fullschool>
						</school>
						<source>
							<source>Paizo Inc. - Pathfinder Player Companion: Faiths of Purity, p.28</source>
							<sourcelevel>Clr1</sourcelevel>
							<sourcelink></sourcelink>
							<sourcepage>p.28</sourcepage>
							<sourceshort>FOP</sourceshort>
						</source>
						<spell_resistance>Yes</spell_resistance>
						<description>You fill an enemy&#39;s head with waking dreams, reducing the target&#39;s speet by half.</description>
						<bonusspell></bonusspell>
				</spell>
				<spell>
						<name>Hedging Weapons</name>
						<outputname>Hedging Weapons</outputname>
						<times_memorized>1</times_memorized>
						<range>Personal</range>
						<components>V,S,DF</components>
						<castingtime>1 standard action</castingtime>
						<casterlevel>5</casterlevel>
						<concentration>+9</concentration>
						<dc></dc>
						<duration>5 minutes [D]</duration>
						<effect>Floating weapons protect you and make ranged attacks.</effect>
						<target>You</target>
						<saveinfo></saveinfo>
						<school>
							<school>Abjuration</school>
							<subschool></subschool>
							<descriptor>Force</descriptor>
							<fullschool>Abjuration [Force]</fullschool>
						</school>
						<source>
							<source>Paizo Inc. - Horror Adventures, p.119</source>
							<sourcelevel>Clr1</sourcelevel>
							<sourcelink>http://aonprd.com/SpellDisplay.aspx?ItemName=Hedging%20Weapons</sourcelink>
							<sourcepage>p.119</sourcepage>
							<sourceshort>HA</sourceshort>
						</source>
						<spell_resistance></spell_resistance>
						<description>Floating weapons protect you and make ranged attacks.</description>
						<bonusspell></bonusspell>
				</spell>
				<spell>
						<name>Hidden Spring</name>
						<outputname>Hidden Spring</outputname>
						<times_memorized>1</times_memorized>
						<range>Touch</range>
						<components>V,S,F</components>
						<castingtime>1 hour</castingtime>
						<casterlevel>5</casterlevel>
						<concentration>+9</concentration>
						<dc></dc>
						<duration>5 hours</duration>
						<effect>Discover a temporary spring of fresh, flowing water.</effect>
						<target>A spring of fresh water</target>
						<saveinfo>None</saveinfo>
						<school>
							<school>Transmutation</school>
							<subschool></subschool>
							<descriptor>Water</descriptor>
							<fullschool>Transmutation [Water]</fullschool>
						</school>
						<source>
							<source>Paizo Inc. - Ultimate Wilderness, p.231</source>
							<sourcelevel>Clr1</sourcelevel>
							<sourcelink></sourcelink>
							<sourcepage>p.231</sourcepage>
							<sourceshort>UW</sourceshort>
						</source>
						<spell_resistance>No</spell_resistance>
						<description>Discover a temporary spring of fresh, flowing water.</description>
						<bonusspell></bonusspell>
				</spell>
				<spell>
						<name>Hide from Undead</name>
						<outputname>Hide from Undead</outputname>
						<times_memorized>1</times_memorized>
						<range>Touch</range>
						<components>V, S, DF</components>
						<castingtime>1 standard action</castingtime>
						<casterlevel>5</casterlevel>
						<concentration>+9</concentration>
						<dc>15</dc>
						<duration>50 minutes [D]</duration>
						<effect>Undead cannot see, hear, or smell creatures warded by this spell.</effect>
						<target>5 creatures touched</target>
						<saveinfo>Will negates (harmless); see text</saveinfo>
						<school>
							<school>Abjuration</school>
							<subschool></subschool>
							<descriptor></descriptor>
							<fullschool>Abjuration</fullschool>
						</school>
						<source>
							<source>Paizo Inc. - Core Rulebook, p.296</source>
							<sourcelevel>Clr1</sourcelevel>
							<sourcelink>http://paizo.com/pathfinderRPG/prd/spells/hideFromUndead.html#_hide-from-undead</sourcelink>
							<sourcepage>p.296</sourcepage>
							<sourceshort>CR</sourceshort>
						</source>
						<spell_resistance>Yes</spell_resistance>
						<description>Undead cannot see, hear, or smell creatures warded by this spell.</description>
						<bonusspell></bonusspell>
				</spell>
				<spell>
						<name>Infernal Healing</name>
						<outputname>Infernal Healing</outputname>
						<times_memorized>1</times_memorized>
						<range>Touch</range>
						<components>V, S, M</components>
						<castingtime>1 round</castingtime>
						<casterlevel>5</casterlevel>
						<concentration>+9</concentration>
						<dc>15</dc>
						<duration>1 minute</duration>
						<effect>Anoint a wounded creature with devil&#39;s blood or unholy water giving it fast healing 1. Does not repair silver or good damage. Target detects as evil for the duration.</effect>
						<target>Creature touched</target>
						<saveinfo>Will negates (harmless)</saveinfo>
						<school>
							<school>Conjuration</school>
							<subschool>Healing</subschool>
							<descriptor>Evil</descriptor>
							<fullschool>Conjuration (Healing) [Evil]</fullschool>
						</school>
						<source>
							<source>Paizo Inc. - Inner Sea World Guide, p.295</source>
							<sourcelevel>Clr1</sourcelevel>
							<sourcelink></sourcelink>
							<sourcepage>p.295</sourcepage>
							<sourceshort>ISWG</sourceshort>
						</source>
						<spell_resistance>Yes (harmless)</spell_resistance>
						<description>Anoint a wounded creature with devil&#39;s blood or unholy water giving it fast healing 1. Does not repair silver or good damage. Target detects as evil for the duration.</description>
						<bonusspell></bonusspell>
				</spell>
				<spell>
						<name>Inflict Light Wounds</name>
						<outputname>Inflict Light Wounds</outputname>
						<times_memorized>1</times_memorized>
						<range>Touch</range>
						<components>V, S</components>
						<castingtime>1 standard action</castingtime>
						<casterlevel>5</casterlevel>
						<concentration>+9</concentration>
						<dc>15</dc>
						<duration>Instantaneous</duration>
						<effect>When laying your hand upon a creature, you channel negative energy that deals 1d8+5 points of damage.</effect>
						<target>Creature touched</target>
						<saveinfo>Will half</saveinfo>
						<school>
							<school>Necromancy</school>
							<subschool></subschool>
							<descriptor></descriptor>
							<fullschool>Necromancy</fullschool>
						</school>
						<source>
							<source>Paizo Inc. - Core Rulebook, p.300</source>
							<sourcelevel>Clr1</sourcelevel>
							<sourcelink>http://paizo.com/pathfinderRPG/prd/spells/inflictLightWounds.html#_inflict-light-wounds</sourcelink>
							<sourcepage>p.300</sourcepage>
							<sourceshort>CR</sourceshort>
						</source>
						<spell_resistance>Yes</spell_resistance>
						<description>When laying your hand upon a creature, you channel negative energy that deals 1d8+(min(5,CASTERLEVEL)) points of damage.</description>
						<bonusspell></bonusspell>
				</spell>
				<spell>
						<name>Know the Enemy</name>
						<outputname>Know the Enemy</outputname>
						<times_memorized>1</times_memorized>
						<range>Personal</range>
						<components>V, S, DF</components>
						<castingtime>1 minute</castingtime>
						<casterlevel>5</casterlevel>
						<concentration>+9</concentration>
						<dc></dc>
						<duration>Instantaneous</duration>
						<effect>Gain +10 on a monster Knowledge check.</effect>
						<target>You</target>
						<saveinfo>None</saveinfo>
						<school>
							<school>Divination</school>
							<subschool></subschool>
							<descriptor></descriptor>
							<fullschool>Divination</fullschool>
						</school>
						<source>
							<source>Paizo Inc. - Ultimate Magic, p.226</source>
							<sourcelevel>Clr1</sourcelevel>
							<sourcelink>http://paizo.com/pathfinderRPG/prd/ultimateMagic/spells/knowTheEnemy.html#_know-the-enemy</sourcelink>
							<sourcepage>p.226</sourcepage>
							<sourceshort>UM</sourceshort>
						</source>
						<spell_resistance>No</spell_resistance>
						<description>Gain +10 on a monster Knowledge check.</description>
						<bonusspell></bonusspell>
				</spell>
				<spell>
						<name>Liberating Command</name>
						<outputname>Liberating Command</outputname>
						<times_memorized>1</times_memorized>
						<range>Close (35 ft.)</range>
						<components>V</components>
						<castingtime>1 immediate action</castingtime>
						<casterlevel>5</casterlevel>
						<concentration>+9</concentration>
						<dc>15</dc>
						<duration>instantaneous</duration>
						<effect>Target makes an Escape Artist check as an immediate action and gains a bonus on it.</effect>
						<target>one creature</target>
						<saveinfo>Will negates (harmless)</saveinfo>
						<school>
							<school>Transmutation</school>
							<subschool></subschool>
							<descriptor></descriptor>
							<fullschool>Transmutation</fullschool>
						</school>
						<source>
							<source>Paizo Inc. - Ultimate Combat, p.233</source>
							<sourcelevel>Clr1</sourcelevel>
							<sourcelink>http://paizo.com/pathfinderRPG/prd/ultimateCombat/spells/liberatingCommand.html#_liberating-command</sourcelink>
							<sourcepage>p.233</sourcepage>
							<sourceshort>UC</sourceshort>
						</source>
						<spell_resistance>Yes (harmless)</spell_resistance>
						<description>Target makes an Escape Artist check as an immediate action and gains a bonus on it.</description>
						<bonusspell></bonusspell>
				</spell>
				<spell>
						<name>Lighten Object</name>
						<outputname>Lighten Object</outputname>
						<times_memorized>1</times_memorized>
						<range>CLose (35 ft.)</range>
						<components>V, M</components>
						<castingtime>1 standard action</castingtime>
						<casterlevel>5</casterlevel>
						<concentration>+9</concentration>
						<dc>15</dc>
						<duration>5 minutes</duration>
						<effect>Decrease target object&#39;s weight by half.</effect>
						<target>1 object of 5 cubic ft.</target>
						<saveinfo>Will negates (object)</saveinfo>
						<school>
							<school>Transmutation</school>
							<subschool></subschool>
							<descriptor></descriptor>
							<fullschool>Transmutation</fullschool>
						</school>
						<source>
							<source>Paizo Inc. - Pathfinder Player Companion: Faiths of Balance, p.28</source>
							<sourcelevel>Clr1</sourcelevel>
							<sourcelink></sourcelink>
							<sourcepage>p.28</sourcepage>
							<sourceshort>FOB</sourceshort>
						</source>
						<spell_resistance>Yes (object)</spell_resistance>
						<description>Decrease target object&#39;s weight by half.</description>
						<bonusspell></bonusspell>
				</spell>
				<spell>
						<name>Magic Stone</name>
						<outputname>Magic Stone</outputname>
						<times_memorized>1</times_memorized>
						<range>Touch</range>
						<components>V, S, DF</components>
						<castingtime>1 standard action</castingtime>
						<casterlevel>5</casterlevel>
						<concentration>+9</concentration>
						<dc>15</dc>
						<duration>30 minutes or until discharged</duration>
						<effect>You transmute as many as three pebbles, which can be no larger than sling bullets, so that they strike with great force when thrown or slung.</effect>
						<target>Up to three pebbles touched</target>
						<saveinfo>Will negates (harmless, object)</saveinfo>
						<school>
							<school>Transmutation</school>
							<subschool></subschool>
							<descriptor></descriptor>
							<fullschool>Transmutation</fullschool>
						</school>
						<source>
							<source>Paizo Inc. - Core Rulebook, p.310</source>
							<sourcelevel>Clr1</sourcelevel>
							<sourcelink>http://paizo.com/pathfinderRPG/prd/spells/magicStone.html#_magic-stone</sourcelink>
							<sourcepage>p.310</sourcepage>
							<sourceshort>CR</sourceshort>
						</source>
						<spell_resistance>Yes (harmless, object)</spell_resistance>
						<description>You transmute as many as three pebbles, which can be no larger than sling bullets, so that they strike with great force when thrown or slung.</description>
						<bonusspell></bonusspell>
				</spell>
				<spell>
						<name>Magic Weapon</name>
						<outputname>Magic Weapon</outputname>
						<times_memorized>1</times_memorized>
						<range>Touch</range>
						<components>V, S, DF</components>
						<castingtime>1 standard action</castingtime>
						<casterlevel>5</casterlevel>
						<concentration>+9</concentration>
						<dc>15</dc>
						<duration>5 minutes</duration>
						<effect>Magic weapon gives a weapon a +1 enhancement bonus on attack and damage rolls.</effect>
						<target>Weapon touched</target>
						<saveinfo>Will negates (harmless, object)</saveinfo>
						<school>
							<school>Transmutation</school>
							<subschool></subschool>
							<descriptor>MetalSchool</descriptor>
							<fullschool>Transmutation [MetalSchool]</fullschool>
						</school>
						<source>
							<source>Paizo Inc. - Core Rulebook, p.310</source>
							<sourcelevel>Clr1</sourcelevel>
							<sourcelink>http://paizo.com/pathfinderRPG/prd/spells/magicWeapon.html#_magic-weapon</sourcelink>
							<sourcepage>p.310</sourcepage>
							<sourceshort>CR</sourceshort>
						</source>
						<spell_resistance>Yes (harmless, object)</spell_resistance>
						<description>Magic weapon gives a weapon a +1 enhancement bonus on attack and damage rolls.</description>
						<bonusspell></bonusspell>
				</spell>
				<spell>
						<name>Moment of Greatness</name>
						<outputname>Moment of Greatness</outputname>
						<times_memorized>1</times_memorized>
						<range>50 ft.</range>
						<components>V, S, M/DF</components>
						<castingtime>1 standard action</castingtime>
						<casterlevel>5</casterlevel>
						<concentration>+9</concentration>
						<dc></dc>
						<duration>5 minutes or until discharged</duration>
						<effect>Doubles a morale bonus.</effect>
						<target>The caster and allies within a 50-ft. burst centered on the caster</target>
						<saveinfo>None</saveinfo>
						<school>
							<school>Enchantment</school>
							<subschool>Compulsion</subschool>
							<descriptor>Mind-Affecting</descriptor>
							<fullschool>Enchantment (Compulsion) [Mind-Affecting]</fullschool>
						</school>
						<source>
							<source>Paizo Inc. - Ultimate Combat, p.237</source>
							<sourcelevel>Clr1</sourcelevel>
							<sourcelink>http://paizo.com/pathfinderRPG/prd/ultimateCombat/spells/momentOfGreatness.html#_moment-of-greatness</sourcelink>
							<sourcepage>p.237</sourcepage>
							<sourceshort>UC</sourceshort>
						</source>
						<spell_resistance>Yes (harmless)</spell_resistance>
						<description>Doubles a morale bonus.</description>
						<bonusspell></bonusspell>
				</spell>
				<spell>
						<name>Murderous Command</name>
						<outputname>Murderous Command</outputname>
						<times_memorized>1</times_memorized>
						<range>Close (35 ft.)</range>
						<components>V</components>
						<castingtime>1 standard action</castingtime>
						<casterlevel>5</casterlevel>
						<concentration>+9</concentration>
						<dc>15</dc>
						<duration>1 round</duration>
						<effect>Target is compelled to kill its ally.</effect>
						<target>One living creature</target>
						<saveinfo>Will negates</saveinfo>
						<school>
							<school>Enchantment</school>
							<subschool>Compulsion</subschool>
							<descriptor>Mind-Affecting</descriptor>
							<fullschool>Enchantment (Compulsion) [Mind-Affecting]</fullschool>
						</school>
						<source>
							<source>Paizo Inc. - Ultimate Magic, p.230</source>
							<sourcelevel>Clr1</sourcelevel>
							<sourcelink>http://paizo.com/pathfinderRPG/prd/ultimateMagic/spells/murderousCommand.html#_murderous-command</sourcelink>
							<sourcepage>p.230</sourcepage>
							<sourceshort>UM</sourceshort>
						</source>
						<spell_resistance>Yes</spell_resistance>
						<description>Target is compelled to kill its ally.</description>
						<bonusspell></bonusspell>
				</spell>
				<spell>
						<name>Obscure Poison</name>
						<outputname>Obscure Poison</outputname>
						<times_memorized>1</times_memorized>
						<range>Touch</range>
						<components>S,M</components>
						<castingtime>1 standard action</castingtime>
						<casterlevel>5</casterlevel>
						<concentration>+9</concentration>
						<dc></dc>
						<duration>5 hours</duration>
						<effect>Make it harder to detect a poison or a venomous creature.</effect>
						<target>One dose of poison or one venomous creature</target>
						<saveinfo>None</saveinfo>
						<school>
							<school>Abjuration</school>
							<subschool></subschool>
							<descriptor></descriptor>
							<fullschool>Abjuration</fullschool>
						</school>
						<source>
							<source>Paizo Inc. - Ultimate Intrigue, p.220</source>
							<sourcelevel>Clr1</sourcelevel>
							<sourcelink>http://aonprd.com/SpellDisplay.aspx?ItemName=Obscure Poison</sourcelink>
							<sourcepage>p.220</sourcepage>
							<sourceshort>UI</sourceshort>
						</source>
						<spell_resistance>No</spell_resistance>
						<description>Make it harder to detect a poison or a venomous creature.</description>
						<bonusspell></bonusspell>
				</spell>
				<spell>
						<name>Obscuring Mist</name>
						<outputname>Obscuring Mist</outputname>
						<times_memorized>1</times_memorized>
						<range>20 ft.</range>
						<components>V, S</components>
						<castingtime>1 standard action</castingtime>
						<casterlevel>5</casterlevel>
						<concentration>+9</concentration>
						<dc></dc>
						<duration>5 minutes [D]</duration>
						<effect>A misty, stationary vapor arises around you obscuring all sight, including darkvision, beyond 5 feet.</effect>
						<target>Cloud spreads in 20-ft. radius from you, 20 ft. high</target>
						<saveinfo>None</saveinfo>
						<school>
							<school>Conjuration, WaterSchool</school>
							<subschool>Creation</subschool>
							<descriptor></descriptor>
							<fullschool>Conjuration, WaterSchool (Creation)</fullschool>
						</school>
						<source>
							<source>Paizo Inc. - Core Rulebook, p.317</source>
							<sourcelevel>Clr1</sourcelevel>
							<sourcelink>http://paizo.com/pathfinderRPG/prd/spells/obscuringMist.html#_obscuring-mist</sourcelink>
							<sourcepage>p.317</sourcepage>
							<sourceshort>CR</sourceshort>
						</source>
						<spell_resistance>No</spell_resistance>
						<description>A misty, stationary vapor arises around you obscuring all sight, including darkvision, beyond 5 feet.</description>
						<bonusspell></bonusspell>
				</spell>
				<spell>
						<name>Protection from Chaos</name>
						<outputname>Protection from Chaos</outputname>
						<times_memorized>1</times_memorized>
						<range>Touch</range>
						<components>V, S, M/DF</components>
						<castingtime>1 standard action</castingtime>
						<casterlevel>5</casterlevel>
						<concentration>+9</concentration>
						<dc>15</dc>
						<duration>5 minutes [D]</duration>
						<effect>This spell wards a creature from attacks by chaotic creatures, from mental control, and from summoned creatures.</effect>
						<target>Creature touched</target>
						<saveinfo>Will negates (harmless)</saveinfo>
						<school>
							<school>Abjuration</school>
							<subschool></subschool>
							<descriptor>Lawful</descriptor>
							<fullschool>Abjuration [Lawful]</fullschool>
						</school>
						<source>
							<source>Paizo Inc. - Core Rulebook, p.327</source>
							<sourcelevel>Clr1</sourcelevel>
							<sourcelink>http://paizo.com/pathfinderRPG/prd/spells/protectionFromChaos.html#_protection-from-chaos</sourcelink>
							<sourcepage>p.327</sourcepage>
							<sourceshort>CR</sourceshort>
						</source>
						<spell_resistance>No; see text</spell_resistance>
						<description>This spell wards a creature from attacks by chaotic creatures, from mental control, and from summoned creatures.</description>
						<bonusspell></bonusspell>
				</spell>
				<spell>
						<name>Protection from Evil</name>
						<outputname>Protection from Evil</outputname>
						<times_memorized>1</times_memorized>
						<range>Touch</range>
						<components>V, S, M/DF</components>
						<castingtime>1 standard action</castingtime>
						<casterlevel>5</casterlevel>
						<concentration>+9</concentration>
						<dc>15</dc>
						<duration>5 minutes [D]</duration>
						<effect>This spell wards a creature from attacks by evil creatures, from mental control, and from summoned creatures.</effect>
						<target>Creature touched</target>
						<saveinfo>Will negates (harmless)</saveinfo>
						<school>
							<school>Abjuration</school>
							<subschool></subschool>
							<descriptor>Good</descriptor>
							<fullschool>Abjuration [Good]</fullschool>
						</school>
						<source>
							<source>Paizo Inc. - Core Rulebook, p.327</source>
							<sourcelevel>Clr1</sourcelevel>
							<sourcelink>http://paizo.com/pathfinderRPG/prd/spells/protectionFromEvil.html#_protection-from-evil</sourcelink>
							<sourcepage>p.327</sourcepage>
							<sourceshort>CR</sourceshort>
						</source>
						<spell_resistance>No; see text</spell_resistance>
						<description>This spell wards a creature from attacks by evil creatures, from mental control, and from summoned creatures.</description>
						<bonusspell></bonusspell>
				</spell>
				<spell>
						<name>Protection from Good</name>
						<outputname>Protection from Good</outputname>
						<times_memorized>1</times_memorized>
						<range>Touch</range>
						<components>V, S, M/DF</components>
						<castingtime>1 standard action</castingtime>
						<casterlevel>5</casterlevel>
						<concentration>+9</concentration>
						<dc>15</dc>
						<duration>5 minutes [D]</duration>
						<effect>This spell wards a creature from attacks by good creatures, from mental control, and from summoned creatures.</effect>
						<target>Creature touched</target>
						<saveinfo>Will negates (harmless)</saveinfo>
						<school>
							<school>Abjuration</school>
							<subschool></subschool>
							<descriptor>Evil</descriptor>
							<fullschool>Abjuration [Evil]</fullschool>
						</school>
						<source>
							<source>Paizo Inc. - Core Rulebook, p.328</source>
							<sourcelevel>Clr1</sourcelevel>
							<sourcelink>http://paizo.com/pathfinderRPG/prd/spells/protectionFromGood.html#_protection-from-good</sourcelink>
							<sourcepage>p.328</sourcepage>
							<sourceshort>CR</sourceshort>
						</source>
						<spell_resistance>No; see text</spell_resistance>
						<description>This spell wards a creature from attacks by good creatures, from mental control, and from summoned creatures.</description>
						<bonusspell></bonusspell>
				</spell>
				<spell>
						<name>Protection from Law</name>
						<outputname>Protection from Law</outputname>
						<times_memorized>1</times_memorized>
						<range>Touch</range>
						<components>V, S, M/DF</components>
						<castingtime>1 standard action</castingtime>
						<casterlevel>5</casterlevel>
						<concentration>+9</concentration>
						<dc>15</dc>
						<duration>5 minutes [D]</duration>
						<effect>This spell wards a creature from attacks by lawful creatures, from mental control, and from summoned creatures.</effect>
						<target>Creature touched</target>
						<saveinfo>Will negates (harmless)</saveinfo>
						<school>
							<school>Abjuration</school>
							<subschool></subschool>
							<descriptor>Chaotic</descriptor>
							<fullschool>Abjuration [Chaotic]</fullschool>
						</school>
						<source>
							<source>Paizo Inc. - Core Rulebook, p.328</source>
							<sourcelevel>Clr1</sourcelevel>
							<sourcelink>http://paizo.com/pathfinderRPG/prd/spells/protectionFromLaw.html#_protection-from-law</sourcelink>
							<sourcepage>p.328</sourcepage>
							<sourceshort>CR</sourceshort>
						</source>
						<spell_resistance>No; see text</spell_resistance>
						<description>This spell wards a creature from attacks by lawful creatures, from mental control, and from summoned creatures.</description>
						<bonusspell></bonusspell>
				</spell>
				<spell>
						<name>Ray of Sickening</name>
						<outputname>Ray of Sickening</outputname>
						<times_memorized>1</times_memorized>
						<range>Close (35 ft.)</range>
						<components>V, S, M</components>
						<castingtime>1 standard action</castingtime>
						<casterlevel>5</casterlevel>
						<concentration>+9</concentration>
						<dc>15</dc>
						<duration>5 minutes</duration>
						<effect>Ray makes the subject sickened.</effect>
						<target>Ray</target>
						<saveinfo>Fortitude partial; see text</saveinfo>
						<school>
							<school>Necromancy</school>
							<subschool></subschool>
							<descriptor></descriptor>
							<fullschool>Necromancy</fullschool>
						</school>
						<source>
							<source>Paizo Inc. - Ultimate Magic, p.234</source>
							<sourcelevel>Clr1</sourcelevel>
							<sourcelink>http://paizo.com/pathfinderRPG/prd/ultimateMagic/spells/rayOfSickening.html#_ray-of-sickening</sourcelink>
							<sourcepage>p.234</sourcepage>
							<sourceshort>UM</sourceshort>
						</source>
						<spell_resistance>Yes</spell_resistance>
						<description>Ray makes the subject sickened.</description>
						<bonusspell></bonusspell>
				</spell>
				<spell>
						<name>Read Weather</name>
						<outputname>Read Weather</outputname>
						<times_memorized>1</times_memorized>
						<range>Personal</range>
						<components>V, S, F</components>
						<castingtime>1 minute</castingtime>
						<casterlevel>5</casterlevel>
						<concentration>+9</concentration>
						<dc></dc>
						<duration>Instantaneous</duration>
						<effect>Forecast the weather at your location for the next 48 hours.</effect>
						<target>You</target>
						<saveinfo></saveinfo>
						<school>
							<school>Divination</school>
							<subschool></subschool>
							<descriptor></descriptor>
							<fullschool>Divination</fullschool>
						</school>
						<source>
							<source>Paizo Inc. - Pathfinder Player Companion: Faiths of Balance, p.28</source>
							<sourcelevel>Clr1</sourcelevel>
							<sourcelink></sourcelink>
							<sourcepage>p.28</sourcepage>
							<sourceshort>FOB</sourceshort>
						</source>
						<spell_resistance></spell_resistance>
						<description>Forecast the weather at your location for the next 48 hours.</description>
						<bonusspell></bonusspell>
				</spell>
				<spell>
						<name>Refine Improvised Weapon</name>
						<outputname>Refine Improvised Weapon</outputname>
						<times_memorized>1</times_memorized>
						<range>Touch</range>
						<components>V, S, DF</components>
						<castingtime>1 standard action</castingtime>
						<casterlevel>5</casterlevel>
						<concentration>+9</concentration>
						<dc>15</dc>
						<duration>5 hours [D]</duration>
						<effect>Transform improvised weapon into a masterwork simple or martial weapon.</effect>
						<target>one improvised weapon</target>
						<saveinfo>Will negates (harmless, object)</saveinfo>
						<school>
							<school>Transmutation</school>
							<subschool></subschool>
							<descriptor></descriptor>
							<fullschool>Transmutation</fullschool>
						</school>
						<source>
							<source>Paizo Inc. - Advanced Class Guide, p.190</source>
							<sourcelevel>Clr1</sourcelevel>
							<sourcelink>http://paizo.com/pathfinderRPG/prd/advancedClassGuide/spells/refineImprovisedWeapon.html</sourcelink>
							<sourcepage>p.190</sourcepage>
							<sourceshort>ACG</sourceshort>
						</source>
						<spell_resistance>yes (harmless, object)</spell_resistance>
						<description>Transform improvised weapon into a masterwork simple or martial weapon.</description>
						<bonusspell></bonusspell>
				</spell>
				<spell>
						<name>Reinforce Armaments</name>
						<outputname>Reinforce Armaments</outputname>
						<times_memorized>1</times_memorized>
						<range>Touch</range>
						<components>V, S, M/DF</components>
						<castingtime>1 standard action</castingtime>
						<casterlevel>5</casterlevel>
						<concentration>+9</concentration>
						<dc>15</dc>
						<duration>50 minutes</duration>
						<effect>Temporarily mitigates the fragile quality in targeted weapon or armor.</effect>
						<target>one armor suit or weapon touched</target>
						<saveinfo>Will negates (harmless, object)</saveinfo>
						<school>
							<school>Transmutation</school>
							<subschool></subschool>
							<descriptor></descriptor>
							<fullschool>Transmutation</fullschool>
						</school>
						<source>
							<source>Paizo Inc. - Ultimate Combat, p.241</source>
							<sourcelevel>Clr1</sourcelevel>
							<sourcelink>http://paizo.com/pathfinderRPG/prd/ultimateCombat/spells/reinforceArmaments.html#_reinforce-armaments</sourcelink>
							<sourcepage>p.241</sourcepage>
							<sourceshort>UC</sourceshort>
						</source>
						<spell_resistance>Yes (harmless, object)</spell_resistance>
						<description>Temporarily mitigates the fragile quality in targeted weapon or armor.</description>
						<bonusspell></bonusspell>
				</spell>
				<spell>
						<name>Remove Fear</name>
						<outputname>Remove Fear</outputname>
						<times_memorized>1</times_memorized>
						<range>Close (35 ft.)</range>
						<components>V, S</components>
						<castingtime>1 standard action</castingtime>
						<casterlevel>5</casterlevel>
						<concentration>+9</concentration>
						<dc>15</dc>
						<duration>10 minutes; see text</duration>
						<effect>You instill courage in the subject, granting it a +4 morale bonus against fear effects for 10 minutes.</effect>
						<target>2 creatures, no two of which can be more than 30 ft. apart</target>
						<saveinfo>Will negates (harmless)</saveinfo>
						<school>
							<school>Abjuration</school>
							<subschool></subschool>
							<descriptor></descriptor>
							<fullschool>Abjuration</fullschool>
						</school>
						<source>
							<source>Paizo Inc. - Core Rulebook, p.332</source>
							<sourcelevel>Clr1</sourcelevel>
							<sourcelink>http://paizo.com/pathfinderRPG/prd/spells/removeFear.html#_remove-fear</sourcelink>
							<sourcepage>p.332</sourcepage>
							<sourceshort>CR</sourceshort>
						</source>
						<spell_resistance>Yes (harmless)</spell_resistance>
						<description>You instill courage in the subject, granting it a +4 morale bonus against fear effects for 10 minutes.</description>
						<bonusspell></bonusspell>
				</spell>
				<spell>
						<name>Remove Sickness</name>
						<outputname>Remove Sickness</outputname>
						<times_memorized>1</times_memorized>
						<range>Close (35 ft.)</range>
						<components>V, S</components>
						<castingtime>1 standard action</castingtime>
						<casterlevel>5</casterlevel>
						<concentration>+9</concentration>
						<dc>15</dc>
						<duration>50 minutes; see text</duration>
						<effect>Suppress disease, nausea, and the sickened condition.</effect>
						<target>One creature</target>
						<saveinfo>Fortitude negates (harmless)</saveinfo>
						<school>
							<school>Conjuration</school>
							<subschool>Healing</subschool>
							<descriptor></descriptor>
							<fullschool>Conjuration (Healing)</fullschool>
						</school>
						<source>
							<source>Paizo Inc. - Ultimate Magic, p.234</source>
							<sourcelevel>Clr1</sourcelevel>
							<sourcelink>http://paizo.com/pathfinderRPG/prd/ultimateMagic/spells/removeSickness.html#_remove-sickness</sourcelink>
							<sourcepage>p.234</sourcepage>
							<sourceshort>UM</sourceshort>
						</source>
						<spell_resistance>Yes (harmless)</spell_resistance>
						<description>Suppress disease, nausea, and the sickened condition.</description>
						<bonusspell></bonusspell>
				</spell>
				<spell>
						<name>Restore Corpse</name>
						<outputname>Restore Corpse</outputname>
						<times_memorized>1</times_memorized>
						<range>Touch</range>
						<components>V, S</components>
						<castingtime>1 standard action</castingtime>
						<casterlevel>5</casterlevel>
						<concentration>+9</concentration>
						<dc></dc>
						<duration>Instantaneous</duration>
						<effect>Skeletal corpse grows flesh.</effect>
						<target>Corpse touched</target>
						<saveinfo>None</saveinfo>
						<school>
							<school>Necromancy</school>
							<subschool></subschool>
							<descriptor></descriptor>
							<fullschool>Necromancy</fullschool>
						</school>
						<source>
							<source>Paizo Inc. - Ultimate Magic, p.235</source>
							<sourcelevel>Clr1</sourcelevel>
							<sourcelink>http://paizo.com/pathfinderRPG/prd/ultimateMagic/spells/restoreCorpse.html#_restore-corpse</sourcelink>
							<sourcepage>p.235</sourcepage>
							<sourceshort>UM</sourceshort>
						</source>
						<spell_resistance>No</spell_resistance>
						<description>Skeletal corpse grows flesh.</description>
						<bonusspell></bonusspell>
				</spell>
				<spell>
						<name>Sanctify Corpse</name>
						<outputname>Sanctify Corpse</outputname>
						<times_memorized>1</times_memorized>
						<range>Touch</range>
						<components>V, S, DF, M</components>
						<castingtime>1 standard action</castingtime>
						<casterlevel>5</casterlevel>
						<concentration>+9</concentration>
						<dc></dc>
						<duration>24 hours</duration>
						<effect>Prevent a corpse from becoming an undead creature.</effect>
						<target>Corpse touched</target>
						<saveinfo>None</saveinfo>
						<school>
							<school>Evocation</school>
							<subschool></subschool>
							<descriptor>Good</descriptor>
							<fullschool>Evocation [Good]</fullschool>
						</school>
						<source>
							<source>Paizo Inc. - Ultimate Magic, p.236</source>
							<sourcelevel>Clr1</sourcelevel>
							<sourcelink>http://paizo.com/pathfinderRPG/prd/ultimateMagic/spells/sanctifyCorpse.html#_sanctify-corpse</sourcelink>
							<sourcepage>p.236</sourcepage>
							<sourceshort>UM</sourceshort>
						</source>
						<spell_resistance>No</spell_resistance>
						<description>Prevent a corpse from becoming an undead creature.</description>
						<bonusspell></bonusspell>
				</spell>
				<spell>
						<name>Sanctuary</name>
						<outputname>Sanctuary</outputname>
						<times_memorized>1</times_memorized>
						<range>Touch</range>
						<components>V, S, DF</components>
						<castingtime>1 standard action</castingtime>
						<casterlevel>5</casterlevel>
						<concentration>+9</concentration>
						<dc>15</dc>
						<duration>5 rounds</duration>
						<effect>Any opponent attempting to directly attack the warded creature, even with a targeted spell, must attempt a Will save.</effect>
						<target>Creature touched</target>
						<saveinfo>Will negates</saveinfo>
						<school>
							<school>Abjuration</school>
							<subschool></subschool>
							<descriptor></descriptor>
							<fullschool>Abjuration</fullschool>
						</school>
						<source>
							<source>Paizo Inc. - Core Rulebook, p.336</source>
							<sourcelevel>Clr1</sourcelevel>
							<sourcelink>http://paizo.com/pathfinderRPG/prd/spells/sanctuary.html#_sanctuary</sourcelink>
							<sourcepage>p.336</sourcepage>
							<sourceshort>CR</sourceshort>
						</source>
						<spell_resistance>No</spell_resistance>
						<description>Any opponent attempting to directly attack the warded creature, even with a targeted spell, must attempt a Will save.</description>
						<bonusspell></bonusspell>
				</spell>
				<spell>
						<name>Shadow Trap</name>
						<outputname>Shadow Trap</outputname>
						<times_memorized>1</times_memorized>
						<range>Close (35 ft.)</range>
						<components>V,S</components>
						<castingtime>1 standard action</castingtime>
						<casterlevel>5</casterlevel>
						<concentration>+9</concentration>
						<dc>15</dc>
						<duration>5 rounds</duration>
						<effect>You pin the target&#39;s shadow to its current location, causing the target to become entangled and preventing it from moving farther than 5 feet from its original position, as if its shadow were anchored to the terrain. Each round on its turn, the target can attempt a new saving throw to end the effect as a full-round action. A flying creature can only hover in place or fall while entangled in this manner. This spell automatically fails when cast on a creature that doesn&#39;t throw a shadow, and it ends if the creature is entirely in an area with no illumination.</effect>
						<target>One creature</target>
						<saveinfo>Will negates</saveinfo>
						<school>
							<school>Illusion</school>
							<subschool>Shadow</subschool>
							<descriptor></descriptor>
							<fullschool>Illusion (Shadow)</fullschool>
						</school>
						<source>
							<source>Paizo Inc. - Pathfinder Player Companion: Blood of Shadows, p.31</source>
							<sourcelevel>Clr1</sourcelevel>
							<sourcelink></sourcelink>
							<sourcepage>p.31</sourcepage>
							<sourceshort>BOS</sourceshort>
						</source>
						<spell_resistance>Yes</spell_resistance>
						<description>You pin the target&#39;s shadow to its current location, causing the target to become entangled and preventing it from moving farther than 5 feet from its original position, as if its shadow were anchored to the terrain. Each round on its turn, the target can attempt a new saving throw to end the effect as a full-round action. A flying creature can only hover in place or fall while entangled in this manner. This spell automatically fails when cast on a creature that doesn&#39;t throw a shadow, and it ends if the creature is entirely in an area with no illumination.</description>
						<bonusspell></bonusspell>
				</spell>
				<spell>
						<name>Shield of Faith</name>
						<outputname>Shield of Faith</outputname>
						<times_memorized>1</times_memorized>
						<range>Touch</range>
						<components>V, S, M</components>
						<castingtime>1 standard action</castingtime>
						<casterlevel>5</casterlevel>
						<concentration>+9</concentration>
						<dc>15</dc>
						<duration>5 minutes</duration>
						<effect>This spell creates a shimmering, magical field around the target that averts and deflects attacks.</effect>
						<target>Creature touched</target>
						<saveinfo>Will negates (harmless)</saveinfo>
						<school>
							<school>Abjuration</school>
							<subschool></subschool>
							<descriptor></descriptor>
							<fullschool>Abjuration</fullschool>
						</school>
						<source>
							<source>Paizo Inc. - Core Rulebook, p.342</source>
							<sourcelevel>Clr1</sourcelevel>
							<sourcelink>http://paizo.com/pathfinderRPG/prd/spells/shieldOfFaith.html#_shield-of-faith</sourcelink>
							<sourcepage>p.342</sourcepage>
							<sourceshort>CR</sourceshort>
						</source>
						<spell_resistance>Yes (harmless)</spell_resistance>
						<description>This spell creates a shimmering, magical field around the target that averts and deflects attacks.</description>
						<bonusspell></bonusspell>
				</spell>
				<spell>
						<name>Shield Speech</name>
						<outputname>Shield Speech</outputname>
						<times_memorized>1</times_memorized>
						<range>10 ft.</range>
						<components>V, S</components>
						<castingtime>1 standard action</castingtime>
						<casterlevel>5</casterlevel>
						<concentration>+9</concentration>
						<dc>15</dc>
						<duration>1 minute/level [D]</duration>
						<effect>You can securely communicate with one creature within range. So long as your target remains within 10 feet of you, you and it can speak freely to each other without fear of being overheard. Communications that involve shield speech cannot be spied on, such as with a divination spell, and observers of the conversation can tell you are communicating but cannot read lips or hear the conversation unless they are the target of the spell. If you or the target speak to any other creatures, they can hear you normally [only communication between you and the target is protected]. The spell does not shield writing, sign language, or any form of communication other than speaking.</effect>
						<target>you and one other creature</target>
						<saveinfo>Will negates (harmless)</saveinfo>
						<school>
							<school>Abjuration</school>
							<subschool></subschool>
							<descriptor></descriptor>
							<fullschool>Abjuration</fullschool>
						</school>
						<source>
							<source>Paizo Inc. - Pathfinder Companion: Taldor, Echoes of Glory, p.25</source>
							<sourcelevel>Clr1</sourcelevel>
							<sourcelink></sourcelink>
							<sourcepage>p.25</sourcepage>
							<sourceshort>TEOG</sourceshort>
						</source>
						<spell_resistance>yes (harmless)</spell_resistance>
						<description>You can securely communicate with one creature within range. So long as your target remains within 10 feet of you, you and it can speak freely to each other without fear of being overheard. Communications that involve shield speech cannot be spied on, such as with a divination spell, and observers of the conversation can tell you are communicating but cannot read lips or hear the conversation unless they are the target of the spell. If you or the target speak to any other creatures, they can hear you normally (only communication between you and the target is protected). The spell does not shield writing, sign language, or any form of communication other than speaking.</description>
						<bonusspell></bonusspell>
				</spell>
				<spell>
						<name>Shield the Banner</name>
						<outputname>Shield the Banner</outputname>
						<times_memorized>1</times_memorized>
						<range>Touch</range>
						<components>V, S, DF</components>
						<castingtime>1 standard action</castingtime>
						<casterlevel>5</casterlevel>
						<concentration>+9</concentration>
						<dc>15</dc>
						<duration>5 minutes</duration>
						<effect>This spell is used to protect one of a tribe&#39;s most valuable possessions: its tribal banner. Any creature [other than a member of the tribe which the standard represents] attempting to directly attack or touch the standard must make a Will save. This spell functions as sanctuary, but only protects a standard or banner. In addition, the spell grants a +2 bonus to the standard&#39;s hardness, and +10 to the standard&#39;s hit points for the duration of the spell.</effect>
						<target>Standard touched</target>
						<saveinfo>Will negates</saveinfo>
						<school>
							<school>Abjuration</school>
							<subschool></subschool>
							<descriptor></descriptor>
							<fullschool>Abjuration</fullschool>
						</school>
						<source>
							<source>Paizo Inc. - Pathfinder Player Companion: Orcs of Golarion, p.29</source>
							<sourcelevel>Clr1</sourcelevel>
							<sourcelink></sourcelink>
							<sourcepage>p.29</sourcepage>
							<sourceshort>OOG</sourceshort>
						</source>
						<spell_resistance>No</spell_resistance>
						<description>This spell is used to protect one of a tribe&#39;s most valuable possessions: its tribal banner. Any creature (other than a member of the tribe which the standard represents) attempting to directly attack or touch the standard must make a Will save. This spell functions as sanctuary, but only protects a standard or banner. In addition, the spell grants a +2 bonus to the standard&#39;s hardness, and +10 to the standard&#39;s hit points for the duration of the spell.</description>
						<bonusspell></bonusspell>
				</spell>
				<spell>
						<name>Stunning Barrier</name>
						<outputname>Stunning Barrier</outputname>
						<times_memorized>1</times_memorized>
						<range>Personal</range>
						<components>V, S</components>
						<castingtime>1 standard action</castingtime>
						<casterlevel>5</casterlevel>
						<concentration>+9</concentration>
						<dc>15</dc>
						<duration>5 rounds or until discharged</duration>
						<effect>Magical field grants a +1 bonus to AC and on saves, and stuns one creature attacking you.</effect>
						<target>you</target>
						<saveinfo>none and Will negates (see text)</saveinfo>
						<school>
							<school>Abjuration</school>
							<subschool></subschool>
							<descriptor></descriptor>
							<fullschool>Abjuration</fullschool>
						</school>
						<source>
							<source>Paizo Inc. - Advanced Class Guide, p.194</source>
							<sourcelevel>Clr1</sourcelevel>
							<sourcelink>http://paizo.com/pathfinderRPG/prd/advancedClassGuide/spells/stunningBarrier.html</sourcelink>
							<sourcepage>p.194</sourcepage>
							<sourceshort>ACG</sourceshort>
						</source>
						<spell_resistance>no and yes (see text)</spell_resistance>
						<description>Magical field grants a +1 bonus to AC and on saves, and stuns one creature attacking you.</description>
						<bonusspell></bonusspell>
				</spell>
				<spell>
						<name>Summon Minor Monster</name>
						<outputname>Summon Minor Monster</outputname>
						<times_memorized>1</times_memorized>
						<range>Close (35 ft.)</range>
						<components>V, S, F/DF</components>
						<castingtime>1 round</castingtime>
						<casterlevel>5</casterlevel>
						<concentration>+9</concentration>
						<dc></dc>
						<duration>5 rounds [D]</duration>
						<effect>Summon 1d3 Tiny animals</effect>
						<target>1d3 summoned creatures</target>
						<saveinfo>None</saveinfo>
						<school>
							<school>Conjuration</school>
							<subschool>Summoning</subschool>
							<descriptor></descriptor>
							<fullschool>Conjuration (Summoning)</fullschool>
						</school>
						<source>
							<source>Paizo Inc. - Ultimate Magic, p.241</source>
							<sourcelevel>Clr1</sourcelevel>
							<sourcelink>http://paizo.com/pathfinderRPG/prd/ultimateMagic/spells/summonMinorMonster.html#_summon-minor-monster</sourcelink>
							<sourcepage>p.241</sourcepage>
							<sourceshort>UM</sourceshort>
						</source>
						<spell_resistance>No</spell_resistance>
						<description>Summon 1d3 Tiny animals</description>
						<bonusspell></bonusspell>
				</spell>
				<spell>
						<name>Summon Monster I</name>
						<outputname>Summon Monster I</outputname>
						<times_memorized>1</times_memorized>
						<range>Close (35 ft.)</range>
						<components>V, S, F/DF</components>
						<castingtime>1 round</castingtime>
						<casterlevel>5</casterlevel>
						<concentration>+9</concentration>
						<dc></dc>
						<duration>5 rounds [D]</duration>
						<effect>This spell summons an extraplanar creature.</effect>
						<target>One summoned creature</target>
						<saveinfo>None</saveinfo>
						<school>
							<school>Conjuration</school>
							<subschool>Summoning</subschool>
							<descriptor></descriptor>
							<fullschool>Conjuration (Summoning)</fullschool>
						</school>
						<source>
							<source>Paizo Inc. - Core Rulebook, p.350</source>
							<sourcelevel>Clr1</sourcelevel>
							<sourcelink>http://paizo.com/pathfinderRPG/prd/spells/summonMonster.html#_summon-monster-i</sourcelink>
							<sourcepage>p.350</sourcepage>
							<sourceshort>CR</sourceshort>
						</source>
						<spell_resistance>No</spell_resistance>
						<description>This spell summons an extraplanar creature.</description>
						<bonusspell></bonusspell>
				</spell>
				<spell>
						<name>Sun Metal</name>
						<outputname>Sun Metal</outputname>
						<times_memorized>1</times_memorized>
						<range>Touch</range>
						<components>V, S</components>
						<castingtime>1 standard action</castingtime>
						<casterlevel>5</casterlevel>
						<concentration>+9</concentration>
						<dc>15</dc>
						<duration>5 rounds [see text]</duration>
						<effect></effect>
						<target>one melee weapon</target>
						<saveinfo>Fortitude negates (object)</saveinfo>
						<school>
							<school>Transmutation</school>
							<subschool></subschool>
							<descriptor>Fire</descriptor>
							<fullschool>Transmutation [Fire]</fullschool>
						</school>
						<source>
							<source>Paizo Inc. - Ultimate Combat, p.245</source>
							<sourcelevel>Clr1</sourcelevel>
							<sourcelink>http://paizo.com/pathfinderRPG/prd/ultimateCombat/spells/sunMetal.html#_sun-metal</sourcelink>
							<sourcepage>p.245</sourcepage>
							<sourceshort>UC</sourceshort>
						</source>
						<spell_resistance>Yes (object)</spell_resistance>
						<description></description>
						<bonusspell></bonusspell>
				</spell>
				<spell>
						<name>Tap Inner Beauty</name>
						<outputname>Tap Inner Beauty</outputname>
						<times_memorized>1</times_memorized>
						<range>Personal</range>
						<components>V, M</components>
						<castingtime>1 standard action</castingtime>
						<casterlevel>5</casterlevel>
						<concentration>+9</concentration>
						<dc></dc>
						<duration>5 minutes</duration>
						<effect>You gain a +2 insight bonus on all Charisma ability checks and Charisma-based skill checks.</effect>
						<target>You</target>
						<saveinfo></saveinfo>
						<school>
							<school>Divination</school>
							<subschool></subschool>
							<descriptor></descriptor>
							<fullschool>Divination</fullschool>
						</school>
						<source>
							<source>Paizo Inc. - Pathfinder Player Companion: Faiths of Purity, p.29</source>
							<sourcelevel>Clr1</sourcelevel>
							<sourcelink></sourcelink>
							<sourcepage>p.29</sourcepage>
							<sourceshort>FOP</sourceshort>
						</source>
						<spell_resistance></spell_resistance>
						<description>You gain a +2 insight bonus on all Charisma ability checks and Charisma-based skill checks.</description>
						<bonusspell></bonusspell>
				</spell>
				<spell>
						<name>Touch of Blindness</name>
						<outputname>Touch of Blindness</outputname>
						<times_memorized>1</times_memorized>
						<range>Touch</range>
						<components>V</components>
						<castingtime>1 standard action</castingtime>
						<casterlevel>5</casterlevel>
						<concentration>+9</concentration>
						<dc>15</dc>
						<duration>5 rounds [see text]</duration>
						<effect>A touch from your hand, which is engulfed in darkness, disrupts a creature&#39;s vision by coating its eyes in supernatural darkness. Each touch causes the target to become blinded for 1 round unless it makes a successful Fortitude saving throw. You can use this melee touch attack up to 5 times. Any touch attack not used after 5 rounds is lost.</effect>
						<target>Creature or creatures touched</target>
						<saveinfo>Fortitude negates</saveinfo>
						<school>
							<school>Necromancy</school>
							<subschool></subschool>
							<descriptor>Darkness, Shadow</descriptor>
							<fullschool>Necromancy [Darkness, Shadow]</fullschool>
						</school>
						<source>
							<source>Paizo Inc. - Pathfinder Player Companion: Blood of Shadows, p.29</source>
							<sourcelevel>Clr1</sourcelevel>
							<sourcelink></sourcelink>
							<sourcepage>p.29</sourcepage>
							<sourceshort>BOS</sourceshort>
						</source>
						<spell_resistance>Yes</spell_resistance>
						<description>A touch from your hand, which is engulfed in darkness, disrupts a creature&#39;s vision by coating its eyes in supernatural darkness. Each touch causes the target to become blinded for 1 round unless it makes a successful Fortitude saving throw. You can use this melee touch attack up to 5 times. Any touch attack not used after 5 rounds is lost.</description>
						<bonusspell></bonusspell>
				</spell>
				<spell>
						<name>Touch of Bloodletting</name>
						<outputname>Touch of Bloodletting</outputname>
						<times_memorized>1</times_memorized>
						<range>Touch</range>
						<components>V, S</components>
						<castingtime>1 standard action</castingtime>
						<casterlevel>5</casterlevel>
						<concentration>+9</concentration>
						<dc>15</dc>
						<duration>5 rounds</duration>
						<effect>Causes existing wounds to bleed profusely.</effect>
						<target>Creature touched</target>
						<saveinfo>Will negates</saveinfo>
						<school>
							<school>Necromancy</school>
							<subschool></subschool>
							<descriptor></descriptor>
							<fullschool>Necromancy</fullschool>
						</school>
						<source>
							<source>Paizo Inc. - Pathfinder Player Companion: Faiths of Corruption, p.29</source>
							<sourcelevel>Clr1</sourcelevel>
							<sourcelink></sourcelink>
							<sourcepage>p.29</sourcepage>
							<sourceshort>FOC</sourceshort>
						</source>
						<spell_resistance>Yes</spell_resistance>
						<description>Causes existing wounds to bleed profusely.</description>
						<bonusspell></bonusspell>
				</spell>
				<spell>
						<name>Unbreakable Heart</name>
						<outputname>Unbreakable Heart</outputname>
						<times_memorized>1</times_memorized>
						<range>Close (35 ft.)</range>
						<components>V, S</components>
						<castingtime>1 standard action</castingtime>
						<casterlevel>5</casterlevel>
						<concentration>+9</concentration>
						<dc>15</dc>
						<duration>5 rounds</duration>
						<effect>Creature gains +4 morale bonus on saves against mind-affecting effects that rely on negative emotions or that would force him to harm an ally. Supresses such effects already in place.</effect>
						<target>One creature</target>
						<saveinfo>Will negates (harmless)</saveinfo>
						<school>
							<school>Enchantment</school>
							<subschool>Compulsion</subschool>
							<descriptor>Mind-Affecting</descriptor>
							<fullschool>Enchantment (Compulsion) [Mind-Affecting]</fullschool>
						</school>
						<source>
							<source>Paizo Inc. - Inner Sea World Guide, p.296</source>
							<sourcelevel>Clr1</sourcelevel>
							<sourcelink></sourcelink>
							<sourcepage>p.296</sourcepage>
							<sourceshort>ISWG</sourceshort>
						</source>
						<spell_resistance>Yes (harmless)</spell_resistance>
						<description>Creature gains +4 morale bonus on saves against mind-affecting effects that rely on negative emotions or that would force him to harm an ally. Supresses such effects already in place.</description>
						<bonusspell></bonusspell>
				</spell>
				<spell>
						<name>Waterproof</name>
						<outputname>Waterproof</outputname>
						<times_memorized>1</times_memorized>
						<range>Touch</range>
						<components>V,S</components>
						<castingtime>1 standard action</castingtime>
						<casterlevel>5</casterlevel>
						<concentration>+9</concentration>
						<dc>15</dc>
						<duration>24 hours</duration>
						<effect>This spell renders a touched object-or the equipment of a touched creature-waterproof for the duration of the spell.</effect>
						<target>One touched creature, or one touched object of up to 50 lbs</target>
						<saveinfo>Will negates (harmless)</saveinfo>
						<school>
							<school>Abjuration, WaterSchool</school>
							<subschool></subschool>
							<descriptor>Water</descriptor>
							<fullschool>Abjuration, WaterSchool [Water]</fullschool>
						</school>
						<source>
							<source>Paizo Inc. - Pathfinder Player Companion: Elemental Master&#39;s Handbook, p.14</source>
							<sourcelevel>Clr1</sourcelevel>
							<sourcelink></sourcelink>
							<sourcepage>p.14</sourcepage>
							<sourceshort>EMH</sourceshort>
						</source>
						<spell_resistance>Yes (harmless)</spell_resistance>
						<description>This spell renders a touched object-or the equipment of a touched creature-waterproof for the duration of the spell.</description>
						<bonusspell></bonusspell>
				</spell>
				<spell>
						<name>Weapons Against Evil</name>
						<outputname>Weapons Against Evil</outputname>
						<times_memorized>1</times_memorized>
						<range>Close (35 ft.)</range>
						<components>V, DF</components>
						<castingtime>1 standard action</castingtime>
						<casterlevel>5</casterlevel>
						<concentration>+9</concentration>
						<dc>15</dc>
						<duration>5 rounds</duration>
						<effect>Target weapons shed light and ignore the DR of some evil creatures.</effect>
						<target>5 weapons, no two of which can be more than 20 ft. apart</target>
						<saveinfo>Fortitude negates (object)</saveinfo>
						<school>
							<school>Transmutation</school>
							<subschool></subschool>
							<descriptor></descriptor>
							<fullschool>Transmutation</fullschool>
						</school>
						<source>
							<source>Paizo Inc. - Pathfinder Player Companion: Faiths of Purity, p.29</source>
							<sourcelevel>Clr1</sourcelevel>
							<sourcelink></sourcelink>
							<sourcepage>p.29</sourcepage>
							<sourceshort>FOP</sourceshort>
						</source>
						<spell_resistance>Yes (object)</spell_resistance>
						<description>Target weapons shed light and ignore the DR of some evil creatures.</description>
						<bonusspell></bonusspell>
				</spell>
				<spell>
						<name>Weaponwand</name>
						<outputname>Weaponwand</outputname>
						<times_memorized>1</times_memorized>
						<range>Touch</range>
						<components>V, S, F</components>
						<castingtime>1 round</castingtime>
						<casterlevel>5</casterlevel>
						<concentration>+9</concentration>
						<dc>15</dc>
						<duration>5 minutes</duration>
						<effect><para>When you cast this spell on a weapon, you cause a portion of the weapon to open like the skin of a partially peeled apple, revealing a space large enough to insert a single wand within. </para><para>As part of the spell&#39;s casting, you can insert a single wand into the weapon, at which point the weapon returns to its original form with the wand held inside of it without negatively impacting the weapon&#39;s integrity. For the spell&#39;s duration, a character who wields the transmuted weapon is also considered to be wielding the wand as well. You can attack normally with the weapon or use the weapon as if it were the encased wand. If the effect created by the wand requires an attack roll to successfully strike a foe, you may make the attack roll as if you were making an attack with the weapon at its highest bonus [including any bonuses the weapon would normally receive] rather than just a normal attack with the wand-doing so does not allow you to add the weapon&#39;s damage to the wand&#39;s attack roll, but instead allows you to use your skill with the weapon to boost your chance of hitting with the spell. </para><para>At the end of the spell&#39;s duration, the encased wand is ejected from the weapon. If you have a free hand, you may catch the weapon as a free action; otherwise, the wand drops to the ground. If the weapon housing the wand is broken or destroyed during the duration of weaponwand, the encased wand is similarly broken or destroyed.</para></effect>
						<target>One weapon</target>
						<saveinfo>Will negates (harmless, object)</saveinfo>
						<school>
							<school>Transmutation</school>
							<subschool></subschool>
							<descriptor></descriptor>
							<fullschool>Transmutation</fullschool>
						</school>
						<source>
							<source>Paizo Publishing - Inner Sea Magic, p.62</source>
							<sourcelevel>Clr1</sourcelevel>
							<sourcelink></sourcelink>
							<sourcepage>p.62</sourcepage>
							<sourceshort>ISM</sourceshort>
						</source>
						<spell_resistance>Yes (harmless, object)</spell_resistance>
						<description><para>When you cast this spell on a weapon, you cause a portion of the weapon to open like the skin of a partially peeled apple, revealing a space large enough to insert a single wand within. </para><para>As part of the spell&#39;s casting, you can insert a single wand into the weapon, at which point the weapon returns to its original form with the wand held inside of it without negatively impacting the weapon&#39;s integrity. For the spell&#39;s duration, a character who wields the transmuted weapon is also considered to be wielding the wand as well. You can attack normally with the weapon or use the weapon as if it were the encased wand. If the effect created by the wand requires an attack roll to successfully strike a foe, you may make the attack roll as if you were making an attack with the weapon at its highest bonus (including any bonuses the weapon would normally receive) rather than just a normal attack with the wand-doing so does not allow you to add the weapon&#39;s damage to the wand&#39;s attack roll, but instead allows you to use your skill with the weapon to boost your chance of hitting with the spell. </para><para>At the end of the spell&#39;s duration, the encased wand is ejected from the weapon. If you have a free hand, you may catch the weapon as a free action; otherwise, the wand drops to the ground. If the weapon housing the wand is broken or destroyed during the duration of weaponwand, the encased wand is similarly broken or destroyed.</para></description>
						<bonusspell></bonusspell>
				</spell>
			</level>
			<level number="2" known="0" cast="3">
				<spell>
						<name>Admonishing Ray</name>
						<outputname>Admonishing Ray</outputname>
						<times_memorized>1</times_memorized>
						<range>Close (35 ft.)</range>
						<components>V, S</components>
						<castingtime>1 standard action</castingtime>
						<casterlevel>5</casterlevel>
						<concentration>+9</concentration>
						<dc>16</dc>
						<duration>instantaneous</duration>
						<effect>You blast your enemies with rays of nonlethal force. You may fire one ray, plus one additional ray for every four levels you possess beyond 3rd [to a maximum of three rays at 11th level]. Each ray requires a ranged touch attack to hit and deals 4d6 points of nonlethal damage. This is a force effect. The rays may be fired at the same or different targets, but all rays must be fired simultaneously and aimed at targets within 30 feet of each other. The rays hit about as hard as a punch from a strong adult human, and can knock away unattended objects weighing up to 10 pounds if that amount of force could normally do so.</effect>
						<target>one or more rays</target>
						<saveinfo>none</saveinfo>
						<school>
							<school>Evocation</school>
							<subschool></subschool>
							<descriptor>Force</descriptor>
							<fullschool>Evocation [Force]</fullschool>
						</school>
						<source>
							<source>Paizo Inc. - Pathfinder Companion: Taldor, Echoes of Glory, p.24</source>
							<sourcelevel>Clr2</sourcelevel>
							<sourcelink></sourcelink>
							<sourcepage>p.24</sourcepage>
							<sourceshort>TEOG</sourceshort>
						</source>
						<spell_resistance>yes</spell_resistance>
						<description>You blast your enemies with rays of nonlethal force. You may fire one ray, plus one additional ray for every four levels you possess beyond 3rd (to a maximum of three rays at 11th level). Each ray requires a ranged touch attack to hit and deals 4d6 points of nonlethal damage. This is a force effect. The rays may be fired at the same or different targets, but all rays must be fired simultaneously and aimed at targets within 30 feet of each other. The rays hit about as hard as a punch from a strong adult human, and can knock away unattended objects weighing up to 10 pounds if that amount of force could normally do so.</description>
						<bonusspell></bonusspell>
				</spell>
				<spell>
						<name>Aid</name>
						<outputname>Aid</outputname>
						<times_memorized>1</times_memorized>
						<range>Touch</range>
						<components>V, S, DF</components>
						<castingtime>1 standard action</castingtime>
						<casterlevel>5</casterlevel>
						<concentration>+9</concentration>
						<dc></dc>
						<duration>5 minutes</duration>
						<effect>Aid grants +1 morale bonus on attack rolls and saves vs fear effects, plus 1d8 + 5 temporary hit points.</effect>
						<target>Living creature touched</target>
						<saveinfo>None</saveinfo>
						<school>
							<school>Enchantment</school>
							<subschool>Compulsion</subschool>
							<descriptor>Mind-Affecting</descriptor>
							<fullschool>Enchantment (Compulsion) [Mind-Affecting]</fullschool>
						</school>
						<source>
							<source>Paizo Inc. - Core Rulebook, p.239</source>
							<sourcelevel>Clr2</sourcelevel>
							<sourcelink>http://paizo.com/pathfinderRPG/prd/spells/aid.html#_aid</sourcelink>
							<sourcepage>p.239</sourcepage>
							<sourceshort>CR</sourceshort>
						</source>
						<spell_resistance>Yes (harmless)</spell_resistance>
						<description>Aid grants +1 morale bonus on attack rolls and saves vs fear effects, plus 1d8 + (min(CASTERLEVEL,10)) temporary hit points.</description>
						<bonusspell></bonusspell>
				</spell>
				<spell>
						<name>Air Step</name>
						<outputname>Air Step</outputname>
						<times_memorized>1</times_memorized>
						<range>Personal</range>
						<components>V, S, M</components>
						<castingtime>1 standard action</castingtime>
						<casterlevel>5</casterlevel>
						<concentration>+9</concentration>
						<dc></dc>
						<duration>5 minutes</duration>
						<effect>Tread unsteadily on air, with limitations.</effect>
						<target>you</target>
						<saveinfo></saveinfo>
						<school>
							<school>Transmutation</school>
							<subschool></subschool>
							<descriptor>Air</descriptor>
							<fullschool>Transmutation [Air]</fullschool>
						</school>
						<source>
							<source>Paizo Inc. - Advanced Class Guide, p.173</source>
							<sourcelevel>Clr2</sourcelevel>
							<sourcelink>http://paizo.com/pathfinderRPG/prd/advancedClassGuide/spells/airStep.html</sourcelink>
							<sourcepage>p.173</sourcepage>
							<sourceshort>ACG</sourceshort>
						</source>
						<spell_resistance></spell_resistance>
						<description>Tread unsteadily on air, with limitations.</description>
						<bonusspell></bonusspell>
				</spell>
				<spell>
						<name>Align Weapon</name>
						<outputname>Align Weapon</outputname>
						<times_memorized>1</times_memorized>
						<range>Touch</range>
						<components>V, S, DF</components>
						<castingtime>1 standard action</castingtime>
						<casterlevel>5</casterlevel>
						<concentration>+9</concentration>
						<dc>16</dc>
						<duration>5 minutes</duration>
						<effect>Align weapon makes a weapon chaotic, evil, good, or lawful, as you choose.</effect>
						<target>Weapon touched or 50 projectiles [all of which must be together at the time of casting]</target>
						<saveinfo>Will negates (harmless, object)</saveinfo>
						<school>
							<school>Transmutation</school>
							<subschool></subschool>
							<descriptor></descriptor>
							<fullschool>Transmutation</fullschool>
						</school>
						<source>
							<source>Paizo Inc. - Core Rulebook, p.240</source>
							<sourcelevel>Clr2</sourcelevel>
							<sourcelink>http://paizo.com/pathfinderRPG/prd/spells/alignWeapon.html#_align-weapon</sourcelink>
							<sourcepage>p.240</sourcepage>
							<sourceshort>CR</sourceshort>
						</source>
						<spell_resistance>Yes (harmless, object)</spell_resistance>
						<description>Align weapon makes a weapon chaotic, evil, good, or lawful, as you choose.</description>
						<bonusspell></bonusspell>
				</spell>
				<spell>
						<name>Align Weapon (Chaos or Evil Only)</name>
						<outputname>Align Weapon (Chaos or Evil Only)</outputname>
						<times_memorized>1</times_memorized>
						<range>Touch</range>
						<components>V, S, DF</components>
						<castingtime>1 standard action</castingtime>
						<casterlevel>5</casterlevel>
						<concentration>+9</concentration>
						<dc>16</dc>
						<duration>5 minutes</duration>
						<effect>Align weapon makes a weapon chaotic, evil, good, or lawful, as you choose.</effect>
						<target>Weapon touched or 50 projectiles [all of which must be together at the time of casting]</target>
						<saveinfo>Will negates (harmless, object)</saveinfo>
						<school>
							<school>Transmutation</school>
							<subschool></subschool>
							<descriptor></descriptor>
							<fullschool>Transmutation</fullschool>
						</school>
						<source>
							<source>Paizo Inc. - Core Rulebook, p.240</source>
							<sourcelevel>Clr2</sourcelevel>
							<sourcelink>http://paizo.com/pathfinderRPG/prd/spells/alignWeapon.html#_align-weapon</sourcelink>
							<sourcepage>p.240</sourcepage>
							<sourceshort>CR</sourceshort>
						</source>
						<spell_resistance>Yes (harmless, object)</spell_resistance>
						<description>Align weapon makes a weapon chaotic, evil, good, or lawful, as you choose.</description>
						<bonusspell></bonusspell>
				</spell>
				<spell>
						<name>Alter Summoned Monster</name>
						<outputname>Alter Summoned Monster</outputname>
						<times_memorized>1</times_memorized>
						<range>Close (35 ft.)</range>
						<components>V,S</components>
						<castingtime>1 standard action</castingtime>
						<casterlevel>5</casterlevel>
						<concentration>+9</concentration>
						<dc>16</dc>
						<duration>Instantaneous</duration>
						<effect>You swap a creature summoned by a conjuration [summoning] spell for a creature you could summon with a summon monster or summon nature&#39;s ally spell. The new creature must be an option from a spell of the same level or lower as the spell that summoned the target. The new creature cannot be summoned into an environment that cannot support it. The target can attempt a Will saving throw to negate this effect, but if the target is under your control, it receives no saving throw. Alter summoned monster does not alter the duration of the spell that summoned the target, nor does it affect any additional creatures summoned by the same spell as the target. The new creature has the same conditions and amount of damage as the target creature, and remains affected by all curses, diseases, poisons, and penalties that affected the target, but no other spells or effects carry over. Alter summoned monster is a spell of the same alignment type or types as the creature for which you exchange the target. An eidolon can&#39;t be targeted by this spell.</effect>
						<target>One summoned creature</target>
						<saveinfo>Will negates</saveinfo>
						<school>
							<school>Conjuration</school>
							<subschool>Summoning</subschool>
							<descriptor></descriptor>
							<fullschool>Conjuration (Summoning)</fullschool>
						</school>
						<source>
							<source>Paizo Publishing - Pathfinder Player Companion: Monster Summoner&#39;s Handbook, p.22</source>
							<sourcelevel>Clr2</sourcelevel>
							<sourcelink></sourcelink>
							<sourcepage>p.22</sourcepage>
							<sourceshort>MSH</sourceshort>
						</source>
						<spell_resistance>Yes</spell_resistance>
						<description>You swap a creature summoned by a conjuration (summoning) spell for a creature you could summon with a summon monster or summon nature&#39;s ally spell. The new creature must be an option from a spell of the same level or lower as the spell that summoned the target. The new creature cannot be summoned into an environment that cannot support it. The target can attempt a Will saving throw to negate this effect, but if the target is under your control, it receives no saving throw. Alter summoned monster does not alter the duration of the spell that summoned the target, nor does it affect any additional creatures summoned by the same spell as the target. The new creature has the same conditions and amount of damage as the target creature, and remains affected by all curses, diseases, poisons, and penalties that affected the target, but no other spells or effects carry over. Alter summoned monster is a spell of the same alignment type or types as the creature for which you exchange the target. An eidolon can&#39;t be targeted by this spell.</description>
						<bonusspell></bonusspell>
				</spell>
				<spell>
						<name>Amplify Stench</name>
						<outputname>Amplify Stench</outputname>
						<times_memorized>1</times_memorized>
						<range>Personal</range>
						<components>V,S</components>
						<castingtime>1 standard action</castingtime>
						<casterlevel>5</casterlevel>
						<concentration>+9</concentration>
						<dc></dc>
						<duration>50 minutes</duration>
						<effect>You amplify your natural stench special ability-its save DC increases by 2, and creatures that fail their saving throws against your stench become nauseated rather than sickened. If your stench ability normally causes a creature to become nauseated [such as with the foul stench ability], the radius of your stench doubles instead. This spell has no effect if you don&#39;t possess the stench special ability.</effect>
						<target>You</target>
						<saveinfo></saveinfo>
						<school>
							<school>Transmutation</school>
							<subschool></subschool>
							<descriptor></descriptor>
							<fullschool>Transmutation</fullschool>
						</school>
						<source>
							<source>Paizo Inc. - Monster Codex, 213</source>
							<sourcelevel>Clr2</sourcelevel>
							<sourcelink></sourcelink>
							<sourcepage>213</sourcepage>
							<sourceshort>MC</sourceshort>
						</source>
						<spell_resistance></spell_resistance>
						<description>You amplify your natural stench special ability-its save DC increases by 2, and creatures that fail their saving throws against your stench become nauseated rather than sickened. If your stench ability normally causes a creature to become nauseated (such as with the foul stench ability), the radius of your stench doubles instead. This spell has no effect if you don&#39;t possess the stench special ability.</description>
						<bonusspell></bonusspell>
				</spell>
				<spell>
						<name>Angelic Aspect (Lesser)</name>
						<outputname>Angelic Aspect (Lesser)</outputname>
						<times_memorized>1</times_memorized>
						<range>Personal</range>
						<components>V, S</components>
						<castingtime>1 standard action</castingtime>
						<casterlevel>5</casterlevel>
						<concentration>+9</concentration>
						<dc></dc>
						<duration>5 minutes [D]</duration>
						<effect>You take on an aspect of an angelic being, including some of its physical characteristics. You gain low-light vision, resistance to acid 5, resistance to cold 5, and the benefits of Protection from Evil.</effect>
						<target>You</target>
						<saveinfo></saveinfo>
						<school>
							<school>Transmutation</school>
							<subschool></subschool>
							<descriptor>Good</descriptor>
							<fullschool>Transmutation [Good]</fullschool>
						</school>
						<source>
							<source>Paizo Publishing - Pathfinder Player Companion: Champions of Purity, p.28</source>
							<sourcelevel>Clr2</sourcelevel>
							<sourcelink></sourcelink>
							<sourcepage>p.28</sourcepage>
							<sourceshort>COP</sourceshort>
						</source>
						<spell_resistance></spell_resistance>
						<description>You take on an aspect of an angelic being, including some of its physical characteristics. You gain low-light vision, resistance to acid 5, resistance to cold 5, and the benefits of Protection from Evil.</description>
						<bonusspell></bonusspell>
				</spell>
				<spell>
						<name>Animate Dead, Lesser</name>
						<outputname>Animate Dead, Lesser</outputname>
						<times_memorized>1</times_memorized>
						<range>Touch</range>
						<components>V, S, M</components>
						<castingtime>1 standard action</castingtime>
						<casterlevel>5</casterlevel>
						<concentration>+9</concentration>
						<dc></dc>
						<duration>Instantaneous</duration>
						<effect>Create one skeleton or zombie.</effect>
						<target>One corpse</target>
						<saveinfo>None</saveinfo>
						<school>
							<school>Necromancy</school>
							<subschool></subschool>
							<descriptor>Evil</descriptor>
							<fullschool>Necromancy [Evil]</fullschool>
						</school>
						<source>
							<source>Paizo Inc. - Ultimate Magic, p.205</source>
							<sourcelevel>Clr2</sourcelevel>
							<sourcelink>http://paizo.com/pathfinderRPG/prd/ultimateMagic/spells/animateDead.html#_animate-dead,-lesser</sourcelink>
							<sourcepage>p.205</sourcepage>
							<sourceshort>UM</sourceshort>
						</source>
						<spell_resistance>No</spell_resistance>
						<description>Create one skeleton or zombie.</description>
						<bonusspell></bonusspell>
				</spell>
				<spell>
						<name>Ant Haul (Communal)</name>
						<outputname>Ant Haul (Communal)</outputname>
						<times_memorized>1</times_memorized>
						<range>Touch</range>
						<components>V, S, M/DF</components>
						<castingtime>1 standard action</castingtime>
						<casterlevel>5</casterlevel>
						<concentration>+9</concentration>
						<dc>16</dc>
						<duration>10 hours</duration>
						<effect>As ant haul, but you may divide the duration among creatures touched.</effect>
						<target>creatures touched</target>
						<saveinfo>Fortitude negates (harmless)</saveinfo>
						<school>
							<school>Transmutation</school>
							<subschool></subschool>
							<descriptor></descriptor>
							<fullschool>Transmutation</fullschool>
						</school>
						<source>
							<source>Paizo Inc. - Ultimate Combat, p.223</source>
							<sourcelevel>Clr2</sourcelevel>
							<sourcelink>http://paizo.com/pathfinderRPG/prd/ultimateCombat/spells/antHaul.html#_ant-haul,-communal</sourcelink>
							<sourcepage>p.223</sourcepage>
							<sourceshort>UC</sourceshort>
						</source>
						<spell_resistance>Yes (harmless)</spell_resistance>
						<description>As ant haul, but you may divide the duration among creatures touched.</description>
						<bonusspell></bonusspell>
				</spell>
				<spell>
						<name>Arrow of Law</name>
						<outputname>Arrow of Law</outputname>
						<times_memorized>1</times_memorized>
						<range>Close (35 ft.)</range>
						<components>V, S, DF</components>
						<castingtime>1 standard action</castingtime>
						<casterlevel>5</casterlevel>
						<concentration>+9</concentration>
						<dc>16</dc>
						<duration>Instantaneous [1 round]; see text</duration>
						<effect>Harm and possibly daze chaotic creatures.</effect>
						<target>Arrow-shaped projectile of lawful energy</target>
						<saveinfo>Will partial (see text)</saveinfo>
						<school>
							<school>Evocation</school>
							<subschool></subschool>
							<descriptor>Lawful</descriptor>
							<fullschool>Evocation [Lawful]</fullschool>
						</school>
						<source>
							<source>Paizo Inc. - Ultimate Magic, p.207</source>
							<sourcelevel>Clr2</sourcelevel>
							<sourcelink>http://paizo.com/pathfinderRPG/prd/ultimateMagic/spells/arrowOfLaw.html#_arrow-of-law</sourcelink>
							<sourcepage>p.207</sourcepage>
							<sourceshort>UM</sourceshort>
						</source>
						<spell_resistance>Yes</spell_resistance>
						<description>Harm and possibly daze chaotic creatures.</description>
						<bonusspell></bonusspell>
				</spell>
				<spell>
						<name>Augury</name>
						<outputname>Augury</outputname>
						<times_memorized>1</times_memorized>
						<range>Personal</range>
						<components>V, S, M, F</components>
						<castingtime>1 minute</castingtime>
						<casterlevel>5</casterlevel>
						<concentration>+9</concentration>
						<dc></dc>
						<duration>Instantaneous</duration>
						<effect>An augury can tell you whether a particular action will bring good or bad results for you in the immediate future.</effect>
						<target>You</target>
						<saveinfo></saveinfo>
						<school>
							<school>Divination</school>
							<subschool></subschool>
							<descriptor></descriptor>
							<fullschool>Divination</fullschool>
						</school>
						<source>
							<source>Paizo Inc. - Core Rulebook, p.245</source>
							<sourcelevel>Clr2</sourcelevel>
							<sourcelink>http://paizo.com/pathfinderRPG/prd/spells/augury.html#_augury</sourcelink>
							<sourcepage>p.245</sourcepage>
							<sourceshort>CR</sourceshort>
						</source>
						<spell_resistance></spell_resistance>
						<description>An augury can tell you whether a particular action will bring good or bad results for you in the immediate future.</description>
						<bonusspell></bonusspell>
				</spell>
				<spell>
						<name>Bear&#39;s Endurance</name>
						<outputname>Bear&#39;s Endurance</outputname>
						<times_memorized>1</times_memorized>
						<range>Touch</range>
						<components>V, S, M/DF</components>
						<castingtime>1 standard action</castingtime>
						<casterlevel>5</casterlevel>
						<concentration>+9</concentration>
						<dc>16</dc>
						<duration>5 minutes</duration>
						<effect>The affected creature gains greater vitality and stamina granting the subject a +4 enhancement bonus to Constitution.</effect>
						<target>Creature touched</target>
						<saveinfo>Will negates (harmless)</saveinfo>
						<school>
							<school>Transmutation</school>
							<subschool></subschool>
							<descriptor></descriptor>
							<fullschool>Transmutation</fullschool>
						</school>
						<source>
							<source>Paizo Inc. - Core Rulebook, p.246</source>
							<sourcelevel>Clr2</sourcelevel>
							<sourcelink>http://paizo.com/pathfinderRPG/prd/spells/bearSEndurance.html#_bear-s-endurance</sourcelink>
							<sourcepage>p.246</sourcepage>
							<sourceshort>CR</sourceshort>
						</source>
						<spell_resistance>Yes</spell_resistance>
						<description>The affected creature gains greater vitality and stamina granting the subject a +4 enhancement bonus to Constitution.</description>
						<bonusspell></bonusspell>
				</spell>
				<spell>
						<name>Bestow Weapon Proficiency</name>
						<outputname>Bestow Weapon Proficiency</outputname>
						<times_memorized>1</times_memorized>
						<range>Close (35 ft.)</range>
						<components>V, S, M</components>
						<castingtime>1 standard action</castingtime>
						<casterlevel>5</casterlevel>
						<concentration>+9</concentration>
						<dc>16</dc>
						<duration>5 minutes</duration>
						<effect>Grant a creature proficiency in a single weapon for short period of time.</effect>
						<target>one creature</target>
						<saveinfo>Will negates (harmless)</saveinfo>
						<school>
							<school>Enchantment</school>
							<subschool>Compulsion</subschool>
							<descriptor>Mind-Affecting</descriptor>
							<fullschool>Enchantment (Compulsion) [Mind-Affecting]</fullschool>
						</school>
						<source>
							<source>Paizo Inc. - Ultimate Combat, p.224</source>
							<sourcelevel>Clr2</sourcelevel>
							<sourcelink>http://paizo.com/pathfinderRPG/prd/ultimateCombat/spells/bestowWeaponProficiency.html#_bestow-weapon-proficiency</sourcelink>
							<sourcepage>p.224</sourcepage>
							<sourceshort>UC</sourceshort>
						</source>
						<spell_resistance>Yes (harmless)</spell_resistance>
						<description>Grant a creature proficiency in a single weapon for short period of time.</description>
						<bonusspell></bonusspell>
				</spell>
				<spell>
						<name>Blessing of Courage and Life</name>
						<outputname>Blessing of Courage and Life</outputname>
						<times_memorized>1</times_memorized>
						<range>Close (35 ft.)</range>
						<components>V, S, DF</components>
						<castingtime>1 standard action</castingtime>
						<casterlevel>5</casterlevel>
						<concentration>+9</concentration>
						<dc>16</dc>
						<duration>5 minutes [see below]</duration>
						<effect>Grants a +2 bonus on saves vs. fear and death.</effect>
						<target>one living creature</target>
						<saveinfo>Will negates (harmless)</saveinfo>
						<school>
							<school>Conjuration</school>
							<subschool>Healing</subschool>
							<descriptor>Emotion</descriptor>
							<fullschool>Conjuration (Healing) [Emotion]</fullschool>
						</school>
						<source>
							<source>Paizo Inc. - Advanced Player&#39;s Guide, p.205</source>
							<sourcelevel>Clr2</sourcelevel>
							<sourcelink>http://paizo.com/pathfinderRPG/prd/advanced/spells/blessingOfCourageAndLife.html#_blessing-of-courage-and-life</sourcelink>
							<sourcepage>p.205</sourcepage>
							<sourceshort>APG</sourceshort>
						</source>
						<spell_resistance>Yes (harmless)</spell_resistance>
						<description>Grants a +2 bonus on saves vs. fear and death.</description>
						<bonusspell></bonusspell>
				</spell>
				<spell>
						<name>Blood in the Water</name>
						<outputname>Blood in the Water</outputname>
						<times_memorized>1</times_memorized>
						<range>20 ft.</range>
						<components>V,S,DF</components>
						<castingtime>1 standard action</castingtime>
						<casterlevel>5</casterlevel>
						<concentration>+9</concentration>
						<dc>16</dc>
						<duration>5 rounds</duration>
						<effect>As part of the casting of this spell, you must deal 1 point of piercing or slashing damage to yourself to release your blood. This causes you to take 1 point of bleed damage. While the spell is in effect, all sharks, feeders in the depths, and creatures with the blood frenzy ability in the area gain a +2 bonus to Strength and Constitution and take a -2 penalty to AC. This is treated as blood frenzy for the purposes of other feats and effects, and doesn&#39;t stack with the effects of actual blood frenzy. If you cease bleeding, the spell immediately ends.</effect>
						<target>20-ft.-radius emanation centered on you</target>
						<saveinfo>Will negates (harmless)</saveinfo>
						<school>
							<school>Necromancy</school>
							<subschool></subschool>
							<descriptor>Emotion</descriptor>
							<fullschool>Necromancy [Emotion]</fullschool>
						</school>
						<source>
							<source>Paizo Inc. - Monster Codex, 189</source>
							<sourcelevel>Clr2</sourcelevel>
							<sourcelink></sourcelink>
							<sourcepage>189</sourcepage>
							<sourceshort>MC</sourceshort>
						</source>
						<spell_resistance>Yes (harmless)</spell_resistance>
						<description>As part of the casting of this spell, you must deal 1 point of piercing or slashing damage to yourself to release your blood. This causes you to take 1 point of bleed damage. While the spell is in effect, all sharks, feeders in the depths, and creatures with the blood frenzy ability in the area gain a +2 bonus to Strength and Constitution and take a -2 penalty to AC. This is treated as blood frenzy for the purposes of other feats and effects, and doesn&#39;t stack with the effects of actual blood frenzy. If you cease bleeding, the spell immediately ends.</description>
						<bonusspell></bonusspell>
				</spell>
				<spell>
						<name>Bloodbath</name>
						<outputname>Bloodbath</outputname>
						<times_memorized>1</times_memorized>
						<range>Close (35 ft.)</range>
						<components>V,S,F</components>
						<castingtime>1 standard action</castingtime>
						<casterlevel>5</casterlevel>
						<concentration>+9</concentration>
						<dc>16</dc>
						<duration>5 rounds [D]</duration>
						<effect>Cause yourself and enemies to bleed.</effect>
						<target>Up to 5 creatures, no two more than 30 ft. apart</target>
						<saveinfo>Fortitude negates</saveinfo>
						<school>
							<school>Necromancy</school>
							<subschool></subschool>
							<descriptor></descriptor>
							<fullschool>Necromancy</fullschool>
						</school>
						<source>
							<source>Paizo Inc. - Horror Adventures, p.110</source>
							<sourcelevel>Clr2</sourcelevel>
							<sourcelink>http://aonprd.com/SpellDisplay.aspx?ItemName=Bloodbath</sourcelink>
							<sourcepage>p.110</sourcepage>
							<sourceshort>HA</sourceshort>
						</source>
						<spell_resistance>Yes</spell_resistance>
						<description>Cause yourself and enemies to bleed.</description>
						<bonusspell></bonusspell>
				</spell>
				<spell>
						<name>Boiling Blood</name>
						<outputname>Boiling Blood</outputname>
						<times_memorized>1</times_memorized>
						<range>Medium (150 ft.)</range>
						<components>V, S</components>
						<castingtime>1 standard action</castingtime>
						<casterlevel>5</casterlevel>
						<concentration>+9</concentration>
						<dc>16</dc>
						<duration>Concentration + 5 rounds</duration>
						<effect>Targets take 1 fire damage each round; orcs get +2 Strength.</effect>
						<target>1 creatures, no two of which may be more than 30 ft. apart</target>
						<saveinfo>Fortitude negates (see text)</saveinfo>
						<school>
							<school>Transmutation</school>
							<subschool></subschool>
							<descriptor></descriptor>
							<fullschool>Transmutation</fullschool>
						</school>
						<source>
							<source>Paizo Inc. - Ultimate Magic, p.209</source>
							<sourcelevel>Clr2</sourcelevel>
							<sourcelink>http://paizo.com/pathfinderRPG/prd/ultimateMagic/spells/boilingBlood.html#_boiling-blood</sourcelink>
							<sourcepage>p.209</sourcepage>
							<sourceshort>UM</sourceshort>
						</source>
						<spell_resistance>Yes</spell_resistance>
						<description>Targets take 1 fire damage each round; orcs get +2 Strength.</description>
						<bonusspell></bonusspell>
				</spell>
				<spell>
						<name>Bone Fists</name>
						<outputname>Bone Fists</outputname>
						<times_memorized>1</times_memorized>
						<range>Close (35 ft.)</range>
						<components>V,S,M</components>
						<castingtime>1 standard action</castingtime>
						<casterlevel>5</casterlevel>
						<concentration>+9</concentration>
						<dc>16</dc>
						<duration>5 minutes</duration>
						<effect>The bones of your targets&#39; joints grow thick and sharp, protruding painfully through the skin at the knuckles, elbows, shoulders, spine, and knees. The targets each gain a +1 bonus to natural armor and a +2 bonus on damage rolls with natural weapons, and they are treated as having armor spikes, with which they are proficient. [Material Components] the knucklebone of a dire animal</effect>
						<target>5 creatures, no two more than 30 feet apart</target>
						<saveinfo>None (harmless)</saveinfo>
						<school>
							<school>Necromancy</school>
							<subschool></subschool>
							<descriptor></descriptor>
							<fullschool>Necromancy</fullschool>
						</school>
						<source>
							<source>Paizo Inc. - Magic Tactics Toolbox, p.5</source>
							<sourcelevel>Clr2</sourcelevel>
							<sourcelink></sourcelink>
							<sourcepage>p.5</sourcepage>
							<sourceshort>MagTT</sourceshort>
						</source>
						<spell_resistance>No</spell_resistance>
						<description>The bones of your targets&#39; joints grow thick and sharp, protruding painfully through the skin at the knuckles, elbows, shoulders, spine, and knees. The targets each gain a +1 bonus to natural armor and a +2 bonus on damage rolls with natural weapons, and they are treated as having armor spikes, with which they are proficient. [Material Components] the knucklebone of a dire animal</description>
						<bonusspell></bonusspell>
				</spell>
				<spell>
						<name>Boneshaker</name>
						<outputname>Boneshaker</outputname>
						<times_memorized>1</times_memorized>
						<range>Medium (150 ft.)</range>
						<components>V,S,F</components>
						<castingtime>1 standard action</castingtime>
						<casterlevel>5</casterlevel>
						<concentration>+9</concentration>
						<dc>16</dc>
						<duration>Instantaneous</duration>
						<effect>Momentarily control a living or undead creature&#39;s skeleton.</effect>
						<target>One living creature or undead creature with a skeleton</target>
						<saveinfo>Fortitude partial or negates (see text)</saveinfo>
						<school>
							<school>Necromancy</school>
							<subschool></subschool>
							<descriptor></descriptor>
							<fullschool>Necromancy</fullschool>
						</school>
						<source>
							<source>Paizo Inc. - Horror Adventures, p.110</source>
							<sourcelevel>Clr2</sourcelevel>
							<sourcelink>http://aonprd.com/SpellDisplay.aspx?ItemName=Boneshaker</sourcelink>
							<sourcepage>p.110</sourcepage>
							<sourceshort>HA</sourceshort>
						</source>
						<spell_resistance>Yes</spell_resistance>
						<description>Momentarily control a living or undead creature&#39;s skeleton.</description>
						<bonusspell></bonusspell>
				</spell>
				<spell>
						<name>Brittle Portal</name>
						<outputname>Brittle Portal</outputname>
						<times_memorized>1</times_memorized>
						<range>Close (35 ft.)</range>
						<components>V, S</components>
						<castingtime>1 standard action</castingtime>
						<casterlevel>5</casterlevel>
						<concentration>+9</concentration>
						<dc>16</dc>
						<duration>5 rounds</duration>
						<effect>Reduce the hardness of any nonmagical surface by 10.</effect>
						<target>5-ft.-radius spread</target>
						<saveinfo>Will negates (object)</saveinfo>
						<school>
							<school>Transmutation</school>
							<subschool></subschool>
							<descriptor></descriptor>
							<fullschool>Transmutation</fullschool>
						</school>
						<source>
							<source>Paizo Inc. - Pathfinder Player Companion: Faiths of Corruption, p.29</source>
							<sourcelevel>Clr2</sourcelevel>
							<sourcelink></sourcelink>
							<sourcepage>p.29</sourcepage>
							<sourceshort>FOC</sourceshort>
						</source>
						<spell_resistance>Yes</spell_resistance>
						<description>Reduce the hardness of any nonmagical surface by (CASTERLEVEL*2).</description>
						<bonusspell></bonusspell>
				</spell>
				<spell>
						<name>Build Trust</name>
						<outputname>Build Trust</outputname>
						<times_memorized>1</times_memorized>
						<range>Close (35 ft.)</range>
						<components>V,S,M</components>
						<castingtime>1 standard action</castingtime>
						<casterlevel>5</casterlevel>
						<concentration>+9</concentration>
						<dc>16</dc>
						<duration>5 days; see text</duration>
						<effect>Gain various bonuses when interacting with the target.</effect>
						<target>One creature</target>
						<saveinfo>Will negates</saveinfo>
						<school>
							<school>Divination</school>
							<subschool></subschool>
							<descriptor></descriptor>
							<fullschool>Divination</fullschool>
						</school>
						<source>
							<source>Paizo Inc. - Ultimate Intrigue, p.205</source>
							<sourcelevel>Clr2</sourcelevel>
							<sourcelink>http://aonprd.com/SpellDisplay.aspx?ItemName=Build Trust</sourcelink>
							<sourcepage>p.205</sourcepage>
							<sourceshort>UI</sourceshort>
						</source>
						<spell_resistance>Yes</spell_resistance>
						<description>Gain various bonuses when interacting with the target.</description>
						<bonusspell></bonusspell>
				</spell>
				<spell>
						<name>Bull&#39;s Strength</name>
						<outputname>Bull&#39;s Strength</outputname>
						<times_memorized>1</times_memorized>
						<range>Touch</range>
						<components>V, S, M/DF</components>
						<castingtime>1 standard action</castingtime>
						<casterlevel>5</casterlevel>
						<concentration>+9</concentration>
						<dc>16</dc>
						<duration>5 minutes</duration>
						<effect>The subject becomes stronger granting a +4 enhancement bonus to Strength.</effect>
						<target>Creature touched</target>
						<saveinfo>Will negates (harmless)</saveinfo>
						<school>
							<school>Transmutation</school>
							<subschool></subschool>
							<descriptor></descriptor>
							<fullschool>Transmutation</fullschool>
						</school>
						<source>
							<source>Paizo Inc. - Core Rulebook, p.251</source>
							<sourcelevel>Clr2</sourcelevel>
							<sourcelink>http://paizo.com/pathfinderRPG/prd/spells/bullSStrength.html#_bull-s-strength</sourcelink>
							<sourcepage>p.251</sourcepage>
							<sourceshort>CR</sourceshort>
						</source>
						<spell_resistance>Yes (harmless)</spell_resistance>
						<description>The subject becomes stronger granting a +4 enhancement bonus to Strength.</description>
						<bonusspell></bonusspell>
				</spell>
				<spell>
						<name>Burst of Radiance</name>
						<outputname>Burst of Radiance</outputname>
						<times_memorized>1</times_memorized>
						<range>Long (600 ft.)</range>
						<components>V, S, M/DF</components>
						<castingtime>1 standard action</castingtime>
						<casterlevel>5</casterlevel>
						<concentration>+9</concentration>
						<dc>16</dc>
						<duration>Instantaneous</duration>
						<effect>This spell fills the area with a brilliant flash of shimmering light. Creatures in the area are blinded for 1d4 rounds, or dazzled for 1d4 rounds if they succeed at a Reflex save. Evil creatures in the area of the burst take 1d4 points of damage per caster level [max 5d4], whether they succeed at the Reflex save or not.</effect>
						<target>10-ft.-radius burst</target>
						<saveinfo>Fortitude negates</saveinfo>
						<school>
							<school>Evocation</school>
							<subschool></subschool>
							<descriptor>Good, Light</descriptor>
							<fullschool>Evocation [Good, Light]</fullschool>
						</school>
						<source>
							<source>Paizo Publishing - Pathfinder Player Companion: Champions of Purity, p.29</source>
							<sourcelevel>Clr2</sourcelevel>
							<sourcelink></sourcelink>
							<sourcepage>p.29</sourcepage>
							<sourceshort>COP</sourceshort>
						</source>
						<spell_resistance>Yes</spell_resistance>
						<description>This spell fills the area with a brilliant flash of shimmering light. Creatures in the area are blinded for 1d4 rounds, or dazzled for 1d4 rounds if they succeed at a Reflex save. Evil creatures in the area of the burst take 1d4 points of damage per caster level (max 5d4), whether they succeed at the Reflex save or not.</description>
						<bonusspell></bonusspell>
				</spell>
				<spell>
						<name>Calm Emotions</name>
						<outputname>Calm Emotions</outputname>
						<times_memorized>1</times_memorized>
						<range>Medium (150 ft.)</range>
						<components>V, S, DF</components>
						<castingtime>1 standard action</castingtime>
						<casterlevel>5</casterlevel>
						<concentration>+9</concentration>
						<dc>16</dc>
						<duration>Concentration, up to 5 rounds [D]</duration>
						<effect>This spell calms agitated creatures.</effect>
						<target>Creatures in a 20-ft.-radius spread</target>
						<saveinfo>Will negates</saveinfo>
						<school>
							<school>Enchantment</school>
							<subschool>Compulsion</subschool>
							<descriptor>Mind-Affecting, Emotion</descriptor>
							<fullschool>Enchantment (Compulsion) [Mind-Affecting, Emotion]</fullschool>
						</school>
						<source>
							<source>Paizo Inc. - Core Rulebook, p.252</source>
							<sourcelevel>Clr2</sourcelevel>
							<sourcelink>http://paizo.com/pathfinderRPG/prd/spells/calmEmotions.html#_calm-emotions</sourcelink>
							<sourcepage>p.252</sourcepage>
							<sourceshort>CR</sourceshort>
						</source>
						<spell_resistance>Yes</spell_resistance>
						<description>This spell calms agitated creatures.</description>
						<bonusspell></bonusspell>
				</spell>
				<spell>
						<name>Calm Spirit</name>
						<outputname>Calm Spirit</outputname>
						<times_memorized>1</times_memorized>
						<range>Close (35 ft.)</range>
						<components>V, S</components>
						<castingtime>1 standard action</castingtime>
						<casterlevel>5</casterlevel>
						<concentration>+9</concentration>
						<dc>16</dc>
						<duration>1 minute or 5 rounds; see text</duration>
						<effect>Postpone hostile action by a haunt or incorporeal undead.</effect>
						<target>One incorporeal undead creature or haunt</target>
						<saveinfo>Will negates or none; see text</saveinfo>
						<school>
							<school>Necromancy</school>
							<subschool></subschool>
							<descriptor></descriptor>
							<fullschool>Necromancy</fullschool>
						</school>
						<source>
							<source>Paizo Inc. - Occult Adventures, p.160</source>
							<sourcelevel>Clr2</sourcelevel>
							<sourcelink>http://aonprd.com/SpellDisplay.aspx?ItemName=Calm Spirit</sourcelink>
							<sourcepage>p.160</sourcepage>
							<sourceshort>OA</sourceshort>
						</source>
						<spell_resistance>Yes</spell_resistance>
						<description>Postpone hostile action by a haunt or incorporeal undead.</description>
						<bonusspell></bonusspell>
				</spell>
				<spell>
						<name>Compassionate Ally</name>
						<outputname>Compassionate Ally</outputname>
						<times_memorized>1</times_memorized>
						<range>Close (35 ft.)</range>
						<components>V, S</components>
						<castingtime>1 standard action</castingtime>
						<casterlevel>5</casterlevel>
						<concentration>+9</concentration>
						<dc>16</dc>
						<duration>5 rounds</duration>
						<effect>Target is compelled to help injured ally.</effect>
						<target>One creature</target>
						<saveinfo>Will negates</saveinfo>
						<school>
							<school>Enchantment</school>
							<subschool>Compulsion</subschool>
							<descriptor>Emotion, Mind-Affecting</descriptor>
							<fullschool>Enchantment (Compulsion) [Emotion, Mind-Affecting]</fullschool>
						</school>
						<source>
							<source>Paizo Inc. - Ultimate Magic, p.211</source>
							<sourcelevel>Clr2</sourcelevel>
							<sourcelink>http://paizo.com/pathfinderRPG/prd/ultimateMagic/spells/compassionateAlly.html#_compassionate-ally</sourcelink>
							<sourcepage>p.211</sourcepage>
							<sourceshort>UM</sourceshort>
						</source>
						<spell_resistance>Yes</spell_resistance>
						<description>Target is compelled to help injured ally.</description>
						<bonusspell></bonusspell>
				</spell>
				<spell>
						<name>Conditional Favor</name>
						<outputname>Conditional Favor</outputname>
						<times_memorized>1</times_memorized>
						<range>See text</range>
						<components>V</components>
						<castingtime>1 swift action</castingtime>
						<casterlevel>5</casterlevel>
						<concentration>+9</concentration>
						<dc>16</dc>
						<duration>5 days [D]</duration>
						<effect>Provide another spell whose effects reverse if the target breaks a restriction.</effect>
						<target>One creature</target>
						<saveinfo>None; see text</saveinfo>
						<school>
							<school>Abjuration</school>
							<subschool></subschool>
							<descriptor></descriptor>
							<fullschool>Abjuration</fullschool>
						</school>
						<source>
							<source>Paizo Inc. - Ultimate Intrigue, p.206</source>
							<sourcelevel>Clr2</sourcelevel>
							<sourcelink>http://aonprd.com/SpellDisplay.aspx?ItemName=Conditional Favor</sourcelink>
							<sourcepage>p.206</sourcepage>
							<sourceshort>UI</sourceshort>
						</source>
						<spell_resistance>Yes</spell_resistance>
						<description>Provide another spell whose effects reverse if the target breaks a restriction.</description>
						<bonusspell></bonusspell>
				</spell>
				<spell>
						<name>Consecrate</name>
						<outputname>Consecrate</outputname>
						<times_memorized>1</times_memorized>
						<range>Close (35 ft.)</range>
						<components>V, S, M, DF</components>
						<castingtime>1 standard action</castingtime>
						<casterlevel>5</casterlevel>
						<concentration>+9</concentration>
						<dc></dc>
						<duration>10 hours</duration>
						<effect>This spell blesses an area with positive energy.</effect>
						<target>20-ft.-radius emanation</target>
						<saveinfo>None</saveinfo>
						<school>
							<school>Evocation</school>
							<subschool></subschool>
							<descriptor>Good</descriptor>
							<fullschool>Evocation [Good]</fullschool>
						</school>
						<source>
							<source>Paizo Inc. - Core Rulebook, p.258</source>
							<sourcelevel>Clr2</sourcelevel>
							<sourcelink>http://paizo.com/pathfinderRPG/prd/spells/consecrate.html#_consecrate</sourcelink>
							<sourcepage>p.258</sourcepage>
							<sourceshort>CR</sourceshort>
						</source>
						<spell_resistance>No</spell_resistance>
						<description>This spell blesses an area with positive energy.</description>
						<bonusspell></bonusspell>
				</spell>
				<spell>
						<name>Contact Entity I</name>
						<outputname>Contact Entity I</outputname>
						<times_memorized>1</times_memorized>
						<range>100 miles</range>
						<components>V,S,M</components>
						<castingtime>1 minute</castingtime>
						<casterlevel>5</casterlevel>
						<concentration>+9</concentration>
						<dc></dc>
						<duration>Instantaneous</duration>
						<effect>Ask eldritch entities to find and converse with you.</effect>
						<target>Up to 20 entities of 6 HD or fewer; see text</target>
						<saveinfo>None</saveinfo>
						<school>
							<school>Evocation</school>
							<subschool></subschool>
							<descriptor></descriptor>
							<fullschool>Evocation</fullschool>
						</school>
						<source>
							<source>Paizo Inc. - Horror Adventures, p.113</source>
							<sourcelevel>Clr2</sourcelevel>
							<sourcelink>http://aonprd.com/SpellDisplay.aspx?ItemName=Contact%20Entity%20I</sourcelink>
							<sourcepage>p.113</sourcepage>
							<sourceshort>HA</sourceshort>
						</source>
						<spell_resistance>No</spell_resistance>
						<description>Ask eldritch entities to find and converse with you.</description>
						<bonusspell></bonusspell>
				</spell>
				<spell>
						<name>Cure Moderate Wounds</name>
						<outputname>Cure Moderate Wounds</outputname>
						<times_memorized>1</times_memorized>
						<range>Touch</range>
						<components>V, S</components>
						<castingtime>1 standard action</castingtime>
						<casterlevel>5</casterlevel>
						<concentration>+9</concentration>
						<dc>16</dc>
						<duration>Instantaneous</duration>
						<effect>When laying your hand upon a living creature, you channel positive energy that cures 2d8+5 points of damage.</effect>
						<target>Creature touched</target>
						<saveinfo>Will half (harmless) or Will half; see text</saveinfo>
						<school>
							<school>Conjuration</school>
							<subschool>Healing</subschool>
							<descriptor></descriptor>
							<fullschool>Conjuration (Healing)</fullschool>
						</school>
						<source>
							<source>Paizo Inc. - Core Rulebook, p.263</source>
							<sourcelevel>Clr2</sourcelevel>
							<sourcelink>http://paizo.com/pathfinderRPG/prd/spells/cureModerateWounds.html#_cure-moderate-wounds</sourcelink>
							<sourcepage>p.263</sourcepage>
							<sourceshort>CR</sourceshort>
						</source>
						<spell_resistance>Yes (harmless) or yes; see text</spell_resistance>
						<description>When laying your hand upon a living creature, you channel positive energy that cures 2d8+(min(10,CASTERLEVEL)) points of damage.</description>
						<bonusspell></bonusspell>
				</spell>
				<spell>
						<name>Curse Terrain (Lesser)</name>
						<outputname>Curse Terrain (Lesser)</outputname>
						<times_memorized>1</times_memorized>
						<range>Touch</range>
						<components>V,S,M</components>
						<castingtime>10 minutes</castingtime>
						<casterlevel>5</casterlevel>
						<concentration>+9</concentration>
						<dc></dc>
						<duration>1 day [D]</duration>
						<effect>Curse an area with three mild hazards.</effect>
						<target>300-ft. radius emanating from the touched point</target>
						<saveinfo>None</saveinfo>
						<school>
							<school>Necromancy</school>
							<subschool></subschool>
							<descriptor>Curse, Evil</descriptor>
							<fullschool>Necromancy [Curse, Evil]</fullschool>
						</school>
						<source>
							<source>Paizo Inc. - Horror Adventures, p.114</source>
							<sourcelevel>Clr2</sourcelevel>
							<sourcelink>http://aonprd.com/SpellDisplay.aspx?ItemName=Curse%20Terrain</sourcelink>
							<sourcepage>p.114</sourcepage>
							<sourceshort>HA</sourceshort>
						</source>
						<spell_resistance>No</spell_resistance>
						<description>Curse an area with three mild hazards.</description>
						<bonusspell></bonusspell>
				</spell>
				<spell>
						<name>Dark Whispers</name>
						<outputname>Dark Whispers</outputname>
						<times_memorized>1</times_memorized>
						<range>Long (600 ft.)</range>
						<components>V,S,F/DF</components>
						<castingtime>1 standard action</castingtime>
						<casterlevel>5</casterlevel>
						<concentration>+9</concentration>
						<dc></dc>
						<duration>50 minutes</duration>
						<effect>Whisper through the shadows.</effect>
						<target>5 creatures</target>
						<saveinfo>None</saveinfo>
						<school>
							<school>Illusion</school>
							<subschool>Shadow</subschool>
							<descriptor>Language-Dependent, Shadow</descriptor>
							<fullschool>Illusion (Shadow) [Language-Dependent, Shadow]</fullschool>
						</school>
						<source>
							<source>Paizo Inc. - Ultimate Intrigue, p.209</source>
							<sourcelevel>Clr2</sourcelevel>
							<sourcelink>http://aonprd.com/SpellDisplay.aspx?ItemName=Dark Whispers</sourcelink>
							<sourcepage>p.209</sourcepage>
							<sourceshort>UI</sourceshort>
						</source>
						<spell_resistance>Yes</spell_resistance>
						<description>Whisper through the shadows.</description>
						<bonusspell></bonusspell>
				</spell>
				<spell>
						<name>Darkness</name>
						<outputname>Darkness</outputname>
						<times_memorized>1</times_memorized>
						<range>Touch</range>
						<components>V, M/DF</components>
						<castingtime>1 standard action</castingtime>
						<casterlevel>5</casterlevel>
						<concentration>+9</concentration>
						<dc></dc>
						<duration>5 minutes [D]</duration>
						<effect>This spell causes an object to radiate darkness out to a 20-foot radius.</effect>
						<target>Object touched</target>
						<saveinfo>None</saveinfo>
						<school>
							<school>Evocation</school>
							<subschool></subschool>
							<descriptor>Darkness</descriptor>
							<fullschool>Evocation [Darkness]</fullschool>
						</school>
						<source>
							<source>Paizo Inc. - Core Rulebook, p.263</source>
							<sourcelevel>Clr2</sourcelevel>
							<sourcelink>http://paizo.com/pathfinderRPG/prd/spells/darkness.html#_darkness</sourcelink>
							<sourcepage>p.263</sourcepage>
							<sourceshort>CR</sourceshort>
						</source>
						<spell_resistance>No</spell_resistance>
						<description>This spell causes an object to radiate darkness out to a 20-foot radius.</description>
						<bonusspell></bonusspell>
				</spell>
				<spell>
						<name>Death Knell</name>
						<outputname>Death Knell</outputname>
						<times_memorized>1</times_memorized>
						<range>Touch</range>
						<components>V, S</components>
						<castingtime>1 standard action</castingtime>
						<casterlevel>5</casterlevel>
						<concentration>+9</concentration>
						<dc>16</dc>
						<duration>Instantaneous/10 minutes per HD of subject; see text</duration>
						<effect>You draw forth the ebbing life force of a creature and use it to fuel your own power.</effect>
						<target>Living creature touched</target>
						<saveinfo>Will negates</saveinfo>
						<school>
							<school>Necromancy</school>
							<subschool></subschool>
							<descriptor>Death, Evil</descriptor>
							<fullschool>Necromancy [Death, Evil]</fullschool>
						</school>
						<source>
							<source>Paizo Inc. - Core Rulebook, p.264</source>
							<sourcelevel>Clr2</sourcelevel>
							<sourcelink>http://paizo.com/pathfinderRPG/prd/spells/deathKnell.html#_death-knell</sourcelink>
							<sourcepage>p.264</sourcepage>
							<sourceshort>CR</sourceshort>
						</source>
						<spell_resistance>Yes</spell_resistance>
						<description>You draw forth the ebbing life force of a creature and use it to fuel your own power.</description>
						<bonusspell></bonusspell>
				</spell>
				<spell>
						<name>Delay Pain</name>
						<outputname>Delay Pain</outputname>
						<times_memorized>1</times_memorized>
						<range>Close (35 ft.)</range>
						<components>V, S</components>
						<castingtime>1 standard action</castingtime>
						<casterlevel>5</casterlevel>
						<concentration>+9</concentration>
						<dc>16</dc>
						<duration>5 hours</duration>
						<effect>Ignore pain.</effect>
						<target>One creature</target>
						<saveinfo>Will negates</saveinfo>
						<school>
							<school>Enchantment</school>
							<subschool></subschool>
							<descriptor>Emotion</descriptor>
							<fullschool>Enchantment [Emotion]</fullschool>
						</school>
						<source>
							<source>Paizo Inc. - Ultimate Magic, p.216</source>
							<sourcelevel>Clr2</sourcelevel>
							<sourcelink>http://paizo.com/pathfinderRPG/prd/ultimateMagic/spells/delayPain.html#_delay-pain</sourcelink>
							<sourcepage>p.216</sourcepage>
							<sourceshort>UM</sourceshort>
						</source>
						<spell_resistance>Yes</spell_resistance>
						<description>Ignore pain.</description>
						<bonusspell></bonusspell>
				</spell>
				<spell>
						<name>Delay Poison</name>
						<outputname>Delay Poison</outputname>
						<times_memorized>1</times_memorized>
						<range>Touch</range>
						<components>V, S, DF</components>
						<castingtime>1 standard action</castingtime>
						<casterlevel>5</casterlevel>
						<concentration>+9</concentration>
						<dc>16</dc>
						<duration>5 hours</duration>
						<effect>The subject becomes temporarily immune to poison.</effect>
						<target>Creature touched</target>
						<saveinfo>Fortitude negates (harmless)</saveinfo>
						<school>
							<school>Conjuration</school>
							<subschool>Healing</subschool>
							<descriptor></descriptor>
							<fullschool>Conjuration (Healing)</fullschool>
						</school>
						<source>
							<source>Paizo Inc. - Core Rulebook, p.265</source>
							<sourcelevel>Clr2</sourcelevel>
							<sourcelink>http://paizo.com/pathfinderRPG/prd/spells/delayPoison.html#_delay-poison</sourcelink>
							<sourcepage>p.265</sourcepage>
							<sourceshort>CR</sourceshort>
						</source>
						<spell_resistance>Yes (harmless)</spell_resistance>
						<description>The subject becomes temporarily immune to poison.</description>
						<bonusspell></bonusspell>
				</spell>
				<spell>
						<name>Desecrate</name>
						<outputname>Desecrate</outputname>
						<times_memorized>1</times_memorized>
						<range>Close (35 ft.)</range>
						<components>V, S, M, DF</components>
						<castingtime>1 standard action</castingtime>
						<casterlevel>5</casterlevel>
						<concentration>+9</concentration>
						<dc></dc>
						<duration>10 hours</duration>
						<effect>This spell imbues an area with negative energy.</effect>
						<target>20-ft.-radius emanation</target>
						<saveinfo>None</saveinfo>
						<school>
							<school>Evocation</school>
							<subschool></subschool>
							<descriptor>Evil</descriptor>
							<fullschool>Evocation [Evil]</fullschool>
						</school>
						<source>
							<source>Paizo Inc. - Core Rulebook, p.265</source>
							<sourcelevel>Clr2</sourcelevel>
							<sourcelink>http://paizo.com/pathfinderRPG/prd/spells/desecrate.html#_desecrate</sourcelink>
							<sourcepage>p.265</sourcepage>
							<sourceshort>CR</sourceshort>
						</source>
						<spell_resistance>Yes</spell_resistance>
						<description>This spell imbues an area with negative energy.</description>
						<bonusspell></bonusspell>
				</spell>
				<spell>
						<name>Detect Magic (Greater)</name>
						<outputname>Detect Magic (Greater)</outputname>
						<times_memorized>1</times_memorized>
						<range>60 ft.</range>
						<components>V,S</components>
						<castingtime>1 standard action</castingtime>
						<casterlevel>5</casterlevel>
						<concentration>+9</concentration>
						<dc></dc>
						<duration>Concentration, up to 5 minutes [D]</duration>
						<effect>As detect magic, but learn more information.</effect>
						<target>Cone-shaped emanation</target>
						<saveinfo>None</saveinfo>
						<school>
							<school>Divination</school>
							<subschool></subschool>
							<descriptor></descriptor>
							<fullschool>Divination</fullschool>
						</school>
						<source>
							<source>Paizo Inc. - Ultimate Intrigue, p.212</source>
							<sourcelevel>Clr2</sourcelevel>
							<sourcelink>http://aonprd.com/SpellDisplay.aspx?ItemName=Detect Magic, Greater</sourcelink>
							<sourcepage>p.212</sourcepage>
							<sourceshort>UI</sourceshort>
						</source>
						<spell_resistance>No</spell_resistance>
						<description>As detect magic, but learn more information.</description>
						<bonusspell></bonusspell>
				</spell>
				<spell>
						<name>Disfiguring Touch</name>
						<outputname>Disfiguring Touch</outputname>
						<times_memorized>1</times_memorized>
						<range>Touch</range>
						<components>V, S</components>
						<castingtime>1 standard action</castingtime>
						<casterlevel>5</casterlevel>
						<concentration>+9</concentration>
						<dc>16</dc>
						<duration>5 days</duration>
						<effect>Target becomes disfigured.</effect>
						<target>Creature touched</target>
						<saveinfo>Will negates</saveinfo>
						<school>
							<school>Transmutation</school>
							<subschool></subschool>
							<descriptor>Curse</descriptor>
							<fullschool>Transmutation [Curse]</fullschool>
						</school>
						<source>
							<source>Paizo Inc. - Ultimate Magic, p.217</source>
							<sourcelevel>Clr2</sourcelevel>
							<sourcelink>http://paizo.com/pathfinderRPG/prd/ultimateMagic/spells/disfiguringTouch.html#_disfiguring-touch-</sourcelink>
							<sourcepage>p.217</sourcepage>
							<sourceshort>UM</sourceshort>
						</source>
						<spell_resistance>Yes</spell_resistance>
						<description>Target becomes disfigured.</description>
						<bonusspell></bonusspell>
				</spell>
				<spell>
						<name>Display Aversion</name>
						<outputname>Display Aversion</outputname>
						<times_memorized>1</times_memorized>
						<range>Long (600 ft.)</range>
						<components>V,S,M</components>
						<castingtime>1 standard action</castingtime>
						<casterlevel>5</casterlevel>
						<concentration>+9</concentration>
						<dc>16</dc>
						<duration>Concentration + 1d4 rounds</duration>
						<effect>This spell functions like minor image, except it always creates an animated illusion of you presenting to a vampire a material, object, or sound that it is averse to, such as garlic, a holy symbol, or bells ringing.</effect>
						<target>Visual figment</target>
						<saveinfo>Will disbelief (if interacted with)</saveinfo>
						<school>
							<school>Illusion</school>
							<subschool>Shadow</subschool>
							<descriptor></descriptor>
							<fullschool>Illusion (Shadow)</fullschool>
						</school>
						<source>
							<source>Paizo Inc. - Pathfinder Player Companion: Blood of the Night, p.30</source>
							<sourcelevel>Clr2</sourcelevel>
							<sourcelink></sourcelink>
							<sourcepage>p.30</sourcepage>
							<sourceshort>BOTN</sourceshort>
						</source>
						<spell_resistance>No</spell_resistance>
						<description>This spell functions like minor image, except it always creates an animated illusion of you presenting to a vampire a material, object, or sound that it is averse to, such as garlic, a holy symbol, or bells ringing.</description>
						<bonusspell></bonusspell>
				</spell>
				<spell>
						<name>Dread Bolt</name>
						<outputname>Dread Bolt</outputname>
						<times_memorized>1</times_memorized>
						<range>Close (35 ft.)</range>
						<components>V, S, DF</components>
						<castingtime>1 standard action</castingtime>
						<casterlevel>5</casterlevel>
						<concentration>+9</concentration>
						<dc>16</dc>
						<duration>Instantaneous [1d4 rounds]</duration>
						<effect>Harm and possibly sicken good creatures.</effect>
						<target>Arrow-shaped projectile of evil energy</target>
						<saveinfo>Will partial (see text)</saveinfo>
						<school>
							<school>Evocation</school>
							<subschool></subschool>
							<descriptor>Evil</descriptor>
							<fullschool>Evocation [Evil]</fullschool>
						</school>
						<source>
							<source>Paizo Inc. - Ultimate Magic, p.217</source>
							<sourcelevel>Clr2</sourcelevel>
							<sourcelink>http://paizo.com/pathfinderRPG/prd/ultimateMagic/spells/dreadBolt.html#_dread-bolt</sourcelink>
							<sourcepage>p.217</sourcepage>
							<sourceshort>UM</sourceshort>
						</source>
						<spell_resistance>Yes</spell_resistance>
						<description>Harm and possibly sicken good creatures.</description>
						<bonusspell></bonusspell>
				</spell>
				<spell>
						<name>Dress Corpse</name>
						<outputname>Dress Corpse</outputname>
						<times_memorized>1</times_memorized>
						<range>Touch</range>
						<components>V,S,M</components>
						<castingtime>1 standard action</castingtime>
						<casterlevel>5</casterlevel>
						<concentration>+9</concentration>
						<dc></dc>
						<duration>Instantaneous</duration>
						<effect>Doctor the evidence on a corpse.</effect>
						<target>Corpse touched</target>
						<saveinfo>None</saveinfo>
						<school>
							<school>Necromancy</school>
							<subschool></subschool>
							<descriptor></descriptor>
							<fullschool>Necromancy</fullschool>
						</school>
						<source>
							<source>Paizo Inc. - Ultimate Intrigue, p.212</source>
							<sourcelevel>Clr2</sourcelevel>
							<sourcelink>http://aonprd.com/SpellDisplay.aspx?ItemName=Dress Corpse</sourcelink>
							<sourcepage>p.212</sourcepage>
							<sourceshort>UI</sourceshort>
						</source>
						<spell_resistance>No</spell_resistance>
						<description>Doctor the evidence on a corpse.</description>
						<bonusspell></bonusspell>
				</spell>
				<spell>
						<name>Eagle&#39;s Splendor</name>
						<outputname>Eagle&#39;s Splendor</outputname>
						<times_memorized>1</times_memorized>
						<range>Touch</range>
						<components>V, S, M/DF</components>
						<castingtime>1 standard action</castingtime>
						<casterlevel>5</casterlevel>
						<concentration>+9</concentration>
						<dc>16</dc>
						<duration>5 minutes</duration>
						<effect>The transmuted creature becomes more poised, articulate, and personally forceful gaining a +4 enhancement bonus to Charisma.</effect>
						<target>Creature touched</target>
						<saveinfo>Will negates (harmless)</saveinfo>
						<school>
							<school>Transmutation</school>
							<subschool></subschool>
							<descriptor></descriptor>
							<fullschool>Transmutation</fullschool>
						</school>
						<source>
							<source>Paizo Inc. - Core Rulebook, p.275</source>
							<sourcelevel>Clr2</sourcelevel>
							<sourcelink>http://paizo.com/pathfinderRPG/prd/spells/eagleSSplendor.html#_eagle-s-splendor</sourcelink>
							<sourcepage>p.275</sourcepage>
							<sourceshort>CR</sourceshort>
						</source>
						<spell_resistance>Yes</spell_resistance>
						<description>The transmuted creature becomes more poised, articulate, and personally forceful gaining a +4 enhancement bonus to Charisma.</description>
						<bonusspell></bonusspell>
				</spell>
				<spell>
						<name>Early Judgment</name>
						<outputname>Early Judgment</outputname>
						<times_memorized>1</times_memorized>
						<range>Close (35 ft.)</range>
						<components>V, S, DF</components>
						<castingtime>1 standard action</castingtime>
						<casterlevel>5</casterlevel>
						<concentration>+9</concentration>
						<dc>16</dc>
						<duration>1 round</duration>
						<effect>Show a creature a glimpse of the afterlife, possibly affecting it negatively for 1d4 rounds.</effect>
						<target>One humanoid creature</target>
						<saveinfo>Will negates</saveinfo>
						<school>
							<school>Divination</school>
							<subschool></subschool>
							<descriptor></descriptor>
							<fullschool>Divination</fullschool>
						</school>
						<source>
							<source>Paizo Inc. - Pathfinder Player Companion: Faiths of Balance, p.28</source>
							<sourcelevel>Clr2</sourcelevel>
							<sourcelink></sourcelink>
							<sourcepage>p.28</sourcepage>
							<sourceshort>FOB</sourceshort>
						</source>
						<spell_resistance>Yes</spell_resistance>
						<description>Show a creature a glimpse of the afterlife, possibly affecting it negatively for 1d4 rounds.</description>
						<bonusspell></bonusspell>
				</spell>
				<spell>
						<name>Effortless Armor</name>
						<outputname>Effortless Armor</outputname>
						<times_memorized>1</times_memorized>
						<range>Personal</range>
						<components>V, S</components>
						<castingtime>1 standard action</castingtime>
						<casterlevel>5</casterlevel>
						<concentration>+9</concentration>
						<dc></dc>
						<duration>5 minutes</duration>
						<effect>Armor you wear no longer slows your speed.</effect>
						<target>You</target>
						<saveinfo></saveinfo>
						<school>
							<school>Transmutation</school>
							<subschool></subschool>
							<descriptor></descriptor>
							<fullschool>Transmutation</fullschool>
						</school>
						<source>
							<source>Paizo Inc. - Ultimate Combat, p.228</source>
							<sourcelevel>Clr2</sourcelevel>
							<sourcelink>http://paizo.com/pathfinderRPG/prd/ultimateCombat/spells/effortlessArmor.html#_effortless-armor</sourcelink>
							<sourcepage>p.228</sourcepage>
							<sourceshort>UC</sourceshort>
						</source>
						<spell_resistance></spell_resistance>
						<description>Armor you wear no longer slows your speed.</description>
						<bonusspell></bonusspell>
				</spell>
				<spell>
						<name>Endure Elements (Communal)</name>
						<outputname>Endure Elements (Communal)</outputname>
						<times_memorized>1</times_memorized>
						<range>Touch</range>
						<components>V, S</components>
						<castingtime>1 standard action</castingtime>
						<casterlevel>5</casterlevel>
						<concentration>+9</concentration>
						<dc>16</dc>
						<duration>24 hours</duration>
						<effect>As endure elements, but you may divide the duration among creatures touched.</effect>
						<target>creatures touched</target>
						<saveinfo>Will negates (harmless)</saveinfo>
						<school>
							<school>Abjuration</school>
							<subschool></subschool>
							<descriptor></descriptor>
							<fullschool>Abjuration</fullschool>
						</school>
						<source>
							<source>Paizo Inc. - Ultimate Combat, p.228</source>
							<sourcelevel>Clr2</sourcelevel>
							<sourcelink>http://paizo.com/pathfinderRPG/prd/ultimateCombat/spells/endureElements.html#_endure-elements,-communal</sourcelink>
							<sourcepage>p.228</sourcepage>
							<sourceshort>UC</sourceshort>
						</source>
						<spell_resistance>Yes (harmless)</spell_resistance>
						<description>As endure elements, but you may divide the duration among creatures touched.</description>
						<bonusspell></bonusspell>
				</spell>
				<spell>
						<name>Enthrall</name>
						<outputname>Enthrall</outputname>
						<times_memorized>1</times_memorized>
						<range>Medium (150 ft.)</range>
						<components>V, S</components>
						<castingtime>1 round</castingtime>
						<casterlevel>5</casterlevel>
						<concentration>+9</concentration>
						<dc>16</dc>
						<duration>1 hour or less</duration>
						<effect>If you have the attention of a group of creatures, you can use this spell to hold them enthralled.</effect>
						<target>Any number of creatures</target>
						<saveinfo>Will negates; see text</saveinfo>
						<school>
							<school>Enchantment</school>
							<subschool>Charm</subschool>
							<descriptor>Language-Dependent, Mind-Affecting, Sonic</descriptor>
							<fullschool>Enchantment (Charm) [Language-Dependent, Mind-Affecting, Sonic]</fullschool>
						</school>
						<source>
							<source>Paizo Inc. - Core Rulebook, p.278</source>
							<sourcelevel>Clr2</sourcelevel>
							<sourcelink>http://paizo.com/pathfinderRPG/prd/spells/enthrall.html#_enthrall</sourcelink>
							<sourcepage>p.278</sourcepage>
							<sourceshort>CR</sourceshort>
						</source>
						<spell_resistance>Yes</spell_resistance>
						<description>If you have the attention of a group of creatures, you can use this spell to hold them enthralled.</description>
						<bonusspell></bonusspell>
				</spell>
				<spell>
						<name>Fear the Sun</name>
						<outputname>Fear the Sun</outputname>
						<times_memorized>1</times_memorized>
						<range>Medium (150 ft.)</range>
						<components>V,S,M</components>
						<castingtime>1 standard action</castingtime>
						<casterlevel>5</casterlevel>
						<concentration>+9</concentration>
						<dc>16</dc>
						<duration>5 rounds</duration>
						<effect>Each target that fails its saving throw gains light blindness, as per the universal monster rule. When exposed to bright light, affected targets are blinded for 1 full round and are dazzled in successive rounds. If you cast this spell in the presence of bright light, any target that fails its save is blinded immediately, and dazzled starting at the beginning of its first turn.</effect>
						<target>Up to 5 creatures, no two of which can be more than 30 ft. apart</target>
						<saveinfo>Fortitude negates</saveinfo>
						<school>
							<school>Transmutation</school>
							<subschool></subschool>
							<descriptor></descriptor>
							<fullschool>Transmutation</fullschool>
						</school>
						<source>
							<source>Paizo Inc. - Pathfinder Player Companion: Blood of Shadows, p.15</source>
							<sourcelevel>Clr2</sourcelevel>
							<sourcelink></sourcelink>
							<sourcepage>p.15</sourcepage>
							<sourceshort>BOS</sourceshort>
						</source>
						<spell_resistance>Yes</spell_resistance>
						<description>Each target that fails its saving throw gains light blindness, as per the universal monster rule. When exposed to bright light, affected targets are blinded for 1 full round and are dazzled in successive rounds. If you cast this spell in the presence of bright light, any target that fails its save is blinded immediately, and dazzled starting at the beginning of its first turn.</description>
						<bonusspell></bonusspell>
				</spell>
				<spell>
						<name>Find Traps</name>
						<outputname>Find Traps</outputname>
						<times_memorized>1</times_memorized>
						<range>Personal</range>
						<components>V, S</components>
						<castingtime>1 standard action</castingtime>
						<casterlevel>5</casterlevel>
						<concentration>+9</concentration>
						<dc></dc>
						<duration>5 minutes</duration>
						<effect>You gain intuitive insight into the workings of traps.</effect>
						<target>You</target>
						<saveinfo></saveinfo>
						<school>
							<school>Divination</school>
							<subschool></subschool>
							<descriptor></descriptor>
							<fullschool>Divination</fullschool>
						</school>
						<source>
							<source>Paizo Inc. - Core Rulebook, p.281</source>
							<sourcelevel>Clr2</sourcelevel>
							<sourcelink>http://paizo.com/pathfinderRPG/prd/spells/findTraps.html#_find-traps</sourcelink>
							<sourcepage>p.281</sourcepage>
							<sourceshort>CR</sourceshort>
						</source>
						<spell_resistance></spell_resistance>
						<description>You gain intuitive insight into the workings of traps.</description>
						<bonusspell></bonusspell>
				</spell>
				<spell>
						<name>Flickering Lights</name>
						<outputname>Flickering Lights</outputname>
						<times_memorized>1</times_memorized>
						<range>Medium (150 ft.)</range>
						<components>V,S,M</components>
						<castingtime>1 round</castingtime>
						<casterlevel>5</casterlevel>
						<concentration>+9</concentration>
						<dc>16</dc>
						<duration>5 rounds</duration>
						<effect>Create an area of inconsistent lighting.</effect>
						<target>Contiguous area consisting of 5 ten-foot cubes [S]</target>
						<saveinfo>Will negates</saveinfo>
						<school>
							<school>Evocation</school>
							<subschool></subschool>
							<descriptor>Darkness, Light</descriptor>
							<fullschool>Evocation [Darkness, Light]</fullschool>
						</school>
						<source>
							<source>Paizo Inc. - Horror Adventures, p.118</source>
							<sourcelevel>Clr2</sourcelevel>
							<sourcelink>http://aonprd.com/SpellDisplay.aspx?ItemName=Flickering%20Lights</sourcelink>
							<sourcepage>p.118</sourcepage>
							<sourceshort>HA</sourceshort>
						</source>
						<spell_resistance>Yes</spell_resistance>
						<description>Create an area of inconsistent lighting.</description>
						<bonusspell></bonusspell>
				</spell>
				<spell>
						<name>Gentle Repose</name>
						<outputname>Gentle Repose</outputname>
						<times_memorized>1</times_memorized>
						<range>Touch</range>
						<components>V, S, M/DF</components>
						<castingtime>1 standard action</castingtime>
						<casterlevel>5</casterlevel>
						<concentration>+9</concentration>
						<dc>16</dc>
						<duration>5 days</duration>
						<effect>You preserve the remains of a dead creature so that they do not decay.</effect>
						<target>Corpse touched</target>
						<saveinfo>Will negates (object)</saveinfo>
						<school>
							<school>Necromancy</school>
							<subschool></subschool>
							<descriptor></descriptor>
							<fullschool>Necromancy</fullschool>
						</school>
						<source>
							<source>Paizo Inc. - Core Rulebook, p.289</source>
							<sourcelevel>Clr2</sourcelevel>
							<sourcelink>http://paizo.com/pathfinderRPG/prd/spells/gentleRepose.html#_gentle-repose</sourcelink>
							<sourcepage>p.289</sourcepage>
							<sourceshort>CR</sourceshort>
						</source>
						<spell_resistance>Yes (object)</spell_resistance>
						<description>You preserve the remains of a dead creature so that they do not decay.</description>
						<bonusspell></bonusspell>
				</spell>
				<spell>
						<name>Ghost Whip</name>
						<outputname>Ghost Whip</outputname>
						<times_memorized>1</times_memorized>
						<range>0 ft.</range>
						<components>V, S</components>
						<castingtime>1 standard action</castingtime>
						<casterlevel>5</casterlevel>
						<concentration>+9</concentration>
						<dc></dc>
						<duration>5 rounds [D]</duration>
						<effect>Create a ghost touch whip that passes through objects.</effect>
						<target>Whip of flexible ectoplasm</target>
						<saveinfo>None</saveinfo>
						<school>
							<school>Evocation</school>
							<subschool></subschool>
							<descriptor></descriptor>
							<fullschool>Evocation</fullschool>
						</school>
						<source>
							<source>Paizo Inc. - Occult Adventures, p.172</source>
							<sourcelevel>Clr2</sourcelevel>
							<sourcelink>http://aonprd.com/SpellDisplay.aspx?ItemName=Ghost Whip</sourcelink>
							<sourcepage>p.172</sourcepage>
							<sourceshort>OA</sourceshort>
						</source>
						<spell_resistance>Yes</spell_resistance>
						<description>Create a ghost touch whip that passes through objects.</description>
						<bonusspell></bonusspell>
				</spell>
				<spell>
						<name>Ghostbane Dirge</name>
						<outputname>Ghostbane Dirge</outputname>
						<times_memorized>1</times_memorized>
						<range>Close (35 ft.)</range>
						<components>V, S, M/DF</components>
						<castingtime>1 standard action</castingtime>
						<casterlevel>5</casterlevel>
						<concentration>+9</concentration>
						<dc>16</dc>
						<duration>5 rounds</duration>
						<effect>Incorporeal creature takes half damage from nonmagical weapons.</effect>
						<target>one incorporeal creature</target>
						<saveinfo>Will negates</saveinfo>
						<school>
							<school>Transmutation</school>
							<subschool></subschool>
							<descriptor></descriptor>
							<fullschool>Transmutation</fullschool>
						</school>
						<source>
							<source>Paizo Inc. - Advanced Player&#39;s Guide, p.225</source>
							<sourcelevel>Clr2</sourcelevel>
							<sourcelink>http://paizo.com/pathfinderRPG/prd/advanced/spells/ghostbaneDirge.html#_ghostbane-dirge</sourcelink>
							<sourcepage>p.225</sourcepage>
							<sourceshort>APG</sourceshort>
						</source>
						<spell_resistance>Yes</spell_resistance>
						<description>Incorporeal creature takes half damage from nonmagical weapons.</description>
						<bonusspell></bonusspell>
				</spell>
				<spell>
						<name>Gird Ally</name>
						<outputname>Gird Ally</outputname>
						<times_memorized>1</times_memorized>
						<range>Close (35 ft.)</range>
						<components>V,S</components>
						<castingtime>1 standard action</castingtime>
						<casterlevel>5</casterlevel>
						<concentration>+9</concentration>
						<dc></dc>
						<duration>5 rounds [D]</duration>
						<effect>You create a magical field around summoned creatures you control that deflects attacks made against them. The targets gain a +1 deflection bonus to their AC. A summoner can target his eidolon with this spell.</effect>
						<target>5 summoned creatures you control, no two of which can be more than 30 ft. apart</target>
						<saveinfo>None</saveinfo>
						<school>
							<school>Abjuration</school>
							<subschool></subschool>
							<descriptor></descriptor>
							<fullschool>Abjuration</fullschool>
						</school>
						<source>
							<source>Paizo Publishing - Pathfinder Player Companion: Monster Summoner&#39;s Handbook, p.22</source>
							<sourcelevel>Clr2</sourcelevel>
							<sourcelink></sourcelink>
							<sourcepage>p.22</sourcepage>
							<sourceshort>MSH</sourceshort>
						</source>
						<spell_resistance>No</spell_resistance>
						<description>You create a magical field around summoned creatures you control that deflects attacks made against them. The targets gain a +1 deflection bonus to their AC. A summoner can target his eidolon with this spell.</description>
						<bonusspell></bonusspell>
				</spell>
				<spell>
						<name>Grace</name>
						<outputname>Grace</outputname>
						<times_memorized>1</times_memorized>
						<range>Personal</range>
						<components>V</components>
						<castingtime>1 swift action</castingtime>
						<casterlevel>5</casterlevel>
						<concentration>+9</concentration>
						<dc></dc>
						<duration>see text</duration>
						<effect>Movement doesn&#39;t provoke attacks of opportunity.</effect>
						<target>You</target>
						<saveinfo></saveinfo>
						<school>
							<school>Abjuration</school>
							<subschool></subschool>
							<descriptor></descriptor>
							<fullschool>Abjuration</fullschool>
						</school>
						<source>
							<source>Paizo Inc. - Advanced Player&#39;s Guide, p.226</source>
							<sourcelevel>Clr2</sourcelevel>
							<sourcelink>http://paizo.com/pathfinderRPG/prd/advanced/spells/grace.html#_grace</sourcelink>
							<sourcepage>p.226</sourcepage>
							<sourceshort>APG</sourceshort>
						</source>
						<spell_resistance></spell_resistance>
						<description>Movement doesn&#39;t provoke attacks of opportunity.</description>
						<bonusspell></bonusspell>
				</spell>
				<spell>
						<name>Hold Person</name>
						<outputname>Hold Person</outputname>
						<times_memorized>1</times_memorized>
						<range>Medium (150 ft.)</range>
						<components>V, S, F/DF</components>
						<castingtime>1 standard action</castingtime>
						<casterlevel>5</casterlevel>
						<concentration>+9</concentration>
						<dc>16</dc>
						<duration>5 rounds [D]; see text</duration>
						<effect>The subject becomes paralyzed and freezes in place.</effect>
						<target>One humanoid creature</target>
						<saveinfo>Will negates; see text</saveinfo>
						<school>
							<school>Enchantment</school>
							<subschool>Compulsion</subschool>
							<descriptor>Mind-Affecting</descriptor>
							<fullschool>Enchantment (Compulsion) [Mind-Affecting]</fullschool>
						</school>
						<source>
							<source>Paizo Inc. - Core Rulebook, p.296</source>
							<sourcelevel>Clr2</sourcelevel>
							<sourcelink>http://paizo.com/pathfinderRPG/prd/spells/holdPerson.html#_hold-person</sourcelink>
							<sourcepage>p.296</sourcepage>
							<sourceshort>CR</sourceshort>
						</source>
						<spell_resistance>Yes</spell_resistance>
						<description>The subject becomes paralyzed and freezes in place.</description>
						<bonusspell></bonusspell>
				</spell>
				<spell>
						<name>Holy Ice Weapon</name>
						<outputname>Holy Ice Weapon</outputname>
						<times_memorized>1</times_memorized>
						<range>0 Ft.</range>
						<components>V, S, M</components>
						<castingtime>1 standard action</castingtime>
						<casterlevel>5</casterlevel>
						<concentration>+9</concentration>
						<dc>16</dc>
						<duration>5 minutes [D]</duration>
						<effect>Create a masterwork weapon made of frozen holy water.</effect>
						<target>one ice weapon</target>
						<saveinfo>none</saveinfo>
						<school>
							<school>Transmutation</school>
							<subschool></subschool>
							<descriptor>Cold, Good, Water</descriptor>
							<fullschool>Transmutation [Cold, Good, Water]</fullschool>
						</school>
						<source>
							<source>Paizo Inc. - Advanced Class Guide, p.185</source>
							<sourcelevel>Clr2</sourcelevel>
							<sourcelink>http://paizo.com/pathfinderRPG/prd/advancedClassGuide/spells/holyIceWeapon.html</sourcelink>
							<sourcepage>p.185</sourcepage>
							<sourceshort>ACG</sourceshort>
						</source>
						<spell_resistance>no</spell_resistance>
						<description>Create a masterwork weapon made of frozen holy water.</description>
						<bonusspell></bonusspell>
				</spell>
				<spell>
						<name>Imbue with Aura</name>
						<outputname>Imbue with Aura</outputname>
						<times_memorized>1</times_memorized>
						<range>Close (35 ft.)</range>
						<components>V, S, DF</components>
						<castingtime>1 standard action</castingtime>
						<casterlevel>5</casterlevel>
						<concentration>+9</concentration>
						<dc>16</dc>
						<duration>5 minutes</duration>
						<effect>Target emulates your cleric aura.</effect>
						<target>One creature</target>
						<saveinfo>Will negates (see text)</saveinfo>
						<school>
							<school>Transmutation</school>
							<subschool></subschool>
							<descriptor></descriptor>
							<fullschool>Transmutation</fullschool>
						</school>
						<source>
							<source>Paizo Inc. - Ultimate Magic, p.225</source>
							<sourcelevel>Clr2</sourcelevel>
							<sourcelink>http://paizo.com/pathfinderRPG/prd/ultimateMagic/spells/imbueWithAura.html#_imbue-with-aura</sourcelink>
							<sourcepage>p.225</sourcepage>
							<sourceshort>UM</sourceshort>
						</source>
						<spell_resistance>Yes</spell_resistance>
						<description>Target emulates your cleric aura.</description>
						<bonusspell></bonusspell>
				</spell>
				<spell>
						<name>Inflict Moderate Wounds</name>
						<outputname>Inflict Moderate Wounds</outputname>
						<times_memorized>1</times_memorized>
						<range>Touch</range>
						<components>V, S</components>
						<castingtime>1 standard action</castingtime>
						<casterlevel>5</casterlevel>
						<concentration>+9</concentration>
						<dc>16</dc>
						<duration>Instantaneous</duration>
						<effect>When laying your hand upon a creature, you channel negative energy that deals 2d8+5 points of damage.</effect>
						<target>Creature touched</target>
						<saveinfo>Will half</saveinfo>
						<school>
							<school>Necromancy</school>
							<subschool></subschool>
							<descriptor></descriptor>
							<fullschool>Necromancy</fullschool>
						</school>
						<source>
							<source>Paizo Inc. - Core Rulebook, p.300</source>
							<sourcelevel>Clr2</sourcelevel>
							<sourcelink>http://paizo.com/pathfinderRPG/prd/spells/inflictModerateWounds.html#_inflict-moderate-wounds</sourcelink>
							<sourcepage>p.300</sourcepage>
							<sourceshort>CR</sourceshort>
						</source>
						<spell_resistance>Yes</spell_resistance>
						<description>When laying your hand upon a creature, you channel negative energy that deals 2d8+(min(10,CASTERLEVEL)) points of damage.</description>
						<bonusspell></bonusspell>
				</spell>
				<spell>
						<name>Instant Armor</name>
						<outputname>Instant Armor</outputname>
						<times_memorized>1</times_memorized>
						<range>Personal</range>
						<components>V, S, DF</components>
						<castingtime>1 standard action</castingtime>
						<casterlevel>5</casterlevel>
						<concentration>+9</concentration>
						<dc></dc>
						<duration>5 minutes [D]</duration>
						<effect>Summon armor temporarily replacing your current attire.</effect>
						<target>You</target>
						<saveinfo></saveinfo>
						<school>
							<school>Conjuration</school>
							<subschool>Creation</subschool>
							<descriptor>Force</descriptor>
							<fullschool>Conjuration (Creation) [Force]</fullschool>
						</school>
						<source>
							<source>Paizo Inc. - Advanced Player&#39;s Guide, p.229</source>
							<sourcelevel>Clr2</sourcelevel>
							<sourcelink>http://paizo.com/pathfinderRPG/prd/advanced/spells/instantArmor.html#_instant-armor-</sourcelink>
							<sourcepage>p.229</sourcepage>
							<sourceshort>APG</sourceshort>
						</source>
						<spell_resistance></spell_resistance>
						<description>Summon armor temporarily replacing your current attire.</description>
						<bonusspell></bonusspell>
				</spell>
				<spell>
						<name>Instrument of Agony</name>
						<outputname>Instrument of Agony</outputname>
						<times_memorized>1</times_memorized>
						<range>Touch</range>
						<components>V, S</components>
						<castingtime>1 standard action</castingtime>
						<casterlevel>5</casterlevel>
						<concentration>+9</concentration>
						<dc>16</dc>
						<duration>5 minutes</duration>
						<effect>Weapon exudes divine fury, granting a bonus on Intimidate checks.</effect>
						<target>weapon touched</target>
						<saveinfo>Will negates (harmless, object), see text</saveinfo>
						<school>
							<school>Transmutation</school>
							<subschool></subschool>
							<descriptor></descriptor>
							<fullschool>Transmutation</fullschool>
						</school>
						<source>
							<source>Paizo Inc. - Ultimate Combat, p.232</source>
							<sourcelevel>Clr2</sourcelevel>
							<sourcelink>http://paizo.com/pathfinderRPG/prd/ultimateCombat/spells/instrumentOfAgony.html#_instrument-of-agony</sourcelink>
							<sourcepage>p.232</sourcepage>
							<sourceshort>UC</sourceshort>
						</source>
						<spell_resistance>Yes (harmless, object), see text</spell_resistance>
						<description>Weapon exudes divine fury, granting a bonus on Intimidate checks.</description>
						<bonusspell></bonusspell>
				</spell>
				<spell>
						<name>Ironskin</name>
						<outputname>Ironskin</outputname>
						<times_memorized>1</times_memorized>
						<range>Personal</range>
						<components>V,S,DF/M</components>
						<castingtime>1 standard action</castingtime>
						<casterlevel>5</casterlevel>
						<concentration>+9</concentration>
						<dc></dc>
						<duration>5 minutes [D; see text]</duration>
						<effect>Your skin hardens and takes on the color and texture of rough iron. You gain a +4  enhancement bonus to your existing natural armor bonus [if you do not have a natural armor bonus, you are considered to have an effective natural armor bonus of +0]. This enhancement bonus increases by 1 for every 4 caster levels above 3rd, to a maximum of +7 at 15th level. While you&#39;re under the effects of this spell, if an opponent confirms a critical hit or sneak attack against you with a physical weapon [not a spell or magical effect], you can dismiss this spell to negate the critical hit or sneak attack and treat it is as a normal hit. Dismissing the spell in this way is not an action, but you must be conscious and aware of the attack to do so.</effect>
						<target>You</target>
						<saveinfo></saveinfo>
						<school>
							<school>Transmutation</school>
							<subschool></subschool>
							<descriptor>Earth</descriptor>
							<fullschool>Transmutation [Earth]</fullschool>
						</school>
						<source>
							<source>Paizo Inc. - Monster Codex, 45</source>
							<sourcelevel>Clr2</sourcelevel>
							<sourcelink></sourcelink>
							<sourcepage>45</sourcepage>
							<sourceshort>MC</sourceshort>
						</source>
						<spell_resistance></spell_resistance>
						<description>Your skin hardens and takes on the color and texture of rough iron. You gain a +4  enhancement bonus to your existing natural armor bonus (if you do not have a natural armor bonus, you are considered to have an effective natural armor bonus of +0). This enhancement bonus increases by 1 for every 4 caster levels above 3rd, to a maximum of +7 at 15th level. While you&#39;re under the effects of this spell, if an opponent confirms a critical hit or sneak attack against you with a physical weapon (not a spell or magical effect), you can dismiss this spell to negate the critical hit or sneak attack and treat it is as a normal hit. Dismissing the spell in this way is not an action, but you must be conscious and aware of the attack to do so.</description>
						<bonusspell></bonusspell>
				</spell>
				<spell>
						<name>Know Peerage</name>
						<outputname>Know Peerage</outputname>
						<times_memorized>1</times_memorized>
						<range>Touch</range>
						<components>V,S,M</components>
						<castingtime>1 standard action</castingtime>
						<casterlevel>5</casterlevel>
						<concentration>+9</concentration>
						<dc>16</dc>
						<duration>50 minutes</duration>
						<effect>Target uses your Knowledge [nobility] ranks.</effect>
						<target>Creature touched</target>
						<saveinfo>Will negates (harmless)</saveinfo>
						<school>
							<school>Divination</school>
							<subschool></subschool>
							<descriptor>Mind-Affecting</descriptor>
							<fullschool>Divination [Mind-Affecting]</fullschool>
						</school>
						<source>
							<source>Paizo Inc. - Ultimate Intrigue, p.218</source>
							<sourcelevel>Clr2</sourcelevel>
							<sourcelink>http://aonprd.com/SpellDisplay.aspx?ItemName=Know Peerage</sourcelink>
							<sourcepage>p.218</sourcepage>
							<sourceshort>UI</sourceshort>
						</source>
						<spell_resistance>Yes (harmless)</spell_resistance>
						<description>Target uses your Knowledge (nobility) ranks.</description>
						<bonusspell></bonusspell>
				</spell>
				<spell>
						<name>Lay of the Land</name>
						<outputname>Lay of the Land</outputname>
						<times_memorized>1</times_memorized>
						<range>Personal</range>
						<components>V,S,M</components>
						<castingtime>1 min</castingtime>
						<casterlevel>5</casterlevel>
						<concentration>+9</concentration>
						<dc></dc>
						<duration>1 day</duration>
						<effect>In a flash of recognition, you learn about the geography of your surroundings within a radius of 2 miles. This instant familiarity grants you a +5 insight bonus on Knowledge [geography] checks and Survival checks to avoid getting lost so long as you remain in the affected area. Additionally, for the duration of the spell you can make Knowledge [geography] checks regarding the affected area as though you were trained in that skill.</effect>
						<target>You</target>
						<saveinfo>None</saveinfo>
						<school>
							<school>Divination</school>
							<subschool></subschool>
							<descriptor></descriptor>
							<fullschool>Divination</fullschool>
						</school>
						<source>
							<source>Paizo Inc. - Pathfinder Player Companion: Faiths &amp; Philosophies, p.29</source>
							<sourcelevel>Clr2</sourcelevel>
							<sourcelink></sourcelink>
							<sourcepage>p.29</sourcepage>
							<sourceshort>FAP</sourceshort>
						</source>
						<spell_resistance>No</spell_resistance>
						<description>In a flash of recognition, you learn about the geography of your surroundings within a radius of (max(1,floor(CASTERLEVEL/2))) miles. This instant familiarity grants you a +(min(5,CASTERLEVEL)) insight bonus on Knowledge (geography) checks and Survival checks to avoid getting lost so long as you remain in the affected area. Additionally, for the duration of the spell you can make Knowledge (geography) checks regarding the affected area as though you were trained in that skill.</description>
						<bonusspell></bonusspell>
				</spell>
				<spell>
						<name>Life Pact</name>
						<outputname>Life Pact</outputname>
						<times_memorized>1</times_memorized>
						<range>Close (35 ft.)</range>
						<components>V, S, DF/M</components>
						<castingtime>1 standard action</castingtime>
						<casterlevel>5</casterlevel>
						<concentration>+9</concentration>
						<dc>16</dc>
						<duration>5 minutes</duration>
						<effect>Affected creatures automatically donate hp to stabilize fallen ally.</effect>
						<target>5 willing living creatures, no two of which can be more than 30 ft. apart</target>
						<saveinfo>Will negates (harmless)</saveinfo>
						<school>
							<school>Necromancy</school>
							<subschool></subschool>
							<descriptor></descriptor>
							<fullschool>Necromancy</fullschool>
						</school>
						<source>
							<source>Paizo Inc. - Advanced Class Guide, p.186</source>
							<sourcelevel>Clr2</sourcelevel>
							<sourcelink>http://paizo.com/pathfinderRPG/prd/advancedClassGuide/spells/lifePact.html</sourcelink>
							<sourcepage>p.186</sourcepage>
							<sourceshort>ACG</sourceshort>
						</source>
						<spell_resistance>Yes</spell_resistance>
						<description>Affected creatures automatically donate hp to stabilize fallen ally.</description>
						<bonusspell></bonusspell>
				</spell>
				<spell>
						<name>Magic Boulder</name>
						<outputname>Magic Boulder</outputname>
						<times_memorized>1</times_memorized>
						<range>Touch</range>
						<components>V,S,DF</components>
						<castingtime>1 standard action</castingtime>
						<casterlevel>5</casterlevel>
						<concentration>+9</concentration>
						<dc>16</dc>
						<duration>30 minutes or until discharged</duration>
						<effect>This spell works like magic stone, except you transmute as many as three boulders [rocks up to two size categories smaller than yourself] to use with the rock throwing ability or as siege engine ammunition. The boulder&#39;s damage increases by one step, and the boulder gains a + 1 enhancement bonus on attack and damage rolls.</effect>
						<target>up to three boulders touched</target>
						<saveinfo>Will negates (harmless, object)</saveinfo>
						<school>
							<school>Transmutation</school>
							<subschool></subschool>
							<descriptor>Earth</descriptor>
							<fullschool>Transmutation [Earth]</fullschool>
						</school>
						<source>
							<source>Paizo Inc. - Monster Codex, 69</source>
							<sourcelevel>Clr2</sourcelevel>
							<sourcelink></sourcelink>
							<sourcepage>69</sourcepage>
							<sourceshort>MC</sourceshort>
						</source>
						<spell_resistance>Yes (harmless, object)</spell_resistance>
						<description>This spell works like magic stone, except you transmute as many as three boulders (rocks up to two size categories smaller than yourself) to use with the rock throwing ability or as siege engine ammunition. The boulder&#39;s damage increases by one step, and the boulder gains a + 1 enhancement bonus on attack and damage rolls.</description>
						<bonusspell></bonusspell>
				</spell>
				<spell>
						<name>Magic Siege Engine</name>
						<outputname>Magic Siege Engine</outputname>
						<times_memorized>1</times_memorized>
						<range>Touch</range>
						<components>V, S, DF</components>
						<castingtime>1 standard action</castingtime>
						<casterlevel>5</casterlevel>
						<concentration>+9</concentration>
						<dc>16</dc>
						<duration>5 minutes</duration>
						<effect>Siege engine gains +1 on targeting and damage rolls.</effect>
						<target>one siege engine touched</target>
						<saveinfo>Will negates (harmless, object)</saveinfo>
						<school>
							<school>Transmutation</school>
							<subschool></subschool>
							<descriptor></descriptor>
							<fullschool>Transmutation</fullschool>
						</school>
						<source>
							<source>Paizo Inc. - Ultimate Combat, p.236</source>
							<sourcelevel>Clr2</sourcelevel>
							<sourcelink>http://paizo.com/pathfinderRPG/prd/ultimateCombat/spells/magicSiegeEngine.html#_magic-siege-engine</sourcelink>
							<sourcepage>p.236</sourcepage>
							<sourceshort>UC</sourceshort>
						</source>
						<spell_resistance>Yes (harmless, object)</spell_resistance>
						<description>Siege engine gains +1 on targeting and damage rolls.</description>
						<bonusspell></bonusspell>
				</spell>
				<spell>
						<name>Make Whole</name>
						<outputname>Make Whole</outputname>
						<times_memorized>1</times_memorized>
						<range>Close (35 ft.)</range>
						<components>V, S</components>
						<castingtime>10 minutes</castingtime>
						<casterlevel>5</casterlevel>
						<concentration>+9</concentration>
						<dc>16</dc>
						<duration>Instantaneous</duration>
						<effect>This spell functions as mending, except that it repairs 5d6 points of damage when cast on a construct creature.</effect>
						<target>One object of up to 50 cu. ft. or one construct creature of any size</target>
						<saveinfo>Will negates (harmless, object)</saveinfo>
						<school>
							<school>Transmutation</school>
							<subschool></subschool>
							<descriptor>MetalSchool</descriptor>
							<fullschool>Transmutation [MetalSchool]</fullschool>
						</school>
						<source>
							<source>Paizo Inc. - Core Rulebook, p.311</source>
							<sourcelevel>Clr2</sourcelevel>
							<sourcelink>http://paizo.com/pathfinderRPG/prd/spells/makeWhole.html#_make-whole</sourcelink>
							<sourcepage>p.311</sourcepage>
							<sourceshort>CR</sourceshort>
						</source>
						<spell_resistance>Yes (harmless, object)</spell_resistance>
						<description>This spell functions as mending, except that it repairs (min(5,CASTERLEVEL))d6 points of damage when cast on a construct creature.</description>
						<bonusspell></bonusspell>
				</spell>
				<spell>
						<name>Marching Chant</name>
						<outputname>Marching Chant</outputname>
						<times_memorized>1</times_memorized>
						<range>Close (35 ft.)</range>
						<components>V, S</components>
						<castingtime>1 minute</castingtime>
						<casterlevel>5</casterlevel>
						<concentration>+9</concentration>
						<dc>16</dc>
						<duration>concentration</duration>
						<effect>Allies can hustle without penalty while you sing or chant.</effect>
						<target>5 creatures</target>
						<saveinfo>Will negates (harmless)</saveinfo>
						<school>
							<school>Transmutation</school>
							<subschool></subschool>
							<descriptor></descriptor>
							<fullschool>Transmutation</fullschool>
						</school>
						<source>
							<source>Paizo Inc. - Advanced Class Guide, p.187</source>
							<sourcelevel>Clr2</sourcelevel>
							<sourcelink>http://paizo.com/pathfinderRPG/prd/advancedClassGuide/spells/marchingChant.html</sourcelink>
							<sourcepage>p.187</sourcepage>
							<sourceshort>ACG</sourceshort>
						</source>
						<spell_resistance>yes (harmless)</spell_resistance>
						<description>Allies can hustle without penalty while you sing or chant.</description>
						<bonusspell></bonusspell>
				</spell>
				<spell>
						<name>Martyr&#39;s Bargain</name>
						<outputname>Martyr&#39;s Bargain</outputname>
						<times_memorized>1</times_memorized>
						<range>Personal</range>
						<components>V</components>
						<castingtime>1 immediate action</castingtime>
						<casterlevel>5</casterlevel>
						<concentration>+9</concentration>
						<dc></dc>
						<duration>5 rounds</duration>
						<effect><para>Among the faithful followers of the gods of purity-whether they be the servants of Desna in Nidal, zealous followers of Milani struggling against Cheliax&#39;s government, paladins of Iomedae fighting against the horrors of the Worldwound, or simply those that fight evil the world over-martyr&#39;s bargain represents true faith and true sacrifice. </para><para>You cast this spell as an immediate action when you are subject to a spell or spell-like ability that deals hit point damage, after attack rolls and saving throws have been rolled but before the damage itself is determined. The damage dealt by the spell and any related effects are then delayed for you [and you only] for a number of rounds equal to your caster level. </para><para>At the end of that time [or immediately if martyr&#39;s bargain is dispelled], the delayed damage takes effect on you as it would have at the time it was cast, but is maximized as if affected by the Maximize Spell metamagic feat. Spells and spell-like abilities that were already maximized gain no additional benefit from this spell. Nothing can prevent this delayed damage from affecting you. </para><para>You can be affected by only one martyr&#39;s bargain spell at a time. If you cast this spell while you are already under the effects of a previous martyr&#39;s bargain, the previous spell effect ends and you immediately take the damage it had delayed.</para></effect>
						<target>You</target>
						<saveinfo>None</saveinfo>
						<school>
							<school>Transmutation</school>
							<subschool></subschool>
							<descriptor>Good</descriptor>
							<fullschool>Transmutation [Good]</fullschool>
						</school>
						<source>
							<source>Paizo Publishing - Inner Sea Magic, p.58</source>
							<sourcelevel>Clr2</sourcelevel>
							<sourcelink></sourcelink>
							<sourcepage>p.58</sourcepage>
							<sourceshort>ISM</sourceshort>
						</source>
						<spell_resistance>No</spell_resistance>
						<description><para>Among the faithful followers of the gods of purity-whether they be the servants of Desna in Nidal, zealous followers of Milani struggling against Cheliax&#39;s government, paladins of Iomedae fighting against the horrors of the Worldwound, or simply those that fight evil the world over-martyr&#39;s bargain represents true faith and true sacrifice. </para><para>You cast this spell as an immediate action when you are subject to a spell or spell-like ability that deals hit point damage, after attack rolls and saving throws have been rolled but before the damage itself is determined. The damage dealt by the spell and any related effects are then delayed for you (and you only) for a number of rounds equal to your caster level. </para><para>At the end of that time (or immediately if martyr&#39;s bargain is dispelled), the delayed damage takes effect on you as it would have at the time it was cast, but is maximized as if affected by the Maximize Spell metamagic feat. Spells and spell-like abilities that were already maximized gain no additional benefit from this spell. Nothing can prevent this delayed damage from affecting you. </para><para>You can be affected by only one martyr&#39;s bargain spell at a time. If you cast this spell while you are already under the effects of a previous martyr&#39;s bargain, the previous spell effect ends and you immediately take the damage it had delayed.</para></description>
						<bonusspell></bonusspell>
				</spell>
				<spell>
						<name>Masterwork Transformation</name>
						<outputname>Masterwork Transformation</outputname>
						<times_memorized>1</times_memorized>
						<range>Touch</range>
						<components>V, S, M</components>
						<castingtime>1 hour</castingtime>
						<casterlevel>5</casterlevel>
						<concentration>+9</concentration>
						<dc></dc>
						<duration>Instantaneous</duration>
						<effect>Make a normal item into a masterwork one.</effect>
						<target>One weapon, suit of armor, tool, or skill kit touched</target>
						<saveinfo>None</saveinfo>
						<school>
							<school>Transmutation</school>
							<subschool></subschool>
							<descriptor></descriptor>
							<fullschool>Transmutation</fullschool>
						</school>
						<source>
							<source>Paizo Inc. - Ultimate Magic, p.228</source>
							<sourcelevel>Clr2</sourcelevel>
							<sourcelink>http://paizo.com/pathfinderRPG/prd/ultimateMagic/spells/masterworkTransformation.html#_masterwork-transformation</sourcelink>
							<sourcepage>p.228</sourcepage>
							<sourceshort>UM</sourceshort>
						</source>
						<spell_resistance>No</spell_resistance>
						<description>Make a normal item into a masterwork one.</description>
						<bonusspell></bonusspell>
				</spell>
				<spell>
						<name>Muffle Sound</name>
						<outputname>Muffle Sound</outputname>
						<times_memorized>1</times_memorized>
						<range>Close (35 ft.)</range>
						<components>V, S</components>
						<castingtime>1 round</castingtime>
						<casterlevel>5</casterlevel>
						<concentration>+9</concentration>
						<dc>16</dc>
						<duration>5 minutes [D]</duration>
						<effect>Allies gain a bonus on Stealth checks but risk verbal spell failure.</effect>
						<target>5 allies</target>
						<saveinfo>Will negates</saveinfo>
						<school>
							<school>Illusion</school>
							<subschool>Glamer</subschool>
							<descriptor></descriptor>
							<fullschool>Illusion (Glamer)</fullschool>
						</school>
						<source>
							<source>Paizo Inc. - Advanced Class Guide, p.188</source>
							<sourcelevel>Clr2</sourcelevel>
							<sourcelink>http://paizo.com/pathfinderRPG/prd/advancedClassGuide/spells/muffleSound.html</sourcelink>
							<sourcepage>p.188</sourcepage>
							<sourceshort>ACG</sourceshort>
						</source>
						<spell_resistance>yes</spell_resistance>
						<description>Allies gain a bonus on Stealth checks but risk verbal spell failure.</description>
						<bonusspell></bonusspell>
				</spell>
				<spell>
						<name>Necromantic Burden</name>
						<outputname>Necromantic Burden</outputname>
						<times_memorized>1</times_memorized>
						<range>Close (35 ft.)</range>
						<components>V,S,M/DF</components>
						<castingtime>1 round</castingtime>
						<casterlevel>5</casterlevel>
						<concentration>+9</concentration>
						<dc>16</dc>
						<duration>5 hours</duration>
						<effect>You make an undead creature more difficult for necromancers and clerics to control via effects such as Command Undead or control undead. If the target fails its Will save, the target&#39;s effective number of Hit Dice is doubled for the purposes of determining whether it remains under the control of another creature. Regardless of the target&#39;s actual Hit Dice, its effective HD cannot exceed 10. If the targeted undead is under the control of another creature and this spell causes the target&#39;s effective Hit Dice to exceed the controller&#39;s maximum capability, the target creature is immediately freed from control. Any creature capable of controlling undead may attempt to control the target, provided the target&#39;s effective HD won&#39;t cause the would-be controller to exceed its HD limit. The target&#39;s former controller can attempt to regain control over the target by relinquishing command over other creatures until its HD limit is no longer exceeded [or the former controller can wait until the spell&#39;s duration expires to attempt this at the target&#39;s normal HD].</effect>
						<target>One undead creature</target>
						<saveinfo>Will negates</saveinfo>
						<school>
							<school>Necromancy</school>
							<subschool></subschool>
							<descriptor></descriptor>
							<fullschool>Necromancy</fullschool>
						</school>
						<source>
							<source>Paizo Inc. - Pathfinder Player Companion: Undead Slayer&#39;s Handbook, p.27</source>
							<sourcelevel>Clr2</sourcelevel>
							<sourcelink></sourcelink>
							<sourcepage>p.27</sourcepage>
							<sourceshort>USH</sourceshort>
						</source>
						<spell_resistance>Yes</spell_resistance>
						<description>You make an undead creature more difficult for necromancers and clerics to control via effects such as Command Undead or control undead. If the target fails its Will save, the target&#39;s effective number of Hit Dice is doubled for the purposes of determining whether it remains under the control of another creature. Regardless of the target&#39;s actual Hit Dice, its effective HD cannot exceed 10. If the targeted undead is under the control of another creature and this spell causes the target&#39;s effective Hit Dice to exceed the controller&#39;s maximum capability, the target creature is immediately freed from control. Any creature capable of controlling undead may attempt to control the target, provided the target&#39;s effective HD won&#39;t cause the would-be controller to exceed its HD limit. The target&#39;s former controller can attempt to regain control over the target by relinquishing command over other creatures until its HD limit is no longer exceeded (or the former controller can wait until the spell&#39;s duration expires to attempt this at the target&#39;s normal HD).</description>
						<bonusspell></bonusspell>
				</spell>
				<spell>
						<name>Owl&#39;s Wisdom</name>
						<outputname>Owl&#39;s Wisdom</outputname>
						<times_memorized>1</times_memorized>
						<range>Touch</range>
						<components>V, S, M/DF</components>
						<castingtime>1 standard action</castingtime>
						<casterlevel>5</casterlevel>
						<concentration>+9</concentration>
						<dc>16</dc>
						<duration>5 minutes</duration>
						<effect>The transmuted creature becomes wiser gaining a +4 enhancement bonus to Wisdom.</effect>
						<target>Creature touched</target>
						<saveinfo>Will negates (harmless)</saveinfo>
						<school>
							<school>Transmutation</school>
							<subschool></subschool>
							<descriptor></descriptor>
							<fullschool>Transmutation</fullschool>
						</school>
						<source>
							<source>Paizo Inc. - Core Rulebook, p.318</source>
							<sourcelevel>Clr2</sourcelevel>
							<sourcelink>http://paizo.com/pathfinderRPG/prd/spells/owlSWisdom.html#_owl-s-wisdom</sourcelink>
							<sourcepage>p.318</sourcepage>
							<sourceshort>CR</sourceshort>
						</source>
						<spell_resistance>Yes</spell_resistance>
						<description>The transmuted creature becomes wiser gaining a +4 enhancement bonus to Wisdom.</description>
						<bonusspell></bonusspell>
				</spell>
				<spell>
						<name>Path of Glory</name>
						<outputname>Path of Glory</outputname>
						<times_memorized>1</times_memorized>
						<range>Touch [see text]</range>
						<components>V, S</components>
						<castingtime>1 standard action</castingtime>
						<casterlevel>5</casterlevel>
						<concentration>+9</concentration>
						<dc>16</dc>
						<duration>5 rounds</duration>
						<effect>Create an expanding glow that heals allies within it of 1 hp of damage.</effect>
						<target>20 5-ft. squares [see text]</target>
						<saveinfo>none</saveinfo>
						<school>
							<school>Conjuration</school>
							<subschool>Healing</subschool>
							<descriptor></descriptor>
							<fullschool>Conjuration (Healing)</fullschool>
						</school>
						<source>
							<source>Paizo Inc. - Advanced Class Guide, p.189</source>
							<sourcelevel>Clr2</sourcelevel>
							<sourcelink>http://paizo.com/pathfinderRPG/prd/advancedClassGuide/spells/pathOfGlory.html</sourcelink>
							<sourcepage>p.189</sourcepage>
							<sourceshort>ACG</sourceshort>
						</source>
						<spell_resistance>no</spell_resistance>
						<description>Create an expanding glow that heals allies within it of 1 hp of damage.</description>
						<bonusspell></bonusspell>
				</spell>
				<spell>
						<name>Pilfering Hand</name>
						<outputname>Pilfering Hand</outputname>
						<times_memorized>1</times_memorized>
						<range>Close (35 ft.)</range>
						<components>S</components>
						<castingtime>1 standard action</castingtime>
						<casterlevel>5</casterlevel>
						<concentration>+9</concentration>
						<dc></dc>
						<duration>see text</duration>
						<effect>You may seize an object or manipulate it from afar.</effect>
						<target>one object</target>
						<saveinfo>None</saveinfo>
						<school>
							<school>Evocation, AetherSchool</school>
							<subschool></subschool>
							<descriptor>Force</descriptor>
							<fullschool>Evocation, AetherSchool [Force]</fullschool>
						</school>
						<source>
							<source>Paizo Inc. - Ultimate Combat, p.239</source>
							<sourcelevel>Clr2</sourcelevel>
							<sourcelink>http://paizo.com/pathfinderRPG/prd/ultimateCombat/spells/pilferingHand.html#_pilfering-hand</sourcelink>
							<sourcepage>p.239</sourcepage>
							<sourceshort>UC</sourceshort>
						</source>
						<spell_resistance>Yes (object)</spell_resistance>
						<description>You may seize an object or manipulate it from afar.</description>
						<bonusspell></bonusspell>
				</spell>
				<spell>
						<name>Protection from Chaos (Communal)</name>
						<outputname>Protection from Chaos (Communal)</outputname>
						<times_memorized>1</times_memorized>
						<range>Touch</range>
						<components>V, S, M/DF</components>
						<castingtime>1 standard action</castingtime>
						<casterlevel>5</casterlevel>
						<concentration>+9</concentration>
						<dc>16</dc>
						<duration>5 minutes [D]</duration>
						<effect>As protection from chaos, but you may divide the duration among creatures touched.</effect>
						<target>creatures touched</target>
						<saveinfo>Will negates (harmless)</saveinfo>
						<school>
							<school>Abjuration</school>
							<subschool></subschool>
							<descriptor>Lawful</descriptor>
							<fullschool>Abjuration [Lawful]</fullschool>
						</school>
						<source>
							<source>Paizo Inc. - Ultimate Combat, p.240</source>
							<sourcelevel>Clr2</sourcelevel>
							<sourcelink>http://paizo.com/pathfinderRPG/prd/ultimateCombat/spells/protectionFromChaos.html#_protection-from-chaos,-communal</sourcelink>
							<sourcepage>p.240</sourcepage>
							<sourceshort>UC</sourceshort>
						</source>
						<spell_resistance>No; see text</spell_resistance>
						<description>As protection from chaos, but you may divide the duration among creatures touched.</description>
						<bonusspell></bonusspell>
				</spell>
				<spell>
						<name>Protection from Evil (Communal)</name>
						<outputname>Protection from Evil (Communal)</outputname>
						<times_memorized>1</times_memorized>
						<range>Touch</range>
						<components>V, S, M/DF</components>
						<castingtime>1 standard action</castingtime>
						<casterlevel>5</casterlevel>
						<concentration>+9</concentration>
						<dc>16</dc>
						<duration>5 minutes [D]</duration>
						<effect>As protection from evil, but you may divide the duration among creatures touched.</effect>
						<target>creatures touched</target>
						<saveinfo>Will negates (harmless)</saveinfo>
						<school>
							<school>Abjuration</school>
							<subschool></subschool>
							<descriptor>Good</descriptor>
							<fullschool>Abjuration [Good]</fullschool>
						</school>
						<source>
							<source>Paizo Inc. - Ultimate Combat, p.240</source>
							<sourcelevel>Clr2</sourcelevel>
							<sourcelink>http://paizo.com/pathfinderRPG/prd/ultimateCombat/spells/protectionFromEvil.html#_protection-from-evil,-communal</sourcelink>
							<sourcepage>p.240</sourcepage>
							<sourceshort>UC</sourceshort>
						</source>
						<spell_resistance>No; see text</spell_resistance>
						<description>As protection from evil, but you may divide the duration among creatures touched.</description>
						<bonusspell></bonusspell>
				</spell>
				<spell>
						<name>Protection from Good (Communal)</name>
						<outputname>Protection from Good (Communal)</outputname>
						<times_memorized>1</times_memorized>
						<range>Touch</range>
						<components>V, S, M/DF</components>
						<castingtime>1 standard action</castingtime>
						<casterlevel>5</casterlevel>
						<concentration>+9</concentration>
						<dc>16</dc>
						<duration>5 minutes [D]</duration>
						<effect>As protection from good, but you may divide the duration among creatures touched.</effect>
						<target>creatures touched</target>
						<saveinfo>Will negates (harmless)</saveinfo>
						<school>
							<school>Abjuration</school>
							<subschool></subschool>
							<descriptor>Evil</descriptor>
							<fullschool>Abjuration [Evil]</fullschool>
						</school>
						<source>
							<source>Paizo Inc. - Ultimate Combat, p.240</source>
							<sourcelevel>Clr2</sourcelevel>
							<sourcelink>http://paizo.com/pathfinderRPG/prd/ultimateCombat/spells/protectionFromGood.html#_protection-from-good,-communal</sourcelink>
							<sourcepage>p.240</sourcepage>
							<sourceshort>UC</sourceshort>
						</source>
						<spell_resistance>No; see text</spell_resistance>
						<description>As protection from good, but you may divide the duration among creatures touched.</description>
						<bonusspell></bonusspell>
				</spell>
				<spell>
						<name>Protection from Law (Communal)</name>
						<outputname>Protection from Law (Communal)</outputname>
						<times_memorized>1</times_memorized>
						<range>Touch</range>
						<components>V, S, M/DF</components>
						<castingtime>1 standard action</castingtime>
						<casterlevel>5</casterlevel>
						<concentration>+9</concentration>
						<dc>16</dc>
						<duration>5 minutes [D]</duration>
						<effect>As protection from law, but you may divide the duration among creatures touched.</effect>
						<target>creatures touched</target>
						<saveinfo>Will negates (harmless)</saveinfo>
						<school>
							<school>Abjuration</school>
							<subschool></subschool>
							<descriptor>Chaotic</descriptor>
							<fullschool>Abjuration [Chaotic]</fullschool>
						</school>
						<source>
							<source>Paizo Inc. - Ultimate Combat, p.240</source>
							<sourcelevel>Clr2</sourcelevel>
							<sourcelink>http://paizo.com/pathfinderRPG/prd/ultimateCombat/spells/protectionFromLaw.html#_protection-from-law,-communal</sourcelink>
							<sourcepage>p.240</sourcepage>
							<sourceshort>UC</sourceshort>
						</source>
						<spell_resistance>No; see text</spell_resistance>
						<description>As protection from law, but you may divide the duration among creatures touched.</description>
						<bonusspell></bonusspell>
				</spell>
				<spell>
						<name>Protective Penumbra</name>
						<outputname>Protective Penumbra</outputname>
						<times_memorized>1</times_memorized>
						<range>Touch</range>
						<components>V, S</components>
						<castingtime>1 standard action</castingtime>
						<casterlevel>5</casterlevel>
						<concentration>+9</concentration>
						<dc>16</dc>
						<duration>50 minutes</duration>
						<effect>Shadow protects the target from light.</effect>
						<target>Creature touched</target>
						<saveinfo>Will negates (harmless)</saveinfo>
						<school>
							<school>Evocation</school>
							<subschool></subschool>
							<descriptor>Darkness</descriptor>
							<fullschool>Evocation [Darkness]</fullschool>
						</school>
						<source>
							<source>Paizo Inc. - Ultimate Magic, p.233</source>
							<sourcelevel>Clr2</sourcelevel>
							<sourcelink>http://paizo.com/pathfinderRPG/prd/ultimateMagic/spells/protectivePenumbra.html#_protective-penumbra</sourcelink>
							<sourcepage>p.233</sourcepage>
							<sourceshort>UM</sourceshort>
						</source>
						<spell_resistance>Yes</spell_resistance>
						<description>Shadow protects the target from light.</description>
						<bonusspell></bonusspell>
				</spell>
				<spell>
						<name>Recentering Drone</name>
						<outputname>Recentering Drone</outputname>
						<times_memorized>1</times_memorized>
						<range>Close (35 ft.)</range>
						<components>V,S,DF</components>
						<castingtime>1 standard action</castingtime>
						<casterlevel>5</casterlevel>
						<concentration>+9</concentration>
						<dc>16</dc>
						<duration>Concentration</duration>
						<effect>A target with the dazzled, fatigued, shaken, or sickened condition ignores the penalties of those conditions for the duration of this spell. A target with the blinded, exhausted, frightened, or nauseated conditions treats them as dazzled, fatigued, shaken, and sickened, respectively.</effect>
						<target>2 creatures [no two of which may be more than 30 ft. apart]</target>
						<saveinfo>Will negates (harmless)</saveinfo>
						<school>
							<school>Abjuration</school>
							<subschool></subschool>
							<descriptor></descriptor>
							<fullschool>Abjuration</fullschool>
						</school>
						<source>
							<source>Paizo Inc. - Pathfinder Player Companion: Champions of Balance, p.27</source>
							<sourcelevel>Clr2</sourcelevel>
							<sourcelink></sourcelink>
							<sourcepage>p.27</sourcepage>
							<sourceshort>COB</sourceshort>
						</source>
						<spell_resistance>Yes (harmless)</spell_resistance>
						<description>A target with the dazzled, fatigued, shaken, or sickened condition ignores the penalties of those conditions for the duration of this spell. A target with the blinded, exhausted, frightened, or nauseated conditions treats them as dazzled, fatigued, shaken, and sickened, respectively.</description>
						<bonusspell></bonusspell>
				</spell>
				<spell>
						<name>Reinforce Armaments (Communal)</name>
						<outputname>Reinforce Armaments (Communal)</outputname>
						<times_memorized>1</times_memorized>
						<range>Touch</range>
						<components>V, S, M/DF</components>
						<castingtime>1 standard action</castingtime>
						<casterlevel>5</casterlevel>
						<concentration>+9</concentration>
						<dc>16</dc>
						<duration>50 minutes</duration>
						<effect>As reinforce armaments, but you may divide the spell&#39;s duration among objects touched.</effect>
						<target>armor suits or weapons touched</target>
						<saveinfo>Will negates (harmless, object)</saveinfo>
						<school>
							<school>Transmutation</school>
							<subschool></subschool>
							<descriptor></descriptor>
							<fullschool>Transmutation</fullschool>
						</school>
						<source>
							<source>Paizo Inc. - Ultimate Combat, p.241</source>
							<sourcelevel>Clr2</sourcelevel>
							<sourcelink>http://paizo.com/pathfinderRPG/prd/ultimateCombat/spells/reinforceArmaments.html#_reinforce-armaments,-communal</sourcelink>
							<sourcepage>p.241</sourcepage>
							<sourceshort>UC</sourceshort>
						</source>
						<spell_resistance>Yes (harmless, object)</spell_resistance>
						<description>As reinforce armaments, but you may divide the spell&#39;s duration among objects touched.</description>
						<bonusspell></bonusspell>
				</spell>
				<spell>
						<name>Remove Paralysis</name>
						<outputname>Remove Paralysis</outputname>
						<times_memorized>1</times_memorized>
						<range>Close (35 ft.)</range>
						<components>V, S</components>
						<castingtime>1 standard action</castingtime>
						<casterlevel>5</casterlevel>
						<concentration>+9</concentration>
						<dc>16</dc>
						<duration>Instantaneous</duration>
						<effect>You can free one or more creatures from the effects of temporary paralysis or related magic.</effect>
						<target>Up to four creatures, no two of which can be more than 30 ft. apart</target>
						<saveinfo>Will negates (harmless)</saveinfo>
						<school>
							<school>Conjuration</school>
							<subschool>Healing</subschool>
							<descriptor></descriptor>
							<fullschool>Conjuration (Healing)</fullschool>
						</school>
						<source>
							<source>Paizo Inc. - Core Rulebook, p.332</source>
							<sourcelevel>Clr2</sourcelevel>
							<sourcelink>http://paizo.com/pathfinderRPG/prd/spells/removeParalysis.html#_remove-paralysis</sourcelink>
							<sourcepage>p.332</sourcepage>
							<sourceshort>CR</sourceshort>
						</source>
						<spell_resistance>Yes (harmless)</spell_resistance>
						<description>You can free one or more creatures from the effects of temporary paralysis or related magic.</description>
						<bonusspell></bonusspell>
				</spell>
				<spell>
						<name>Resist Energy</name>
						<outputname>Resist Energy</outputname>
						<times_memorized>1</times_memorized>
						<range>Touch</range>
						<components>V, S, DF</components>
						<castingtime>1 standard action</castingtime>
						<casterlevel>5</casterlevel>
						<concentration>+9</concentration>
						<dc>16</dc>
						<duration>50 minutes</duration>
						<effect>This abjuration grants a creature limited protection from damage of whichever one of five energy types you select.</effect>
						<target>Creature touched</target>
						<saveinfo>Fortitude negates (harmless)</saveinfo>
						<school>
							<school>Abjuration, AirSchool, EarthSchool, FireSchool, WaterSchool</school>
							<subschool></subschool>
							<descriptor></descriptor>
							<fullschool>Abjuration, AirSchool, EarthSchool, FireSchool, WaterSchool</fullschool>
						</school>
						<source>
							<source>Paizo Inc. - Core Rulebook, p.334</source>
							<sourcelevel>Clr2</sourcelevel>
							<sourcelink>http://paizo.com/pathfinderRPG/prd/spells/resistEnergy.html#_resist-energy</sourcelink>
							<sourcepage>p.334</sourcepage>
							<sourceshort>CR</sourceshort>
						</source>
						<spell_resistance>Yes (harmless)</spell_resistance>
						<description>This abjuration grants a creature limited protection from damage of whichever one of five energy types you select.</description>
						<bonusspell></bonusspell>
				</spell>
				<spell>
						<name>Restoration (Lesser)</name>
						<outputname>Restoration (Lesser)</outputname>
						<times_memorized>1</times_memorized>
						<range>Touch</range>
						<components>V, S</components>
						<castingtime>3 rounds</castingtime>
						<casterlevel>5</casterlevel>
						<concentration>+9</concentration>
						<dc>16</dc>
						<duration>Instantaneous</duration>
						<effect>Lesser restoration dispels any magical effects reducing one of the subject&#39;s ability scores or cures 1d4 points of temporary ability damage to one of the subject&#39;s ability scores.</effect>
						<target>Creature touched</target>
						<saveinfo>Will negates (harmless)</saveinfo>
						<school>
							<school>Conjuration</school>
							<subschool>Healing</subschool>
							<descriptor></descriptor>
							<fullschool>Conjuration (Healing)</fullschool>
						</school>
						<source>
							<source>Paizo Inc. - Core Rulebook, p.334</source>
							<sourcelevel>Clr2</sourcelevel>
							<sourcelink>http://paizo.com/pathfinderRPG/prd/spells/restoration.html#_restoration-lesser</sourcelink>
							<sourcepage>p.334</sourcepage>
							<sourceshort>CR</sourceshort>
						</source>
						<spell_resistance>Yes (harmless)</spell_resistance>
						<description>Lesser restoration dispels any magical effects reducing one of the subject&#39;s ability scores or cures 1d4 points of temporary ability damage to one of the subject&#39;s ability scores.</description>
						<bonusspell></bonusspell>
				</spell>
				<spell>
						<name>Returning Weapon</name>
						<outputname>Returning Weapon</outputname>
						<times_memorized>1</times_memorized>
						<range>Close (35 ft.)</range>
						<components>V, S</components>
						<castingtime>1 standard action</castingtime>
						<casterlevel>5</casterlevel>
						<concentration>+9</concentration>
						<dc>16</dc>
						<duration>5 minutes</duration>
						<effect>Grants a weapon the returning special weapon quality.</effect>
						<target>one weapon that can be thrown</target>
						<saveinfo>Will negates (harmless, object)</saveinfo>
						<school>
							<school>Conjuration</school>
							<subschool>Teleportation</subschool>
							<descriptor></descriptor>
							<fullschool>Conjuration (Teleportation)</fullschool>
						</school>
						<source>
							<source>Paizo Inc. - Ultimate Combat, p.242</source>
							<sourcelevel>Clr2</sourcelevel>
							<sourcelink>http://paizo.com/pathfinderRPG/prd/ultimateCombat/spells/returningWeapon.html#_returning-weapon</sourcelink>
							<sourcepage>p.242</sourcepage>
							<sourceshort>UC</sourceshort>
						</source>
						<spell_resistance>Yes (harmless, object)</spell_resistance>
						<description>Grants a weapon the returning special weapon quality.</description>
						<bonusspell></bonusspell>
				</spell>
				<spell>
						<name>Sense Fear</name>
						<outputname>Sense Fear</outputname>
						<times_memorized>1</times_memorized>
						<range>Personal</range>
						<components>V,S,M/DF</components>
						<castingtime>1 standard action</castingtime>
						<casterlevel>5</casterlevel>
						<concentration>+9</concentration>
						<dc></dc>
						<duration>50 minutes [D]</duration>
						<effect>Perceive nearby creatures that are experiencing fear.</effect>
						<target>You</target>
						<saveinfo></saveinfo>
						<school>
							<school>Divination</school>
							<subschool></subschool>
							<descriptor></descriptor>
							<fullschool>Divination</fullschool>
						</school>
						<source>
							<source>Paizo Inc. - Horror Adventures, p.127</source>
							<sourcelevel>Clr2</sourcelevel>
							<sourcelink>http://aonprd.com/SpellDisplay.aspx?ItemName=Sense%20Fear</sourcelink>
							<sourcepage>p.127</sourcepage>
							<sourceshort>HA</sourceshort>
						</source>
						<spell_resistance></spell_resistance>
						<description>Perceive nearby creatures that are experiencing fear.</description>
						<bonusspell></bonusspell>
				</spell>
				<spell>
						<name>Sense Madness</name>
						<outputname>Sense Madness</outputname>
						<times_memorized>1</times_memorized>
						<range>Close (35 ft.)</range>
						<components>V,S</components>
						<castingtime>1 standard action</castingtime>
						<casterlevel>5</casterlevel>
						<concentration>+9</concentration>
						<dc></dc>
						<duration>Concentration, up to5 rounds [D]</duration>
						<effect>Determine mental disturbances in nearby creatures.</effect>
						<target>Creatures in range [see text]</target>
						<saveinfo>None</saveinfo>
						<school>
							<school>Divination</school>
							<subschool></subschool>
							<descriptor></descriptor>
							<fullschool>Divination</fullschool>
						</school>
						<source>
							<source>Paizo Inc. - Horror Adventures, p.127</source>
							<sourcelevel>Clr2</sourcelevel>
							<sourcelink>http://aonprd.com/SpellDisplay.aspx?ItemName=Sense%20Madness</sourcelink>
							<sourcepage>p.127</sourcepage>
							<sourceshort>HA</sourceshort>
						</source>
						<spell_resistance>No</spell_resistance>
						<description>Determine mental disturbances in nearby creatures.</description>
						<bonusspell></bonusspell>
				</spell>
				<spell>
						<name>Shard of Chaos</name>
						<outputname>Shard of Chaos</outputname>
						<times_memorized>1</times_memorized>
						<range>Close (35 ft.)</range>
						<components>V, S, DF</components>
						<castingtime>1 standard action</castingtime>
						<casterlevel>5</casterlevel>
						<concentration>+9</concentration>
						<dc>16</dc>
						<duration>Instantaneous [1d6 rounds]</duration>
						<effect>Harm and possibly slow lawful creatures.</effect>
						<target>Dart-shaped projectile of chaotic energy</target>
						<saveinfo>Will partial (see text)</saveinfo>
						<school>
							<school>Evocation</school>
							<subschool></subschool>
							<descriptor>Chaos</descriptor>
							<fullschool>Evocation [Chaos]</fullschool>
						</school>
						<source>
							<source>Paizo Inc. - Ultimate Magic, p.237</source>
							<sourcelevel>Clr2</sourcelevel>
							<sourcelink>http://paizo.com/pathfinderRPG/prd/ultimateMagic/spells/shardOfChaos.html#_shard-of-chaos</sourcelink>
							<sourcepage>p.237</sourcepage>
							<sourceshort>UM</sourceshort>
						</source>
						<spell_resistance>Yes</spell_resistance>
						<description>Harm and possibly slow lawful creatures.</description>
						<bonusspell></bonusspell>
				</spell>
				<spell>
						<name>Share Language</name>
						<outputname>Share Language</outputname>
						<times_memorized>1</times_memorized>
						<range>Touch</range>
						<components>V, S, M</components>
						<castingtime>1 standard action</castingtime>
						<casterlevel>5</casterlevel>
						<concentration>+9</concentration>
						<dc>16</dc>
						<duration>24 hours</duration>
						<effect>Subject understands chosen language.</effect>
						<target>creature touched</target>
						<saveinfo>Will negates (harmless)</saveinfo>
						<school>
							<school>Divination</school>
							<subschool></subschool>
							<descriptor></descriptor>
							<fullschool>Divination</fullschool>
						</school>
						<source>
							<source>Paizo Inc. - Advanced Player&#39;s Guide, p.243</source>
							<sourcelevel>Clr2</sourcelevel>
							<sourcelink>http://paizo.com/pathfinderRPG/prd/advanced/spells/shareLanguage.html#_share-language-</sourcelink>
							<sourcepage>p.243</sourcepage>
							<sourceshort>APG</sourceshort>
						</source>
						<spell_resistance>Yes (harmless)</spell_resistance>
						<description>Subject understands chosen language.</description>
						<bonusspell></bonusspell>
				</spell>
				<spell>
						<name>Shared Sacrifice</name>
						<outputname>Shared Sacrifice</outputname>
						<times_memorized>1</times_memorized>
						<range>Close (35 ft.)</range>
						<components>V, S</components>
						<castingtime>1 round</castingtime>
						<casterlevel>5</casterlevel>
						<concentration>+9</concentration>
						<dc>16</dc>
						<duration>5 rounds [D]</duration>
						<effect>You create a link between yourself and your target, and you can direct pain and damage through this link.</effect>
						<target>One creature</target>
						<saveinfo>Will negates</saveinfo>
						<school>
							<school>Necromancy</school>
							<subschool></subschool>
							<descriptor>Evil</descriptor>
							<fullschool>Necromancy [Evil]</fullschool>
						</school>
						<source>
							<source>Paizo Inc. - Pathfinder Player Companion: Faiths of Corruption, p.28</source>
							<sourcelevel>Clr2</sourcelevel>
							<sourcelink></sourcelink>
							<sourcepage>p.28</sourcepage>
							<sourceshort>FOC</sourceshort>
						</source>
						<spell_resistance>Yes</spell_resistance>
						<description>You create a link between yourself and your target, and you can direct pain and damage through this link.</description>
						<bonusspell></bonusspell>
				</spell>
				<spell>
						<name>Shatter</name>
						<outputname>Shatter</outputname>
						<times_memorized>1</times_memorized>
						<range>Close (35 ft.)</range>
						<components>V, S, M/DF</components>
						<castingtime>1 standard action</castingtime>
						<casterlevel>5</casterlevel>
						<concentration>+9</concentration>
						<dc>16</dc>
						<duration>Instantaneous</duration>
						<effect>Shatter creates a loud, ringing noise that breaks brittle, nonmagical objects; sunders a single solid, nonmagical object; or damages a crystalline creature.</effect>
						<target>Or Target 5-ft.-radius spread; or one solid object or one crystalline creature</target>
						<saveinfo>Will negates (object); Will negates (object) or Fortitude half; see text</saveinfo>
						<school>
							<school>Evocation, EarthSchool</school>
							<subschool></subschool>
							<descriptor>Sonic, MetalSchool</descriptor>
							<fullschool>Evocation, EarthSchool [Sonic, MetalSchool]</fullschool>
						</school>
						<source>
							<source>Paizo Inc. - Core Rulebook, p.341</source>
							<sourcelevel>Clr2</sourcelevel>
							<sourcelink>http://paizo.com/pathfinderRPG/prd/spells/shatter.html#_shatter</sourcelink>
							<sourcepage>p.341</sourcepage>
							<sourceshort>CR</sourceshort>
						</source>
						<spell_resistance>Yes</spell_resistance>
						<description>Shatter creates a loud, ringing noise that breaks brittle, nonmagical objects; sunders a single solid, nonmagical object; or damages a crystalline creature.</description>
						<bonusspell></bonusspell>
				</spell>
				<spell>
						<name>Shield of Fortification</name>
						<outputname>Shield of Fortification</outputname>
						<times_memorized>1</times_memorized>
						<range>Touch</range>
						<components>V, S, DF</components>
						<castingtime>1 standard action</castingtime>
						<casterlevel>5</casterlevel>
						<concentration>+9</concentration>
						<dc>16</dc>
						<duration>5 minutes</duration>
						<effect>Target gains a 25% chance to treat critical hits and sneak attacks as normal hits.</effect>
						<target>creature touched</target>
						<saveinfo>Fortitude negates (harmless)</saveinfo>
						<school>
							<school>Abjuration</school>
							<subschool></subschool>
							<descriptor></descriptor>
							<fullschool>Abjuration</fullschool>
						</school>
						<source>
							<source>Paizo Inc. - Advanced Class Guide, p.192</source>
							<sourcelevel>Clr2</sourcelevel>
							<sourcelink>http://paizo.com/pathfinderRPG/prd/advancedClassGuide/spells/shieldOfFortification.html</sourcelink>
							<sourcepage>p.192</sourcepage>
							<sourceshort>ACG</sourceshort>
						</source>
						<spell_resistance>yes (harmless)</spell_resistance>
						<description>Target gains a 25% chance to treat critical hits and sneak attacks as normal hits.</description>
						<bonusspell></bonusspell>
				</spell>
				<spell>
						<name>Shield Other</name>
						<outputname>Shield Other</outputname>
						<times_memorized>1</times_memorized>
						<range>Close (35 ft.)</range>
						<components>V, S, F</components>
						<castingtime>1 standard action</castingtime>
						<casterlevel>5</casterlevel>
						<concentration>+9</concentration>
						<dc>16</dc>
						<duration>5 hours [D]</duration>
						<effect>This spell wards the subject and creates a mystic connection between you and the subject so that some of its wounds are transferred to you.</effect>
						<target>One creature</target>
						<saveinfo>Will negates (harmless)</saveinfo>
						<school>
							<school>Abjuration</school>
							<subschool></subschool>
							<descriptor></descriptor>
							<fullschool>Abjuration</fullschool>
						</school>
						<source>
							<source>Paizo Inc. - Core Rulebook, p.342</source>
							<sourcelevel>Clr2</sourcelevel>
							<sourcelink>http://paizo.com/pathfinderRPG/prd/spells/shieldOther.html#_shield-other</sourcelink>
							<sourcepage>p.342</sourcepage>
							<sourceshort>CR</sourceshort>
						</source>
						<spell_resistance>Yes (harmless)</spell_resistance>
						<description>This spell wards the subject and creates a mystic connection between you and the subject so that some of its wounds are transferred to you.</description>
						<bonusspell></bonusspell>
				</spell>
				<spell>
						<name>Silence</name>
						<outputname>Silence</outputname>
						<times_memorized>1</times_memorized>
						<range>Long (600 ft.)</range>
						<components>V, S</components>
						<castingtime>1 round</castingtime>
						<casterlevel>5</casterlevel>
						<concentration>+9</concentration>
						<dc>16</dc>
						<duration>5 rounds [D]</duration>
						<effect>Upon the casting of this spell, complete silence prevails in the affected area.</effect>
						<target>20-ft.-radius emanation centered on a creature, object, or point in space</target>
						<saveinfo>Will negates; see text or none (object)</saveinfo>
						<school>
							<school>Illusion</school>
							<subschool>Glamer</subschool>
							<descriptor></descriptor>
							<fullschool>Illusion (Glamer)</fullschool>
						</school>
						<source>
							<source>Paizo Inc. - Core Rulebook, p.343</source>
							<sourcelevel>Clr2</sourcelevel>
							<sourcelink>http://paizo.com/pathfinderRPG/prd/spells/silence.html#_silence</sourcelink>
							<sourcepage>p.343</sourcepage>
							<sourceshort>CR</sourceshort>
						</source>
						<spell_resistance>Yes; see text or no (object)</spell_resistance>
						<description>Upon the casting of this spell, complete silence prevails in the affected area.</description>
						<bonusspell></bonusspell>
				</spell>
				<spell>
						<name>Silent Table</name>
						<outputname>Silent Table</outputname>
						<times_memorized>1</times_memorized>
						<range>Close (35 ft.)</range>
						<components>V</components>
						<castingtime>1 round</castingtime>
						<casterlevel>5</casterlevel>
						<concentration>+9</concentration>
						<dc>16</dc>
						<duration>5 minutes [D]</duration>
						<effect>Give yourself privacy by muffling sound leaving the area.</effect>
						<target>5-ft.-diameter emanation centered on an object or a point in space</target>
						<saveinfo>none (object)</saveinfo>
						<school>
							<school>Illusion</school>
							<subschool>Glamer</subschool>
							<descriptor></descriptor>
							<fullschool>Illusion (Glamer)</fullschool>
						</school>
						<source>
							<source>Paizo Inc. - Advanced Class Guide, p.192</source>
							<sourcelevel>Clr2</sourcelevel>
							<sourcelink>http://paizo.com/pathfinderRPG/prd/advancedClassGuide/spells/silentTable.html</sourcelink>
							<sourcepage>p.192</sourcepage>
							<sourceshort>ACG</sourceshort>
						</source>
						<spell_resistance>no (object)</spell_resistance>
						<description>Give yourself privacy by muffling sound leaving the area.</description>
						<bonusspell></bonusspell>
				</spell>
				<spell>
						<name>Sound Burst</name>
						<outputname>Sound Burst</outputname>
						<times_memorized>1</times_memorized>
						<range>Close (35 ft.)</range>
						<components>V, S, F/DF</components>
						<castingtime>1 standard action</castingtime>
						<casterlevel>5</casterlevel>
						<concentration>+9</concentration>
						<dc>16</dc>
						<duration>Instantaneous</duration>
						<effect>You blast an area with a tremendous cacophony.</effect>
						<target>10-ft.-radius spread</target>
						<saveinfo>Fortitude partial</saveinfo>
						<school>
							<school>Evocation</school>
							<subschool></subschool>
							<descriptor>Sonic</descriptor>
							<fullschool>Evocation [Sonic]</fullschool>
						</school>
						<source>
							<source>Paizo Inc. - Core Rulebook, p.346</source>
							<sourcelevel>Clr2</sourcelevel>
							<sourcelink>http://paizo.com/pathfinderRPG/prd/spells/soundBurst.html#_sound-burst</sourcelink>
							<sourcepage>p.346</sourcepage>
							<sourceshort>CR</sourceshort>
						</source>
						<spell_resistance>Yes</spell_resistance>
						<description>You blast an area with a tremendous cacophony.</description>
						<bonusspell></bonusspell>
				</spell>
				<spell>
						<name>Spear of Purity</name>
						<outputname>Spear of Purity</outputname>
						<times_memorized>1</times_memorized>
						<range>Close (35 ft.)</range>
						<components>V, S, DF</components>
						<castingtime>1 standard action</castingtime>
						<casterlevel>5</casterlevel>
						<concentration>+9</concentration>
						<dc>16</dc>
						<duration>Instantaneous [1 round]</duration>
						<effect>Harm and possibly blind evil creatures.</effect>
						<target>Spear-shaped projectile of good energy</target>
						<saveinfo>Will partial (see text)</saveinfo>
						<school>
							<school>Evocation</school>
							<subschool></subschool>
							<descriptor>Good</descriptor>
							<fullschool>Evocation [Good]</fullschool>
						</school>
						<source>
							<source>Paizo Inc. - Ultimate Magic, p.240</source>
							<sourcelevel>Clr2</sourcelevel>
							<sourcelink>http://paizo.com/pathfinderRPG/prd/ultimateMagic/spells/spearOfPurity.html#_spear-of-purity</sourcelink>
							<sourcepage>p.240</sourcepage>
							<sourceshort>UM</sourceshort>
						</source>
						<spell_resistance>Yes</spell_resistance>
						<description>Harm and possibly blind evil creatures.</description>
						<bonusspell></bonusspell>
				</spell>
				<spell>
						<name>Spell Gauge</name>
						<outputname>Spell Gauge</outputname>
						<times_memorized>1</times_memorized>
						<range>Close (35 ft.)</range>
						<components>V, S, F</components>
						<castingtime>1 standard action</castingtime>
						<casterlevel>5</casterlevel>
						<concentration>+9</concentration>
						<dc>16</dc>
						<duration>Instantaneous</duration>
						<effect>You immediately know a selection of the spells the target creature has prepared or knows.</effect>
						<target>One creature</target>
						<saveinfo>Will negates</saveinfo>
						<school>
							<school>Divination</school>
							<subschool></subschool>
							<descriptor>Mind-Affecting</descriptor>
							<fullschool>Divination [Mind-Affecting]</fullschool>
						</school>
						<source>
							<source>Paizo Inc. - Pathfinder Player Companion: Faiths of Balance, p.28</source>
							<sourcelevel>Clr2</sourcelevel>
							<sourcelink></sourcelink>
							<sourcepage>p.28</sourcepage>
							<sourceshort>FOB</sourceshort>
						</source>
						<spell_resistance>Yes</spell_resistance>
						<description>You immediately know a selection of the spells the target creature has prepared or knows.</description>
						<bonusspell></bonusspell>
				</spell>
				<spell>
						<name>Spindrift Spritz</name>
						<outputname>Spindrift Spritz</outputname>
						<times_memorized>1</times_memorized>
						<range>Close (35 ft.)</range>
						<components>V,S</components>
						<castingtime>1 immediate action</castingtime>
						<casterlevel>5</casterlevel>
						<concentration>+9</concentration>
						<dc>16</dc>
						<duration>Instantaneous</duration>
						<effect>Target takes the better of two rolls when attempting a saving throw against an effect that would cause the fatigued, shaken, sickened, or staggered conditions</effect>
						<target>One creature</target>
						<saveinfo>Will negates (harmless)</saveinfo>
						<school>
							<school>Conjuration, WaterSchool</school>
							<subschool>Healing</subschool>
							<descriptor>Water</descriptor>
							<fullschool>Conjuration, WaterSchool (Healing) [Water]</fullschool>
						</school>
						<source>
							<source>Paizo Inc. - Pathfinder Player Companion: Elemental Master&#39;s Handbook, p.14</source>
							<sourcelevel>Clr2</sourcelevel>
							<sourcelink></sourcelink>
							<sourcepage>p.14</sourcepage>
							<sourceshort>EMH</sourceshort>
						</source>
						<spell_resistance>Yes (harmless)</spell_resistance>
						<description>Target takes the better of two rolls when attempting a saving throw against an effect that would cause the fatigued, shaken, sickened, or staggered conditions</description>
						<bonusspell></bonusspell>
				</spell>
				<spell>
						<name>Spiritual Weapon</name>
						<outputname>Spiritual Weapon</outputname>
						<times_memorized>1</times_memorized>
						<range>Medium (150 ft.)</range>
						<components>V, S, DF</components>
						<castingtime>1 standard action</castingtime>
						<casterlevel>5</casterlevel>
						<concentration>+9</concentration>
						<dc></dc>
						<duration>5 rounds [D]</duration>
						<effect>A weapon made of force appears and attacks foes at a distance, as you direct it, dealing 1d8+1 force damage per hit.</effect>
						<target>Magic weapon of force</target>
						<saveinfo>None</saveinfo>
						<school>
							<school>Evocation, AetherSchool</school>
							<subschool></subschool>
							<descriptor>Force</descriptor>
							<fullschool>Evocation, AetherSchool [Force]</fullschool>
						</school>
						<source>
							<source>Paizo Inc. - Core Rulebook, p.348</source>
							<sourcelevel>Clr2</sourcelevel>
							<sourcelink>http://paizo.com/pathfinderRPG/prd/spells/spiritualWeapon.html#_spiritual-weapon</sourcelink>
							<sourcepage>p.348</sourcepage>
							<sourceshort>CR</sourceshort>
						</source>
						<spell_resistance>Yes</spell_resistance>
						<description>A weapon made of force appears and attacks foes at a distance, as you direct it, dealing 1d8+(min(5,floor(CASTERLEVEL/3))) force damage per hit.</description>
						<bonusspell></bonusspell>
				</spell>
				<spell>
						<name>Status</name>
						<outputname>Status</outputname>
						<times_memorized>1</times_memorized>
						<range>Touch</range>
						<components>V, S</components>
						<castingtime>1 standard action</castingtime>
						<casterlevel>5</casterlevel>
						<concentration>+9</concentration>
						<dc>16</dc>
						<duration>5 hours</duration>
						<effect>When you need to keep track of comrades who may get separated, status allows you to mentally monitor their relative positions and general condition.</effect>
						<target>1 living creatures</target>
						<saveinfo>Will negates (harmless)</saveinfo>
						<school>
							<school>Divination</school>
							<subschool></subschool>
							<descriptor></descriptor>
							<fullschool>Divination</fullschool>
						</school>
						<source>
							<source>Paizo Inc. - Core Rulebook, p.349</source>
							<sourcelevel>Clr2</sourcelevel>
							<sourcelink>http://paizo.com/pathfinderRPG/prd/spells/status.html#_status</sourcelink>
							<sourcepage>p.349</sourcepage>
							<sourceshort>CR</sourceshort>
						</source>
						<spell_resistance>Yes (harmless)</spell_resistance>
						<description>When you need to keep track of comrades who may get separated, status allows you to mentally monitor their relative positions and general condition.</description>
						<bonusspell></bonusspell>
				</spell>
				<spell>
						<name>Stave Off Corruption</name>
						<outputname>Stave Off Corruption</outputname>
						<times_memorized>1</times_memorized>
						<range>Touch</range>
						<components>V,S,M</components>
						<castingtime>1 standard action</castingtime>
						<casterlevel>5</casterlevel>
						<concentration>+9</concentration>
						<dc>16</dc>
						<duration>5 days</duration>
						<effect>Protect against a corruption&#39;s progression.</effect>
						<target>One creature</target>
						<saveinfo>Will negates (harmless)</saveinfo>
						<school>
							<school>Abjuration</school>
							<subschool></subschool>
							<descriptor></descriptor>
							<fullschool>Abjuration</fullschool>
						</school>
						<source>
							<source>Paizo Inc. - Horror Adventures, p.128</source>
							<sourcelevel>Clr2</sourcelevel>
							<sourcelink>http://aonprd.com/SpellDisplay.aspx?ItemName=Stave%20Off%20Corruption</sourcelink>
							<sourcepage>p.128</sourcepage>
							<sourceshort>HA</sourceshort>
						</source>
						<spell_resistance>Yes (harmless)</spell_resistance>
						<description>Protect against a corruption&#39;s progression.</description>
						<bonusspell></bonusspell>
				</spell>
				<spell>
						<name>Summon Monster II</name>
						<outputname>Summon Monster II</outputname>
						<times_memorized>1</times_memorized>
						<range>Close (35 ft.)</range>
						<components>V, S, F/DF</components>
						<castingtime>1 round</castingtime>
						<casterlevel>5</casterlevel>
						<concentration>+9</concentration>
						<dc></dc>
						<duration>5 rounds [D]</duration>
						<effect>This spell functions like summon monster I, except that you can summon one creature from the 2nd-level list or 1d3 creatures of the same kind from the 1st-level list.</effect>
						<target>One summoned creature</target>
						<saveinfo>None</saveinfo>
						<school>
							<school>Conjuration, AirSchool, EarthSchool, FireSchool, WaterSchool</school>
							<subschool>Summoning</subschool>
							<descriptor></descriptor>
							<fullschool>Conjuration, AirSchool, EarthSchool, FireSchool, WaterSchool (Summoning)</fullschool>
						</school>
						<source>
							<source>Paizo Inc. - Core Rulebook, p.352</source>
							<sourcelevel>Clr2</sourcelevel>
							<sourcelink>http://paizo.com/pathfinderRPG/prd/spells/summonMonster.html#_summon-monster-ii</sourcelink>
							<sourcepage>p.352</sourcepage>
							<sourceshort>CR</sourceshort>
						</source>
						<spell_resistance>No</spell_resistance>
						<description>This spell functions like summon monster I, except that you can summon one creature from the 2nd-level list or 1d3 creatures of the same kind from the 1st-level list.</description>
						<bonusspell></bonusspell>
				</spell>
				<spell>
						<name>Summon Monster II (giant spider only)</name>
						<outputname>Summon Monster II (giant spider only)</outputname>
						<times_memorized>1</times_memorized>
						<range>Close (35 ft.)</range>
						<components>V, S, F/DF</components>
						<castingtime>1 round</castingtime>
						<casterlevel>5</casterlevel>
						<concentration>+9</concentration>
						<dc></dc>
						<duration>5 rounds [D]</duration>
						<effect>This spell functions like summon monster I, except that you can summon one creature from the 2nd-level list or 1d3 creatures of the same kind from the 1st-level list.</effect>
						<target>One summoned creature</target>
						<saveinfo>None</saveinfo>
						<school>
							<school>Conjuration</school>
							<subschool>Summoning</subschool>
							<descriptor></descriptor>
							<fullschool>Conjuration (Summoning)</fullschool>
						</school>
						<source>
							<source>Paizo Inc. - Core Rulebook, p.352</source>
							<sourcelevel>Clr2</sourcelevel>
							<sourcelink>http://paizo.com/pathfinderRPG/prd/spells/summonMonster.html#_summon-monster-ii</sourcelink>
							<sourcepage>p.352</sourcepage>
							<sourceshort>CR</sourceshort>
						</source>
						<spell_resistance>No</spell_resistance>
						<description>This spell functions like summon monster I, except that you can summon one creature from the 2nd-level list or 1d3 creatures of the same kind from the 1st-level list.</description>
						<bonusspell></bonusspell>
				</spell>
				<spell>
						<name>Summon Monster II (octopus or squid only)</name>
						<outputname>Summon Monster II (octopus or squid only)</outputname>
						<times_memorized>1</times_memorized>
						<range>Close (35 ft.)</range>
						<components>V, S, F/DF</components>
						<castingtime>1 round</castingtime>
						<casterlevel>5</casterlevel>
						<concentration>+9</concentration>
						<dc></dc>
						<duration>5 rounds [D]</duration>
						<effect>This spell functions like summon monster I, except that you can summon one creature from the 2nd-level list or 1d3 creatures of the same kind from the 1st-level list.</effect>
						<target>One summoned creature</target>
						<saveinfo>None</saveinfo>
						<school>
							<school>Conjuration</school>
							<subschool>Summoning</subschool>
							<descriptor></descriptor>
							<fullschool>Conjuration (Summoning)</fullschool>
						</school>
						<source>
							<source>Paizo Inc. - Core Rulebook, p.352</source>
							<sourcelevel>Clr2</sourcelevel>
							<sourcelink>http://paizo.com/pathfinderRPG/prd/spells/summonMonster.html#_summon-monster-ii</sourcelink>
							<sourcepage>p.352</sourcepage>
							<sourceshort>CR</sourceshort>
						</source>
						<spell_resistance>No</spell_resistance>
						<description>This spell functions like summon monster I, except that you can summon one creature from the 2nd-level list or 1d3 creatures of the same kind from the 1st-level list.</description>
						<bonusspell></bonusspell>
				</spell>
				<spell>
						<name>Surmount Affliction</name>
						<outputname>Surmount Affliction</outputname>
						<times_memorized>1</times_memorized>
						<range>Personal</range>
						<components>V, S</components>
						<castingtime>1 standard action</castingtime>
						<casterlevel>5</casterlevel>
						<concentration>+9</concentration>
						<dc></dc>
						<duration>5 rounds</duration>
						<effect>Temporarily suppress one condition.</effect>
						<target>You</target>
						<saveinfo></saveinfo>
						<school>
							<school>Abjuration</school>
							<subschool></subschool>
							<descriptor></descriptor>
							<fullschool>Abjuration</fullschool>
						</school>
						<source>
							<source>Paizo Inc. - Ultimate Magic, p.241</source>
							<sourcelevel>Clr2</sourcelevel>
							<sourcelink>http://paizo.com/pathfinderRPG/prd/ultimateMagic/spells/surmountAffliction.html#_surmount-affliction</sourcelink>
							<sourcepage>p.241</sourcepage>
							<sourceshort>UM</sourceshort>
						</source>
						<spell_resistance></spell_resistance>
						<description>Temporarily suppress one condition.</description>
						<bonusspell></bonusspell>
				</spell>
				<spell>
						<name>Touch of Mercy</name>
						<outputname>Touch of Mercy</outputname>
						<times_memorized>1</times_memorized>
						<range>Touch</range>
						<components>V, S, DF</components>
						<castingtime>1 standard action</castingtime>
						<casterlevel>5</casterlevel>
						<concentration>+9</concentration>
						<dc>16</dc>
						<duration>5 rounds [D]</duration>
						<effect>The target creature deals only nonlethal damage with all of its weapon attacks. Damage taken by creatures or objects that are not subject to nonlethal damage is not converted to nonlethal and remains lethal damage. The weapon retains all of its other normal properties.</effect>
						<target>One Creature</target>
						<saveinfo>Will negates</saveinfo>
						<school>
							<school>Enchantment</school>
							<subschool>Compulsion</subschool>
							<descriptor>Good, Mind-Affecting</descriptor>
							<fullschool>Enchantment (Compulsion) [Good, Mind-Affecting]</fullschool>
						</school>
						<source>
							<source>Paizo Publishing - Pathfinder Player Companion: Champions of Purity, p.29</source>
							<sourcelevel>Clr2</sourcelevel>
							<sourcelink></sourcelink>
							<sourcepage>p.29</sourcepage>
							<sourceshort>COP</sourceshort>
						</source>
						<spell_resistance>Yes</spell_resistance>
						<description>The target creature deals only nonlethal damage with all of its weapon attacks. Damage taken by creatures or objects that are not subject to nonlethal damage is not converted to nonlethal and remains lethal damage. The weapon retains all of its other normal properties.</description>
						<bonusspell></bonusspell>
				</spell>
				<spell>
						<name>Trail of the Rose</name>
						<outputname>Trail of the Rose</outputname>
						<times_memorized>1</times_memorized>
						<range>Touch</range>
						<components>V, S</components>
						<castingtime>1 standard action</castingtime>
						<casterlevel>5</casterlevel>
						<concentration>+9</concentration>
						<dc></dc>
						<duration>5 hours [D]</duration>
						<effect>Creates an illusory trail that can only be followed by your allies.</effect>
						<target>1 rose touched</target>
						<saveinfo>None</saveinfo>
						<school>
							<school>Illusion</school>
							<subschool>Phantasm</subschool>
							<descriptor></descriptor>
							<fullschool>Illusion (Phantasm)</fullschool>
						</school>
						<source>
							<source>Paizo Inc. - Pathfinder Player Companion: Faiths of Purity, p.29</source>
							<sourcelevel>Clr2</sourcelevel>
							<sourcelink></sourcelink>
							<sourcepage>p.29</sourcepage>
							<sourceshort>FOP</sourceshort>
						</source>
						<spell_resistance>No</spell_resistance>
						<description>Creates an illusory trail that can only be followed by your allies.</description>
						<bonusspell></bonusspell>
				</spell>
				<spell>
						<name>Transmute Wine to Blood</name>
						<outputname>Transmute Wine to Blood</outputname>
						<times_memorized>1</times_memorized>
						<range>Touch</range>
						<components>V,S,M</components>
						<castingtime>1 standard action</castingtime>
						<casterlevel>5</casterlevel>
						<concentration>+9</concentration>
						<dc>16</dc>
						<duration>Instantaneous</duration>
						<effect>You transform one bottle of fine wine into 1 pint of animal blood, sufficient for a creature with the blood drain ability to feed upon as if it came from a Medium animal with 1 Hit Die.</effect>
						<target>Bottle of wine worth at least 10 gp</target>
						<saveinfo>Fortitude negates (object)</saveinfo>
						<school>
							<school>Transmutation</school>
							<subschool></subschool>
							<descriptor></descriptor>
							<fullschool>Transmutation</fullschool>
						</school>
						<source>
							<source>Paizo Inc. - Pathfinder Player Companion: Blood of the Night, p.30</source>
							<sourcelevel>Clr2</sourcelevel>
							<sourcelink></sourcelink>
							<sourcepage>p.30</sourcepage>
							<sourceshort>BOTN</sourceshort>
						</source>
						<spell_resistance>Yes (object)</spell_resistance>
						<description>You transform one bottle of fine wine into 1 pint of animal blood, sufficient for a creature with the blood drain ability to feed upon as if it came from a Medium animal with 1 Hit Die.</description>
						<bonusspell></bonusspell>
				</spell>
				<spell>
						<name>Undetectable Alignment</name>
						<outputname>Undetectable Alignment</outputname>
						<times_memorized>1</times_memorized>
						<range>Close (35 ft.)</range>
						<components>V, S</components>
						<castingtime>1 standard action</castingtime>
						<casterlevel>5</casterlevel>
						<concentration>+9</concentration>
						<dc>16</dc>
						<duration>24 hours</duration>
						<effect>An undetectable alignment spell conceals the alignment of an object or a creature from all forms of divination.</effect>
						<target>One creature or object</target>
						<saveinfo>Will negates (object)</saveinfo>
						<school>
							<school>Abjuration</school>
							<subschool></subschool>
							<descriptor></descriptor>
							<fullschool>Abjuration</fullschool>
						</school>
						<source>
							<source>Paizo Inc. - Core Rulebook, p.363</source>
							<sourcelevel>Clr2</sourcelevel>
							<sourcelink>http://paizo.com/pathfinderRPG/prd/spells/undetectableAlignment.html#_undetectable-alignment</sourcelink>
							<sourcepage>p.363</sourcepage>
							<sourceshort>CR</sourceshort>
						</source>
						<spell_resistance>Yes (object)</spell_resistance>
						<description>An undetectable alignment spell conceals the alignment of an object or a creature from all forms of divination.</description>
						<bonusspell></bonusspell>
				</spell>
				<spell>
						<name>Unholy Ice Weapon</name>
						<outputname>Unholy Ice Weapon</outputname>
						<times_memorized>1</times_memorized>
						<range>0 Ft.</range>
						<components>V, S, M</components>
						<castingtime>1 standard action</castingtime>
						<casterlevel>5</casterlevel>
						<concentration>+9</concentration>
						<dc>16</dc>
						<duration>5 minutes [D]</duration>
						<effect>Create a masterwork weapon made of frozen unholy water.</effect>
						<target>one ice weapon</target>
						<saveinfo>none</saveinfo>
						<school>
							<school>Transmutation</school>
							<subschool></subschool>
							<descriptor>Cold, Evil, Water</descriptor>
							<fullschool>Transmutation [Cold, Evil, Water]</fullschool>
						</school>
						<source>
							<source>Paizo Inc. - Advanced Class Guide, p.198</source>
							<sourcelevel>Clr2</sourcelevel>
							<sourcelink>http://paizo.com/pathfinderRPG/prd/advancedClassGuide/spells/unholyIceWeapon.html</sourcelink>
							<sourcepage>p.198</sourcepage>
							<sourceshort>ACG</sourceshort>
						</source>
						<spell_resistance>no</spell_resistance>
						<description>Create a masterwork weapon made of frozen unholy water.</description>
						<bonusspell></bonusspell>
				</spell>
				<spell>
						<name>Unliving Rage</name>
						<outputname>Unliving Rage</outputname>
						<times_memorized>1</times_memorized>
						<range>Medium (150 ft.)</range>
						<components>V, S</components>
						<castingtime>1 standard action</castingtime>
						<casterlevel>5</casterlevel>
						<concentration>+9</concentration>
						<dc>16</dc>
						<duration>concentration + 5 rounds [D]</duration>
						<effect>As rage, except affecting only undead.</effect>
						<target>1 willing undead creatures, no two of which can be more than 30 ft. apart</target>
						<saveinfo>none</saveinfo>
						<school>
							<school>Necromancy</school>
							<subschool></subschool>
							<descriptor></descriptor>
							<fullschool>Necromancy</fullschool>
						</school>
						<source>
							<source>Paizo Inc. - Advanced Class Guide, p.198</source>
							<sourcelevel>Clr2</sourcelevel>
							<sourcelink>http://paizo.com/pathfinderRPG/prd/advancedClassGuide/spells/unlivingRage.html</sourcelink>
							<sourcepage>p.198</sourcepage>
							<sourceshort>ACG</sourceshort>
						</source>
						<spell_resistance>yes</spell_resistance>
						<description>As rage, except affecting only undead.</description>
						<bonusspell></bonusspell>
				</spell>
				<spell>
						<name>Violent Accident</name>
						<outputname>Violent Accident</outputname>
						<times_memorized>1</times_memorized>
						<range>Long (600 ft.)</range>
						<components>V,S</components>
						<castingtime>1 standard action</castingtime>
						<casterlevel>5</casterlevel>
						<concentration>+9</concentration>
						<dc>16</dc>
						<duration>1 day or until discharged</duration>
						<effect>You curse the target to suffer a violent accident within the next 24 hours. You have no control over the form the accident takes or when it strikes. The target can avoid being cursed with spell resistance when you cast the spell, but otherwise receives no saving throw. Regardless of the accident&#39;s nature, it is magically empowered to deal an amount of damage equal to 5d8, and the damage is of a type appropriate to the source of damage [such as fire for an explosion or bludgeoning for a falling object]. When the accident occurs, the target can attempt a Reflex saving throw to reduce the damage by half. Although others might be surprised or inconvenienced by the accident, it damages only the target.</effect>
						<target>One creature</target>
						<saveinfo>Reflex half; see text</saveinfo>
						<school>
							<school>Transmutation</school>
							<subschool></subschool>
							<descriptor>Curse</descriptor>
							<fullschool>Transmutation [Curse]</fullschool>
						</school>
						<source>
							<source>Paizo Inc. - Pathfinder Player Companion: Inner Sea Intrigue, p.63</source>
							<sourcelevel>Clr2</sourcelevel>
							<sourcelink></sourcelink>
							<sourcepage>p.63</sourcepage>
							<sourceshort>ISI</sourceshort>
						</source>
						<spell_resistance>Yes</spell_resistance>
						<description>You curse the target to suffer a violent accident within the next 24 hours. You have no control over the form the accident takes or when it strikes. The target can avoid being cursed with spell resistance when you cast the spell, but otherwise receives no saving throw. Regardless of the accident&#39;s nature, it is magically empowered to deal an amount of damage equal to (min(5,(CASTERLEVEL)))d8, and the damage is of a type appropriate to the source of damage (such as fire for an explosion or bludgeoning for a falling object). When the accident occurs, the target can attempt a Reflex saving throw to reduce the damage by half. Although others might be surprised or inconvenienced by the accident, it damages only the target.</description>
						<bonusspell></bonusspell>
				</spell>
				<spell>
						<name>Water Walk (Communal)</name>
						<outputname>Water Walk (Communal)</outputname>
						<times_memorized>1</times_memorized>
						<range>Touch</range>
						<components>V, S, DF</components>
						<castingtime>1 standard action</castingtime>
						<casterlevel>5</casterlevel>
						<concentration>+9</concentration>
						<dc>16</dc>
						<duration>50 minutes [D]</duration>
						<effect>As water walk, but you may divide the duration among creatures touched.</effect>
						<target>creatures touched</target>
						<saveinfo>Will negates (harmless)</saveinfo>
						<school>
							<school>Transmutation</school>
							<subschool></subschool>
							<descriptor>Water</descriptor>
							<fullschool>Transmutation [Water]</fullschool>
						</school>
						<source>
							<source>Paizo Inc. - Ultimate Combat, p.249</source>
							<sourcelevel>Clr2</sourcelevel>
							<sourcelink>http://paizo.com/pathfinderRPG/prd/ultimateCombat/spells/waterWalk.html#_water-walk,-communal</sourcelink>
							<sourcepage>p.249</sourcepage>
							<sourceshort>UC</sourceshort>
						</source>
						<spell_resistance>Yes (harmless)</spell_resistance>
						<description>As water walk, but you may divide the duration among creatures touched.</description>
						<bonusspell></bonusspell>
				</spell>
				<spell>
						<name>Weapon of Awe</name>
						<outputname>Weapon of Awe</outputname>
						<times_memorized>1</times_memorized>
						<range>Touch</range>
						<components>V, S, DF</components>
						<castingtime>1 standard action</castingtime>
						<casterlevel>5</casterlevel>
						<concentration>+9</concentration>
						<dc>16</dc>
						<duration>5 minutes</duration>
						<effect>Weapon gets +2 on damage rolls.</effect>
						<target>weapon touched</target>
						<saveinfo>Will negates (harmless, object)</saveinfo>
						<school>
							<school>Transmutation</school>
							<subschool></subschool>
							<descriptor>Emotion</descriptor>
							<fullschool>Transmutation [Emotion]</fullschool>
						</school>
						<source>
							<source>Paizo Inc. - Advanced Player&#39;s Guide, p.256</source>
							<sourcelevel>Clr2</sourcelevel>
							<sourcelink>http://paizo.com/pathfinderRPG/prd/advanced/spells/weaponOfAwe.html#_weapon-of-awe</sourcelink>
							<sourcepage>p.256</sourcepage>
							<sourceshort>APG</sourceshort>
						</source>
						<spell_resistance>Yes (harmless, object)</spell_resistance>
						<description>Weapon gets +2 on damage rolls.</description>
						<bonusspell></bonusspell>
				</spell>
				<spell>
						<name>Web Shelter</name>
						<outputname>Web Shelter</outputname>
						<times_memorized>1</times_memorized>
						<range>Close (35 ft.)</range>
						<components>V, S, DF</components>
						<castingtime>1 minute</castingtime>
						<casterlevel>5</casterlevel>
						<concentration>+9</concentration>
						<dc></dc>
						<duration>5 hours [D]</duration>
						<effect>Create a comfortable shelter made of webbing.</effect>
						<target>5 ft.-10 ft. diameter web sphere or 5 ft.-20 ft. hemisphere</target>
						<saveinfo>None</saveinfo>
						<school>
							<school>Conjuration</school>
							<subschool>Creation</subschool>
							<descriptor></descriptor>
							<fullschool>Conjuration (Creation)</fullschool>
						</school>
						<source>
							<source>Paizo Inc. - Ultimate Magic, p.249</source>
							<sourcelevel>Clr2</sourcelevel>
							<sourcelink>http://paizo.com/pathfinderRPG/prd/ultimateMagic/spells/webShelter.html#_web-shelter</sourcelink>
							<sourcepage>p.249</sourcepage>
							<sourceshort>UM</sourceshort>
						</source>
						<spell_resistance>No</spell_resistance>
						<description>Create a comfortable shelter made of webbing.</description>
						<bonusspell></bonusspell>
				</spell>
				<spell>
						<name>Whispering Lore</name>
						<outputname>Whispering Lore</outputname>
						<times_memorized>1</times_memorized>
						<range>Personal</range>
						<components>V, S</components>
						<castingtime>1 full-round action</castingtime>
						<casterlevel>5</casterlevel>
						<concentration>+9</concentration>
						<dc></dc>
						<duration>50 minutes</duration>
						<effect>Upon casting this spell, you are able to gain knowledge from the land itself. As you walk through the terrain, it whispers information in a language you understand, though the whispering is so rambling it is hard to distinguish useful information. This whispering grants you a +4 insight bonus on a single Knowledge skill type appropriate to the type of terrain you are in. If you are within a cold, desert, forest, jungle, mountain, plains, swamp, or water environment, you gain the bonus on Knowledge [nature] checks. If you are within an underground environment, you gain the bonus on Knowledge [dungeoneering] checks. If you are within an urban environment, you gain the bonus on Knowledge [local] checks. If you are on a plane other than the Material Plane, you gain the bonus on Knowledge [planes] checks. If you enter a new terrain, you lose the previous terrain&#39;s skill bonus and gain the new bonus.</effect>
						<target>You</target>
						<saveinfo>None</saveinfo>
						<school>
							<school>Divination</school>
							<subschool></subschool>
							<descriptor></descriptor>
							<fullschool>Divination</fullschool>
						</school>
						<source>
							<source>Paizo Inc. - Advanced Race Guide, p.29</source>
							<sourcelevel>Clr2</sourcelevel>
							<sourcelink>http://paizo.com/pathfinderRPG/prd/advancedRaceGuide/coreRaces/elves.html#_whispering-lore</sourcelink>
							<sourcepage>p.29</sourcepage>
							<sourceshort>ARG</sourceshort>
						</source>
						<spell_resistance>No</spell_resistance>
						<description>Upon casting this spell, you are able to gain knowledge from the land itself. As you walk through the terrain, it whispers information in a language you understand, though the whispering is so rambling it is hard to distinguish useful information. This whispering grants you a +4 insight bonus on a single Knowledge skill type appropriate to the type of terrain you are in. If you are within a cold, desert, forest, jungle, mountain, plains, swamp, or water environment, you gain the bonus on Knowledge (nature) checks. If you are within an underground environment, you gain the bonus on Knowledge (dungeoneering) checks. If you are within an urban environment, you gain the bonus on Knowledge (local) checks. If you are on a plane other than the Material Plane, you gain the bonus on Knowledge (planes) checks. If you enter a new terrain, you lose the previous terrain&#39;s skill bonus and gain the new bonus.</description>
						<bonusspell></bonusspell>
				</spell>
				<spell>
						<name>Zone of Truth</name>
						<outputname>Zone of Truth</outputname>
						<times_memorized>1</times_memorized>
						<range>Close (35 ft.)</range>
						<components>V, S, DF</components>
						<castingtime>1 standard action</castingtime>
						<casterlevel>5</casterlevel>
						<concentration>+9</concentration>
						<dc>16</dc>
						<duration>5 minutes</duration>
						<effect>Creatures within the emanation area [or those who enter it] can&#39;t speak any deliberate and intentional lies.</effect>
						<target>20-ft.-radius emanation</target>
						<saveinfo>Will negates</saveinfo>
						<school>
							<school>Enchantment</school>
							<subschool>Compulsion</subschool>
							<descriptor>Mind-Affecting</descriptor>
							<fullschool>Enchantment (Compulsion) [Mind-Affecting]</fullschool>
						</school>
						<source>
							<source>Paizo Inc. - Core Rulebook, p.371</source>
							<sourcelevel>Clr2</sourcelevel>
							<sourcelink>http://paizo.com/pathfinderRPG/prd/spells/zoneOfTruth.html#_zone-of-truth</sourcelink>
							<sourcepage>p.371</sourcepage>
							<sourceshort>CR</sourceshort>
						</source>
						<spell_resistance>Yes</spell_resistance>
						<description>Creatures within the emanation area (or those who enter it) can&#39;t speak any deliberate and intentional lies.</description>
						<bonusspell></bonusspell>
				</spell>
			</level>
			<level number="3" known="0" cast="2">
				<spell>
						<name>Accept Affliction</name>
						<outputname>Accept Affliction</outputname>
						<times_memorized>1</times_memorized>
						<range>Touch</range>
						<components>V, S, M/DF</components>
						<castingtime>1 standard action</castingtime>
						<casterlevel>5</casterlevel>
						<concentration>+9</concentration>
						<dc>17</dc>
						<duration>Instantaneous</duration>
						<effect>The caster can transfer the effects of afflictions such as curses, diseases, and poisons from the target creature to himself. This spell can also transfer the blinded, deafened, fatigued, nauseated, shaken, and sickened conditions. All aspects of the transferred afflictions [save DCs, remaining duration, removal conditions, and so on] remain the same, but affect the caster instead of the original target. After transferring the affliction or condition, the caster is free to cure it in any way he can.</effect>
						<target>Creature touched</target>
						<saveinfo>Fortitude negates (harmless)</saveinfo>
						<school>
							<school>Conjuration</school>
							<subschool>Healing</subschool>
							<descriptor>Good</descriptor>
							<fullschool>Conjuration (Healing) [Good]</fullschool>
						</school>
						<source>
							<source>Paizo Publishing - Pathfinder Player Companion: Champions of Purity, p.28</source>
							<sourcelevel>Clr3</sourcelevel>
							<sourcelink></sourcelink>
							<sourcepage>p.28</sourcepage>
							<sourceshort>COP</sourceshort>
						</source>
						<spell_resistance>Yes (harmless)</spell_resistance>
						<description>The caster can transfer the effects of afflictions such as curses, diseases, and poisons from the target creature to himself. This spell can also transfer the blinded, deafened, fatigued, nauseated, shaken, and sickened conditions. All aspects of the transferred afflictions (save DCs, remaining duration, removal conditions, and so on) remain the same, but affect the caster instead of the original target. After transferring the affliction or condition, the caster is free to cure it in any way he can.</description>
						<bonusspell></bonusspell>
				</spell>
				<spell>
						<name>Agonize</name>
						<outputname>Agonize</outputname>
						<times_memorized>1</times_memorized>
						<range>Close (35 ft.)</range>
						<components>V, S</components>
						<castingtime>1 standard action</castingtime>
						<casterlevel>5</casterlevel>
						<concentration>+9</concentration>
						<dc>17</dc>
						<duration>1 round</duration>
						<effect>Pain encourages an outsider to obey you.</effect>
						<target>One conjured outsider or elemental [see text]</target>
						<saveinfo>Fortitude negates</saveinfo>
						<school>
							<school>Evocation</school>
							<subschool></subschool>
							<descriptor>Evil, Pain</descriptor>
							<fullschool>Evocation [Evil, Pain]</fullschool>
						</school>
						<source>
							<source>Paizo Inc. - Ultimate Magic, p.205</source>
							<sourcelevel>Clr3</sourcelevel>
							<sourcelink>http://paizo.com/pathfinderRPG/prd/ultimateMagic/spells/agonize.html#_agonize-</sourcelink>
							<sourcepage>p.205</sourcepage>
							<sourceshort>UM</sourceshort>
						</source>
						<spell_resistance>Yes</spell_resistance>
						<description>Pain encourages an outsider to obey you.</description>
						<bonusspell></bonusspell>
				</spell>
				<spell>
						<name>Air Breathing</name>
						<outputname>Air Breathing</outputname>
						<times_memorized>1</times_memorized>
						<range>Touch</range>
						<components>V,S,M/DF</components>
						<castingtime>1 standard action</castingtime>
						<casterlevel>5</casterlevel>
						<concentration>+9</concentration>
						<dc>17</dc>
						<duration>10 hours; see text</duration>
						<effect>The transmuted creatures can breathe air freely. Divide the duration evenly among all the creatures you touch. The spell doesn&#39;t make creatures unable to breathe water.</effect>
						<target>Living aquatic creatures touched</target>
						<saveinfo>Will negates (harmless)</saveinfo>
						<school>
							<school>Transmutation</school>
							<subschool></subschool>
							<descriptor></descriptor>
							<fullschool>Transmutation</fullschool>
						</school>
						<source>
							<source>Paizo Inc. - Monster Codex, 189</source>
							<sourcelevel>Clr3</sourcelevel>
							<sourcelink></sourcelink>
							<sourcepage>189</sourcepage>
							<sourceshort>MC</sourceshort>
						</source>
						<spell_resistance>Yes (harmless)</spell_resistance>
						<description>The transmuted creatures can breathe air freely. Divide the duration evenly among all the creatures you touch. The spell doesn&#39;t make creatures unable to breathe water.</description>
						<bonusspell></bonusspell>
				</spell>
				<spell>
						<name>Align Weapon (Communal)</name>
						<outputname>Align Weapon (Communal)</outputname>
						<times_memorized>1</times_memorized>
						<range>Touch</range>
						<components>V, S, DF</components>
						<castingtime>1 standard action</castingtime>
						<casterlevel>5</casterlevel>
						<concentration>+9</concentration>
						<dc>17</dc>
						<duration>5 minutes</duration>
						<effect>As align weapon, but you can divide the duration among weapons touched.</effect>
						<target>weapons or projectiles touched</target>
						<saveinfo>Will negates (harmless, object)</saveinfo>
						<school>
							<school>Transmutation</school>
							<subschool></subschool>
							<descriptor>See Text</descriptor>
							<fullschool>Transmutation [See Text]</fullschool>
						</school>
						<source>
							<source>Paizo Inc. - Advanced Class Guide, p.173</source>
							<sourcelevel>Clr3</sourcelevel>
							<sourcelink>http://paizo.com/pathfinderRPG/prd/advancedClassGuide/spells/alignWeapon.html</sourcelink>
							<sourcepage>p.173</sourcepage>
							<sourceshort>ACG</sourceshort>
						</source>
						<spell_resistance>yes (harmless, object)</spell_resistance>
						<description>As align weapon, but you can divide the duration among weapons touched.</description>
						<bonusspell></bonusspell>
				</spell>
				<spell>
						<name>Animate Dead</name>
						<outputname>Animate Dead</outputname>
						<times_memorized>1</times_memorized>
						<range>Touch</range>
						<components>V, S, M</components>
						<castingtime>1 standard action</castingtime>
						<casterlevel>5</casterlevel>
						<concentration>+9</concentration>
						<dc></dc>
						<duration>Instantaneous</duration>
						<effect>Turns corpses into undead skeletons or zombies that obey your spoken commands.</effect>
						<target>One or more corpses touched</target>
						<saveinfo>None</saveinfo>
						<school>
							<school>Necromancy</school>
							<subschool></subschool>
							<descriptor>Evil</descriptor>
							<fullschool>Necromancy [Evil]</fullschool>
						</school>
						<source>
							<source>Paizo Inc. - Core Rulebook, p.241</source>
							<sourcelevel>Clr3</sourcelevel>
							<sourcelink>http://paizo.com/pathfinderRPG/prd/spells/animateDead.html#_animate-dead</sourcelink>
							<sourcepage>p.241</sourcepage>
							<sourceshort>CR</sourceshort>
						</source>
						<spell_resistance>No</spell_resistance>
						<description>Turns corpses into undead skeletons or zombies that obey your spoken commands.</description>
						<bonusspell></bonusspell>
				</spell>
				<spell>
						<name>Appearance of Life</name>
						<outputname>Appearance of Life</outputname>
						<times_memorized>1</times_memorized>
						<range>Long (600 ft.)</range>
						<components>V,S,M</components>
						<castingtime>1 round</castingtime>
						<casterlevel>5</casterlevel>
						<concentration>+9</concentration>
						<dc>17</dc>
						<duration>50 minutes [D]</duration>
						<effect>Undead appear to be alive.</effect>
						<target>One or more undead creatures</target>
						<saveinfo>Will disbelief or Will negates (see text)</saveinfo>
						<school>
							<school>Illusion</school>
							<subschool>Glamer</subschool>
							<descriptor>Evil</descriptor>
							<fullschool>Illusion (Glamer) [Evil]</fullschool>
						</school>
						<source>
							<source>Paizo Inc. - Horror Adventures, p.108</source>
							<sourcelevel>Clr3</sourcelevel>
							<sourcelink>http://aonprd.com/SpellDisplay.aspx?ItemName=Appearance%20of%20Life</sourcelink>
							<sourcepage>p.108</sourcepage>
							<sourceshort>HA</sourceshort>
						</source>
						<spell_resistance>No</spell_resistance>
						<description>Undead appear to be alive.</description>
						<bonusspell></bonusspell>
				</spell>
				<spell>
						<name>Archon&#39;s Aura</name>
						<outputname>Archon&#39;s Aura</outputname>
						<times_memorized>1</times_memorized>
						<range>20 ft.</range>
						<components>V, S</components>
						<castingtime>1 standard action</castingtime>
						<casterlevel>5</casterlevel>
						<concentration>+9</concentration>
						<dc>17</dc>
						<duration>5 minutes</duration>
						<effect>Aura penalizes enemy attacks and AC.</effect>
						<target>20-ft. radius centered on you</target>
						<saveinfo>Will negates</saveinfo>
						<school>
							<school>Evocation</school>
							<subschool></subschool>
							<descriptor>Good, Lawful</descriptor>
							<fullschool>Evocation [Good, Lawful]</fullschool>
						</school>
						<source>
							<source>Paizo Inc. - Ultimate Magic, p.206</source>
							<sourcelevel>Clr3</sourcelevel>
							<sourcelink>http://paizo.com/pathfinderRPG/prd/ultimateMagic/spells/archonSAura.html#_archon&#39;s-aura</sourcelink>
							<sourcepage>p.206</sourcepage>
							<sourceshort>UM</sourceshort>
						</source>
						<spell_resistance>Yes</spell_resistance>
						<description>Aura penalizes enemy attacks and AC.</description>
						<bonusspell></bonusspell>
				</spell>
				<spell>
						<name>Aura of Cannibalism</name>
						<outputname>Aura of Cannibalism</outputname>
						<times_memorized>1</times_memorized>
						<range>Personal</range>
						<components>V,S,M</components>
						<castingtime>1 standard action</castingtime>
						<casterlevel>5</casterlevel>
						<concentration>+9</concentration>
						<dc>17</dc>
						<duration>5 minutes [D]</duration>
						<effect>You emanate an aura that saps the strength of others of your kind and channels their energy into you. Each round that a creature starts its turn in the spell&#39;s area and shares both your creature type and at least one subtype you possess [if any], that creature must succeed at a Fortitude save or take 1d4 points of damage. You gain a number of temporary hit points equal to the amount of damage you deal with this spell [maximum 10 + your caster level]. These temporary hit points go away when the spell ends. As long as you have at least 5 temporary hit points while this spell is in effect, you gain a +1 competence bonus on attack rolls, saving throws, and skill checks. If you have 15 or more temporary hit points, this competence bonus increases to +2.</effect>
						<target>20-ft.-radius emanation centered on you</target>
						<saveinfo>Fortitude negates</saveinfo>
						<school>
							<school>Necromancy</school>
							<subschool></subschool>
							<descriptor>Evil</descriptor>
							<fullschool>Necromancy [Evil]</fullschool>
						</school>
						<source>
							<source>Paizo Inc. - Monster Codex, 9</source>
							<sourcelevel>Clr3</sourcelevel>
							<sourcelink></sourcelink>
							<sourcepage>9</sourcepage>
							<sourceshort>MC</sourceshort>
						</source>
						<spell_resistance>Yes</spell_resistance>
						<description>You emanate an aura that saps the strength of others of your kind and channels their energy into you. Each round that a creature starts its turn in the spell&#39;s area and shares both your creature type and at least one subtype you possess (if any), that creature must succeed at a Fortitude save or take 1d4 points of damage. You gain a number of temporary hit points equal to the amount of damage you deal with this spell (maximum 10 + your caster level). These temporary hit points go away when the spell ends. As long as you have at least 5 temporary hit points while this spell is in effect, you gain a +1 competence bonus on attack rolls, saving throws, and skill checks. If you have 15 or more temporary hit points, this competence bonus increases to +2.</description>
						<bonusspell></bonusspell>
				</spell>
				<spell>
						<name>Aura Sight</name>
						<outputname>Aura Sight</outputname>
						<times_memorized>1</times_memorized>
						<range>Personal</range>
						<components>V, S</components>
						<castingtime>1 standard action</castingtime>
						<casterlevel>5</casterlevel>
						<concentration>+9</concentration>
						<dc></dc>
						<duration>5 minutes [D]</duration>
						<effect>Alignment auras become visible to you.</effect>
						<target>you</target>
						<saveinfo></saveinfo>
						<school>
							<school>Divination</school>
							<subschool></subschool>
							<descriptor></descriptor>
							<fullschool>Divination</fullschool>
						</school>
						<source>
							<source>Paizo Inc. - Advanced Class Guide, p.174</source>
							<sourcelevel>Clr3</sourcelevel>
							<sourcelink>http://paizo.com/pathfinderRPG/prd/advancedClassGuide/spells/auraSight.html</sourcelink>
							<sourcepage>p.174</sourcepage>
							<sourceshort>ACG</sourceshort>
						</source>
						<spell_resistance></spell_resistance>
						<description>Alignment auras become visible to you.</description>
						<bonusspell></bonusspell>
				</spell>
				<spell>
						<name>Badger&#39;s Ferocity</name>
						<outputname>Badger&#39;s Ferocity</outputname>
						<times_memorized>1</times_memorized>
						<range>Close (35 ft.)</range>
						<components>V, S</components>
						<castingtime>1 standard action</castingtime>
						<casterlevel>5</casterlevel>
						<concentration>+9</concentration>
						<dc>17</dc>
						<duration>Concentration</duration>
						<effect>Weapons are keen while you concentrate.</effect>
						<target>1 weapons</target>
						<saveinfo>Will negates (harmless)</saveinfo>
						<school>
							<school>Transmutation</school>
							<subschool></subschool>
							<descriptor></descriptor>
							<fullschool>Transmutation</fullschool>
						</school>
						<source>
							<source>Paizo Inc. - Ultimate Magic, p.207</source>
							<sourcelevel>Clr3</sourcelevel>
							<sourcelink>http://paizo.com/pathfinderRPG/prd/ultimateMagic/spells/badgerSFerocity.html#_badger&#39;s-ferocity</sourcelink>
							<sourcepage>p.207</sourcepage>
							<sourceshort>UM</sourceshort>
						</source>
						<spell_resistance>Yes (harmless)</spell_resistance>
						<description>Weapons are keen while you concentrate.</description>
						<bonusspell></bonusspell>
				</spell>
				<spell>
						<name>Bestow Curse</name>
						<outputname>Bestow Curse</outputname>
						<times_memorized>1</times_memorized>
						<range>Touch</range>
						<components>V, S</components>
						<castingtime>1 standard action</castingtime>
						<casterlevel>5</casterlevel>
						<concentration>+9</concentration>
						<dc>17</dc>
						<duration>Permanent</duration>
						<effect>You place a curse on the subject.</effect>
						<target>Creature touched</target>
						<saveinfo>Will negates</saveinfo>
						<school>
							<school>Necromancy</school>
							<subschool></subschool>
							<descriptor>Curse</descriptor>
							<fullschool>Necromancy [Curse]</fullschool>
						</school>
						<source>
							<source>Paizo Inc. - Core Rulebook, p.247</source>
							<sourcelevel>Clr3</sourcelevel>
							<sourcelink>http://paizo.com/pathfinderRPG/prd/spells/bestowCurse.html#_bestow-curse</sourcelink>
							<sourcepage>p.247</sourcepage>
							<sourceshort>CR</sourceshort>
						</source>
						<spell_resistance>Yes</spell_resistance>
						<description>You place a curse on the subject.</description>
						<bonusspell></bonusspell>
				</spell>
				<spell>
						<name>Bestow Insight</name>
						<outputname>Bestow Insight</outputname>
						<times_memorized>1</times_memorized>
						<range>Touch</range>
						<components>V, S</components>
						<castingtime>1 standard action</castingtime>
						<casterlevel>5</casterlevel>
						<concentration>+9</concentration>
						<dc>17</dc>
						<duration>5 minutes</duration>
						<effect>When casting this spell, choose a single skill that you have at least one rank in. The target gains a +3 insight bonus on skill checks with this skill and is considered trained in that skill. Furthermore, once before the spell&#39;s duration, the target can choose to roll two checks and take the greater result. Doing so ends the spell&#39;s other effects.</effect>
						<target>One creature</target>
						<saveinfo>Will negates (harmless)</saveinfo>
						<school>
							<school>Enchantment</school>
							<subschool>Compulsion</subschool>
							<descriptor></descriptor>
							<fullschool>Enchantment (Compulsion)</fullschool>
						</school>
						<source>
							<source>Paizo Inc. - Advanced Race Guide, p.79</source>
							<sourcelevel>Clr3</sourcelevel>
							<sourcelink>http://paizo.com/pathfinderRPG/prd/advancedRaceGuide/coreRaces/humans.html#_bestow-insight</sourcelink>
							<sourcepage>p.79</sourcepage>
							<sourceshort>ARG</sourceshort>
						</source>
						<spell_resistance>Yes (harmless)</spell_resistance>
						<description>When casting this spell, choose a single skill that you have at least one rank in. The target gains a +3 insight bonus on skill checks with this skill and is considered trained in that skill. Furthermore, once before the spell&#39;s duration, the target can choose to roll two checks and take the greater result. Doing so ends the spell&#39;s other effects.</description>
						<bonusspell></bonusspell>
				</spell>
				<spell>
						<name>Blessing of the Mole</name>
						<outputname>Blessing of the Mole</outputname>
						<times_memorized>1</times_memorized>
						<range>Close (35 ft.)</range>
						<components>V, S</components>
						<castingtime>1 round</castingtime>
						<casterlevel>5</casterlevel>
						<concentration>+9</concentration>
						<dc></dc>
						<duration>5 minutes</duration>
						<effect>5 allies gain darkvision and a +2 Stealth bonus.</effect>
						<target>5 creatures</target>
						<saveinfo>None</saveinfo>
						<school>
							<school>Transmutation</school>
							<subschool></subschool>
							<descriptor></descriptor>
							<fullschool>Transmutation</fullschool>
						</school>
						<source>
							<source>Paizo Inc. - Ultimate Magic, p.208</source>
							<sourcelevel>Clr3</sourcelevel>
							<sourcelink>http://paizo.com/pathfinderRPG/prd/ultimateMagic/spells/blessingOfTheMole.html#_blessing-of-the-mole</sourcelink>
							<sourcepage>p.208</sourcepage>
							<sourceshort>UM</sourceshort>
						</source>
						<spell_resistance>Yes (harmless)</spell_resistance>
						<description>(CASTERLEVEL) allies gain darkvision and a +2 Stealth bonus.</description>
						<bonusspell></bonusspell>
				</spell>
				<spell>
						<name>Blindness/Deafness</name>
						<outputname>Blindness/Deafness</outputname>
						<times_memorized>1</times_memorized>
						<range>Medium (150 ft.)</range>
						<components>V</components>
						<castingtime>1 standard action</castingtime>
						<casterlevel>5</casterlevel>
						<concentration>+9</concentration>
						<dc>17</dc>
						<duration>Permanent [D]</duration>
						<effect>You call upon the powers of unlife to render the subject blinded or deafened, as you choose.</effect>
						<target>One living creature</target>
						<saveinfo>Fortitude negates</saveinfo>
						<school>
							<school>Necromancy</school>
							<subschool></subschool>
							<descriptor>Curse</descriptor>
							<fullschool>Necromancy [Curse]</fullschool>
						</school>
						<source>
							<source>Paizo Inc. - Core Rulebook, p.250</source>
							<sourcelevel>Clr3</sourcelevel>
							<sourcelink>http://paizo.com/pathfinderRPG/prd/spells/blindnessDeafness.html#_blindness-deafness</sourcelink>
							<sourcepage>p.250</sourcepage>
							<sourceshort>CR</sourceshort>
						</source>
						<spell_resistance>Yes</spell_resistance>
						<description>You call upon the powers of unlife to render the subject blinded or deafened, as you choose.</description>
						<bonusspell></bonusspell>
				</spell>
				<spell>
						<name>Blood Biography</name>
						<outputname>Blood Biography</outputname>
						<times_memorized>1</times_memorized>
						<range>Touch</range>
						<components>V, S, M/DF</components>
						<castingtime>1 minute</castingtime>
						<casterlevel>5</casterlevel>
						<concentration>+9</concentration>
						<dc>17</dc>
						<duration>Instantaneous</duration>
						<effect>Learn about a creature with its blood.</effect>
						<target>one creature&#39;s blood or one bloodstain</target>
						<saveinfo>Will negates (see text)</saveinfo>
						<school>
							<school>Divination</school>
							<subschool></subschool>
							<descriptor></descriptor>
							<fullschool>Divination</fullschool>
						</school>
						<source>
							<source>Paizo Inc. - Advanced Player&#39;s Guide, p.206</source>
							<sourcelevel>Clr3</sourcelevel>
							<sourcelink>http://paizo.com/pathfinderRPG/prd/advanced/spells/bloodBiography.html#_blood-biography-</sourcelink>
							<sourcepage>p.206</sourcepage>
							<sourceshort>APG</sourceshort>
						</source>
						<spell_resistance>No</spell_resistance>
						<description>Learn about a creature with its blood.</description>
						<bonusspell></bonusspell>
				</spell>
				<spell>
						<name>Blood Rage</name>
						<outputname>Blood Rage</outputname>
						<times_memorized>1</times_memorized>
						<range>Close (35 ft.)</range>
						<components>V, S, M</components>
						<castingtime>1 standard action</castingtime>
						<casterlevel>5</casterlevel>
						<concentration>+9</concentration>
						<dc>17</dc>
						<duration>5 rounds</duration>
						<effect>The targets of this spell become angrier as they fight, the pain of their wounds fueling their strength. An affected creature gains a cumulative +2 morale bonus to Strength and a cumulative -1 penalty to AC for every 5 points of damage it takes [maximum +10 Strength, -5 AC] for the duration of the spell. These bonuses last until the spell expires or the target falls unconscious.</effect>
						<target>2 willing living creatures, no two of which may be more than 30 ft. apart</target>
						<saveinfo>Will negates (harmless)</saveinfo>
						<school>
							<school>Enchantment</school>
							<subschool>Compulsion</subschool>
							<descriptor>Mind-Affecting</descriptor>
							<fullschool>Enchantment (Compulsion) [Mind-Affecting]</fullschool>
						</school>
						<source>
							<source>Paizo Inc. - Pathfinder Player Companion: Orcs of Golarion, p.28</source>
							<sourcelevel>Clr3</sourcelevel>
							<sourcelink></sourcelink>
							<sourcepage>p.28</sourcepage>
							<sourceshort>OOG</sourceshort>
						</source>
						<spell_resistance>Yes</spell_resistance>
						<description>The targets of this spell become angrier as they fight, the pain of their wounds fueling their strength. An affected creature gains a cumulative +2 morale bonus to Strength and a cumulative -1 penalty to AC for every 5 points of damage it takes (maximum +10 Strength, -5 AC) for the duration of the spell. These bonuses last until the spell expires or the target falls unconscious.</description>
						<bonusspell></bonusspell>
				</spell>
				<spell>
						<name>Catatonia</name>
						<outputname>Catatonia</outputname>
						<times_memorized>1</times_memorized>
						<range>Touch</range>
						<components>S</components>
						<castingtime>1 standard action</castingtime>
						<casterlevel>5</casterlevel>
						<concentration>+9</concentration>
						<dc></dc>
						<duration>5 hours [D]</duration>
						<effect>Make a willing target appear to be dead.</effect>
						<target>Willing creature touched</target>
						<saveinfo>None</saveinfo>
						<school>
							<school>Necromancy</school>
							<subschool></subschool>
							<descriptor></descriptor>
							<fullschool>Necromancy</fullschool>
						</school>
						<source>
							<source>Paizo Inc. - Occult Adventures, p.161</source>
							<sourcelevel>Clr3</sourcelevel>
							<sourcelink>http://aonprd.com/SpellDisplay.aspx?ItemName=Catatonia</sourcelink>
							<sourcepage>p.161</sourcepage>
							<sourceshort>OA</sourceshort>
						</source>
						<spell_resistance>Yes</spell_resistance>
						<description>Make a willing target appear to be dead.</description>
						<bonusspell></bonusspell>
				</spell>
				<spell>
						<name>Chain of Perdition</name>
						<outputname>Chain of Perdition</outputname>
						<times_memorized>1</times_memorized>
						<range>Close (35 ft.)</range>
						<components>V, S, M/DF</components>
						<castingtime>1 standard action</castingtime>
						<casterlevel>5</casterlevel>
						<concentration>+9</concentration>
						<dc></dc>
						<duration>5 rounds [D]</duration>
						<effect>Creates a floating chain of force.</effect>
						<target>10-ft. chain</target>
						<saveinfo>None</saveinfo>
						<school>
							<school>Evocation</school>
							<subschool></subschool>
							<descriptor>Force</descriptor>
							<fullschool>Evocation [Force]</fullschool>
						</school>
						<source>
							<source>Paizo Inc. - Ultimate Combat, p.225</source>
							<sourcelevel>Clr3</sourcelevel>
							<sourcelink>http://paizo.com/pathfinderRPG/prd/ultimateCombat/spells/chainOfPerdition.html#_chain-of-perdition</sourcelink>
							<sourcepage>p.225</sourcepage>
							<sourceshort>UC</sourceshort>
						</source>
						<spell_resistance>Yes</spell_resistance>
						<description>Creates a floating chain of force.</description>
						<bonusspell></bonusspell>
				</spell>
				<spell>
						<name>Contact Entity II</name>
						<outputname>Contact Entity II</outputname>
						<times_memorized>1</times_memorized>
						<range>200 miles</range>
						<components>V,S,M</components>
						<castingtime>1 minute</castingtime>
						<casterlevel>5</casterlevel>
						<concentration>+9</concentration>
						<dc></dc>
						<duration>Instantaneous</duration>
						<effect>Ask more powerful eldritch entities to find and converse with you.</effect>
						<target>Up to 20 entities of 12 HD or fewer; see text</target>
						<saveinfo>None</saveinfo>
						<school>
							<school>Evocation</school>
							<subschool></subschool>
							<descriptor></descriptor>
							<fullschool>Evocation</fullschool>
						</school>
						<source>
							<source>Paizo Inc. - Horror Adventures, p.114</source>
							<sourcelevel>Clr3</sourcelevel>
							<sourcelink>http://aonprd.com/SpellDisplay.aspx?ItemName=Contact%20Entity%20II</sourcelink>
							<sourcepage>p.114</sourcepage>
							<sourceshort>HA</sourceshort>
						</source>
						<spell_resistance>No</spell_resistance>
						<description>Ask more powerful eldritch entities to find and converse with you.</description>
						<bonusspell></bonusspell>
				</spell>
				<spell>
						<name>Contagion</name>
						<outputname>Contagion</outputname>
						<times_memorized>1</times_memorized>
						<range>Touch</range>
						<components>V, S</components>
						<castingtime>1 standard action</castingtime>
						<casterlevel>5</casterlevel>
						<concentration>+9</concentration>
						<dc>17</dc>
						<duration>Instantaneous</duration>
						<effect>The subject contracts a disease.</effect>
						<target>Living creature touched</target>
						<saveinfo>Fortitude negates</saveinfo>
						<school>
							<school>Necromancy</school>
							<subschool></subschool>
							<descriptor>Evil, Disease</descriptor>
							<fullschool>Necromancy [Evil, Disease]</fullschool>
						</school>
						<source>
							<source>Paizo Inc. - Core Rulebook, p.259</source>
							<sourcelevel>Clr3</sourcelevel>
							<sourcelink>http://paizo.com/pathfinderRPG/prd/spells/contagion.html#_contagion</sourcelink>
							<sourcepage>p.259</sourcepage>
							<sourceshort>CR</sourceshort>
						</source>
						<spell_resistance>Yes</spell_resistance>
						<description>The subject contracts a disease.</description>
						<bonusspell></bonusspell>
				</spell>
				<spell>
						<name>Contagious Zeal</name>
						<outputname>Contagious Zeal</outputname>
						<times_memorized>1</times_memorized>
						<range>Close (35 ft.)</range>
						<components>V, S</components>
						<castingtime>1 standard action</castingtime>
						<casterlevel>5</casterlevel>
						<concentration>+9</concentration>
						<dc>17</dc>
						<duration>5 rounds</duration>
						<effect>The target gains a +2 morale bonus on attack rolls and weapon damage rolls, 1d6 temporary hit points, and a +4 morale bonus on saving throws against fear effects and to the DC of Intimidate checks attempted against her. Once per round, the target can select one other creature to gain this bonus as well. The chosen creature can be no farther from the target than 37 feet, and a creature can&#39;t be selected more than once in this way. Such allies gain only the bonuses and temporary hit points; they don&#39;t continue to spread it to other creatures. The additional creatures&#39; bonuses and temporary hit points share the original spell&#39;s duration, so when that duration ends, all affected creatures lose their bonuses and any remaining temporary hit points from this spell.</effect>
						<target>One creature</target>
						<saveinfo>Will negates (harmless)</saveinfo>
						<school>
							<school>Enchantment</school>
							<subschool>Compulsion</subschool>
							<descriptor>Emotion, Mind-Affecting</descriptor>
							<fullschool>Enchantment (Compulsion) [Emotion, Mind-Affecting]</fullschool>
						</school>
						<source>
							<source>Paizo Inc. - Occult Adventures, p.162</source>
							<sourcelevel>Clr3</sourcelevel>
							<sourcelink>http://aonprd.com/SpellDisplay.aspx?ItemName=Contagious Zeal</sourcelink>
							<sourcepage>p.162</sourcepage>
							<sourceshort>OA</sourceshort>
						</source>
						<spell_resistance>Yes (harmless)</spell_resistance>
						<description>The target gains a +2 morale bonus on attack rolls and weapon damage rolls, 1d6 temporary hit points, and a +4 morale bonus on saving throws against fear effects and to the DC of Intimidate checks attempted against her. Once per round, the target can select one other creature to gain this bonus as well. The chosen creature can be no farther from the target than (25+(CASTERLEVEL*5)/2) feet, and a creature can&#39;t be selected more than once in this way. Such allies gain only the bonuses and temporary hit points; they don&#39;t continue to spread it to other creatures. The additional creatures&#39; bonuses and temporary hit points share the original spell&#39;s duration, so when that duration ends, all affected creatures lose their bonuses and any remaining temporary hit points from this spell.</description>
						<bonusspell></bonusspell>
				</spell>
				<spell>
						<name>Continual Flame</name>
						<outputname>Continual Flame</outputname>
						<times_memorized>1</times_memorized>
						<range>Touch</range>
						<components>V, S, M</components>
						<castingtime>1 standard action</castingtime>
						<casterlevel>5</casterlevel>
						<concentration>+9</concentration>
						<dc></dc>
						<duration>Permanent</duration>
						<effect>A flame, equivalent in brightness to a torch, springs forth from an object that you touch.</effect>
						<target>Object touched</target>
						<saveinfo>None</saveinfo>
						<school>
							<school>Evocation</school>
							<subschool></subschool>
							<descriptor>Light</descriptor>
							<fullschool>Evocation [Light]</fullschool>
						</school>
						<source>
							<source>Paizo Inc. - Core Rulebook, p.260</source>
							<sourcelevel>Clr3</sourcelevel>
							<sourcelink>http://paizo.com/pathfinderRPG/prd/spells/continualFlame.html#_continual-flame</sourcelink>
							<sourcepage>p.260</sourcepage>
							<sourceshort>CR</sourceshort>
						</source>
						<spell_resistance>No</spell_resistance>
						<description>A flame, equivalent in brightness to a torch, springs forth from an object that you touch.</description>
						<bonusspell></bonusspell>
				</spell>
				<spell>
						<name>Control Vermin</name>
						<outputname>Control Vermin</outputname>
						<times_memorized>1</times_memorized>
						<range>Close (35 ft.)</range>
						<components>V,S,DF/M</components>
						<castingtime>1 standard action</castingtime>
						<casterlevel>5</casterlevel>
						<concentration>+9</concentration>
						<dc>17</dc>
						<duration>5 hours</duration>
						<effect>You and a number of allies less than or equal to your caster level designated upon casting can use Handle Animal and Ride checks to influence or control the targeted vermin as if they were animals and had animal-level intelligence.</effect>
						<target>up to 5 HD of vermin, no two of which can be more than 30 ft. apart</target>
						<saveinfo>Will negates</saveinfo>
						<school>
							<school>Transmutation</school>
							<subschool></subschool>
							<descriptor></descriptor>
							<fullschool>Transmutation</fullschool>
						</school>
						<source>
							<source>Paizo Inc. - Monster Codex, 45</source>
							<sourcelevel>Clr3</sourcelevel>
							<sourcelink></sourcelink>
							<sourcepage>45</sourcepage>
							<sourceshort>MC</sourceshort>
						</source>
						<spell_resistance>No</spell_resistance>
						<description>You and a number of allies less than or equal to your caster level designated upon casting can use Handle Animal and Ride checks to influence or control the targeted vermin as if they were animals and had animal-level intelligence.</description>
						<bonusspell></bonusspell>
				</spell>
				<spell>
						<name>Create Food and Water</name>
						<outputname>Create Food and Water</outputname>
						<times_memorized>1</times_memorized>
						<range>Close (35 ft.)</range>
						<components>V, S</components>
						<castingtime>10 minutes</castingtime>
						<casterlevel>5</casterlevel>
						<concentration>+9</concentration>
						<dc></dc>
						<duration>24 hours; see text</duration>
						<effect>The food that this spell creates is simple fare of your choice--highly nourishing, if rather bland.</effect>
						<target>Food and water to sustain 15 humans or 5 horses for 24 hours</target>
						<saveinfo>None</saveinfo>
						<school>
							<school>Conjuration</school>
							<subschool>Creation</subschool>
							<descriptor></descriptor>
							<fullschool>Conjuration (Creation)</fullschool>
						</school>
						<source>
							<source>Paizo Inc. - Core Rulebook, p.261</source>
							<sourcelevel>Clr3</sourcelevel>
							<sourcelink>http://paizo.com/pathfinderRPG/prd/spells/createFoodAndWater.html#_create-food-and-water</sourcelink>
							<sourcepage>p.261</sourcepage>
							<sourceshort>CR</sourceshort>
						</source>
						<spell_resistance>No</spell_resistance>
						<description>The food that this spell creates is simple fare of your choice--highly nourishing, if rather bland.</description>
						<bonusspell></bonusspell>
				</spell>
				<spell>
						<name>Cure Serious Wounds</name>
						<outputname>Cure Serious Wounds</outputname>
						<times_memorized>1</times_memorized>
						<range>Close (35 ft.)</range>
						<components>V, S</components>
						<castingtime>1 standard action</castingtime>
						<casterlevel>5</casterlevel>
						<concentration>+9</concentration>
						<dc>17</dc>
						<duration>Instantaneous</duration>
						<effect>When laying your hand upon a living creature, you channel positive energy that cures 3d8+5 points of damage.</effect>
						<target>Creature touched</target>
						<saveinfo>Will half (harmless) or Will half; see text</saveinfo>
						<school>
							<school>Conjuration</school>
							<subschool>Healing</subschool>
							<descriptor></descriptor>
							<fullschool>Conjuration (Healing)</fullschool>
						</school>
						<source>
							<source>Paizo Inc. - Core Rulebook, p.263</source>
							<sourcelevel>Clr3</sourcelevel>
							<sourcelink>http://paizo.com/pathfinderRPG/prd/spells/cureSeriousWounds.html#_cure-serious-wounds</sourcelink>
							<sourcepage>p.263</sourcepage>
							<sourceshort>CR</sourceshort>
						</source>
						<spell_resistance>Yes (harmless) or yes; see text</spell_resistance>
						<description>When laying your hand upon a living creature, you channel positive energy that cures 3d8+(min(15,CASTERLEVEL)) points of damage.</description>
						<bonusspell></bonusspell>
				</spell>
				<spell>
						<name>Curse of Befouled Fortune</name>
						<outputname>Curse of Befouled Fortune</outputname>
						<times_memorized>1</times_memorized>
						<range>Touch</range>
						<components>V,S</components>
						<castingtime>1 standard action</castingtime>
						<casterlevel>5</casterlevel>
						<concentration>+9</concentration>
						<dc>17</dc>
						<duration>Permanent</duration>
						<effect>You curse the target, making it incredibly unlucky. While affected by curse of befouled fortune, the target can&#39;t receive luck bonuses or benefit from effects that grant it the ability to roll multiple times and take the higher result [like the swashbuckler&#39;s charmed life ability]. The target also can&#39;t choose a die result, such as taking 10 or 20 in lieu of rolling [as per the bard&#39;s lore master ability]. Finally, the first time each turn the target would succeed at an attack, saving throw, or skill check, it must roll twice and use the worse of the two results. This curse cannot be dispelled, but it can be removed with a break enchantment, limited wish, miracle, remove curse, or wish spell.</effect>
						<target>Creature touched</target>
						<saveinfo>Will negates</saveinfo>
						<school>
							<school>Necromancy</school>
							<subschool></subschool>
							<descriptor>Curse</descriptor>
							<fullschool>Necromancy [Curse]</fullschool>
						</school>
						<source>
							<source>Paizo Inc. - Pathfinder Player Companion: Blood of the Beast, p.7</source>
							<sourcelevel>Clr3</sourcelevel>
							<sourcelink></sourcelink>
							<sourcepage>p.7</sourcepage>
							<sourceshort>BOTB</sourceshort>
						</source>
						<spell_resistance>Yes</spell_resistance>
						<description>You curse the target, making it incredibly unlucky. While affected by curse of befouled fortune, the target can&#39;t receive luck bonuses or benefit from effects that grant it the ability to roll multiple times and take the higher result (like the swashbuckler&#39;s charmed life ability). The target also can&#39;t choose a die result, such as taking 10 or 20 in lieu of rolling (as per the bard&#39;s lore master ability). Finally, the first time each turn the target would succeed at an attack, saving throw, or skill check, it must roll twice and use the worse of the two results. This curse cannot be dispelled, but it can be removed with a break enchantment, limited wish, miracle, remove curse, or wish spell.</description>
						<bonusspell></bonusspell>
				</spell>
				<spell>
						<name>Daggermark&#39;s Exchange</name>
						<outputname>Daggermark&#39;s Exchange</outputname>
						<times_memorized>1</times_memorized>
						<range>Personal</range>
						<components>V,S,M</components>
						<castingtime>1 standard action</castingtime>
						<casterlevel>5</casterlevel>
						<concentration>+9</concentration>
						<dc></dc>
						<duration>Instantaneous</duration>
						<effect>You swallow a dose of poison with no effect and regurgitate a dose of a different poison [your choice] into the old container [or another you have on hand]. Attempt a Craft [alchemy] check against the new poison&#39;s DC. If you succeed, you create a dose of your chosen poison. If you fail, the poison you regurgitate is inert. If you roll a natural 1, you expose yourself to the original poison [although you remain immune to that poison if you have venom immunity or a similar class feature or ability]. The new poison&#39;s price must be the same as or less than the original poison&#39;s price.</effect>
						<target>You</target>
						<saveinfo></saveinfo>
						<school>
							<school>Transmutation</school>
							<subschool></subschool>
							<descriptor>Poison</descriptor>
							<fullschool>Transmutation [Poison]</fullschool>
						</school>
						<source>
							<source>Paizo Inc. - Pathfinder Player Companion: Inner Sea Intrigue, p.59</source>
							<sourcelevel>Clr3</sourcelevel>
							<sourcelink></sourcelink>
							<sourcepage>p.59</sourcepage>
							<sourceshort>ISI</sourceshort>
						</source>
						<spell_resistance></spell_resistance>
						<description>You swallow a dose of poison with no effect and regurgitate a dose of a different poison (your choice) into the old container (or another you have on hand). Attempt a Craft (alchemy) check against the new poison&#39;s DC. If you succeed, you create a dose of your chosen poison. If you fail, the poison you regurgitate is inert. If you roll a natural 1, you expose yourself to the original poison (although you remain immune to that poison if you have venom immunity or a similar class feature or ability). The new poison&#39;s price must be the same as or less than the original poison&#39;s price.</description>
						<bonusspell></bonusspell>
				</spell>
				<spell>
						<name>Damnation</name>
						<outputname>Damnation</outputname>
						<times_memorized>1</times_memorized>
						<range>0</range>
						<components>V,S,M/DF</components>
						<castingtime>1 standard action</castingtime>
						<casterlevel>5</casterlevel>
						<concentration>+9</concentration>
						<dc>17</dc>
						<duration>Instantaneous</duration>
						<effect>Punish creatures for evil spells they know or that affect them.</effect>
						<target>30-ft.-radius burst centered on you</target>
						<saveinfo>Will half</saveinfo>
						<school>
							<school>Evocation</school>
							<subschool></subschool>
							<descriptor>Good</descriptor>
							<fullschool>Evocation [Good]</fullschool>
						</school>
						<source>
							<source>Paizo Inc. - Horror Adventures, p.115</source>
							<sourcelevel>Clr3</sourcelevel>
							<sourcelink>http://aonprd.com/SpellDisplay.aspx?ItemName=Damnation</sourcelink>
							<sourcepage>p.115</sourcepage>
							<sourceshort>HA</sourceshort>
						</source>
						<spell_resistance>Yes</spell_resistance>
						<description>Punish creatures for evil spells they know or that affect them.</description>
						<bonusspell></bonusspell>
				</spell>
				<spell>
						<name>Daybreak Arrow</name>
						<outputname>Daybreak Arrow</outputname>
						<times_memorized>1</times_memorized>
						<range>Touch</range>
						<components>V, S</components>
						<castingtime>1 standard action</castingtime>
						<casterlevel>5</casterlevel>
						<concentration>+9</concentration>
						<dc>17</dc>
						<duration>50 minutes</duration>
						<effect>Targeted ammunition exudes radiant energy.</effect>
						<target>up to 50 pieces of ammunition, all of which must be together at the time of casting</target>
						<saveinfo>Fortitude negates (harmless, object)</saveinfo>
						<school>
							<school>Evocation</school>
							<subschool></subschool>
							<descriptor>light</descriptor>
							<fullschool>Evocation [light]</fullschool>
						</school>
						<source>
							<source>Paizo Inc. - Ultimate Combat, p.226</source>
							<sourcelevel>Clr3</sourcelevel>
							<sourcelink>http://paizo.com/pathfinderRPG/prd/ultimateCombat/spells/daybreakArrow.html#_daybreak-arrow</sourcelink>
							<sourcepage>p.226</sourcepage>
							<sourceshort>UC</sourceshort>
						</source>
						<spell_resistance>Yes (harmless, object)</spell_resistance>
						<description>Targeted ammunition exudes radiant energy.</description>
						<bonusspell></bonusspell>
				</spell>
				<spell>
						<name>Daylight</name>
						<outputname>Daylight</outputname>
						<times_memorized>1</times_memorized>
						<range>Touch</range>
						<components>V, S</components>
						<castingtime>1 standard action</castingtime>
						<casterlevel>5</casterlevel>
						<concentration>+9</concentration>
						<dc></dc>
						<duration>50 minutes [D]</duration>
						<effect>You touch an object when you cast this spell, causing the object to shed bright light in a 60-foot radius.</effect>
						<target>Object touched</target>
						<saveinfo>None</saveinfo>
						<school>
							<school>Evocation</school>
							<subschool></subschool>
							<descriptor>Light</descriptor>
							<fullschool>Evocation [Light]</fullschool>
						</school>
						<source>
							<source>Paizo Inc. - Core Rulebook, p.264</source>
							<sourcelevel>Clr3</sourcelevel>
							<sourcelink>http://paizo.com/pathfinderRPG/prd/spells/daylight.html#_daylight</sourcelink>
							<sourcepage>p.264</sourcepage>
							<sourceshort>CR</sourceshort>
						</source>
						<spell_resistance>No</spell_resistance>
						<description>You touch an object when you cast this spell, causing the object to shed bright light in a 60-foot radius.</description>
						<bonusspell></bonusspell>
				</spell>
				<spell>
						<name>Deadly Juggernaut</name>
						<outputname>Deadly Juggernaut</outputname>
						<times_memorized>1</times_memorized>
						<range>Personal</range>
						<components>V, S</components>
						<castingtime>1 standard action</castingtime>
						<casterlevel>5</casterlevel>
						<concentration>+9</concentration>
						<dc></dc>
						<duration>5 minutes</duration>
						<effect>Your might increases with every kill you make.</effect>
						<target>You</target>
						<saveinfo></saveinfo>
						<school>
							<school>Necromancy</school>
							<subschool></subschool>
							<descriptor>Death</descriptor>
							<fullschool>Necromancy [Death]</fullschool>
						</school>
						<source>
							<source>Paizo Inc. - Ultimate Combat, p.226</source>
							<sourcelevel>Clr3</sourcelevel>
							<sourcelink>http://paizo.com/pathfinderRPG/prd/ultimateCombat/spells/deadlyJuggernaut.html#_deadly-juggernaut</sourcelink>
							<sourcepage>p.226</sourcepage>
							<sourceshort>UC</sourceshort>
						</source>
						<spell_resistance></spell_resistance>
						<description>Your might increases with every kill you make.</description>
						<bonusspell></bonusspell>
				</spell>
				<spell>
						<name>Deeper Darkness</name>
						<outputname>Deeper Darkness</outputname>
						<times_memorized>1</times_memorized>
						<range>Touch</range>
						<components>V, M/DF</components>
						<castingtime>1 standard action</castingtime>
						<casterlevel>5</casterlevel>
						<concentration>+9</concentration>
						<dc></dc>
						<duration>5 minutes [D]</duration>
						<effect>This spell functions as darkness, except that objects radiate darkness in a 60-foot radius and the light level is lowered by two steps.</effect>
						<target>Object touched</target>
						<saveinfo>None</saveinfo>
						<school>
							<school>Evocation</school>
							<subschool></subschool>
							<descriptor>Darkness</descriptor>
							<fullschool>Evocation [Darkness]</fullschool>
						</school>
						<source>
							<source>Paizo Inc. - Core Rulebook, p.265</source>
							<sourcelevel>Clr3</sourcelevel>
							<sourcelink>http://paizo.com/pathfinderRPG/prd/spells/deeperDarkness.html#_deeper-darkness</sourcelink>
							<sourcepage>p.265</sourcepage>
							<sourceshort>CR</sourceshort>
						</source>
						<spell_resistance>No</spell_resistance>
						<description>This spell functions as darkness, except that objects radiate darkness in a 60-foot radius and the light level is lowered by two steps.</description>
						<bonusspell></bonusspell>
				</spell>
				<spell>
						<name>Delay Poison (Communal)</name>
						<outputname>Delay Poison (Communal)</outputname>
						<times_memorized>1</times_memorized>
						<range>Touch</range>
						<components>V, S, DF</components>
						<castingtime>1 standard action</castingtime>
						<casterlevel>5</casterlevel>
						<concentration>+9</concentration>
						<dc>17</dc>
						<duration>5 hours</duration>
						<effect>As delay poison, but you may divide the duration among creatures touched.</effect>
						<target>creatures touched</target>
						<saveinfo>Fortitude negates (harmless)</saveinfo>
						<school>
							<school>Conjuration</school>
							<subschool>Healing</subschool>
							<descriptor></descriptor>
							<fullschool>Conjuration (Healing)</fullschool>
						</school>
						<source>
							<source>Paizo Inc. - Ultimate Combat, p.227</source>
							<sourcelevel>Clr3</sourcelevel>
							<sourcelink>http://paizo.com/pathfinderRPG/prd/ultimateCombat/spells/delayPoison.html#_delay-poison,-communal</sourcelink>
							<sourcepage>p.227</sourcepage>
							<sourceshort>UC</sourceshort>
						</source>
						<spell_resistance>Yes (harmless)</spell_resistance>
						<description>As delay poison, but you may divide the duration among creatures touched.</description>
						<bonusspell></bonusspell>
				</spell>
				<spell>
						<name>Detect Anxieties</name>
						<outputname>Detect Anxieties</outputname>
						<times_memorized>1</times_memorized>
						<range>60 ft.</range>
						<components>V,S,F/DF</components>
						<castingtime>1 standard action</castingtime>
						<casterlevel>5</casterlevel>
						<concentration>+9</concentration>
						<dc>17</dc>
						<duration>Concentration, up to 5 minutes [D]</duration>
						<effect>Learn what makes creatures anxious.</effect>
						<target>Cone-shaped emanation</target>
						<saveinfo>Will negates; see text</saveinfo>
						<school>
							<school>Divination</school>
							<subschool></subschool>
							<descriptor>Mind-Affecting</descriptor>
							<fullschool>Divination [Mind-Affecting]</fullschool>
						</school>
						<source>
							<source>Paizo Inc. - Ultimate Intrigue, p.211</source>
							<sourcelevel>Clr3</sourcelevel>
							<sourcelink>http://aonprd.com/SpellDisplay.aspx?ItemName=Detect Anxieties</sourcelink>
							<sourcepage>p.211</sourcepage>
							<sourceshort>UI</sourceshort>
						</source>
						<spell_resistance>No</spell_resistance>
						<description>Learn what makes creatures anxious.</description>
						<bonusspell></bonusspell>
				</spell>
				<spell>
						<name>Detect Desires</name>
						<outputname>Detect Desires</outputname>
						<times_memorized>1</times_memorized>
						<range>60 ft.</range>
						<components>V,S,F/DF</components>
						<castingtime>1 standard action</castingtime>
						<casterlevel>5</casterlevel>
						<concentration>+9</concentration>
						<dc>17</dc>
						<duration>Concentration, up to 5 minutes [D]</duration>
						<effect>Learn what creatures desire.</effect>
						<target>Cone-shaped emanation</target>
						<saveinfo>Will negates; see text</saveinfo>
						<school>
							<school>Divination</school>
							<subschool></subschool>
							<descriptor>Mind-Affecting</descriptor>
							<fullschool>Divination [Mind-Affecting]</fullschool>
						</school>
						<source>
							<source>Paizo Inc. - Ultimate Intrigue, p.211</source>
							<sourcelevel>Clr3</sourcelevel>
							<sourcelink>http://aonprd.com/SpellDisplay.aspx?ItemName=Detect Desires</sourcelink>
							<sourcepage>p.211</sourcepage>
							<sourceshort>UI</sourceshort>
						</source>
						<spell_resistance>No</spell_resistance>
						<description>Learn what creatures desire.</description>
						<bonusspell></bonusspell>
				</spell>
				<spell>
						<name>Discovery Torch</name>
						<outputname>Discovery Torch</outputname>
						<times_memorized>1</times_memorized>
						<range>Touch</range>
						<components>V, S</components>
						<castingtime>1 round</castingtime>
						<casterlevel>5</casterlevel>
						<concentration>+9</concentration>
						<dc></dc>
						<duration>50 minutes</duration>
						<effect>Touched object emanates bright light, granting Perception and Sense Motive bonuses.</effect>
						<target>object touched</target>
						<saveinfo>None</saveinfo>
						<school>
							<school>Evocation</school>
							<subschool></subschool>
							<descriptor>Light</descriptor>
							<fullschool>Evocation [Light]</fullschool>
						</school>
						<source>
							<source>Paizo Inc. - Ultimate Combat, p.228</source>
							<sourcelevel>Clr3</sourcelevel>
							<sourcelink>http://paizo.com/pathfinderRPG/prd/ultimateCombat/spells/discoveryTorch.html#_discovery-torch-</sourcelink>
							<sourcepage>p.228</sourcepage>
							<sourceshort>UC</sourceshort>
						</source>
						<spell_resistance>No</spell_resistance>
						<description>Touched object emanates bright light, granting Perception and Sense Motive bonuses.</description>
						<bonusspell></bonusspell>
				</spell>
				<spell>
						<name>Dispel Magic</name>
						<outputname>Dispel Magic</outputname>
						<times_memorized>1</times_memorized>
						<range>Medium (150 ft.)</range>
						<components>V, S</components>
						<castingtime>1 standard action</castingtime>
						<casterlevel>5</casterlevel>
						<concentration>+9</concentration>
						<dc></dc>
						<duration>Instantaneous</duration>
						<effect>You can use dispel magic to end one ongoing spell that has been cast on a creature or object, to temporarily suppress the magical abilities of a magic item, or to counter another spellcaster&#39;s spell.</effect>
						<target>One spellcaster, creature, or object</target>
						<saveinfo>None</saveinfo>
						<school>
							<school>Abjuration</school>
							<subschool></subschool>
							<descriptor></descriptor>
							<fullschool>Abjuration</fullschool>
						</school>
						<source>
							<source>Paizo Inc. - Core Rulebook, p.272</source>
							<sourcelevel>Clr3</sourcelevel>
							<sourcelink>http://paizo.com/pathfinderRPG/prd/spells/dispelMagic.html#_dispel-magic</sourcelink>
							<sourcepage>p.272</sourcepage>
							<sourceshort>CR</sourceshort>
						</source>
						<spell_resistance>No</spell_resistance>
						<description>You can use dispel magic to end one ongoing spell that has been cast on a creature or object, to temporarily suppress the magical abilities of a magic item, or to counter another spellcaster&#39;s spell.</description>
						<bonusspell></bonusspell>
				</spell>
				<spell>
						<name>Disrupt Silence</name>
						<outputname>Disrupt Silence</outputname>
						<times_memorized>1</times_memorized>
						<range>Touch</range>
						<components>S,M</components>
						<castingtime>1 standard action</castingtime>
						<casterlevel>5</casterlevel>
						<concentration>+9</concentration>
						<dc>17</dc>
						<duration>5 rounds [D]</duration>
						<effect>Disrupt all silence effects in an area.</effect>
						<target>10-ft.-radius emanation centered on a creature, object, or point in space</target>
						<saveinfo>Will negates</saveinfo>
						<school>
							<school>Abjuration</school>
							<subschool></subschool>
							<descriptor></descriptor>
							<fullschool>Abjuration</fullschool>
						</school>
						<source>
							<source>Paizo Inc. - Ultimate Intrigue, p.212</source>
							<sourcelevel>Clr3</sourcelevel>
							<sourcelink>http://aonprd.com/SpellDisplay.aspx?ItemName=Disrupt Silence</sourcelink>
							<sourcepage>p.212</sourcepage>
							<sourceshort>UI</sourceshort>
						</source>
						<spell_resistance>Yes</spell_resistance>
						<description>Disrupt all silence effects in an area.</description>
						<bonusspell></bonusspell>
				</spell>
				<spell>
						<name>Elemental Speech</name>
						<outputname>Elemental Speech</outputname>
						<times_memorized>1</times_memorized>
						<range>Personal</range>
						<components>V, S, M</components>
						<castingtime>1 standard action</castingtime>
						<casterlevel>5</casterlevel>
						<concentration>+9</concentration>
						<dc></dc>
						<duration>5 minutes</duration>
						<effect>Enables you to speak to elementals and some creatures.</effect>
						<target>You</target>
						<saveinfo></saveinfo>
						<school>
							<school>Divination, AirSchool, EarthSchool, FireSchool, WaterSchool</school>
							<subschool></subschool>
							<descriptor>Air, Earth, Fire, Water</descriptor>
							<fullschool>Divination, AirSchool, EarthSchool, FireSchool, WaterSchool [Air, Earth, Fire, Water]</fullschool>
						</school>
						<source>
							<source>Paizo Inc. - Advanced Player&#39;s Guide, p.218</source>
							<sourcelevel>Clr3</sourcelevel>
							<sourcelink>http://paizo.com/pathfinderRPG/prd/advanced/spells/elementalSpeech.html#_elemental-speech</sourcelink>
							<sourcepage>p.218</sourcepage>
							<sourceshort>APG</sourceshort>
						</source>
						<spell_resistance></spell_resistance>
						<description>Enables you to speak to elementals and some creatures.</description>
						<bonusspell></bonusspell>
				</spell>
				<spell>
						<name>Enter Image</name>
						<outputname>Enter Image</outputname>
						<times_memorized>1</times_memorized>
						<range>250 ft.</range>
						<components>V, S, M/DF</components>
						<castingtime>1 standard action</castingtime>
						<casterlevel>5</casterlevel>
						<concentration>+9</concentration>
						<dc></dc>
						<duration>concentration</duration>
						<effect>Transfers your consciousness to an object bearing your likeness.</effect>
						<target>transfer consciousness to any object bearing your likeness</target>
						<saveinfo>None</saveinfo>
						<school>
							<school>Transmutation</school>
							<subschool></subschool>
							<descriptor></descriptor>
							<fullschool>Transmutation</fullschool>
						</school>
						<source>
							<source>Paizo Inc. - Advanced Player&#39;s Guide, p.219</source>
							<sourcelevel>Clr3</sourcelevel>
							<sourcelink>http://paizo.com/pathfinderRPG/prd/advanced/spells/enterImage.html#_enter-image-</sourcelink>
							<sourcepage>p.219</sourcepage>
							<sourceshort>APG</sourceshort>
						</source>
						<spell_resistance>No</spell_resistance>
						<description>Transfers your consciousness to an object bearing your likeness.</description>
						<bonusspell></bonusspell>
				</spell>
				<spell>
						<name>Final Sacrifice</name>
						<outputname>Final Sacrifice</outputname>
						<times_memorized>1</times_memorized>
						<range>Close (35 ft.)</range>
						<components>V,S</components>
						<castingtime>1 standard action</castingtime>
						<casterlevel>5</casterlevel>
						<concentration>+9</concentration>
						<dc>17</dc>
						<duration>Instantaneous</duration>
						<effect>You disrupt the conjuring energies within a summoned creature, causing it to violently explode. If the target fails its Fortitude save, it is immediately slain and all creatures within 20 feet of the target take 1d4 points of damage per spell level of the summoning spell that conjured the target. This damage is fire damage unless the target creature has the cold or water subtype, in which case it&#39;s cold damage. Creatures caught in this explosion take half damage if they succeed at their Reflex saves against this spell&#39;s DC. Final sacrifice can detonate a summoner&#39;s eidolon, though an eidolon receives a +4 bonus on its Fortitude save unless the spell is cast by the eidolon&#39;s own summoner. If this spell targets an eidolon, creatures within 20 feet of the eidolon take an amount of damage equal to 1d4 + 1/2 the caster level of the summoner who controlled the eidolon.</effect>
						<target>One summoned creature</target>
						<saveinfo>Fortitude negates, then Reflex half (see text)</saveinfo>
						<school>
							<school>Evocation</school>
							<subschool></subschool>
							<descriptor></descriptor>
							<fullschool>Evocation</fullschool>
						</school>
						<source>
							<source>Paizo Publishing - Pathfinder Player Companion: Monster Summoner&#39;s Handbook, p.22</source>
							<sourcelevel>Clr3</sourcelevel>
							<sourcelink></sourcelink>
							<sourcepage>p.22</sourcepage>
							<sourceshort>MSH</sourceshort>
						</source>
						<spell_resistance>Yes</spell_resistance>
						<description>You disrupt the conjuring energies within a summoned creature, causing it to violently explode. If the target fails its Fortitude save, it is immediately slain and all creatures within 20 feet of the target take 1d4 points of damage per spell level of the summoning spell that conjured the target. This damage is fire damage unless the target creature has the cold or water subtype, in which case it&#39;s cold damage. Creatures caught in this explosion take half damage if they succeed at their Reflex saves against this spell&#39;s DC. Final sacrifice can detonate a summoner&#39;s eidolon, though an eidolon receives a +4 bonus on its Fortitude save unless the spell is cast by the eidolon&#39;s own summoner. If this spell targets an eidolon, creatures within 20 feet of the eidolon take an amount of damage equal to 1d4 + 1/2 the caster level of the summoner who controlled the eidolon.</description>
						<bonusspell></bonusspell>
				</spell>
				<spell>
						<name>Flesh Puppet</name>
						<outputname>Flesh Puppet</outputname>
						<times_memorized>1</times_memorized>
						<range>Touch</range>
						<components>V,S,M</components>
						<castingtime>1 round</castingtime>
						<casterlevel>5</casterlevel>
						<concentration>+9</concentration>
						<dc></dc>
						<duration>Permanent [D]</duration>
						<effect>Control a zombie in human guise.</effect>
						<target>One corpse touched</target>
						<saveinfo>None</saveinfo>
						<school>
							<school>Necromancy</school>
							<subschool></subschool>
							<descriptor>Evil</descriptor>
							<fullschool>Necromancy [Evil]</fullschool>
						</school>
						<source>
							<source>Paizo Inc. - Horror Adventures, p.117</source>
							<sourcelevel>Clr3</sourcelevel>
							<sourcelink>http://aonprd.com/SpellDisplay.aspx?ItemName=Flesh%20Puppet</sourcelink>
							<sourcepage>p.117</sourcepage>
							<sourceshort>HA</sourceshort>
						</source>
						<spell_resistance>No</spell_resistance>
						<description>Control a zombie in human guise.</description>
						<bonusspell></bonusspell>
				</spell>
				<spell>
						<name>Glyph of Warding</name>
						<outputname>Glyph of Warding</outputname>
						<times_memorized>1</times_memorized>
						<range>Touch</range>
						<components>V, S, M</components>
						<castingtime>10 minutes</castingtime>
						<casterlevel>5</casterlevel>
						<concentration>+9</concentration>
						<dc>17</dc>
						<duration>Permanent until discharged [D]</duration>
						<effect>This powerful inscription harms those who enter, pass, or open the warded area or object.</effect>
						<target>Object touched or up to 25 sq. ft.</target>
						<saveinfo>See text</saveinfo>
						<school>
							<school>Abjuration</school>
							<subschool></subschool>
							<descriptor></descriptor>
							<fullschool>Abjuration</fullschool>
						</school>
						<source>
							<source>Paizo Inc. - Core Rulebook, p.290</source>
							<sourcelevel>Clr3</sourcelevel>
							<sourcelink>http://paizo.com/pathfinderRPG/prd/spells/glyphOfWarding.html#_glyph-of-warding</sourcelink>
							<sourcepage>p.290</sourcepage>
							<sourceshort>CR</sourceshort>
						</source>
						<spell_resistance>No (object) and yes; see text</spell_resistance>
						<description>This powerful inscription harms those who enter, pass, or open the warded area or object.</description>
						<bonusspell></bonusspell>
				</spell>
				<spell>
						<name>Guiding Star</name>
						<outputname>Guiding Star</outputname>
						<times_memorized>1</times_memorized>
						<range>Personal</range>
						<components>V, S, M</components>
						<castingtime>1 minute</castingtime>
						<casterlevel>5</casterlevel>
						<concentration>+9</concentration>
						<dc></dc>
						<duration>5 days [D]</duration>
						<effect>Know approximate distance from where you cast this spell.</effect>
						<target>You</target>
						<saveinfo></saveinfo>
						<school>
							<school>Divination</school>
							<subschool></subschool>
							<descriptor></descriptor>
							<fullschool>Divination</fullschool>
						</school>
						<source>
							<source>Paizo Inc. - Advanced Player&#39;s Guide, p.226</source>
							<sourcelevel>Clr3</sourcelevel>
							<sourcelink>http://paizo.com/pathfinderRPG/prd/advanced/spells/guidingStar.html#_guiding-star-</sourcelink>
							<sourcepage>p.226</sourcepage>
							<sourceshort>APG</sourceshort>
						</source>
						<spell_resistance></spell_resistance>
						<description>Know approximate distance from where you cast this spell.</description>
						<bonusspell></bonusspell>
				</spell>
				<spell>
						<name>Helping Hand</name>
						<outputname>Helping Hand</outputname>
						<times_memorized>1</times_memorized>
						<range>5 miles</range>
						<components>V, S, DF</components>
						<castingtime>1 standard action</castingtime>
						<casterlevel>5</casterlevel>
						<concentration>+9</concentration>
						<dc></dc>
						<duration>5 hours</duration>
						<effect>You create the ghostly image of a hand, which you can send to find a creature within 5 miles.</effect>
						<target>Ghostly hand</target>
						<saveinfo>None</saveinfo>
						<school>
							<school>Evocation</school>
							<subschool></subschool>
							<descriptor></descriptor>
							<fullschool>Evocation</fullschool>
						</school>
						<source>
							<source>Paizo Inc. - Core Rulebook, p.295</source>
							<sourcelevel>Clr3</sourcelevel>
							<sourcelink>http://paizo.com/pathfinderRPG/prd/spells/helpingHand.html#_helping-hand</sourcelink>
							<sourcepage>p.295</sourcepage>
							<sourceshort>CR</sourceshort>
						</source>
						<spell_resistance>No</spell_resistance>
						<description>You create the ghostly image of a hand, which you can send to find a creature within 5 miles.</description>
						<bonusspell></bonusspell>
				</spell>
				<spell>
						<name>Holy Javelin</name>
						<outputname>Holy Javelin</outputname>
						<times_memorized>1</times_memorized>
						<range>Medium (150 ft.)</range>
						<components>V,S,DF</components>
						<castingtime>1 standard action</castingtime>
						<casterlevel>5</casterlevel>
						<concentration>+9</concentration>
						<dc></dc>
						<duration>2 rounds</duration>
						<effect>Deal ongoing damage to evil creatures and apply penalties.</effect>
						<target>Javelin of divine energy</target>
						<saveinfo>None</saveinfo>
						<school>
							<school>Conjuration</school>
							<subschool>Creation</subschool>
							<descriptor>Good</descriptor>
							<fullschool>Conjuration (Creation) [Good]</fullschool>
						</school>
						<source>
							<source>Paizo Inc. - Horror Adventures, p.119</source>
							<sourcelevel>Clr3</sourcelevel>
							<sourcelink>http://aonprd.com/SpellDisplay.aspx?ItemName=Holy%20Javelin</sourcelink>
							<sourcepage>p.119</sourcepage>
							<sourceshort>HA</sourceshort>
						</source>
						<spell_resistance>Yes</spell_resistance>
						<description>Deal ongoing damage to evil creatures and apply penalties.</description>
						<bonusspell></bonusspell>
				</spell>
				<spell>
						<name>Hydrophobia</name>
						<outputname>Hydrophobia</outputname>
						<times_memorized>1</times_memorized>
						<range>Close (35 ft.)</range>
						<components>V,S</components>
						<castingtime>1 standard action</castingtime>
						<casterlevel>5</casterlevel>
						<concentration>+9</concentration>
						<dc>17</dc>
						<duration>5 rounds</duration>
						<effect>Targets in the area must succeed at a Will save or become deathly afraid of drowning. If the target is swimming or submerged in water, it must attempt to escape from the water. As long as an affected target remains in water, it takes 1d6 points of nonlethal damage each round. Even out of water, targets cannot imbibe potions or willingly interact with any fluids for the duration of this spell.</effect>
						<target>One living creature</target>
						<saveinfo>Will negates</saveinfo>
						<school>
							<school>Necromancy</school>
							<subschool></subschool>
							<descriptor>Emotion,Fear,Mind-Affecting</descriptor>
							<fullschool>Necromancy [Emotion,Fear,Mind-Affecting]</fullschool>
						</school>
						<source>
							<source>Paizo Inc. - Pathfinder Player Companion: Magical Marketplace, p.8</source>
							<sourcelevel>Clr3</sourcelevel>
							<sourcelink></sourcelink>
							<sourcepage>p.8</sourcepage>
							<sourceshort>MM</sourceshort>
						</source>
						<spell_resistance>Yes</spell_resistance>
						<description>Targets in the area must succeed at a Will save or become deathly afraid of drowning. If the target is swimming or submerged in water, it must attempt to escape from the water. As long as an affected target remains in water, it takes 1d6 points of nonlethal damage each round. Even out of water, targets cannot imbibe potions or willingly interact with any fluids for the duration of this spell.</description>
						<bonusspell></bonusspell>
				</spell>
				<spell>
						<name>Inflict Serious Wounds</name>
						<outputname>Inflict Serious Wounds</outputname>
						<times_memorized>1</times_memorized>
						<range>Touch</range>
						<components>V, S</components>
						<castingtime>1 standard action</castingtime>
						<casterlevel>5</casterlevel>
						<concentration>+9</concentration>
						<dc>17</dc>
						<duration>Instantaneous</duration>
						<effect>When laying your hand upon a creature, you channel negative energy that deals 3d8+5 points of damage.</effect>
						<target>Creature touched</target>
						<saveinfo>Will half</saveinfo>
						<school>
							<school>Necromancy</school>
							<subschool></subschool>
							<descriptor></descriptor>
							<fullschool>Necromancy</fullschool>
						</school>
						<source>
							<source>Paizo Inc. - Core Rulebook, p.301</source>
							<sourcelevel>Clr3</sourcelevel>
							<sourcelink>http://paizo.com/pathfinderRPG/prd/spells/inflictSeriousWounds.html#_inflict-serious-wounds</sourcelink>
							<sourcepage>p.301</sourcepage>
							<sourceshort>CR</sourceshort>
						</source>
						<spell_resistance>Yes</spell_resistance>
						<description>When laying your hand upon a creature, you channel negative energy that deals 3d8+(min(15,CASTERLEVEL)) points of damage.</description>
						<bonusspell></bonusspell>
				</spell>
				<spell>
						<name>Invisibility Purge</name>
						<outputname>Invisibility Purge</outputname>
						<times_memorized>1</times_memorized>
						<range>Personal</range>
						<components>V, S</components>
						<castingtime>1 standard action</castingtime>
						<casterlevel>5</casterlevel>
						<concentration>+9</concentration>
						<dc></dc>
						<duration>5 minutes [D]</duration>
						<effect>You surround yourself with a sphere of power with a radius of 25 feet that negates all forms of invisibility.</effect>
						<target>You</target>
						<saveinfo></saveinfo>
						<school>
							<school>Evocation</school>
							<subschool></subschool>
							<descriptor></descriptor>
							<fullschool>Evocation</fullschool>
						</school>
						<source>
							<source>Paizo Inc. - Core Rulebook, p.302</source>
							<sourcelevel>Clr3</sourcelevel>
							<sourcelink>http://paizo.com/pathfinderRPG/prd/spells/invisibilityPurge.html#_invisibility-purge</sourcelink>
							<sourcepage>p.302</sourcepage>
							<sourceshort>CR</sourceshort>
						</source>
						<spell_resistance></spell_resistance>
						<description>You surround yourself with a sphere of power with a radius of (CASTERLEVEL*5) feet that negates all forms of invisibility.</description>
						<bonusspell></bonusspell>
				</spell>
				<spell>
						<name>Iron Stake</name>
						<outputname>Iron Stake</outputname>
						<times_memorized>1</times_memorized>
						<range>Close (35 ft.)</range>
						<components>V,S,M</components>
						<castingtime>1 standard action</castingtime>
						<casterlevel>5</casterlevel>
						<concentration>+9</concentration>
						<dc>17</dc>
						<duration>Instantaneous or 5 rounds; see text</duration>
						<effect>Hurl a spike of cold iron at a foe.</effect>
						<target>See text</target>
						<saveinfo>Fortitude partial</saveinfo>
						<school>
							<school>Conjuration</school>
							<subschool>Creation</subschool>
							<descriptor></descriptor>
							<fullschool>Conjuration (Creation)</fullschool>
						</school>
						<source>
							<source>Paizo Inc. - Ultimate Wilderness, p.231</source>
							<sourcelevel>Clr3</sourcelevel>
							<sourcelink></sourcelink>
							<sourcepage>p.231</sourcepage>
							<sourceshort>UW</sourceshort>
						</source>
						<spell_resistance>No</spell_resistance>
						<description>Hurl a spike of cold iron at a foe.</description>
						<bonusspell></bonusspell>
				</spell>
				<spell>
						<name>Irregular Size</name>
						<outputname>Irregular Size</outputname>
						<times_memorized>1</times_memorized>
						<range>Touch</range>
						<components>V,S</components>
						<castingtime>1 standard action</castingtime>
						<casterlevel>5</casterlevel>
						<concentration>+9</concentration>
						<dc>17</dc>
						<duration>Permanent</duration>
						<effect>You curse a creature so one set of its limbs [typically its arms, legs, or wings] shrivels in size. [Arms]-The creature counts as one size category smaller for the purpose of determining the size of weapon it can wield. If the creature is capable of making natural attacks with its arms, the damage dealt by those attacks decreases as though the target were one size category smaller than its actual size. [Legs]-The creature&#39;s base speed decreases by 10 feet [to a minimum of 5 feet] and its Strength score counts as 4 lower for the purpose of determining its carrying capacity. [Wings]-The creature&#39;s Fly speed decreases by 10 feet [to a minimum of 5 feet], the damage dealt by any wing attacks decreases as though the target were one size category smaller than its actual size, and its fly maneuverability decreases by a step [to a minimum of clumsy].</effect>
						<target>Creature touched</target>
						<saveinfo>Fortitude negates</saveinfo>
						<school>
							<school>Transmutation</school>
							<subschool></subschool>
							<descriptor>Curse</descriptor>
							<fullschool>Transmutation [Curse]</fullschool>
						</school>
						<source>
							<source>Paizo Inc. - Magic Tactics Toolbox, p.21</source>
							<sourcelevel>Clr3</sourcelevel>
							<sourcelink></sourcelink>
							<sourcepage>p.21</sourcepage>
							<sourceshort>MagTT</sourceshort>
						</source>
						<spell_resistance>Yes</spell_resistance>
						<description>You curse a creature so one set of its limbs (typically its arms, legs, or wings) shrivels in size. [Arms]-The creature counts as one size category smaller for the purpose of determining the size of weapon it can wield. If the creature is capable of making natural attacks with its arms, the damage dealt by those attacks decreases as though the target were one size category smaller than its actual size. [Legs]-The creature&#39;s base speed decreases by 10 feet (to a minimum of 5 feet) and its Strength score counts as 4 lower for the purpose of determining its carrying capacity. [Wings]-The creature&#39;s Fly speed decreases by 10 feet (to a minimum of 5 feet), the damage dealt by any wing attacks decreases as though the target were one size category smaller than its actual size, and its fly maneuverability decreases by a step (to a minimum of clumsy).</description>
						<bonusspell></bonusspell>
				</spell>
				<spell>
						<name>Kalistocrat&#39;s Nightmare</name>
						<outputname>Kalistocrat&#39;s Nightmare</outputname>
						<times_memorized>1</times_memorized>
						<range>Touch</range>
						<components>V,S,M</components>
						<castingtime>1 standard action</castingtime>
						<casterlevel>5</casterlevel>
						<concentration>+9</concentration>
						<dc>17</dc>
						<duration>5 hours; see text</duration>
						<effect>You temporarily curse a creature so its touch lessens the value of coins it touches. While under the effects of this curse, whenever the target touches a coin of higher value than copper piece, that coin changes into a copper piece. The change takes place over the course of the following minute, allowing the target to interact with multiple coins before the effect of the curse becomes apparent. The affected coins are permanently transmuted from their previous material [typically gold or silver] into copper coins, though remove curse [which can affect up to 50 coins with a single casting] or a similar spell can restore them to their previous material. [Material Components] a copper piece</effect>
						<target>Creature touched</target>
						<saveinfo>Will negates</saveinfo>
						<school>
							<school>Transmutation</school>
							<subschool></subschool>
							<descriptor>Curse</descriptor>
							<fullschool>Transmutation [Curse]</fullschool>
						</school>
						<source>
							<source>Paizo Inc. - Magic Tactics Toolbox, p.22</source>
							<sourcelevel>Clr3</sourcelevel>
							<sourcelink></sourcelink>
							<sourcepage>p.22</sourcepage>
							<sourceshort>MagTT</sourceshort>
						</source>
						<spell_resistance>Yes</spell_resistance>
						<description>You temporarily curse a creature so its touch lessens the value of coins it touches. While under the effects of this curse, whenever the target touches a coin of higher value than copper piece, that coin changes into a copper piece. The change takes place over the course of the following minute, allowing the target to interact with multiple coins before the effect of the curse becomes apparent. The affected coins are permanently transmuted from their previous material (typically gold or silver) into copper coins, though remove curse (which can affect up to 50 coins with a single casting) or a similar spell can restore them to their previous material. [Material Components] a copper piece</description>
						<bonusspell></bonusspell>
				</spell>
				<spell>
						<name>Ki Leech</name>
						<outputname>Ki Leech</outputname>
						<times_memorized>1</times_memorized>
						<range>Personal</range>
						<components>V, S</components>
						<castingtime>1 standard action</castingtime>
						<casterlevel>5</casterlevel>
						<concentration>+9</concentration>
						<dc></dc>
						<duration>5 minutes [D]</duration>
						<effect>Add to your ki pool when you critically hit.</effect>
						<target>You</target>
						<saveinfo></saveinfo>
						<school>
							<school>Necromancy</school>
							<subschool></subschool>
							<descriptor>Evil</descriptor>
							<fullschool>Necromancy [Evil]</fullschool>
						</school>
						<source>
							<source>Paizo Inc. - Ultimate Magic, p.225</source>
							<sourcelevel>Clr3</sourcelevel>
							<sourcelink>http://paizo.com/pathfinderRPG/prd/ultimateMagic/spells/kiLeech.html#_ki-leech</sourcelink>
							<sourcepage>p.225</sourcepage>
							<sourceshort>UM</sourceshort>
						</source>
						<spell_resistance></spell_resistance>
						<description>Add to your ki pool when you critically hit.</description>
						<bonusspell></bonusspell>
				</spell>
				<spell>
						<name>Life Shield</name>
						<outputname>Life Shield</outputname>
						<times_memorized>1</times_memorized>
						<range>Personal</range>
						<components>S,DF</components>
						<castingtime>1 standard action</castingtime>
						<casterlevel>5</casterlevel>
						<concentration>+9</concentration>
						<dc></dc>
						<duration>5 minutes or until discharged</duration>
						<effect>You surround yourself with a positive energy field that damages undead opponents. Each time an undead creature damages you with a melee attack, that creature takes an amount of positive energy damage equal to half the damage it dealt to you. This damage is calculated after applying your damage reduction, resistances, and other defenses. Once this spell has dealt 0 points of damage, it is discharged.</effect>
						<target>You</target>
						<saveinfo></saveinfo>
						<school>
							<school>Conjuration</school>
							<subschool>Healing</subschool>
							<descriptor></descriptor>
							<fullschool>Conjuration (Healing)</fullschool>
						</school>
						<source>
							<source>Paizo Inc. - Pathfinder Player Companion: Undead Slayer&#39;s Handbook, p.27</source>
							<sourcelevel>Clr3</sourcelevel>
							<sourcelink></sourcelink>
							<sourcepage>p.27</sourcepage>
							<sourceshort>USH</sourceshort>
						</source>
						<spell_resistance></spell_resistance>
						<description>You surround yourself with a positive energy field that damages undead opponents. Each time an undead creature damages you with a melee attack, that creature takes an amount of positive energy damage equal to half the damage it dealt to you. This damage is calculated after applying your damage reduction, resistances, and other defenses. Once this spell has dealt 0 points of damage, it is discharged.</description>
						<bonusspell></bonusspell>
				</spell>
				<spell>
						<name>Light of Iomedae</name>
						<outputname>Light of Iomedae</outputname>
						<times_memorized>1</times_memorized>
						<range>Medium (150 ft.)</range>
						<components>V, S, DF</components>
						<castingtime>1 minute</castingtime>
						<casterlevel>5</casterlevel>
						<concentration>+9</concentration>
						<dc>17</dc>
						<duration>5 minutes</duration>
						<effect><para>With this spell, you create shafts of blue light that illuminate all undead creatures in the area. Affected undead take a -20 penalty on all Stealth checks. Invisible undead are not made visible by this effect, but the light does make it easy to pinpoint the exact squares in which such undead are located [they still retain the 50% miss chance granted by invisibility]. The light of Iomedae increases light levels by one step in a 5-foot radius around an affected undead creature. Once an undead is affected, it remains illuminated as long as remains within the spell&#39;s range, even if it leaves the spell&#39;s original radius, until the spell&#39;s duration ends. </para><para>Affected undead must also make a Will save when they are first illuminated by the light of Iomedae. Those who fail this save lose all benefits of channel resistance and take a -2 penalty on all saving throws made against positive energy effects.</para></effect>
						<target>All undead in a 10-foot-radius spread</target>
						<saveinfo>Will partial</saveinfo>
						<school>
							<school>Conjuration</school>
							<subschool></subschool>
							<descriptor>Good, Light</descriptor>
							<fullschool>Conjuration [Good, Light]</fullschool>
						</school>
						<source>
							<source>Paizo Publishing - Inner Sea Magic, p.58</source>
							<sourcelevel>Clr3</sourcelevel>
							<sourcelink></sourcelink>
							<sourcepage>p.58</sourcepage>
							<sourceshort>ISM</sourceshort>
						</source>
						<spell_resistance>Yes</spell_resistance>
						<description><para>With this spell, you create shafts of blue light that illuminate all undead creatures in the area. Affected undead take a -20 penalty on all Stealth checks. Invisible undead are not made visible by this effect, but the light does make it easy to pinpoint the exact squares in which such undead are located (they still retain the 50% miss chance granted by invisibility). The light of Iomedae increases light levels by one step in a 5-foot radius around an affected undead creature. Once an undead is affected, it remains illuminated as long as remains within the spell&#39;s range, even if it leaves the spell&#39;s original radius, until the spell&#39;s duration ends. </para><para>Affected undead must also make a Will save when they are first illuminated by the light of Iomedae. Those who fail this save lose all benefits of channel resistance and take a -2 penalty on all saving throws made against positive energy effects.</para></description>
						<bonusspell></bonusspell>
				</spell>
				<spell>
						<name>Locate Object</name>
						<outputname>Locate Object</outputname>
						<times_memorized>1</times_memorized>
						<range>Long (600 ft.)</range>
						<components>V, S, F/DF</components>
						<castingtime>1 standard action</castingtime>
						<casterlevel>5</casterlevel>
						<concentration>+9</concentration>
						<dc></dc>
						<duration>5 minutes</duration>
						<effect>You sense the direction of a well-known or clearly visualized object.</effect>
						<target>Circle, centered on you, with a radius of 600 ft.</target>
						<saveinfo>None</saveinfo>
						<school>
							<school>Divination</school>
							<subschool></subschool>
							<descriptor></descriptor>
							<fullschool>Divination</fullschool>
						</school>
						<source>
							<source>Paizo Inc. - Core Rulebook, p.305</source>
							<sourcelevel>Clr3</sourcelevel>
							<sourcelink>http://paizo.com/pathfinderRPG/prd/spells/locateObject.html#_locate-object</sourcelink>
							<sourcepage>p.305</sourcepage>
							<sourceshort>CR</sourceshort>
						</source>
						<spell_resistance>No</spell_resistance>
						<description>You sense the direction of a well-known or clearly visualized object.</description>
						<bonusspell></bonusspell>
				</spell>
				<spell>
						<name>Lover&#39;s Vengeance</name>
						<outputname>Lover&#39;s Vengeance</outputname>
						<times_memorized>1</times_memorized>
						<range>Touch</range>
						<components>V, M</components>
						<castingtime>1 minute</castingtime>
						<casterlevel>5</casterlevel>
						<concentration>+9</concentration>
						<dc>17</dc>
						<duration>Up to 5 days [D] or until fulfilled</duration>
						<effect>Inspire self or recent lover to vengeful rage against enemy who has wronged you. When in combat with that enemy, gain benefit of rage spell against them for 5 rounds [double if enemy is an ex-lover].</effect>
						<target>Creature touched</target>
						<saveinfo>Will negates (harmless)</saveinfo>
						<school>
							<school>Enchantment</school>
							<subschool>Compulsion</subschool>
							<descriptor>Mind-Affecting</descriptor>
							<fullschool>Enchantment (Compulsion) [Mind-Affecting]</fullschool>
						</school>
						<source>
							<source>Paizo Inc. - Inner Sea World Guide, p.296</source>
							<sourcelevel>Clr3</sourcelevel>
							<sourcelink></sourcelink>
							<sourcepage>p.296</sourcepage>
							<sourceshort>ISWG</sourceshort>
						</source>
						<spell_resistance>Yes (harmless)</spell_resistance>
						<description>Inspire self or recent lover to vengeful rage against enemy who has wronged you. When in combat with that enemy, gain benefit of rage spell against them for (CASTERLEVEL) rounds [double if enemy is an ex-lover].</description>
						<bonusspell></bonusspell>
				</spell>
				<spell>
						<name>Magic Circle against Chaos</name>
						<outputname>Magic Circle against Chaos</outputname>
						<times_memorized>1</times_memorized>
						<range>Touch</range>
						<components>V, S, M/DF</components>
						<castingtime>1 standard action</castingtime>
						<casterlevel>5</casterlevel>
						<concentration>+9</concentration>
						<dc>17</dc>
						<duration>50 minutes</duration>
						<effect>All creatures within the area gain the effects of a protection from chaos spell, and chaotic summoned creatures cannot enter the area either.</effect>
						<target>10-ft.-radius emanation from touched creature</target>
						<saveinfo>Will negates (harmless)</saveinfo>
						<school>
							<school>Abjuration</school>
							<subschool></subschool>
							<descriptor>Lawful</descriptor>
							<fullschool>Abjuration [Lawful]</fullschool>
						</school>
						<source>
							<source>Paizo Inc. - Core Rulebook, p.308</source>
							<sourcelevel>Clr3</sourcelevel>
							<sourcelink>http://paizo.com/pathfinderRPG/prd/spells/magicCircleAgainstChaos.html#_magic-circle-against-chaos</sourcelink>
							<sourcepage>p.308</sourcepage>
							<sourceshort>CR</sourceshort>
						</source>
						<spell_resistance>No; see text</spell_resistance>
						<description>All creatures within the area gain the effects of a protection from chaos spell, and chaotic summoned creatures cannot enter the area either.</description>
						<bonusspell></bonusspell>
				</spell>
				<spell>
						<name>Magic Circle against Evil</name>
						<outputname>Magic Circle against Evil</outputname>
						<times_memorized>1</times_memorized>
						<range>Touch</range>
						<components>V, S, M/DF</components>
						<castingtime>1 standard action</castingtime>
						<casterlevel>5</casterlevel>
						<concentration>+9</concentration>
						<dc>17</dc>
						<duration>50 minutes</duration>
						<effect>All creatures within the area gain the effects of a protection from evil spell, and evil summoned creatures cannot enter the area either.</effect>
						<target>10-ft.-radius emanation from touched creature</target>
						<saveinfo>Will negates (harmless)</saveinfo>
						<school>
							<school>Abjuration</school>
							<subschool></subschool>
							<descriptor>Good</descriptor>
							<fullschool>Abjuration [Good]</fullschool>
						</school>
						<source>
							<source>Paizo Inc. - Core Rulebook, p.308</source>
							<sourcelevel>Clr3</sourcelevel>
							<sourcelink>http://paizo.com/pathfinderRPG/prd/spells/magicCircleAgainstEvil.html#_magic-circle-against-evil</sourcelink>
							<sourcepage>p.308</sourcepage>
							<sourceshort>CR</sourceshort>
						</source>
						<spell_resistance>No; see text</spell_resistance>
						<description>All creatures within the area gain the effects of a protection from evil spell, and evil summoned creatures cannot enter the area either.</description>
						<bonusspell></bonusspell>
				</spell>
				<spell>
						<name>Magic Circle against Good</name>
						<outputname>Magic Circle against Good</outputname>
						<times_memorized>1</times_memorized>
						<range>Touch</range>
						<components>V, S, M/DF</components>
						<castingtime>1 standard action</castingtime>
						<casterlevel>5</casterlevel>
						<concentration>+9</concentration>
						<dc>17</dc>
						<duration>50 minutes</duration>
						<effect>All creatures within the area gain the effects of a protection from good spell, and good summoned creatures cannot enter the area either.</effect>
						<target>10-ft.-radius emanation from touched creature</target>
						<saveinfo>Will negates (harmless)</saveinfo>
						<school>
							<school>Abjuration</school>
							<subschool></subschool>
							<descriptor>Evil</descriptor>
							<fullschool>Abjuration [Evil]</fullschool>
						</school>
						<source>
							<source>Paizo Inc. - Core Rulebook, p.308</source>
							<sourcelevel>Clr3</sourcelevel>
							<sourcelink>http://paizo.com/pathfinderRPG/prd/spells/magicCircleAgainstGood.html#_magic-circle-against-good</sourcelink>
							<sourcepage>p.308</sourcepage>
							<sourceshort>CR</sourceshort>
						</source>
						<spell_resistance>No; see text</spell_resistance>
						<description>All creatures within the area gain the effects of a protection from good spell, and good summoned creatures cannot enter the area either.</description>
						<bonusspell></bonusspell>
				</spell>
				<spell>
						<name>Magic Circle against Law</name>
						<outputname>Magic Circle against Law</outputname>
						<times_memorized>1</times_memorized>
						<range>Touch</range>
						<components>V, S, M/DF</components>
						<castingtime>1 standard action</castingtime>
						<casterlevel>5</casterlevel>
						<concentration>+9</concentration>
						<dc>17</dc>
						<duration>50 minutes</duration>
						<effect>All creatures within the area gain the effects of a protection from law spell, and lawfull summoned creatures cannot enter the area either.</effect>
						<target>10-ft.-radius emanation from touched creature</target>
						<saveinfo>Will negates (harmless)</saveinfo>
						<school>
							<school>Abjuration</school>
							<subschool></subschool>
							<descriptor>Chaotic</descriptor>
							<fullschool>Abjuration [Chaotic]</fullschool>
						</school>
						<source>
							<source>Paizo Inc. - Core Rulebook, p.308</source>
							<sourcelevel>Clr3</sourcelevel>
							<sourcelink>http://paizo.com/pathfinderRPG/prd/spells/magicCircleAgainstLaw.html#_magic-circle-against-law</sourcelink>
							<sourcepage>p.308</sourcepage>
							<sourceshort>CR</sourceshort>
						</source>
						<spell_resistance>No; see text</spell_resistance>
						<description>All creatures within the area gain the effects of a protection from law spell, and lawfull summoned creatures cannot enter the area either.</description>
						<bonusspell></bonusspell>
				</spell>
				<spell>
						<name>Magic Vestment</name>
						<outputname>Magic Vestment</outputname>
						<times_memorized>1</times_memorized>
						<range>Touch</range>
						<components>V, S, DF</components>
						<castingtime>1 standard action</castingtime>
						<casterlevel>5</casterlevel>
						<concentration>+9</concentration>
						<dc>17</dc>
						<duration>5 hours</duration>
						<effect>You imbue a suit of armor or a shield with an enhancement bonus of +1.</effect>
						<target>Armor or shield touched</target>
						<saveinfo>Will negates (harmless, object)</saveinfo>
						<school>
							<school>Transmutation</school>
							<subschool></subschool>
							<descriptor></descriptor>
							<fullschool>Transmutation</fullschool>
						</school>
						<source>
							<source>Paizo Inc. - Core Rulebook, p.310</source>
							<sourcelevel>Clr3</sourcelevel>
							<sourcelink>http://paizo.com/pathfinderRPG/prd/spells/magicVestment.html#_magic-vestment</sourcelink>
							<sourcepage>p.310</sourcepage>
							<sourceshort>CR</sourceshort>
						</source>
						<spell_resistance>Yes (harmless, object)</spell_resistance>
						<description>You imbue a suit of armor or a shield with an enhancement bonus of +(min(5,floor(CASTERLEVEL/4))).</description>
						<bonusspell></bonusspell>
				</spell>
				<spell>
						<name>Mantle of Calm</name>
						<outputname>Mantle of Calm</outputname>
						<times_memorized>1</times_memorized>
						<range>Personal</range>
						<components>V, S, DF</components>
						<castingtime>1 standard action</castingtime>
						<casterlevel>5</casterlevel>
						<concentration>+9</concentration>
						<dc>17</dc>
						<duration>5 rounds [D]</duration>
						<effect>Neutralize the rage effects of those who have attacked you.</effect>
						<target>you</target>
						<saveinfo>none and Will negates (see text)</saveinfo>
						<school>
							<school>Enchantment</school>
							<subschool>Compulsion</subschool>
							<descriptor>Emotion, Mind-Affecting</descriptor>
							<fullschool>Enchantment (Compulsion) [Emotion, Mind-Affecting]</fullschool>
						</school>
						<source>
							<source>Paizo Inc. - Advanced Class Guide, p.186</source>
							<sourcelevel>Clr3</sourcelevel>
							<sourcelink>http://paizo.com/pathfinderRPG/prd/advancedClassGuide/spells/mantleOfCalm.html</sourcelink>
							<sourcepage>p.186</sourcepage>
							<sourceshort>ACG</sourceshort>
						</source>
						<spell_resistance>no and yes (see text)</spell_resistance>
						<description>Neutralize the rage effects of those who have attacked you.</description>
						<bonusspell></bonusspell>
				</spell>
				<spell>
						<name>Mark of Obvious Ethics</name>
						<outputname>Mark of Obvious Ethics</outputname>
						<times_memorized>1</times_memorized>
						<range>Touch</range>
						<components>V, S</components>
						<castingtime>1 standard action</castingtime>
						<casterlevel>5</casterlevel>
						<concentration>+9</concentration>
						<dc>17</dc>
						<duration>5 days</duration>
						<effect>Other creatures can determine the target&#39;s alignment.</effect>
						<target>creature touched</target>
						<saveinfo>Will negates</saveinfo>
						<school>
							<school>Divination</school>
							<subschool></subschool>
							<descriptor>Curse</descriptor>
							<fullschool>Divination [Curse]</fullschool>
						</school>
						<source>
							<source>Paizo Inc. - Advanced Class Guide, p.187</source>
							<sourcelevel>Clr3</sourcelevel>
							<sourcelink>http://paizo.com/pathfinderRPG/prd/advancedClassGuide/spells/markOfObviousEthics.html</sourcelink>
							<sourcepage>p.187</sourcepage>
							<sourceshort>ACG</sourceshort>
						</source>
						<spell_resistance>yes</spell_resistance>
						<description>Other creatures can determine the target&#39;s alignment.</description>
						<bonusspell></bonusspell>
				</spell>
				<spell>
						<name>Meld into Stone</name>
						<outputname>Meld into Stone</outputname>
						<times_memorized>1</times_memorized>
						<range>Personal</range>
						<components>V, S, DF</components>
						<castingtime>1 standard action</castingtime>
						<casterlevel>5</casterlevel>
						<concentration>+9</concentration>
						<dc></dc>
						<duration>50 minutes</duration>
						<effect>Meld into stone enables you to meld your body and possessions into a single block of stone.</effect>
						<target>You</target>
						<saveinfo></saveinfo>
						<school>
							<school>Transmutation</school>
							<subschool></subschool>
							<descriptor>Earth</descriptor>
							<fullschool>Transmutation [Earth]</fullschool>
						</school>
						<source>
							<source>Paizo Inc. - Core Rulebook, p.312</source>
							<sourcelevel>Clr3</sourcelevel>
							<sourcelink>http://paizo.com/pathfinderRPG/prd/spells/meldIntoStone.html#_meld-into-stone</sourcelink>
							<sourcepage>p.312</sourcepage>
							<sourceshort>CR</sourceshort>
						</source>
						<spell_resistance></spell_resistance>
						<description>Meld into stone enables you to meld your body and possessions into a single block of stone.</description>
						<bonusspell></bonusspell>
				</spell>
				<spell>
						<name>Monstrous Extremities</name>
						<outputname>Monstrous Extremities</outputname>
						<times_memorized>1</times_memorized>
						<range>Touch</range>
						<components>V, S</components>
						<castingtime>1 minute</castingtime>
						<casterlevel>5</casterlevel>
						<concentration>+9</concentration>
						<dc>17</dc>
						<duration>5 hours</duration>
						<effect>Change one of the extremities of target into a tentacle, a hoof, or a wing.</effect>
						<target>Creature touched</target>
						<saveinfo>Will negates</saveinfo>
						<school>
							<school>Transmutation</school>
							<subschool>Polymorph</subschool>
							<descriptor></descriptor>
							<fullschool>Transmutation (Polymorph)</fullschool>
						</school>
						<source>
							<source>Paizo Inc. - Pathfinder Player Companion: Faiths of Corruption, p.28</source>
							<sourcelevel>Clr3</sourcelevel>
							<sourcelink></sourcelink>
							<sourcepage>p.28</sourcepage>
							<sourceshort>FOC</sourceshort>
						</source>
						<spell_resistance>Yes</spell_resistance>
						<description>Change one of the extremities of target into a tentacle, a hoof, or a wing.</description>
						<bonusspell></bonusspell>
				</spell>
				<spell>
						<name>Nap Stack</name>
						<outputname>Nap Stack</outputname>
						<times_memorized>1</times_memorized>
						<range>30 ft.</range>
						<components>V, S, M</components>
						<castingtime>1 minute</castingtime>
						<casterlevel>5</casterlevel>
						<concentration>+9</concentration>
						<dc>17</dc>
						<duration>8 hours</duration>
						<effect>Subjects only need 2 hours for a night&#39;s sleep, and can sleep even longer for more benefits.</effect>
						<target>30-ft.-radius emanation</target>
						<saveinfo>Will negates (harmless)</saveinfo>
						<school>
							<school>Necromancy</school>
							<subschool></subschool>
							<descriptor></descriptor>
							<fullschool>Necromancy</fullschool>
						</school>
						<source>
							<source>Paizo Inc. - Advanced Player&#39;s Guide, p.233</source>
							<sourcelevel>Clr3</sourcelevel>
							<sourcelink>http://paizo.com/pathfinderRPG/prd/advanced/spells/napStack.html#_nap-stack-</sourcelink>
							<sourcepage>p.233</sourcepage>
							<sourceshort>APG</sourceshort>
						</source>
						<spell_resistance>Yes (harmless)</spell_resistance>
						<description>Subjects only need 2 hours for a night&#39;s sleep, and can sleep even longer for more benefits.</description>
						<bonusspell></bonusspell>
				</spell>
				<spell>
						<name>Obscure Object</name>
						<outputname>Obscure Object</outputname>
						<times_memorized>1</times_memorized>
						<range>Touch</range>
						<components>V, S, M/DF</components>
						<castingtime>1 standard action</castingtime>
						<casterlevel>5</casterlevel>
						<concentration>+9</concentration>
						<dc>17</dc>
						<duration>8 hours [D]</duration>
						<effect>This spell hides an object from location by divination [scrying] effects, such as the scrying spell or a crystal ball.</effect>
						<target>One object touched of up to 500 lbs.</target>
						<saveinfo>Will negates (object)</saveinfo>
						<school>
							<school>Abjuration</school>
							<subschool></subschool>
							<descriptor></descriptor>
							<fullschool>Abjuration</fullschool>
						</school>
						<source>
							<source>Paizo Inc. - Core Rulebook, p.317</source>
							<sourcelevel>Clr3</sourcelevel>
							<sourcelink>http://paizo.com/pathfinderRPG/prd/spells/obscureObject.html#_obscure-object</sourcelink>
							<sourcepage>p.317</sourcepage>
							<sourceshort>CR</sourceshort>
						</source>
						<spell_resistance>Yes (object)</spell_resistance>
						<description>This spell hides an object from location by divination [scrying] effects, such as the scrying spell or a crystal ball.</description>
						<bonusspell></bonusspell>
				</spell>
				<spell>
						<name>Prayer</name>
						<outputname>Prayer</outputname>
						<times_memorized>1</times_memorized>
						<range>40 ft.</range>
						<components>V, S, DF</components>
						<castingtime>1 standard action</castingtime>
						<casterlevel>5</casterlevel>
						<concentration>+9</concentration>
						<dc></dc>
						<duration>5 rounds</duration>
						<effect>You bring special favor upon yourself and your allies while bringing disfavor to your enemies.</effect>
						<target>All allies and foes within a 40-ft.-radius burst centered on you</target>
						<saveinfo>None</saveinfo>
						<school>
							<school>Enchantment</school>
							<subschool>Compulsion</subschool>
							<descriptor>Mind-Affecting</descriptor>
							<fullschool>Enchantment (Compulsion) [Mind-Affecting]</fullschool>
						</school>
						<source>
							<source>Paizo Inc. - Core Rulebook, p.324</source>
							<sourcelevel>Clr3</sourcelevel>
							<sourcelink>http://paizo.com/pathfinderRPG/prd/spells/prayer.html#_prayer</sourcelink>
							<sourcepage>p.324</sourcepage>
							<sourceshort>CR</sourceshort>
						</source>
						<spell_resistance>Yes</spell_resistance>
						<description>You bring special favor upon yourself and your allies while bringing disfavor to your enemies.</description>
						<bonusspell></bonusspell>
				</spell>
				<spell>
						<name>Project Weakness</name>
						<outputname>Project Weakness</outputname>
						<times_memorized>1</times_memorized>
						<range>Touch</range>
						<components>V,S</components>
						<castingtime>1 standard action</castingtime>
						<casterlevel>5</casterlevel>
						<concentration>+9</concentration>
						<dc>17</dc>
						<duration>Permanent</duration>
						<effect>You curse the target with the weaknesses of your kind of vampirism. The creature reacts to garlic, mirrors, ringing bells, sunlight, and so on as if it were a vampire of the same type as you. This cannot kill the target; anything that would kill it [such as a lengthy exposure to sunlight if you are a moroi vampire] renders it helpless until the curse or the harmful effect is removed.</effect>
						<target>Living creature touched</target>
						<saveinfo>Will negates</saveinfo>
						<school>
							<school>Necromancy</school>
							<subschool></subschool>
							<descriptor>Evil, Curse</descriptor>
							<fullschool>Necromancy [Evil, Curse]</fullschool>
						</school>
						<source>
							<source>Paizo Inc. - Pathfinder Player Companion: Blood of the Night, p.30</source>
							<sourcelevel>Clr3</sourcelevel>
							<sourcelink></sourcelink>
							<sourcepage>p.30</sourcepage>
							<sourceshort>BOTN</sourceshort>
						</source>
						<spell_resistance>Yes</spell_resistance>
						<description>You curse the target with the weaknesses of your kind of vampirism. The creature reacts to garlic, mirrors, ringing bells, sunlight, and so on as if it were a vampire of the same type as you. This cannot kill the target; anything that would kill it (such as a lengthy exposure to sunlight if you are a moroi vampire) renders it helpless until the curse or the harmful effect is removed.</description>
						<bonusspell></bonusspell>
				</spell>
				<spell>
						<name>Protection from Energy</name>
						<outputname>Protection from Energy</outputname>
						<times_memorized>1</times_memorized>
						<range>Touch</range>
						<components>V, S, DF</components>
						<castingtime>1 standard action</castingtime>
						<casterlevel>5</casterlevel>
						<concentration>+9</concentration>
						<dc>17</dc>
						<duration>50 minutes or until discharged</duration>
						<effect>Protection from energy grants temporary immunity to the type of energy you specify when you cast it.</effect>
						<target>Creature touched</target>
						<saveinfo>Fortitude negates (harmless)</saveinfo>
						<school>
							<school>Abjuration, AirSchool, EarthSchool, FireSchool, WaterSchool</school>
							<subschool></subschool>
							<descriptor></descriptor>
							<fullschool>Abjuration, AirSchool, EarthSchool, FireSchool, WaterSchool</fullschool>
						</school>
						<source>
							<source>Paizo Inc. - Core Rulebook, p.327</source>
							<sourcelevel>Clr3</sourcelevel>
							<sourcelink>http://paizo.com/pathfinderRPG/prd/spells/protectionFromEnergy.html#_protection-from-energy</sourcelink>
							<sourcepage>p.327</sourcepage>
							<sourceshort>CR</sourceshort>
						</source>
						<spell_resistance>Yes (harmless)</spell_resistance>
						<description>Protection from energy grants temporary immunity to the type of energy you specify when you cast it.</description>
						<bonusspell></bonusspell>
				</spell>
				<spell>
						<name>Remove Blindness/Deafness</name>
						<outputname>Remove Blindness/Deafness</outputname>
						<times_memorized>1</times_memorized>
						<range>Touch</range>
						<components>V, S</components>
						<castingtime>1 standard action</castingtime>
						<casterlevel>5</casterlevel>
						<concentration>+9</concentration>
						<dc>17</dc>
						<duration>Instantaneous</duration>
						<effect>Remove blindness/deafness cures blindness or deafness.</effect>
						<target>Creature touched</target>
						<saveinfo>Fortitude negates (harmless)</saveinfo>
						<school>
							<school>Conjuration</school>
							<subschool>Healing</subschool>
							<descriptor></descriptor>
							<fullschool>Conjuration (Healing)</fullschool>
						</school>
						<source>
							<source>Paizo Inc. - Core Rulebook, p.332</source>
							<sourcelevel>Clr3</sourcelevel>
							<sourcelink>http://paizo.com/pathfinderRPG/prd/spells/removeBlindnessDeafness.html#_remove-blindness-deafness</sourcelink>
							<sourcepage>p.332</sourcepage>
							<sourceshort>CR</sourceshort>
						</source>
						<spell_resistance>Yes (harmless)</spell_resistance>
						<description>Remove blindness/deafness cures blindness or deafness.</description>
						<bonusspell></bonusspell>
				</spell>
				<spell>
						<name>Remove Curse</name>
						<outputname>Remove Curse</outputname>
						<times_memorized>1</times_memorized>
						<range>Touch</range>
						<components>V, S</components>
						<castingtime>1 standard action</castingtime>
						<casterlevel>5</casterlevel>
						<concentration>+9</concentration>
						<dc>17</dc>
						<duration>Instantaneous</duration>
						<effect>Remove curse can remove all curses on an object or a creature.</effect>
						<target>Creature or object touched</target>
						<saveinfo>Will negates (harmless)</saveinfo>
						<school>
							<school>Abjuration</school>
							<subschool></subschool>
							<descriptor></descriptor>
							<fullschool>Abjuration</fullschool>
						</school>
						<source>
							<source>Paizo Inc. - Core Rulebook, p.332</source>
							<sourcelevel>Clr3</sourcelevel>
							<sourcelink>http://paizo.com/pathfinderRPG/prd/spells/removeCurse.html#_remove-curse</sourcelink>
							<sourcepage>p.332</sourcepage>
							<sourceshort>CR</sourceshort>
						</source>
						<spell_resistance>Yes (harmless)</spell_resistance>
						<description>Remove curse can remove all curses on an object or a creature.</description>
						<bonusspell></bonusspell>
				</spell>
				<spell>
						<name>Remove Disease</name>
						<outputname>Remove Disease</outputname>
						<times_memorized>1</times_memorized>
						<range>Touch</range>
						<components>V, S</components>
						<castingtime>1 standard action</castingtime>
						<casterlevel>5</casterlevel>
						<concentration>+9</concentration>
						<dc>17</dc>
						<duration>Instantaneous</duration>
						<effect>Remove disease can cure all diseases from which the subject is suffering.</effect>
						<target>Creature touched</target>
						<saveinfo>Fortitude negates (harmless)</saveinfo>
						<school>
							<school>Conjuration</school>
							<subschool>Healing</subschool>
							<descriptor></descriptor>
							<fullschool>Conjuration (Healing)</fullschool>
						</school>
						<source>
							<source>Paizo Inc. - Core Rulebook, p.332</source>
							<sourcelevel>Clr3</sourcelevel>
							<sourcelink>http://paizo.com/pathfinderRPG/prd/spells/removeDisease.html#_remove-disease</sourcelink>
							<sourcepage>p.332</sourcepage>
							<sourceshort>CR</sourceshort>
						</source>
						<spell_resistance>Yes (harmless)</spell_resistance>
						<description>Remove disease can cure all diseases from which the subject is suffering.</description>
						<bonusspell></bonusspell>
				</spell>
				<spell>
						<name>Resist Energy (Communal)</name>
						<outputname>Resist Energy (Communal)</outputname>
						<times_memorized>1</times_memorized>
						<range>Touch</range>
						<components>V, S, DF</components>
						<castingtime>1 standard action</castingtime>
						<casterlevel>5</casterlevel>
						<concentration>+9</concentration>
						<dc>17</dc>
						<duration>50 minutes</duration>
						<effect>As resist energy, but you may divide the duration among creatures touched.</effect>
						<target>creatures touched</target>
						<saveinfo>Fortitude negates (harmless)</saveinfo>
						<school>
							<school>Abjuration</school>
							<subschool></subschool>
							<descriptor></descriptor>
							<fullschool>Abjuration</fullschool>
						</school>
						<source>
							<source>Paizo Inc. - Ultimate Combat, p.242</source>
							<sourcelevel>Clr3</sourcelevel>
							<sourcelink>http://paizo.com/pathfinderRPG/prd/ultimateCombat/spells/resistEnergy.html#_resist-energy,-communal</sourcelink>
							<sourcepage>p.242</sourcepage>
							<sourceshort>UC</sourceshort>
						</source>
						<spell_resistance>Yes (harmless)</spell_resistance>
						<description>As resist energy, but you may divide the duration among creatures touched.</description>
						<bonusspell></bonusspell>
				</spell>
				<spell>
						<name>Returning Weapon (Communal)</name>
						<outputname>Returning Weapon (Communal)</outputname>
						<times_memorized>1</times_memorized>
						<range>Close (35 ft.)</range>
						<components>V, S</components>
						<castingtime>1 standard action</castingtime>
						<casterlevel>5</casterlevel>
						<concentration>+9</concentration>
						<dc>17</dc>
						<duration>5 minutes</duration>
						<effect>As returning weapon, but you may divide the duration among weapons touched.</effect>
						<target>weapons that can be thrown</target>
						<saveinfo>Will negates (harmless, object)</saveinfo>
						<school>
							<school>Conjuration</school>
							<subschool>Teleportation</subschool>
							<descriptor></descriptor>
							<fullschool>Conjuration (Teleportation)</fullschool>
						</school>
						<source>
							<source>Paizo Inc. - Ultimate Combat, p.243</source>
							<sourcelevel>Clr3</sourcelevel>
							<sourcelink>http://paizo.com/pathfinderRPG/prd/ultimateCombat/spells/returningWeapon.html#_returning-weapon,-communal</sourcelink>
							<sourcepage>p.243</sourcepage>
							<sourceshort>UC</sourceshort>
						</source>
						<spell_resistance>Yes (harmless, object)</spell_resistance>
						<description>As returning weapon, but you may divide the duration among weapons touched.</description>
						<bonusspell></bonusspell>
				</spell>
				<spell>
						<name>Sacred Bond</name>
						<outputname>Sacred Bond</outputname>
						<times_memorized>1</times_memorized>
						<range>Touch; see text</range>
						<components>V, S, F</components>
						<castingtime>1 round</castingtime>
						<casterlevel>5</casterlevel>
						<concentration>+9</concentration>
						<dc>17</dc>
						<duration>50 minutes [D]</duration>
						<effect>Cast touch healing spells from a distance.</effect>
						<target>creature touched</target>
						<saveinfo>Will negates (harmless)</saveinfo>
						<school>
							<school>Conjuration</school>
							<subschool>Healing</subschool>
							<descriptor></descriptor>
							<fullschool>Conjuration (Healing)</fullschool>
						</school>
						<source>
							<source>Paizo Inc. - Advanced Player&#39;s Guide, p.240</source>
							<sourcelevel>Clr3</sourcelevel>
							<sourcelink>http://paizo.com/pathfinderRPG/prd/advanced/spells/sacredBond.html#_sacred-bond</sourcelink>
							<sourcepage>p.240</sourcepage>
							<sourceshort>APG</sourceshort>
						</source>
						<spell_resistance>Yes (harmless)</spell_resistance>
						<description>Cast touch healing spells from a distance.</description>
						<bonusspell></bonusspell>
				</spell>
				<spell>
						<name>Sand Whirlwind</name>
						<outputname>Sand Whirlwind</outputname>
						<times_memorized>1</times_memorized>
						<range>medium (150 ft.)</range>
						<components>V, S, M</components>
						<castingtime>1 standard action</castingtime>
						<casterlevel>5</casterlevel>
						<concentration>+9</concentration>
						<dc>17</dc>
						<duration>1 round/level</duration>
						<effect>A whirling cloud of sand strikes the target, blinding it and hampering its ability to speak. To speak while affected by the spell, the target must make a Concentration check [DC equal to the DC of this spell]. If the target tries to cast a spell, the Concentration DC increases by the level of the spell being cast. A successful Will save negates the blindness but not the speechhampering effect.</effect>
						<target>one creature</target>
						<saveinfo>Will negates (blinding only)</saveinfo>
						<school>
							<school>Conjuration</school>
							<subschool>Creation</subschool>
							<descriptor></descriptor>
							<fullschool>Conjuration (Creation)</fullschool>
						</school>
						<source>
							<source>Paizo Inc. - Pathfinder Companion: Taldor, Echoes of Glory, p.25</source>
							<sourcelevel>Clr3</sourcelevel>
							<sourcelink></sourcelink>
							<sourcepage>p.25</sourcepage>
							<sourceshort>TEOG</sourceshort>
						</source>
						<spell_resistance>no</spell_resistance>
						<description>A whirling cloud of sand strikes the target, blinding it and hampering its ability to speak. To speak while affected by the spell, the target must make a Concentration check (DC equal to the DC of this spell). If the target tries to cast a spell, the Concentration DC increases by the level of the spell being cast. A successful Will save negates the blindness but not the speechhampering effect.</description>
						<bonusspell></bonusspell>
				</spell>
				<spell>
						<name>Sands of Time</name>
						<outputname>Sands of Time</outputname>
						<times_memorized>1</times_memorized>
						<range>Touch</range>
						<components>V, S</components>
						<castingtime>1 standard action</castingtime>
						<casterlevel>5</casterlevel>
						<concentration>+9</concentration>
						<dc></dc>
						<duration>50 minutes or instantaneous [See text]</duration>
						<effect>Target temporarily ages.</effect>
						<target>Touched creature or object</target>
						<saveinfo>None</saveinfo>
						<school>
							<school>Necromancy</school>
							<subschool></subschool>
							<descriptor></descriptor>
							<fullschool>Necromancy</fullschool>
						</school>
						<source>
							<source>Paizo Inc. - Ultimate Magic, p.236</source>
							<sourcelevel>Clr3</sourcelevel>
							<sourcelink>http://paizo.com/pathfinderRPG/prd/ultimateMagic/spells/sandsOfTime.html#_sands-of-time</sourcelink>
							<sourcepage>p.236</sourcepage>
							<sourceshort>UM</sourceshort>
						</source>
						<spell_resistance>Yes</spell_resistance>
						<description>Target temporarily ages.</description>
						<bonusspell></bonusspell>
				</spell>
				<spell>
						<name>Screaming Flames</name>
						<outputname>Screaming Flames</outputname>
						<times_memorized>1</times_memorized>
						<range>Close (35 ft.)</range>
						<components>V,S,M/DF</components>
						<castingtime>1 standard action</castingtime>
						<casterlevel>5</casterlevel>
						<concentration>+9</concentration>
						<dc>17</dc>
						<duration>Instantaneous</duration>
						<effect>Send forth a wave of flames screaming with the agony of the damned.</effect>
						<target>A sheet of flame up to 15 ft. long and 10 ft. high that moves 15 ft. in a straight line.</target>
						<saveinfo>Reflex half and Will negates (see text)</saveinfo>
						<school>
							<school>Evocation</school>
							<subschool></subschool>
							<descriptor>Evil, Fire, Mind-Affecting</descriptor>
							<fullschool>Evocation [Evil, Fire, Mind-Affecting]</fullschool>
						</school>
						<source>
							<source>Paizo Inc. - Horror Adventures, p.126</source>
							<sourcelevel>Clr3</sourcelevel>
							<sourcelink>http://aonprd.com/SpellDisplay.aspx?ItemName=Screaming%20Flames</sourcelink>
							<sourcepage>p.126</sourcepage>
							<sourceshort>HA</sourceshort>
						</source>
						<spell_resistance>Yes</spell_resistance>
						<description>Send forth a wave of flames screaming with the agony of the damned.</description>
						<bonusspell></bonusspell>
				</spell>
				<spell>
						<name>Searing Light</name>
						<outputname>Searing Light</outputname>
						<times_memorized>1</times_memorized>
						<range>Medium (150 ft.)</range>
						<components>V, S</components>
						<castingtime>1 standard action</castingtime>
						<casterlevel>5</casterlevel>
						<concentration>+9</concentration>
						<dc></dc>
						<duration>Instantaneous</duration>
						<effect>Focusing divine power like a ray of the sun, you project a blast of light from your open palm dealing 2d8 points of damage.</effect>
						<target>Ray</target>
						<saveinfo>None</saveinfo>
						<school>
							<school>Evocation</school>
							<subschool></subschool>
							<descriptor></descriptor>
							<fullschool>Evocation</fullschool>
						</school>
						<source>
							<source>Paizo Inc. - Core Rulebook, p.338</source>
							<sourcelevel>Clr3</sourcelevel>
							<sourcelink>http://paizo.com/pathfinderRPG/prd/spells/searingLight.html#_searing-light</sourcelink>
							<sourcepage>p.338</sourcepage>
							<sourceshort>CR</sourceshort>
						</source>
						<spell_resistance>Yes</spell_resistance>
						<description>Focusing divine power like a ray of the sun, you project a blast of light from your open palm dealing (min(5,floor(CASTERLEVEL/2)))d8 points of damage.</description>
						<bonusspell></bonusspell>
				</spell>
				<spell>
						<name>Second Wind</name>
						<outputname>Second Wind</outputname>
						<times_memorized>1</times_memorized>
						<range>Personal</range>
						<components>V</components>
						<castingtime>1 swift action or immediate action; see text</castingtime>
						<casterlevel>5</casterlevel>
						<concentration>+9</concentration>
						<dc></dc>
						<duration>Instantaneous</duration>
						<effect>You heal 2d8+5 points of damage.</effect>
						<target>You</target>
						<saveinfo></saveinfo>
						<school>
							<school>Conjuration, AirSchool</school>
							<subschool>Healing</subschool>
							<descriptor>Air</descriptor>
							<fullschool>Conjuration, AirSchool (Healing) [Air]</fullschool>
						</school>
						<source>
							<source>Paizo Inc. - Pathfinder Player Companion: Elemental Master&#39;s Handbook, p.18</source>
							<sourcelevel>Clr3</sourcelevel>
							<sourcelink></sourcelink>
							<sourcepage>p.18</sourcepage>
							<sourceshort>EMH</sourceshort>
						</source>
						<spell_resistance></spell_resistance>
						<description>You heal 2d8+5 points of damage.</description>
						<bonusspell></bonusspell>
				</spell>
				<spell>
						<name>Shadowmind</name>
						<outputname>Shadowmind</outputname>
						<times_memorized>1</times_memorized>
						<range>Medium (150 ft.)</range>
						<components>V,S,M</components>
						<castingtime>1 standard action</castingtime>
						<casterlevel>5</casterlevel>
						<concentration>+9</concentration>
						<dc>17</dc>
						<duration>5 minutes</duration>
						<effect>You dim your targets&#39; perceptions of light and shadow, convincing them the space they occupy is dark. Each creature that fails its save perceives the world around it as one light level darker than its true illumination level. The spell does not change the light level outside of the targets&#39; perception, and does not create magical darkness. However, the spell creates an illusion of darkness rather than actual darkness, so low-light and darkvision don&#39;t allow a target to see in the conditions created by the spell. Even targets that see normally through magical darkness suffer a loss of vision from this spell.</effect>
						<target>Up to 5 creatures, no two of which can be more than 30 ft. apart</target>
						<saveinfo>Will negates</saveinfo>
						<school>
							<school>Illusion</school>
							<subschool>Phantasm</subschool>
							<descriptor></descriptor>
							<fullschool>Illusion (Phantasm)</fullschool>
						</school>
						<source>
							<source>Paizo Inc. - Pathfinder Player Companion: Blood of Shadows, p.16</source>
							<sourcelevel>Clr3</sourcelevel>
							<sourcelink></sourcelink>
							<sourcepage>p.16</sourcepage>
							<sourceshort>BOS</sourceshort>
						</source>
						<spell_resistance>Yes</spell_resistance>
						<description>You dim your targets&#39; perceptions of light and shadow, convincing them the space they occupy is dark. Each creature that fails its save perceives the world around it as one light level darker than its true illumination level. The spell does not change the light level outside of the targets&#39; perception, and does not create magical darkness. However, the spell creates an illusion of darkness rather than actual darkness, so low-light and darkvision don&#39;t allow a target to see in the conditions created by the spell. Even targets that see normally through magical darkness suffer a loss of vision from this spell.</description>
						<bonusspell></bonusspell>
				</spell>
				<spell>
						<name>Share Language (Communal)</name>
						<outputname>Share Language (Communal)</outputname>
						<times_memorized>1</times_memorized>
						<range>Touch</range>
						<components>V, S, M</components>
						<castingtime>1 standard action</castingtime>
						<casterlevel>5</casterlevel>
						<concentration>+9</concentration>
						<dc>17</dc>
						<duration>24 hours</duration>
						<effect></effect>
						<target>creatures touched</target>
						<saveinfo>Will negates (harmless)</saveinfo>
						<school>
							<school>Divination</school>
							<subschool></subschool>
							<descriptor></descriptor>
							<fullschool>Divination</fullschool>
						</school>
						<source>
							<source>Paizo Inc. - Ultimate Combat, p.243</source>
							<sourcelevel>Clr3</sourcelevel>
							<sourcelink>http://paizo.com/pathfinderRPG/prd/ultimateCombat/spells/shareLanguage.html#_share-language,-communal</sourcelink>
							<sourcepage>p.243</sourcepage>
							<sourceshort>UC</sourceshort>
						</source>
						<spell_resistance>Yes (harmless)</spell_resistance>
						<description></description>
						<bonusspell></bonusspell>
				</spell>
				<spell>
						<name>Shield of Darkness</name>
						<outputname>Shield of Darkness</outputname>
						<times_memorized>1</times_memorized>
						<range>Personal</range>
						<components>V</components>
						<castingtime>1 standard action</castingtime>
						<casterlevel>5</casterlevel>
						<concentration>+9</concentration>
						<dc></dc>
						<duration>5 rounds [D]</duration>
						<effect>You shield yourself with darkness, reducing the illumination level in your space to magical darkness and granting you total concealment. Your opponents are automatically aware of which squares you occupy, preventing you from attempting Stealth checks using this concealment unless every square adjacent to you has an illumination level of darkness or lower. Shield of darkness does not hinder your vision, and creatures that can see in magical darkness ignore this effect.</effect>
						<target>You</target>
						<saveinfo></saveinfo>
						<school>
							<school>Evocation</school>
							<subschool></subschool>
							<descriptor>Darkness, Shadow</descriptor>
							<fullschool>Evocation [Darkness, Shadow]</fullschool>
						</school>
						<source>
							<source>Paizo Inc. - Pathfinder Player Companion: Blood of Shadows, p.29</source>
							<sourcelevel>Clr3</sourcelevel>
							<sourcelink></sourcelink>
							<sourcepage>p.29</sourcepage>
							<sourceshort>BOS</sourceshort>
						</source>
						<spell_resistance></spell_resistance>
						<description>You shield yourself with darkness, reducing the illumination level in your space to magical darkness and granting you total concealment. Your opponents are automatically aware of which squares you occupy, preventing you from attempting Stealth checks using this concealment unless every square adjacent to you has an illumination level of darkness or lower. Shield of darkness does not hinder your vision, and creatures that can see in magical darkness ignore this effect.</description>
						<bonusspell></bonusspell>
				</spell>
				<spell>
						<name>Sky Swim</name>
						<outputname>Sky Swim</outputname>
						<times_memorized>1</times_memorized>
						<range>Touch</range>
						<components>V, S, DF</components>
						<castingtime>1 standard action</castingtime>
						<casterlevel>5</casterlevel>
						<concentration>+9</concentration>
						<dc></dc>
						<duration>5 minutes</duration>
						<effect>Grants the target the ability to swim through the air.</effect>
						<target>Creature touched [Large or smaller]</target>
						<saveinfo>None</saveinfo>
						<school>
							<school>Transmutation</school>
							<subschool></subschool>
							<descriptor>Air</descriptor>
							<fullschool>Transmutation [Air]</fullschool>
						</school>
						<source>
							<source>Paizo Inc. - Pathfinder Player Companion: Faiths of Balance, p.28</source>
							<sourcelevel>Clr3</sourcelevel>
							<sourcelink></sourcelink>
							<sourcepage>p.28</sourcepage>
							<sourceshort>FOB</sourceshort>
						</source>
						<spell_resistance>Yes (harmless)</spell_resistance>
						<description>Grants the target the ability to swim through the air.</description>
						<bonusspell></bonusspell>
				</spell>
				<spell>
						<name>Speak with Dead</name>
						<outputname>Speak with Dead</outputname>
						<times_memorized>1</times_memorized>
						<range>10 ft.</range>
						<components>V, S, DF</components>
						<castingtime>10 minutes</castingtime>
						<casterlevel>5</casterlevel>
						<concentration>+9</concentration>
						<dc>17</dc>
						<duration>5 minutes</duration>
						<effect>You grant the semblance of life to a corpse, allowing it to answer questions.</effect>
						<target>One dead creature</target>
						<saveinfo>Will negates; see text</saveinfo>
						<school>
							<school>Necromancy</school>
							<subschool></subschool>
							<descriptor>Language-Dependent</descriptor>
							<fullschool>Necromancy [Language-Dependent]</fullschool>
						</school>
						<source>
							<source>Paizo Inc. - Core Rulebook, p.346</source>
							<sourcelevel>Clr3</sourcelevel>
							<sourcelink>http://paizo.com/pathfinderRPG/prd/spells/speakWithDead.html#_speak-with-dead</sourcelink>
							<sourcepage>p.346</sourcepage>
							<sourceshort>CR</sourceshort>
						</source>
						<spell_resistance>No</spell_resistance>
						<description>You grant the semblance of life to a corpse, allowing it to answer questions.</description>
						<bonusspell></bonusspell>
				</spell>
				<spell>
						<name>Spellcurse</name>
						<outputname>Spellcurse</outputname>
						<times_memorized>1</times_memorized>
						<range>Medium (150 ft.)</range>
						<components>V,S,M</components>
						<castingtime>1 standard action</castingtime>
						<casterlevel>5</casterlevel>
						<concentration>+9</concentration>
						<dc>17</dc>
						<duration>Instantaneous</duration>
						<effect>You disrupt any spell energy affecting your target, causing that energy to crackle with power and harm the target. The target takes 1d6 points of damage for each spell with a duration of 1 round or greater currently affecting it. The spells themselves are not dispelled or modified. [Material Components] a fragment of a destroyed magical item</effect>
						<target>One creature</target>
						<saveinfo>Will half</saveinfo>
						<school>
							<school>Necromancy</school>
							<subschool></subschool>
							<descriptor>Curse</descriptor>
							<fullschool>Necromancy [Curse]</fullschool>
						</school>
						<source>
							<source>Paizo Inc. - Magic Tactics Toolbox, p.6</source>
							<sourcelevel>Clr3</sourcelevel>
							<sourcelink></sourcelink>
							<sourcepage>p.6</sourcepage>
							<sourceshort>MagTT</sourceshort>
						</source>
						<spell_resistance>Yes</spell_resistance>
						<description>You disrupt any spell energy affecting your target, causing that energy to crackle with power and harm the target. The target takes 1d6 points of damage for each spell with a duration of 1 round or greater currently affecting it. The spells themselves are not dispelled or modified. [Material Components] a fragment of a destroyed magical item</description>
						<bonusspell></bonusspell>
				</spell>
				<spell>
						<name>Spotlight</name>
						<outputname>Spotlight</outputname>
						<times_memorized>1</times_memorized>
						<range>Long (600 ft.)</range>
						<components>V,S</components>
						<castingtime>1 standard action</castingtime>
						<casterlevel>5</casterlevel>
						<concentration>+9</concentration>
						<dc>17</dc>
						<duration>5 minutes [D]</duration>
						<effect>You create a mobile area of bright light centered on one target while simultaneously suppressing other light sources surrounding it. The light level in the target&#39;s space increases to bright light, causing the target to take any penalties that it would normally take in bright light. In addition, all mundane light sources [and magic light sources of 3rd spell level or lower] within 20 feet of the target&#39;s space are suppressed, shedding no light as long as they remain within this spell&#39;s affected area and reverting the area normally affected by those light sources to their unmodified illumination levels. The effects of spotlight are centered on the target and move as the target does. As a result, the target takes a -20 penalty on all Stealth checks for the spell&#39;s duration and cannot benefit from concealment normally provided by darkness, as though illuminated with faerie fire. If the target succeeds at its Reflex save, the spotlight is created in the target&#39;s square but does not move with the target, and it hinders the Stealth checks only of creatures within that square.</effect>
						<target>One creature</target>
						<saveinfo>Fortitude partial</saveinfo>
						<school>
							<school>Evocation</school>
							<subschool></subschool>
							<descriptor>Darkness, Light</descriptor>
							<fullschool>Evocation [Darkness, Light]</fullschool>
						</school>
						<source>
							<source>Paizo Inc. - Pathfinder Player Companion: Blood of Shadows, p.29</source>
							<sourcelevel>Clr3</sourcelevel>
							<sourcelink></sourcelink>
							<sourcepage>p.29</sourcepage>
							<sourceshort>BOS</sourceshort>
						</source>
						<spell_resistance>Yes</spell_resistance>
						<description>You create a mobile area of bright light centered on one target while simultaneously suppressing other light sources surrounding it. The light level in the target&#39;s space increases to bright light, causing the target to take any penalties that it would normally take in bright light. In addition, all mundane light sources (and magic light sources of 3rd spell level or lower) within 20 feet of the target&#39;s space are suppressed, shedding no light as long as they remain within this spell&#39;s affected area and reverting the area normally affected by those light sources to their unmodified illumination levels. The effects of spotlight are centered on the target and move as the target does. As a result, the target takes a -20 penalty on all Stealth checks for the spell&#39;s duration and cannot benefit from concealment normally provided by darkness, as though illuminated with faerie fire. If the target succeeds at its Reflex save, the spotlight is created in the target&#39;s square but does not move with the target, and it hinders the Stealth checks only of creatures within that square.</description>
						<bonusspell></bonusspell>
				</spell>
				<spell>
						<name>Steal Years</name>
						<outputname>Steal Years</outputname>
						<times_memorized>1</times_memorized>
						<range>Touch</range>
						<components>V,S,M</components>
						<castingtime>1 standard action</castingtime>
						<casterlevel>5</casterlevel>
						<concentration>+9</concentration>
						<dc>17</dc>
						<duration>24 hours</duration>
						<effect>You temporarily drain youth and vitality from the target and channel it into yourself. If the target fails its Fortitude save, it physically ages 5d4 years, and you decrease your age by the same number of years. If this changes the age category of you or the target, only adjust physical ability scores. When the spell ends, the sudden weight of aging makes you fatigued for 1d4 hours.</effect>
						<target>Creature touched</target>
						<saveinfo>Fortitude negates</saveinfo>
						<school>
							<school>Transmutation</school>
							<subschool></subschool>
							<descriptor></descriptor>
							<fullschool>Transmutation</fullschool>
						</school>
						<source>
							<source>Paizo Inc. - Pathfinder Player Companion: Blood of the Night, p.30</source>
							<sourcelevel>Clr3</sourcelevel>
							<sourcelink></sourcelink>
							<sourcepage>p.30</sourcepage>
							<sourceshort>BOTN</sourceshort>
						</source>
						<spell_resistance>Yes</spell_resistance>
						<description>You temporarily drain youth and vitality from the target and channel it into yourself. If the target fails its Fortitude save, it physically ages 5d4 years, and you decrease your age by the same number of years. If this changes the age category of you or the target, only adjust physical ability scores. When the spell ends, the sudden weight of aging makes you fatigued for 1d4 hours.</description>
						<bonusspell></bonusspell>
				</spell>
				<spell>
						<name>Stone Shape</name>
						<outputname>Stone Shape</outputname>
						<times_memorized>1</times_memorized>
						<range>Touch</range>
						<components>V, S, M/DF</components>
						<castingtime>1 standard action</castingtime>
						<casterlevel>5</casterlevel>
						<concentration>+9</concentration>
						<dc></dc>
						<duration>Instantaneous</duration>
						<effect>You can form an existing piece of stone into any shape that suits your purpose.</effect>
						<target>Stone or stone object touched, up to 15 cu. ft.</target>
						<saveinfo>None</saveinfo>
						<school>
							<school>Transmutation, EarthSchool</school>
							<subschool></subschool>
							<descriptor>Earth</descriptor>
							<fullschool>Transmutation, EarthSchool [Earth]</fullschool>
						</school>
						<source>
							<source>Paizo Inc. - Core Rulebook, p.349</source>
							<sourcelevel>Clr3</sourcelevel>
							<sourcelink>http://paizo.com/pathfinderRPG/prd/spells/stoneShape.html#_stone-shape</sourcelink>
							<sourcepage>p.349</sourcepage>
							<sourceshort>CR</sourceshort>
						</source>
						<spell_resistance>No</spell_resistance>
						<description>You can form an existing piece of stone into any shape that suits your purpose.</description>
						<bonusspell></bonusspell>
				</spell>
				<spell>
						<name>Stunning Barrier (Greater)</name>
						<outputname>Stunning Barrier (Greater)</outputname>
						<times_memorized>1</times_memorized>
						<range>Personal</range>
						<components>V, S</components>
						<castingtime>1 standard action</castingtime>
						<casterlevel>5</casterlevel>
						<concentration>+9</concentration>
						<dc>17</dc>
						<duration>5 rounds or until discharged</duration>
						<effect>Magical field grants a +2 bonus to AC and on saves, and stuns multiple creatures attacking you.</effect>
						<target>you</target>
						<saveinfo>none and Will negates (see text)</saveinfo>
						<school>
							<school>Abjuration</school>
							<subschool></subschool>
							<descriptor></descriptor>
							<fullschool>Abjuration</fullschool>
						</school>
						<source>
							<source>Paizo Inc. - Advanced Class Guide, p.195</source>
							<sourcelevel>Clr3</sourcelevel>
							<sourcelink>http://paizo.com/pathfinderRPG/prd/advancedClassGuide/spells/stunningBarrier.html</sourcelink>
							<sourcepage>p.195</sourcepage>
							<sourceshort>ACG</sourceshort>
						</source>
						<spell_resistance>no and yes (see text)</spell_resistance>
						<description>Magical field grants a +2 bonus to AC and on saves, and stuns multiple creatures attacking you.</description>
						<bonusspell></bonusspell>
				</spell>
				<spell>
						<name>Summon Monster III</name>
						<outputname>Summon Monster III</outputname>
						<times_memorized>1</times_memorized>
						<range>Close (35 ft.)</range>
						<components>V, S, F/DF</components>
						<castingtime>1 round</castingtime>
						<casterlevel>5</casterlevel>
						<concentration>+9</concentration>
						<dc></dc>
						<duration>5 rounds [D]</duration>
						<effect>This spell functions like summon monster I, except that you can  summon one creature from the 3rd-level list, 1d3 creatures of the same kind from the 2nd-level list, or 1d4+1 creatures of the same kind from the 1st-level list.</effect>
						<target>One summoned creature</target>
						<saveinfo>None</saveinfo>
						<school>
							<school>Conjuration</school>
							<subschool>Summoning</subschool>
							<descriptor></descriptor>
							<fullschool>Conjuration (Summoning)</fullschool>
						</school>
						<source>
							<source>Paizo Inc. - Core Rulebook, p.352</source>
							<sourcelevel>Clr3</sourcelevel>
							<sourcelink>http://paizo.com/pathfinderRPG/prd/spells/summonMonster.html#_summon-monster-iii</sourcelink>
							<sourcepage>p.352</sourcepage>
							<sourceshort>CR</sourceshort>
						</source>
						<spell_resistance>No</spell_resistance>
						<description>This spell functions like summon monster I, except that you can  summon one creature from the 3rd-level list, 1d3 creatures of the same kind from the 2nd-level list, or 1d4+1 creatures of the same kind from the 1st-level list.</description>
						<bonusspell></bonusspell>
				</spell>
				<spell>
						<name>Symbol of Exsanguination</name>
						<outputname>Symbol of Exsanguination</outputname>
						<times_memorized>1</times_memorized>
						<range>0 ft.; see text</range>
						<components>V,S,M</components>
						<castingtime>10 minutes</castingtime>
						<casterlevel>5</casterlevel>
						<concentration>+9</concentration>
						<dc>17</dc>
						<duration>50 minutes</duration>
						<effect>Triggered rune causes nearby creatures to bleed.</effect>
						<target>One symbol</target>
						<saveinfo>Fortitude negates</saveinfo>
						<school>
							<school>Necromancy</school>
							<subschool></subschool>
							<descriptor>Evil</descriptor>
							<fullschool>Necromancy [Evil]</fullschool>
						</school>
						<source>
							<source>Paizo Inc. - Horror Adventures, p.129</source>
							<sourcelevel>Clr3</sourcelevel>
							<sourcelink>http://aonprd.com/SpellDisplay.aspx?ItemName=Symbol%20of%20Exsanguination</sourcelink>
							<sourcepage>p.129</sourcepage>
							<sourceshort>HA</sourceshort>
						</source>
						<spell_resistance>Yes</spell_resistance>
						<description>Triggered rune causes nearby creatures to bleed.</description>
						<bonusspell></bonusspell>
				</spell>
				<spell>
						<name>Symbol of Healing</name>
						<outputname>Symbol of Healing</outputname>
						<times_memorized>1</times_memorized>
						<range>0 ft.; see text</range>
						<components>V, S, M</components>
						<castingtime>10 minutes</castingtime>
						<casterlevel>5</casterlevel>
						<concentration>+9</concentration>
						<dc>17</dc>
						<duration>See text</duration>
						<effect>Triggered rune heals living creatures.</effect>
						<target>One symbol</target>
						<saveinfo>Will half (harmless)</saveinfo>
						<school>
							<school>Conjuration</school>
							<subschool>Healing</subschool>
							<descriptor></descriptor>
							<fullschool>Conjuration (Healing)</fullschool>
						</school>
						<source>
							<source>Paizo Inc. - Ultimate Magic, p.241</source>
							<sourcelevel>Clr3</sourcelevel>
							<sourcelink>http://paizo.com/pathfinderRPG/prd/ultimateMagic/spells/symbolOfHealing.html#_symbol-of-healing</sourcelink>
							<sourcepage>p.241</sourcepage>
							<sourceshort>UM</sourceshort>
						</source>
						<spell_resistance>Yes (harmless)</spell_resistance>
						<description>Triggered rune heals living creatures.</description>
						<bonusspell></bonusspell>
				</spell>
				<spell>
						<name>Transfer Regeneration</name>
						<outputname>Transfer Regeneration</outputname>
						<times_memorized>1</times_memorized>
						<range>Close (35 ft.)</range>
						<components>V,S</components>
						<castingtime>1 standard action</castingtime>
						<casterlevel>5</casterlevel>
						<concentration>+9</concentration>
						<dc></dc>
						<duration>1 minute</duration>
						<effect>You bestow your regenerative abilities on the target. Your regeneration stops functioning for the duration of the spell, and the target gains your regeneration. For example, if you have regeneration 5 [acid or fire], your target gains regeneration 5 [acid or fire]. This regeneration overlaps [does not stack] with any regeneration the creature already has, including other castings of this spell. This spell has no effect if you don&#39;t have the regeneration ability or your regeneration isn&#39;t functioning when you cast the spell.</effect>
						<target>1 willing living creature</target>
						<saveinfo>None</saveinfo>
						<school>
							<school>Transmutation</school>
							<subschool></subschool>
							<descriptor></descriptor>
							<fullschool>Transmutation</fullschool>
						</school>
						<source>
							<source>Paizo Inc. - Monster Codex, 225</source>
							<sourcelevel>Clr3</sourcelevel>
							<sourcelink></sourcelink>
							<sourcepage>225</sourcepage>
							<sourceshort>MC</sourceshort>
						</source>
						<spell_resistance>No</spell_resistance>
						<description>You bestow your regenerative abilities on the target. Your regeneration stops functioning for the duration of the spell, and the target gains your regeneration. For example, if you have regeneration 5 (acid or fire), your target gains regeneration 5 (acid or fire). This regeneration overlaps (does not stack) with any regeneration the creature already has, including other castings of this spell. This spell has no effect if you don&#39;t have the regeneration ability or your regeneration isn&#39;t functioning when you cast the spell.</description>
						<bonusspell></bonusspell>
				</spell>
				<spell>
						<name>Trial by Fire</name>
						<outputname>Trial by Fire</outputname>
						<times_memorized>1</times_memorized>
						<range>Touch</range>
						<components>V,S,DF</components>
						<castingtime>1 standard action</castingtime>
						<casterlevel>5</casterlevel>
						<concentration>+9</concentration>
						<dc></dc>
						<duration>Instantaneous</duration>
						<effect>You test a creature&#39;s purity of convictions by exposing it to a sheet of divine fire. Unless the target&#39;s alignment is within one step of your deity&#39;s, the spell deals 2d6 points of damage. Half the damage is fire damage, but the other half results directly from divine power and is therefore not subject to being reduced by resistance to fire-based attacks. Additionally, if the target has an element of its alignment that is in direct opposition to your deity&#39;s [chaos opposes law and evil opposes good], you can also attempt an Intimidate check to demoralize the target as a free action.</effect>
						<target>Creature touched</target>
						<saveinfo>None</saveinfo>
						<school>
							<school>Evocation</school>
							<subschool></subschool>
							<descriptor>Fire</descriptor>
							<fullschool>Evocation [Fire]</fullschool>
						</school>
						<source>
							<source>Paizo Inc. - Pathfinder Player Companion: Spymaster&#39;s Handbook, p.22</source>
							<sourcelevel>Clr3</sourcelevel>
							<sourcelink></sourcelink>
							<sourcepage>p.22</sourcepage>
							<sourceshort>SMH</sourceshort>
						</source>
						<spell_resistance>Yes</spell_resistance>
						<description>You test a creature&#39;s purity of convictions by exposing it to a sheet of divine fire. Unless the target&#39;s alignment is within one step of your deity&#39;s, the spell deals (min(5,CASTERLEVEL/2))d6 points of damage. Half the damage is fire damage, but the other half results directly from divine power and is therefore not subject to being reduced by resistance to fire-based attacks. Additionally, if the target has an element of its alignment that is in direct opposition to your deity&#39;s (chaos opposes law and evil opposes good), you can also attempt an Intimidate check to demoralize the target as a free action.</description>
						<bonusspell></bonusspell>
				</spell>
				<spell>
						<name>Trial of Fire and Acid</name>
						<outputname>Trial of Fire and Acid</outputname>
						<times_memorized>1</times_memorized>
						<range>Touch</range>
						<components>V,S</components>
						<castingtime>1 standard action</castingtime>
						<casterlevel>5</casterlevel>
						<concentration>+9</concentration>
						<dc>17</dc>
						<duration>5 rounds</duration>
						<effect>The target creature is covered in burning acid that deals 1d6 points of acid damage and 1d6 points of fire damage each round. The subject can attempt a Fortitude saving throw each round to reduce the damage by half. Dousing the target in water ends the effect [both the acid and the fire], but rolling on the ground does not extinguish the fire or affect the acid.</effect>
						<target>Creature touched</target>
						<saveinfo>Fortitude half (see text)</saveinfo>
						<school>
							<school>Evocation</school>
							<subschool></subschool>
							<descriptor>Acid, Fire</descriptor>
							<fullschool>Evocation [Acid, Fire]</fullschool>
						</school>
						<source>
							<source>Paizo Inc. - Monster Codex, 225</source>
							<sourcelevel>Clr3</sourcelevel>
							<sourcelink></sourcelink>
							<sourcepage>225</sourcepage>
							<sourceshort>MC</sourceshort>
						</source>
						<spell_resistance>No</spell_resistance>
						<description>The target creature is covered in burning acid that deals 1d6 points of acid damage and 1d6 points of fire damage each round. The subject can attempt a Fortitude saving throw each round to reduce the damage by half. Dousing the target in water ends the effect (both the acid and the fire), but rolling on the ground does not extinguish the fire or affect the acid.</description>
						<bonusspell></bonusspell>
				</spell>
				<spell>
						<name>Vampiric Hunger</name>
						<outputname>Vampiric Hunger</outputname>
						<times_memorized>1</times_memorized>
						<range>Touch</range>
						<components>V, S</components>
						<castingtime>1 round</castingtime>
						<casterlevel>5</casterlevel>
						<concentration>+9</concentration>
						<dc>17</dc>
						<duration>5 minutes</duration>
						<effect>Target grows fangs of a vampire, as well as a thirst for blood.</effect>
						<target>One creature</target>
						<saveinfo>Will negates</saveinfo>
						<school>
							<school>Necromancy</school>
							<subschool>Polymorph</subschool>
							<descriptor>Evil</descriptor>
							<fullschool>Necromancy (Polymorph) [Evil]</fullschool>
						</school>
						<source>
							<source>Paizo Inc. - Pathfinder Player Companion: Faiths of Corruption, p.29</source>
							<sourcelevel>Clr3</sourcelevel>
							<sourcelink></sourcelink>
							<sourcepage>p.29</sourcepage>
							<sourceshort>FOC</sourceshort>
						</source>
						<spell_resistance>Yes</spell_resistance>
						<description>Target grows fangs of a vampire, as well as a thirst for blood.</description>
						<bonusspell></bonusspell>
				</spell>
				<spell>
						<name>Vision of Hell</name>
						<outputname>Vision of Hell</outputname>
						<times_memorized>1</times_memorized>
						<range>Medium (150 ft.)</range>
						<components>V, M</components>
						<castingtime>1 standard action</castingtime>
						<casterlevel>5</casterlevel>
						<concentration>+9</concentration>
						<dc>17</dc>
						<duration>5 minutes [D]</duration>
						<effect>Illusory hellscape makes creatures shaken.</effect>
						<target>50-ft. radius emanation</target>
						<saveinfo>Will negates</saveinfo>
						<school>
							<school>Illusion</school>
							<subschool>Glamer</subschool>
							<descriptor>Evil, Fear</descriptor>
							<fullschool>Illusion (Glamer) [Evil, Fear]</fullschool>
						</school>
						<source>
							<source>Paizo Inc. - Ultimate Magic, p.248</source>
							<sourcelevel>Clr3</sourcelevel>
							<sourcelink>http://paizo.com/pathfinderRPG/prd/ultimateMagic/spells/visionOfHell.html#_vision-of-hell</sourcelink>
							<sourcepage>p.248</sourcepage>
							<sourceshort>UM</sourceshort>
						</source>
						<spell_resistance>No</spell_resistance>
						<description>Illusory hellscape makes creatures shaken.</description>
						<bonusspell></bonusspell>
				</spell>
				<spell>
						<name>Voluminous Vocabulary</name>
						<outputname>Voluminous Vocabulary</outputname>
						<times_memorized>1</times_memorized>
						<range>Touch</range>
						<components>V,S,M</components>
						<castingtime>1 standard action</castingtime>
						<casterlevel>5</casterlevel>
						<concentration>+9</concentration>
						<dc>17</dc>
						<duration>8 hours [D]</duration>
						<effect>Grant ability to speak, read, and write one or more languages for 8 hours.</effect>
						<target>Creature touched</target>
						<saveinfo>Will negates (harmless)</saveinfo>
						<school>
							<school>Divination</school>
							<subschool></subschool>
							<descriptor></descriptor>
							<fullschool>Divination</fullschool>
						</school>
						<source>
							<source>Paizo Inc. - Ultimate Intrigue, p.229</source>
							<sourcelevel>Clr3</sourcelevel>
							<sourcelink>http://aonprd.com/SpellDisplay.aspx?ItemName=Voluminous Vocabulary</sourcelink>
							<sourcepage>p.229</sourcepage>
							<sourceshort>UI</sourceshort>
						</source>
						<spell_resistance>Yes (harmless)</spell_resistance>
						<description>Grant ability to speak, read, and write one or more languages for 8 hours.</description>
						<bonusspell></bonusspell>
				</spell>
				<spell>
						<name>Wall of Split Illumination</name>
						<outputname>Wall of Split Illumination</outputname>
						<times_memorized>1</times_memorized>
						<range>Medium (150 ft.)</range>
						<components>V,S</components>
						<castingtime>1 standard action</castingtime>
						<casterlevel>5</casterlevel>
						<concentration>+9</concentration>
						<dc></dc>
						<duration>5 minutes [D]</duration>
						<effect>An immobile curtain of illumination springs into existence. When created, one side of the wall [designated by you] radiates bright light to a range of 60 feet away from that side while the other side radiates darkness to an equal distance. This effect alters the illumination level by up to two steps toward either bright light [the light side] or darkness [the dark side]. The wall also obstructs vision through it, regardless of which side of the wall the viewer is on.</effect>
						<target>10-ft.-high vertical sheet of illumination up to 25 ft. long</target>
						<saveinfo>None</saveinfo>
						<school>
							<school>Evocation</school>
							<subschool></subschool>
							<descriptor>Darkness, Light</descriptor>
							<fullschool>Evocation [Darkness, Light]</fullschool>
						</school>
						<source>
							<source>Paizo Inc. - Pathfinder Player Companion: Blood of Shadows, p.29</source>
							<sourcelevel>Clr3</sourcelevel>
							<sourcelink></sourcelink>
							<sourcepage>p.29</sourcepage>
							<sourceshort>BOS</sourceshort>
						</source>
						<spell_resistance>No</spell_resistance>
						<description>An immobile curtain of illumination springs into existence. When created, one side of the wall (designated by you) radiates bright light to a range of 60 feet away from that side while the other side radiates darkness to an equal distance. This effect alters the illumination level by up to two steps toward either bright light (the light side) or darkness (the dark side). The wall also obstructs vision through it, regardless of which side of the wall the viewer is on.</description>
						<bonusspell></bonusspell>
				</spell>
				<spell>
						<name>Water Breathing</name>
						<outputname>Water Breathing</outputname>
						<times_memorized>1</times_memorized>
						<range>Touch</range>
						<components>V, S, M/DF</components>
						<castingtime>1 standard action</castingtime>
						<casterlevel>5</casterlevel>
						<concentration>+9</concentration>
						<dc>17</dc>
						<duration>10 hours; see text</duration>
						<effect>The transmuted creatures can breathe water freely.</effect>
						<target>Living creatures touched</target>
						<saveinfo>Will negates (harmless)</saveinfo>
						<school>
							<school>Transmutation, WaterSchool</school>
							<subschool></subschool>
							<descriptor></descriptor>
							<fullschool>Transmutation, WaterSchool</fullschool>
						</school>
						<source>
							<source>Paizo Inc. - Core Rulebook, p.368</source>
							<sourcelevel>Clr3</sourcelevel>
							<sourcelink>http://paizo.com/pathfinderRPG/prd/spells/waterBreathing.html#_water-breathing</sourcelink>
							<sourcepage>p.368</sourcepage>
							<sourceshort>CR</sourceshort>
						</source>
						<spell_resistance>Yes (harmless)</spell_resistance>
						<description>The transmuted creatures can breathe water freely.</description>
						<bonusspell></bonusspell>
				</spell>
				<spell>
						<name>Water Walk</name>
						<outputname>Water Walk</outputname>
						<times_memorized>1</times_memorized>
						<range>Touch</range>
						<components>V, S, DF</components>
						<castingtime>1 standard action</castingtime>
						<casterlevel>5</casterlevel>
						<concentration>+9</concentration>
						<dc>17</dc>
						<duration>50 minutes [D]</duration>
						<effect>The transmuted creatures can tread on any liquid as if it were firm ground.</effect>
						<target>5 touched creatures</target>
						<saveinfo>Will negates (harmless)</saveinfo>
						<school>
							<school>Transmutation</school>
							<subschool></subschool>
							<descriptor>Water</descriptor>
							<fullschool>Transmutation [Water]</fullschool>
						</school>
						<source>
							<source>Paizo Inc. - Core Rulebook, p.368</source>
							<sourcelevel>Clr3</sourcelevel>
							<sourcelink>http://paizo.com/pathfinderRPG/prd/spells/waterWalk.html#_water-walk</sourcelink>
							<sourcepage>p.368</sourcepage>
							<sourceshort>CR</sourceshort>
						</source>
						<spell_resistance>Yes (harmless)</spell_resistance>
						<description>The transmuted creatures can tread on any liquid as if it were firm ground.</description>
						<bonusspell></bonusspell>
				</spell>
				<spell>
						<name>Waters of Lamashtu</name>
						<outputname>Waters of Lamashtu</outputname>
						<times_memorized>1</times_memorized>
						<range>Close (35 ft.)</range>
						<components>V, S, M</components>
						<castingtime>1 standard action</castingtime>
						<casterlevel>5</casterlevel>
						<concentration>+9</concentration>
						<dc>17</dc>
						<duration>Instantaneous</duration>
						<effect>Generate one dose of apparent clear, pure water that is foul secretion that functions as unholy water. In addition, affected creatures are sickened for 1d4 rounds and [on failed save] take 1d6 Intelligence and 1d6 Dexterity damage.</effect>
						<target>Up to 2 drafts of the waters of Lamashtu</target>
						<saveinfo>Fortitude partial</saveinfo>
						<school>
							<school>Conjuration</school>
							<subschool>Creation</subschool>
							<descriptor></descriptor>
							<fullschool>Conjuration (Creation)</fullschool>
						</school>
						<source>
							<source>Paizo Inc. - Inner Sea World Guide, p.297</source>
							<sourcelevel>Clr3</sourcelevel>
							<sourcelink></sourcelink>
							<sourcepage>p.297</sourcepage>
							<sourceshort>ISWG</sourceshort>
						</source>
						<spell_resistance>No</spell_resistance>
						<description>Generate one dose of apparent clear, pure water that is foul secretion that functions as unholy water. In addition, affected creatures are sickened for 1d4 rounds and [on failed save] take 1d6 Intelligence and 1d6 Dexterity damage.</description>
						<bonusspell></bonusspell>
				</spell>
				<spell>
						<name>Wind Wall</name>
						<outputname>Wind Wall</outputname>
						<times_memorized>1</times_memorized>
						<range>Medium (150 ft.)</range>
						<components>V, S, M/DF</components>
						<castingtime>1 standard action</castingtime>
						<casterlevel>5</casterlevel>
						<concentration>+9</concentration>
						<dc>17</dc>
						<duration>5 rounds</duration>
						<effect>An invisible vertical curtain of wind appears.</effect>
						<target>Wall up to 50 ft. long and 25 ft. high [S]</target>
						<saveinfo>None; see text</saveinfo>
						<school>
							<school>Evocation, AirSchool</school>
							<subschool></subschool>
							<descriptor>Air, WoodSchool</descriptor>
							<fullschool>Evocation, AirSchool [Air, WoodSchool]</fullschool>
						</school>
						<source>
							<source>Paizo Inc. - Core Rulebook, p.370</source>
							<sourcelevel>Clr3</sourcelevel>
							<sourcelink>http://paizo.com/pathfinderRPG/prd/spells/windWall.html#_wind-wall</sourcelink>
							<sourcepage>p.370</sourcepage>
							<sourceshort>CR</sourceshort>
						</source>
						<spell_resistance>Yes</spell_resistance>
						<description>An invisible vertical curtain of wind appears.</description>
						<bonusspell></bonusspell>
				</spell>
				<spell>
						<name>Wood Meld (as Meld into Stone but only with wood)</name>
						<outputname>Wood Meld (as Meld into Stone but only with wood)</outputname>
						<times_memorized>1</times_memorized>
						<range>Personal</range>
						<components>V, S, DF</components>
						<castingtime>1 standard action</castingtime>
						<casterlevel>5</casterlevel>
						<concentration>+9</concentration>
						<dc></dc>
						<duration>50 minutes</duration>
						<effect>Meld into stone enables you to meld your body and possessions into a single block of stone.</effect>
						<target>You</target>
						<saveinfo></saveinfo>
						<school>
							<school>Transmutation</school>
							<subschool></subschool>
							<descriptor>Earth</descriptor>
							<fullschool>Transmutation [Earth]</fullschool>
						</school>
						<source>
							<source>Paizo Inc. - Core Rulebook, p.312</source>
							<sourcelevel>Clr3</sourcelevel>
							<sourcelink>http://paizo.com/pathfinderRPG/prd/spells/meldIntoStone.html#_meld-into-stone</sourcelink>
							<sourcepage>p.312</sourcepage>
							<sourceshort>CR</sourceshort>
						</source>
						<spell_resistance></spell_resistance>
						<description>Meld into stone enables you to meld your body and possessions into a single block of stone.</description>
						<bonusspell></bonusspell>
				</spell>
				<spell>
						<name>Wrathful Mantle</name>
						<outputname>Wrathful Mantle</outputname>
						<times_memorized>1</times_memorized>
						<range>Touch or 5 ft.; see text</range>
						<components>V, S, DF</components>
						<castingtime>1 standard action</castingtime>
						<casterlevel>5</casterlevel>
						<concentration>+9</concentration>
						<dc>17</dc>
						<duration>5 minutes</duration>
						<effect>Subject shines and gets 1 on all saves.</effect>
						<target>creature touched or all creatures within 5 ft.; see text</target>
						<saveinfo>Will negates (harmless)</saveinfo>
						<school>
							<school>Evocation</school>
							<subschool></subschool>
							<descriptor>Force, Light</descriptor>
							<fullschool>Evocation [Force, Light]</fullschool>
						</school>
						<source>
							<source>Paizo Inc. - Advanced Player&#39;s Guide, p.257</source>
							<sourcelevel>Clr3</sourcelevel>
							<sourcelink>http://paizo.com/pathfinderRPG/prd/advanced/spells/wrathfulMantle.html#_wrathful-mantle</sourcelink>
							<sourcepage>p.257</sourcepage>
							<sourceshort>APG</sourceshort>
						</source>
						<spell_resistance>Yes (harmless)</spell_resistance>
						<description>Subject shines and gets (CASTERLEVEL/4) on all saves.</description>
						<bonusspell></bonusspell>
				</spell>
			</level>
			<level number="4" known="0" cast="0">
			</level>
			<level number="5" known="0" cast="0">
			</level>
			<level number="6" known="0" cast="0">
			</level>
			<level number="7" known="0" cast="0">
			</level>
			<level number="8" known="0" cast="0">
			</level>
			<level number="9" known="0" cast="0">
			</level>
		</class>
	</known_spells>
		<!-- ### END Known spells ### -->

		<!-- ### BEGIN memorized spells ### -->
	<memorized_spells/>
	<!-- ### END class Spellbook memorized spells ### -->
	</spells>
	<!-- ### Additional House Rules for Variables in the xsl:fo code ### -->
	<house_var>
		<spelldisplaydc>0.0</spelldisplaydc>
		<OldStyleAbilityStatBlockDisplay>0.0</OldStyleAbilityStatBlockDisplay>
	</house_var>
</character>
