<?xml version="1.0" encoding="UTF-8"?>
<!--
-->
<character>
	<export>
		<date>X</date>
		<time>X</time>
		<version>6.09.08.RC1</version>
		<paperinfo>
			<name>A4</name>
			<height>297mm</height>
			<width>210mm</width>
			<margins>
				<top>10mm</top>
				<bottom>15mm</bottom>
				<left>10mm</left>
				<right>10mm</right>
			</margins>
		</paperinfo>
		<directories>
			<pcgen>X</pcgen>
			<templates>X</templates>
			<pcg>X</pcg>
			<html>X</html>
			<temp>X</temp>
		</directories>
		<invalidtext>
			<tohit>N/A</tohit>
			<damage>N/A</damage>
		</invalidtext>
	</export>
	<unit_set>
		<name>Imperial</name>
		<height_unit>ftin</height_unit>
		<distance_unit> ft.</distance_unit>
		<weight_unit> lbs.</weight_unit>
	</unit_set>
	<!--
	  ====================================
	  ====================================
			BIO
	  ====================================
	  ====================================-->
	<basics>
		<bonuses></bonuses>
		<bonuses></bonuses>
		<bonuses></bonuses>
		<bonuses></bonuses>
		<name>Corpus Inquisitor5</name>
		<followerof></followerof>
		<playername></playername>
		<charactertype>PC</charactertype>
		<hero_points>0</hero_points>
		<age>0</age>
		<alignment>
			<long>None</long>
			<short>None</short>
		</alignment>
		<archetypes>
		</archetypes>
		<bab>+3</bab>
		<bio></bio>
		<birthday></birthday>
		<birthplace></birthplace>
		<catchphrase></catchphrase>
		<classes>
			<class>
				<name>Inquisitor</name>
				<abbreviation>Inq</abbreviation>
				<level>5</level>
				<bonuslist>Inquisitor</bonuslist>
				<sequence>0</sequence>
				<sequence_shortform>Inq5</sequence_shortform>
			</class>
			<levels_total>5</levels_total>
			<levels_ecl>5</levels_ecl>
			<!-- shortform below should be removed - it can be derived from class info above -->
			<shortform>Inq5</shortform>
			<!-- CLASSLIST is not extracted because we can derive it from the information above -->
		</classes>
		<deity>
			<name>None</name>
			<alignment></alignment>
			<description>None</description>
			<domainlist>Aeon Subdomain, Agathion Subdomain, Air, Ancestors Subdomain, Animal, Aquatic, Arcane Subdomain, Archon Subdomain (Good), Archon Subdomain (Law), Arctic, Aristocracy Subdomain, Artifice, Ash Subdomain, Azata Subdomain (Chaos), Azata Subdomain (Good), Badlands, Battle (Spirit), Blood Subdomain, Bones (Spirit), Cannibalism Subdomain, Catastrophe Subdomain, Cave, Caves Subdomain, Chaos, Charm, Cloud Subdomain, Community, Construct Subdomain, Cooperation Subdomain, Corruption Subdomain, Crocodile, Curse Subdomain, Daemon Subdomain, Dark Tapestry Subdomain, Darkness, Day Subdomain, Death, Death (Pharasma), Decay Subdomain, Deception Subdomain, Defense Subdomain, Demodand Subdomain (Chaos), Demodand Subdomain (Evil), Demon Subdomain (Chaos), Demon Subdomain (Evil), Desert, Destruction, Devil Subdomain (Evil), Devil Subdomain (Law), Divine Subdomain, Dragon Subdomain, Eagle, Earth, Erosion, Evil, Exploration Subdomain, Family Subdomain, Fate Subdomain, Feather Subdomain, Ferocity Subdomain, Fire, Fist Subdomain, Flame (Spirit), Flowing Subdomain, Freedom Subdomain, Frog, Fur Subdomain, Glory, Good, Greed Subdomain, Growth Subdomain, Hatred Subdomain, Healing, Heavens (Spirit), Heroism Subdomain, Home Subdomain, Honor Subdomain, Ice Subdomain, Imagination Subdomain, Inevitable Subdomain, Innuendo Subdomain, Insanity Subdomain, Isolation Subdomain, Judgment Subdomain, Jungle, Knowledge, Kyton Subdomain (Evil), Kyton Subdomain (Law), Language Subdomain, Law, Leadership Subdomain, Leshy Subdomain, Liberation, Life (Spirit), Light Subdomain, Lore (Spirit), Loss Subdomain, Love Subdomain, Luck, Lust Subdomain, Madness, Magic, Martyr Subdomain, Memory Subdomain, Metal Subdomain, Monkey, Mountain, Murder Subdomain, Nature (Spirit), Night Subdomain, Nightmare Subdomain, Nobility, Oceans Subdomain, Panther, Plains, Plant, Protean Subdomain, Protection, Psychopomp Subdomain (Death), Psychopomp Subdomain (Repose), Purity Subdomain, Rage Subdomain, Redemption Subdomain, Repose, Resolve Subdomain, Restoration Subdomain, Resurrection Subdomain, Revelation Subdomain, Revelry Subdomain, Revolution Subdomain, Rune, Saurian Subdomain, Scalykind, Seasons Subdomain, Serpent, Shadow Subdomain (Darkness), Shadow Subdomain (Death), Smoke Subdomain, Solitude Subdomain, Souls (Pharasma) Subdomain, Souls Subdomain, Stars Subdomain, Stone (Spirit), Storms Subdomain, Strength, Sun, Swamp, Tactics Subdomain, Thievery Subdomain, Thought Subdomain, Toil Subdomain, Trade Subdomain, Travel, Trickery, Undead Subdomain, Venom Subdomain, Vermin, Void, Vulture, War, Wards Subdomain, Water, Waves (Spirit), Weather, Wind (Spirit), Wind Subdomain, Wolf</domainlist>
			<favoredweapon></favoredweapon>
			<holyitem>None</holyitem>
			<pantheonlist></pantheonlist>
			<source>Paizo Inc. - Core Rulebook</source>
			<special_abilities></special_abilities>
			<appearance></appearance>
			<title></title>
			<worshippers></worshippers>
		</deity>
		<description></description>
		<experience>
			<current>15000</current>
			<next_level>23000</next_level>
			<factor>100%</factor>
			<penalty>0%</penalty>
		</experience>
		<eyes>
			<color></color>
		</eyes>
		<hair>
			<color></color>
			<length></length>
		</hair>
		<skin>
			<color></color>
		</skin>
		<cr>4</cr>
		<face>
			<face>5 ft. by 5 ft.</face>
			<short>5 ft.</short>
			<squares>1 x 1</squares>
		</face>
		<favoredlist></favoredlist>
		<followerlist></followerlist>
		<gender>
			<long>Male</long>
			<short>Male</short>
		</gender>
		<handed>Right</handed>
		<height>
			<total>0&#39; 0&quot;</total>
			<feet>0</feet>
			<inches>0</inches>
		</height>
		<hitdice>(5d8)+15</hitdice>
		<image>file:C:\Users\USER\Documents\PCGen\characters/Corpus Inquisitor5.jpg</image>
		<interests></interests>
		<languages>
			<language>Common</language>
			<language>Dwarven</language>
			<language></language>
			<all>Common, Dwarven</all>
		</languages>
		<location></location>
		<move>
			<move>
				<name>Walk</name>
				<rate>20 ft.</rate>
				<squares>4</squares>
			</move>
			<all>Walk 20 ft.</all>
		</move>
		<personality>
			<trait></trait>
			<trait></trait>
		</personality>
		<portrait>
			<portrait></portrait>
			<portrait_thumb></portrait_thumb>
		</portrait>
		<phobias></phobias>
			<race>Dwarf</race>
		<race>
			<racetype>Humanoid</racetype>
		</race>
		<reach>
			<reach>5 ft.</reach>
			<squares>1</squares>
		</reach>
		<region>Absalom</region>
		<reputation>0</reputation>
		<residence></residence>
		<size>
			<long>Medium</long>
			<short>M</short>
		</size>
		<speechtendency></speechtendency>
		<type>Humanoid</type>
		<vision>
			<vision>Darkvision (60 ft.)</vision>
			<all>Darkvision (60 ft.)</all>
		</vision>
		<wealth>0</wealth>
		<gold>4,885</gold>
		<weight>
			<weight_unit>0 lbs.</weight_unit>
			<weight_nounit>0</weight_nounit>
		</weight>
		<poolpoints>
			<cost>0</cost>
			<current>0</current>
		</poolpoints>
		<notes>
			<note>
				<name></name>
				<value></value>
			</note>
		</notes>
	</basics>

	<!-- Use ASPECT.NotesSection.x and ASPECT.Notes.y	-->
	<!--
	  ====================================
	  ====================================
			ABILITIES
	  ====================================
	  ====================================-->
	<abilities>
		<ability>
			<name>
				<long>Strength</long>
				<short>STR</short>
			</name>
			<score>15</score>
			<modifier>+2</modifier>
		<!--
		Old BASE tag does not give stats with racial, and other permentant adjustments.
		Use NOTEMP.NOEQUIP instead of BASE gives the correct results.

			<base>15</base>
			<basemod>+2</basemod>
		-->
			<base>15</base>
			<basemod>+2</basemod>

			<noequip>15</noequip>
			<noequip_mod>+2</noequip_mod>
			<no_temp_score>15</no_temp_score>
			<no_temp_modifier>+2</no_temp_modifier>
		</ability>
		<ability>
			<name>
				<long>Dexterity</long>
				<short>DEX</short>
			</name>
			<score>10</score>
			<modifier>+0</modifier>
		<!--
		Old BASE tag does not give stats with racial, and other permentant adjustments.
		Use NOTEMP.NOEQUIP instead of BASE gives the correct results.

			<base>10</base>
			<basemod>+0</basemod>
		-->
			<base>10</base>
			<basemod>+0</basemod>

			<noequip>10</noequip>
			<noequip_mod>+0</noequip_mod>
			<no_temp_score>10</no_temp_score>
			<no_temp_modifier>+0</no_temp_modifier>
		</ability>
		<ability>
			<name>
				<long>Constitution</long>
				<short>CON</short>
			</name>
			<score>16</score>
			<modifier>+3</modifier>
		<!--
		Old BASE tag does not give stats with racial, and other permentant adjustments.
		Use NOTEMP.NOEQUIP instead of BASE gives the correct results.

			<base>14</base>
			<basemod>+2</basemod>
		-->
			<base>16</base>
			<basemod>+3</basemod>

			<noequip>16</noequip>
			<noequip_mod>+3</noequip_mod>
			<no_temp_score>16</no_temp_score>
			<no_temp_modifier>+3</no_temp_modifier>
		</ability>
		<ability>
			<name>
				<long>Intelligence</long>
				<short>INT</short>
			</name>
			<score>10</score>
			<modifier>+0</modifier>
		<!--
		Old BASE tag does not give stats with racial, and other permentant adjustments.
		Use NOTEMP.NOEQUIP instead of BASE gives the correct results.

			<base>10</base>
			<basemod>+0</basemod>
		-->
			<base>10</base>
			<basemod>+0</basemod>

			<noequip>10</noequip>
			<noequip_mod>+0</noequip_mod>
			<no_temp_score>10</no_temp_score>
			<no_temp_modifier>+0</no_temp_modifier>
		</ability>
		<ability>
			<name>
				<long>Wisdom</long>
				<short>WIS</short>
			</name>
			<score>20</score>
			<modifier>+5</modifier>
		<!--
		Old BASE tag does not give stats with racial, and other permentant adjustments.
		Use NOTEMP.NOEQUIP instead of BASE gives the correct results.

			<base>18</base>
			<basemod>+4</basemod>
		-->
			<base>20</base>
			<basemod>+5</basemod>

			<noequip>20</noequip>
			<noequip_mod>+5</noequip_mod>
			<no_temp_score>20</no_temp_score>
			<no_temp_modifier>+5</no_temp_modifier>
		</ability>
		<ability>
			<name>
				<long>Charisma</long>
				<short>CHA</short>
			</name>
			<score>8</score>
			<modifier>-1</modifier>
		<!--
		Old BASE tag does not give stats with racial, and other permentant adjustments.
		Use NOTEMP.NOEQUIP instead of BASE gives the correct results.

			<base>10</base>
			<basemod>+0</basemod>
		-->
			<base>8</base>
			<basemod>-1</basemod>

			<noequip>8</noequip>
			<noequip_mod>-1</noequip_mod>
			<no_temp_score>8</no_temp_score>
			<no_temp_modifier>-1</no_temp_modifier>
		</ability>
	</abilities>
	<!--
	  ====================================
	  ====================================
			HIT POINTS
	  ====================================
	  ====================================-->
	<hit_points>
		<usealternatedamage>0</usealternatedamage>
		<points>48</points>
		<alternate>32</alternate>
		<die>(5d8)+15</die>
		<die_short>5</die_short>
		<current/>
		<subdual/>
		<damage_reduction></damage_reduction>
		<damage_threshold>0</damage_threshold>
		<history>
			<roll>
				<level>1</level>
				<roll>8</roll>
				<stat>3</stat>
				<total>11</total>
			</roll>
			<roll>
				<level>2</level>
				<roll>5</roll>
				<stat>3</stat>
				<total>8</total>
			</roll>
			<roll>
				<level>3</level>
				<roll>7</roll>
				<stat>3</stat>
				<total>10</total>
			</roll>
			<roll>
				<level>4</level>
				<roll>5</roll>
				<stat>3</stat>
				<total>8</total>
			</roll>
			<roll>
				<level>5</level>
				<roll>8</roll>
				<stat>3</stat>
				<total>11</total>
			</roll>
		</history>
	</hit_points>
	<!--
	  ====================================
	  ====================================
			ARMOR CLASS
	  ====================================
	  ====================================-->
	<armor_class>
		<total>14</total>
		<listing>ARMOR +4, BASE +10</listing>
		<flat>14</flat>
		<touch>10</touch>
		<base>10</base>
		<armor_bonus>4</armor_bonus>
		<shield_bonus>0</shield_bonus>
		<stat_mod>0</stat_mod>
		<size_mod>0</size_mod>
		<natural>0</natural>
		<deflection>0</deflection>
		<dodge>0</dodge>
		<dodge_bonus>0</dodge_bonus>
		<class_bonus>0</class_bonus>
		<misc>0</misc>
		<insight>0</insight>
		<morale>0</morale>
		<sacred>0</sacred>
		<profane>0</profane>
		<miss_chance/>
		<max_dex>+4</max_dex>
		<spell_failure>20</spell_failure>
		<check_penalty>-2</check_penalty>
		<spell_resistance>0</spell_resistance>
	</armor_class>
	<!--
	  ====================================
	  ====================================
			INITIATIVE
	  ====================================
	  ====================================-->
	<initiative>
		<total>+5</total>
		<dex_mod>+0</dex_mod>
		<misc_mod>+5</misc_mod>
		<spell_failure>20</spell_failure>
		<check_penalty>-2</check_penalty>
		<spell_resistance>0</spell_resistance>
		<hero_points>0</hero_points>
	</initiative>
	<!--
	  ====================================
	  ====================================
			SKILLS
	  ====================================
	  ====================================-->
	<skillinfo>
		<conditional_modifiers>
			<skillbonus>
				<description>+2 bonus on Perception skill checks to notice unusual stonework, such as traps and hidden doors located in stone walls or floors.</description>
			</skillbonus>
		</conditional_modifiers>
	</skillinfo>
	<skills>
		<conditional_modifiers>
			<skillbonus>
				<description>+2 bonus on Perception skill checks to notice unusual stonework, such as traps and hidden doors located in stone walls or floors.</description>
			</skillbonus>
		</conditional_modifiers>
		<skillpoints>
			<total>30</total>
			<used>30</used>
			<unused>0</unused>
			<eclipse_total>0</eclipse_total>
		</skillpoints>
		<list_mods>Bluff +7, Climb +8, Craft (Alchemy) +8, Craft (Armor) +8, Craft (Baskets) +8, Craft (Blacksmithing) +8, Intimidate +1, Sense Motive +7</list_mods>
			<max_class_skill_level>5</max_class_skill_level>
		<max_cross_class_skill_level>5.0</max_cross_class_skill_level>
		<skill>
			<name>Acrobatics</name>
			<ranks>0.0</ranks>
			<mod>0<!-- Mods from abilities, equipment, etc -->
			</mod>
			<skill_mod>0</skill_mod>
			<ability_mod>0<!-- Mod from the key ability -->
			</ability_mod>
			<misc_mod>0<!-- This is a calc value of TOTAL-RANK-ABMOD -->
			</misc_mod>
			<ability>DEX</ability>
			<synergy>Acrobatics</synergy>
			<untrained>Y</untrained>
			<exclusive>N</exclusive>
			<trained_total>0</trained_total>
			<exclusive_total>0</exclusive_total>
			<classes></classes>
			<type>Dexterity.ACHECK.Base</type>
		</skill>
		<skill>
			<name>Acrobatics (When Jumping)</name>
			<ranks>0.0</ranks>
			<mod>-4<!-- Mods from abilities, equipment, etc -->
			</mod>
			<skill_mod>-4</skill_mod>
			<ability_mod>0<!-- Mod from the key ability -->
			</ability_mod>
			<misc_mod>-4<!-- This is a calc value of TOTAL-RANK-ABMOD -->
			</misc_mod>
			<ability>DEX</ability>
			<synergy>Acrobatics (When Jumping)</synergy>
			<untrained>Y</untrained>
			<exclusive>N</exclusive>
			<trained_total>-4</trained_total>
			<exclusive_total>-4</exclusive_total>
			<classes></classes>
			<type>Dexterity.ACHECK.Base</type>
		</skill>
		<skill>
			<name>Appraise</name>
			<ranks>0.0</ranks>
			<mod>0<!-- Mods from abilities, equipment, etc -->
			</mod>
			<skill_mod>0</skill_mod>
			<ability_mod>0<!-- Mod from the key ability -->
			</ability_mod>
			<misc_mod>0<!-- This is a calc value of TOTAL-RANK-ABMOD -->
			</misc_mod>
			<ability>INT</ability>
			<synergy>Appraise</synergy>
			<untrained>Y</untrained>
			<exclusive>N</exclusive>
			<trained_total>0</trained_total>
			<exclusive_total>0</exclusive_total>
			<classes></classes>
			<type>Intelligence.Base.Background</type>
		</skill>
		<skill>
			<name>Appraise (to assess nonmagical metals or gemstones)</name>
			<ranks>0.0</ranks>
			<mod>2<!-- Mods from abilities, equipment, etc -->
			</mod>
			<skill_mod>2</skill_mod>
			<ability_mod>0<!-- Mod from the key ability -->
			</ability_mod>
			<misc_mod>2<!-- This is a calc value of TOTAL-RANK-ABMOD -->
			</misc_mod>
			<ability>INT</ability>
			<synergy>Appraise (to assess nonmagical metals or gemstones)</synergy>
			<untrained>Y</untrained>
			<exclusive>N</exclusive>
			<trained_total>2</trained_total>
			<exclusive_total>2</exclusive_total>
			<classes></classes>
			<type>Intelligence.Base.Background</type>
		</skill>
		<skill>
			<name>Bluff</name>
			<ranks>5.0</ranks>
			<mod>2<!-- Mods from abilities, equipment, etc -->
			</mod>
			<skill_mod>7</skill_mod>
			<ability_mod>-1<!-- Mod from the key ability -->
			</ability_mod>
			<misc_mod>3<!-- This is a calc value of TOTAL-RANK-ABMOD -->
			</misc_mod>
			<ability>CHA</ability>
			<synergy>Bluff</synergy>
			<untrained>Y</untrained>
			<exclusive>N</exclusive>
			<trained_total>7</trained_total>
			<exclusive_total>7</exclusive_total>
			<classes>Inquisitor</classes>
			<type>Charisma.Base</type>
		</skill>
		<skill>
			<name>Climb</name>
			<ranks>5.0</ranks>
			<mod>3<!-- Mods from abilities, equipment, etc -->
			</mod>
			<skill_mod>8</skill_mod>
			<ability_mod>2<!-- Mod from the key ability -->
			</ability_mod>
			<misc_mod>1<!-- This is a calc value of TOTAL-RANK-ABMOD -->
			</misc_mod>
			<ability>STR</ability>
			<synergy>Climb</synergy>
			<untrained>Y</untrained>
			<exclusive>N</exclusive>
			<trained_total>8</trained_total>
			<exclusive_total>8</exclusive_total>
			<classes>Inquisitor</classes>
			<type>Strength.ACHECK.Base</type>
		</skill>
		<skill>
			<name>Craft (Alchemy)</name>
			<ranks>5.0</ranks>
			<mod>3<!-- Mods from abilities, equipment, etc -->
			</mod>
			<skill_mod>8</skill_mod>
			<ability_mod>0<!-- Mod from the key ability -->
			</ability_mod>
			<misc_mod>3<!-- This is a calc value of TOTAL-RANK-ABMOD -->
			</misc_mod>
			<ability>INT</ability>
			<synergy>Craft (Alchemy)</synergy>
			<untrained>NO</untrained>
			<exclusive>N</exclusive>
			<trained_total>8</trained_total>
			<exclusive_total>8</exclusive_total>
			<classes>Inquisitor</classes>
			<type>Intelligence.Craft.Base.Background</type>
		</skill>
		<skill>
			<name>Craft (Armor)</name>
			<ranks>5.0</ranks>
			<mod>3<!-- Mods from abilities, equipment, etc -->
			</mod>
			<skill_mod>8</skill_mod>
			<ability_mod>0<!-- Mod from the key ability -->
			</ability_mod>
			<misc_mod>3<!-- This is a calc value of TOTAL-RANK-ABMOD -->
			</misc_mod>
			<ability>INT</ability>
			<synergy>Craft (Armor)</synergy>
			<untrained>NO</untrained>
			<exclusive>N</exclusive>
			<trained_total>8</trained_total>
			<exclusive_total>8</exclusive_total>
			<classes>Inquisitor</classes>
			<type>Intelligence.Craft.Base.Background</type>
		</skill>
		<skill>
			<name>Craft (Baskets)</name>
			<ranks>5.0</ranks>
			<mod>3<!-- Mods from abilities, equipment, etc -->
			</mod>
			<skill_mod>8</skill_mod>
			<ability_mod>0<!-- Mod from the key ability -->
			</ability_mod>
			<misc_mod>3<!-- This is a calc value of TOTAL-RANK-ABMOD -->
			</misc_mod>
			<ability>INT</ability>
			<synergy>Craft (Baskets)</synergy>
			<untrained>NO</untrained>
			<exclusive>N</exclusive>
			<trained_total>8</trained_total>
			<exclusive_total>8</exclusive_total>
			<classes>Inquisitor</classes>
			<type>Intelligence.Craft.Base.Background</type>
		</skill>
		<skill>
			<name>Craft (Blacksmithing)</name>
			<ranks>5.0</ranks>
			<mod>3<!-- Mods from abilities, equipment, etc -->
			</mod>
			<skill_mod>8</skill_mod>
			<ability_mod>0<!-- Mod from the key ability -->
			</ability_mod>
			<misc_mod>3<!-- This is a calc value of TOTAL-RANK-ABMOD -->
			</misc_mod>
			<ability>INT</ability>
			<synergy>Craft (Blacksmithing)</synergy>
			<untrained>NO</untrained>
			<exclusive>N</exclusive>
			<trained_total>8</trained_total>
			<exclusive_total>8</exclusive_total>
			<classes>Inquisitor</classes>
			<type>Intelligence.Craft.Base.Background</type>
		</skill>
		<skill>
			<name>Craft (Untrained)</name>
			<ranks>0.0</ranks>
			<mod>0<!-- Mods from abilities, equipment, etc -->
			</mod>
			<skill_mod>0</skill_mod>
			<ability_mod>0<!-- Mod from the key ability -->
			</ability_mod>
			<misc_mod>0<!-- This is a calc value of TOTAL-RANK-ABMOD -->
			</misc_mod>
			<ability>INT</ability>
			<synergy>Craft (Untrained)</synergy>
			<untrained>Y</untrained>
			<exclusive>N</exclusive>
			<trained_total>0</trained_total>
			<exclusive_total>0</exclusive_total>
			<classes>Inquisitor</classes>
			<type>Intelligence.Craft</type>
		</skill>
		<skill>
			<name>Diplomacy</name>
			<ranks>0.0</ranks>
			<mod>-1<!-- Mods from abilities, equipment, etc -->
			</mod>
			<skill_mod>-1</skill_mod>
			<ability_mod>-1<!-- Mod from the key ability -->
			</ability_mod>
			<misc_mod>0<!-- This is a calc value of TOTAL-RANK-ABMOD -->
			</misc_mod>
			<ability>CHA</ability>
			<synergy>Diplomacy</synergy>
			<untrained>Y</untrained>
			<exclusive>N</exclusive>
			<trained_total>-1</trained_total>
			<exclusive_total>-1</exclusive_total>
			<classes>Inquisitor</classes>
			<type>Charisma.Base</type>
		</skill>
		<skill>
			<name>Disguise</name>
			<ranks>0.0</ranks>
			<mod>-1<!-- Mods from abilities, equipment, etc -->
			</mod>
			<skill_mod>-1</skill_mod>
			<ability_mod>-1<!-- Mod from the key ability -->
			</ability_mod>
			<misc_mod>0<!-- This is a calc value of TOTAL-RANK-ABMOD -->
			</misc_mod>
			<ability>CHA</ability>
			<synergy>Disguise</synergy>
			<untrained>Y</untrained>
			<exclusive>N</exclusive>
			<trained_total>-1</trained_total>
			<exclusive_total>-1</exclusive_total>
			<classes>Inquisitor</classes>
			<type>Charisma.Base</type>
		</skill>
		<skill>
			<name>Escape Artist</name>
			<ranks>0.0</ranks>
			<mod>-2<!-- Mods from abilities, equipment, etc -->
			</mod>
			<skill_mod>-2</skill_mod>
			<ability_mod>0<!-- Mod from the key ability -->
			</ability_mod>
			<misc_mod>-2<!-- This is a calc value of TOTAL-RANK-ABMOD -->
			</misc_mod>
			<ability>DEX</ability>
			<synergy>Escape Artist</synergy>
			<untrained>Y</untrained>
			<exclusive>N</exclusive>
			<trained_total>-2</trained_total>
			<exclusive_total>-2</exclusive_total>
			<classes></classes>
			<type>Dexterity.ACHECK.Base</type>
		</skill>
		<skill>
			<name>Fly</name>
			<ranks>0.0</ranks>
			<mod>0<!-- Mods from abilities, equipment, etc -->
			</mod>
			<skill_mod>0</skill_mod>
			<ability_mod>0<!-- Mod from the key ability -->
			</ability_mod>
			<misc_mod>0<!-- This is a calc value of TOTAL-RANK-ABMOD -->
			</misc_mod>
			<ability>DEX</ability>
			<synergy>Fly</synergy>
			<untrained>Y</untrained>
			<exclusive>N</exclusive>
			<trained_total>0</trained_total>
			<exclusive_total>0</exclusive_total>
			<classes></classes>
			<type>Dexterity.ACHECK.Base</type>
		</skill>
		<skill>
			<name>Heal</name>
			<ranks>0.0</ranks>
			<mod>5<!-- Mods from abilities, equipment, etc -->
			</mod>
			<skill_mod>5</skill_mod>
			<ability_mod>5<!-- Mod from the key ability -->
			</ability_mod>
			<misc_mod>0<!-- This is a calc value of TOTAL-RANK-ABMOD -->
			</misc_mod>
			<ability>WIS</ability>
			<synergy>Heal</synergy>
			<untrained>Y</untrained>
			<exclusive>N</exclusive>
			<trained_total>5</trained_total>
			<exclusive_total>5</exclusive_total>
			<classes>Inquisitor</classes>
			<type>Wisdom.Base</type>
		</skill>
		<skill>
			<name>Intimidate</name>
			<ranks>0.0</ranks>
			<mod>1<!-- Mods from abilities, equipment, etc -->
			</mod>
			<skill_mod>1</skill_mod>
			<ability_mod>-1<!-- Mod from the key ability -->
			</ability_mod>
			<misc_mod>2<!-- This is a calc value of TOTAL-RANK-ABMOD -->
			</misc_mod>
			<ability>CHA</ability>
			<synergy>Intimidate</synergy>
			<untrained>Y</untrained>
			<exclusive>N</exclusive>
			<trained_total>1</trained_total>
			<exclusive_total>1</exclusive_total>
			<classes>Inquisitor</classes>
			<type>Charisma.Base</type>
		</skill>
		<skill>
			<name>Perception</name>
			<ranks>0.0</ranks>
			<mod>5<!-- Mods from abilities, equipment, etc -->
			</mod>
			<skill_mod>5</skill_mod>
			<ability_mod>5<!-- Mod from the key ability -->
			</ability_mod>
			<misc_mod>0<!-- This is a calc value of TOTAL-RANK-ABMOD -->
			</misc_mod>
			<ability>WIS</ability>
			<synergy>Perception</synergy>
			<untrained>Y</untrained>
			<exclusive>N</exclusive>
			<trained_total>5</trained_total>
			<exclusive_total>5</exclusive_total>
			<classes>Inquisitor</classes>
			<type>Wisdom.Base</type>
		</skill>
		<skill>
			<name>Perception (to notice unusual stonework)</name>
			<ranks>0.0</ranks>
			<mod>7<!-- Mods from abilities, equipment, etc -->
			</mod>
			<skill_mod>7</skill_mod>
			<ability_mod>5<!-- Mod from the key ability -->
			</ability_mod>
			<misc_mod>2<!-- This is a calc value of TOTAL-RANK-ABMOD -->
			</misc_mod>
			<ability>WIS</ability>
			<synergy>Perception (to notice unusual stonework)</synergy>
			<untrained>Y</untrained>
			<exclusive>N</exclusive>
			<trained_total>7</trained_total>
			<exclusive_total>7</exclusive_total>
			<classes>Inquisitor</classes>
			<type>Wisdom.Base</type>
		</skill>
		<skill>
			<name>Perform (Untrained)</name>
			<ranks>0.0</ranks>
			<mod>-1<!-- Mods from abilities, equipment, etc -->
			</mod>
			<skill_mod>-1</skill_mod>
			<ability_mod>-1<!-- Mod from the key ability -->
			</ability_mod>
			<misc_mod>0<!-- This is a calc value of TOTAL-RANK-ABMOD -->
			</misc_mod>
			<ability>CHA</ability>
			<synergy>Perform (Untrained)</synergy>
			<untrained>Y</untrained>
			<exclusive>N</exclusive>
			<trained_total>-1</trained_total>
			<exclusive_total>-1</exclusive_total>
			<classes></classes>
			<type>Charisma.Perform.Background</type>
		</skill>
		<skill>
			<name>Ride</name>
			<ranks>0.0</ranks>
			<mod>-2<!-- Mods from abilities, equipment, etc -->
			</mod>
			<skill_mod>-2</skill_mod>
			<ability_mod>0<!-- Mod from the key ability -->
			</ability_mod>
			<misc_mod>-2<!-- This is a calc value of TOTAL-RANK-ABMOD -->
			</misc_mod>
			<ability>DEX</ability>
			<synergy>Ride</synergy>
			<untrained>Y</untrained>
			<exclusive>N</exclusive>
			<trained_total>-2</trained_total>
			<exclusive_total>-2</exclusive_total>
			<classes>Inquisitor</classes>
			<type>Dexterity.ACHECK.Base</type>
		</skill>
		<skill>
			<name>Sense Motive</name>
			<ranks>0.0</ranks>
			<mod>7<!-- Mods from abilities, equipment, etc -->
			</mod>
			<skill_mod>7</skill_mod>
			<ability_mod>5<!-- Mod from the key ability -->
			</ability_mod>
			<misc_mod>2<!-- This is a calc value of TOTAL-RANK-ABMOD -->
			</misc_mod>
			<ability>WIS</ability>
			<synergy>Sense Motive</synergy>
			<untrained>Y</untrained>
			<exclusive>N</exclusive>
			<trained_total>7</trained_total>
			<exclusive_total>7</exclusive_total>
			<classes>Inquisitor</classes>
			<type>Wisdom.Base</type>
		</skill>
		<skill>
			<name>Stealth</name>
			<ranks>0.0</ranks>
			<mod>-2<!-- Mods from abilities, equipment, etc -->
			</mod>
			<skill_mod>-2</skill_mod>
			<ability_mod>0<!-- Mod from the key ability -->
			</ability_mod>
			<misc_mod>-2<!-- This is a calc value of TOTAL-RANK-ABMOD -->
			</misc_mod>
			<ability>DEX</ability>
			<synergy>Stealth</synergy>
			<untrained>Y</untrained>
			<exclusive>N</exclusive>
			<trained_total>-2</trained_total>
			<exclusive_total>-2</exclusive_total>
			<classes>Inquisitor</classes>
			<type>Dexterity.ACHECK.Base</type>
		</skill>
		<skill>
			<name>Survival</name>
			<ranks>0.0</ranks>
			<mod>5<!-- Mods from abilities, equipment, etc -->
			</mod>
			<skill_mod>5</skill_mod>
			<ability_mod>5<!-- Mod from the key ability -->
			</ability_mod>
			<misc_mod>0<!-- This is a calc value of TOTAL-RANK-ABMOD -->
			</misc_mod>
			<ability>WIS</ability>
			<synergy>Survival</synergy>
			<untrained>Y</untrained>
			<exclusive>N</exclusive>
			<trained_total>5</trained_total>
			<exclusive_total>5</exclusive_total>
			<classes>Inquisitor</classes>
			<type>Wisdom.Base</type>
		</skill>
		<skill>
			<name>Survival (Follow or identify tracks)</name>
			<ranks>0.0</ranks>
			<mod>7<!-- Mods from abilities, equipment, etc -->
			</mod>
			<skill_mod>7</skill_mod>
			<ability_mod>5<!-- Mod from the key ability -->
			</ability_mod>
			<misc_mod>2<!-- This is a calc value of TOTAL-RANK-ABMOD -->
			</misc_mod>
			<ability>WIS</ability>
			<synergy>Survival (Follow or identify tracks)</synergy>
			<untrained>Y</untrained>
			<exclusive>N</exclusive>
			<trained_total>7</trained_total>
			<exclusive_total>7</exclusive_total>
			<classes>Inquisitor</classes>
			<type>Wisdom.Base</type>
		</skill>
		<skill>
			<name>Swim</name>
			<ranks>0.0</ranks>
			<mod>0<!-- Mods from abilities, equipment, etc -->
			</mod>
			<skill_mod>0</skill_mod>
			<ability_mod>2<!-- Mod from the key ability -->
			</ability_mod>
			<misc_mod>-2<!-- This is a calc value of TOTAL-RANK-ABMOD -->
			</misc_mod>
			<ability>STR</ability>
			<synergy>Swim</synergy>
			<untrained>Y</untrained>
			<exclusive>N</exclusive>
			<trained_total>0</trained_total>
			<exclusive_total>0</exclusive_total>
			<classes>Inquisitor</classes>
			<type>Strength.ACHECK.Base</type>
		</skill>

	<!-- Skills -->
	</skills>
	<!--
	  ====================================
	  ====================================
			SAVING THROWS
	  ====================================
	  ====================================-->
	<saving_throws>
		<conditional_modifiers>
			<savebonus>
				<description>+2 racial bonus on saving throws against poison, spells, and spell-like abilities.</description>
			</savebonus>
		</conditional_modifiers>
		<saving_throw>
			<name>
				<long>fortitude</long>
				<short>fort</short>
			</name>
				<ability>constitution</ability>
			<total>+7</total>
			<base>+4</base>
			<abil_mod>+3</abil_mod>
			<feats>+0</feats>
			<magic_mod>+0</magic_mod>
			<misc_mod>+0</misc_mod>
			<misc_w_magic_mod>+0</misc_w_magic_mod>
			<race>+0</race>
			<epic_mod>+0</epic_mod>
			<temp_mod/>
		</saving_throw>
		<saving_throw>
			<name>
				<long>reflex</long>
				<short>ref</short>
			</name>
				<ability>dexterity</ability>
			<total>+1</total>
			<base>+1</base>
			<abil_mod>+0</abil_mod>
			<feats>+0</feats>
			<magic_mod>+0</magic_mod>
			<misc_mod>+0</misc_mod>
			<misc_w_magic_mod>+0</misc_w_magic_mod>
			<race>+0</race>
			<epic_mod>+0</epic_mod>
			<temp_mod/>
		</saving_throw>
		<saving_throw>
			<name>
				<long>will</long>
				<short>will</short>
			</name>
				<ability>wisdom</ability>
			<total>+9</total>
			<base>+4</base>
			<abil_mod>+5</abil_mod>
			<feats>+0</feats>
			<magic_mod>+0</magic_mod>
			<misc_mod>+0</misc_mod>
			<misc_w_magic_mod>+0</misc_w_magic_mod>
			<race>+0</race>
			<epic_mod>+0</epic_mod>
			<temp_mod/>
		</saving_throw>
	</saving_throws>
	<!--
	  ====================================
	  ====================================
			ATTACK
	  ====================================
	  ====================================-->
	<attack>
			<conditional_modifiers>
				<combatbonus>
					<description>+4 dodge bonus to AC against monsters of the giant subtype.</description>
				</combatbonus>
				<combatbonus>
					<description>+1 bonus on attack rolls against humanoid creatures of the orc and goblinoid subtypes due to special training against these hated foes.</description>
				</combatbonus>
				<combatbonus>
					<description>+4 bonus to their Combat Maneuver Defense when resisting a bull rush or trip attempt while standing on the ground.</description>
				</combatbonus>
				<savebonus>
				<description>+2 racial bonus on saving throws against poison, spells, and spell-like abilities.</description>
				</savebonus>
			</conditional_modifiers>

		<melee>
			<total>+5</total>
			<total_short>+5</total_short>
			<bab>+3</bab>
			<!-- +3 -->
			<base_attack_bonus>+3</base_attack_bonus>
			<stat_mod>+2</stat_mod>
			<size_mod>+0</size_mod>
			<misc_mod>+0</misc_mod>
			<epic_mod>0</epic_mod>
			<!-- +0 -->
			<temp_mod/>
		</melee>
		<ranged>
			<total>+3</total>
			<bab>+3</bab>
			<!-- +3 -->
			<base_attack_bonus>+3</base_attack_bonus>
			<stat_mod>+0</stat_mod>
			<size_mod>+0</size_mod>
			<misc_mod>+0</misc_mod>
			<epic_mod>0</epic_mod>
			<!-- +0 -->
			<temp_mod/>
		</ranged>
			<!-- Either CMB block, or Grapple Block -->
			<cmb>
				<!-- Base stuff for standard block -->
				<title>CMB</title>
				<total>+5</total>
				<bab>+3</bab>
				<base_attack_bonus>+3</base_attack_bonus>
				<stat_mod>+2</stat_mod>
				<size_mod>+0</size_mod>
				<misc_mod></misc_mod>	
				<epic_mod/>
				<temp_mod/>
				<!-- Base values (not yet used) -->
				<grapple_base>+5</grapple_base>
				<trip_base>+5</trip_base>
				<disarm_base>+5</disarm_base>
				<sunder_base>+5</sunder_base>
				<bullrush_base>+0</bullrush_base>
				<overrun_base>+5</overrun_base>
				<!-- Defense values -->
				<!-- Pathfinder (final release) -->
				<!-- Attack values -->
				<grapple_attack>+5</grapple_attack>
				<trip_attack>+5</trip_attack>
				<disarm_attack>+5</disarm_attack>
				<sunder_attack>+5</sunder_attack>
				<bullrush_attack>+5</bullrush_attack>
				<overrun_attack>+5</overrun_attack>
				<!-- Defense values -->
				<defense>15</defense>
				<grapple_defense>15</grapple_defense>
				<trip_defense>
				19
				</trip_defense>
				<disarm_defense>15</disarm_defense>
				<sunder_defense>15</sunder_defense>
				<bullrush_defense>19</bullrush_defense>
				<overrun_defense>15</overrun_defense>

			</cmb>
		<!-- End CMB / Grapple Block -->
	</attack>
	<!--
	  ====================================
	  ====================================
			WEAPONS
	  ====================================
	  ====================================-->

	<weapons>
		<unarmed>
			<total>+5</total>
			<damage>1d3+2</damage>
			<critical>20/x2</critical>
			<!-- Should be changed to a variable due to improved crit -->
			<reach>5 ft.</reach>
						<!-- Commenting this out (will need a test as well)
			3.0 uses "Subdual", 3.5 uses "nonlethal".  We'll need a separate node for both.	-->
			<type>(nonlethal only)</type>
		</unarmed>
		<!-- Spirit Weapon - Melee -->

		<!-- Spirit Weapon - Ranged -->
	<!-- End Spirit Weapon - Ranged -->

	<!-- Blank Natural Attack -->

	<!-- Natural Attack -->

	<!--	Request to remove the Double Weapon Block OS-133		-->
		<weapon>
			<common>
				<name>
					<short>*Longsword</short>
					<long>*Longsword</long>
					<output>*Longsword</output>
				</name>
				<category>Martial-Melee</category>
				<critical>
					<range>19-20</range>
					<multiplier>2</multiplier>
				</critical>
				<to_hit>
					<hit>+1</hit>
					<magic_hit>+0</magic_hit>
					<total_hit>+1</total_hit>
				</to_hit>
				<feat>
					<hit>+0</hit>
					<damage>+0</damage>
				</feat>
				<magic>
					<hit>+0</hit>
					<damage>+0</damage>
				</magic>
				<template>
					<hit>+0</hit>
					<damage>+0</damage>
				</template>
				<hand>Primary</hand>
				<num_attacks>1</num_attacks>
				<reach>5</reach>
				<reachunit> ft.</reachunit>
				<size>M</size>
					<special_properties></special_properties>
				<type>S</type>
				<weight>4</weight>
				<attacks>0</attacks>
				<heft>MEDIUM</heft>
				<range>0 ft.</range>
				<sizemod>+0</sizemod>
				<basehit>+1</basehit>
				<misc>+0</misc>
				<damage>1d8+2</damage>
				<damagebonus>+2</damagebonus>
				<basedamagebonus>+0</basedamagebonus>
				<thdamagebonus>+3</thdamagebonus>
				<ohdamagebonus>+1</ohdamagebonus>
				<rateoffire></rateoffire>
				<islight>FALSE</islight>
				<sequence>0</sequence>
			</common>
			<melee>
				<invalidtext>
					<tohit>N/A</tohit>
					<damage>N/A</damage>
				</invalidtext>
				<hand>Primary</hand>
				<w1_h1_p>
					<!-- One weapon, 1 hand, primary hand -->
					<to_hit>+1</to_hit>
					<damage>1d8+2</damage>
				</w1_h1_p>
				<w1_h1_o>
					<!-- One weapon, 1 handed, offhand -->
					<to_hit>-3</to_hit>
					<damage>1d8+1</damage>
				</w1_h1_o>
				<w1_h2>
					<!-- One weapon, 2 handed -->
					<to_hit>+1</to_hit>
					<damage>1d8+3</damage>
				</w1_h2>
				<w2_p_oh>
					<!-- Two weapons, this weapon in primary hand, other hand with heavy weapon -->
					<to_hit>-5</to_hit>
					<damage>1d8+2</damage>
				</w2_p_oh>
				<w2_p_ol>
					<!-- Two weapons, this weapon in primary hand, other hand with light weapon -->
					<to_hit>-3</to_hit>
					<damage>1d8+2</damage>
				</w2_p_ol>
				<w2_o>
					<!-- Two weapons, this weapon in off-hand -->
					<to_hit>-9</to_hit>
					<damage>1d8+1</damage>
				</w2_o>
			</melee>
		</weapon>
	</weapons>
	<!--
	  ====================================
	  ====================================
			ARMOR
	  ====================================
	  ====================================-->
	<protection>
		<armor>
			<name>*Chain Shirt</name>
			<acbonus>+4</acbonus>
			<accheck>-2</accheck>
			<baseac>+4</baseac>
			<edr>+0</edr>
			<maxdex>+4</maxdex>
			<move></move>
			<spellfail>20</spellfail>
			<special_properties></special_properties>
			<totalac>+4</totalac>
			<type>Light</type>
			<wt>25</wt>
			<fulltype>ARMOR.LIGHT.ARMORPROFLIGHT.SUIT.CUSTOM.METAL</fulltype>
			<location>Equipped</location>
		</armor>
	</protection>
	<!--
	  ====================================
	  ====================================
			CLASS-DEPENDANT FEATURES
	  ====================================
	  ====================================-->
	<class_features>
		<!-- D&D 3.0 -->
		<!-- D&D 3.5 -->
	<!-- Bard -->




	<!-- Pathfinder -->
		<!-- Character Rage -->
		<!-- Character Rage -->

	<!-- Turning ability -->


	<!-- Eclipse Channeling -->

	<!-- Channel Energy -->

	<!-- 3.0 stunning fist -->

	<!-- 3.0 stunning fist -->

	<!-- 3.5 stunning fist -->

	<!-- 3.0 wholeness of body -->

	<!-- 3.5 wholeness of body -->

			<!-- Psionics -->

		
		


	</class_features>

	<!-- Abilites with check lists - master/child abilities -->
	<checklists>
		<checklist>
			<name>Bane (Su)</name>
			<header>Bane</header>
			<description>An inquisitor can imbue one of her weapons with the undead-bane weapon special ability as a swift action. This ability lasts for 5 rounds per day. These rounds do not need to be consecutive.</description>
			<type>INQUISITORCLASSFEATURES.SPECIALATTACK.SUPERNATURAL</type>
			<source>Paizo Publishing - Advanced Player&#39;s Guide, p.40</source>
			<check_count>5</check_count>
			<check_type>Rounds per Day</check_type>
		</checklist>
	</checklists>

	<!-- Proficiency lists -->
	<proficiency_specials>
	</proficiency_specials>

	<!--
	  ====================================
	  ====================================
			EQUIPMENT
	  ====================================
	  ====================================-->
	<equipment>
		<item>
			<longname>Longsword</longname>
			<id></id>
			<name>Longsword</name>
			<carried>1.0</carried>
			<charges></charges>
			<charges_used></charges_used>
			<contents></contents>
			<contents_num>0</contents_num>
			<content_weight>0</content_weight>
			<cost>15</cost>
			<equipped>Y</equipped>
			<location>Equipped</location>
			<locationId></locationId>
			<maxcharges>0</maxcharges>
			<note></note>
			<quantity>1</quantity>
			<checkbox>1</checkbox>
			<size>
				<long>Medium</long>
				<short>M</short>
			</size>
			<special_properties></special_properties>
			<type>WEAPON.RESIZABLE.MELEE.MARTIAL.ONEHANDED.SLASHING.SWORD.BLADEHEAVY.WEAPON GROUP BLADES HEAVY.CUSTOM.METAL</type>
			<weight>4</weight>
			<total_wt>4</total_wt>
			<total_weight>4</total_weight>
			<bonuslist></bonuslist>
			<acmod>0</acmod>
			<maxdex>100</maxdex>
			<accheck>0</accheck>
			<edr>0</edr>
			<move></move>
			<spell_failure>0</spell_failure>
			<damage>1d8</damage>
			<damage_alt></damage_alt>
			<crit_range>2</crit_range>
			<crit_mult>x2</crit_mult>
			<crit_range_alt></crit_range_alt>
			<crit_mult_alt></crit_mult_alt>
			<range>0 ft.</range>
			<attacks>0.0</attacks>
			<prof>Longsword</prof>
			<source>Custom - Paizo Inc. - Core Rulebook, p.147</source>
			<quality></quality>
		</item>
		<item>
			<longname>Chain Shirt</longname>
			<id></id>
			<name>Chain Shirt</name>
			<carried>1.0</carried>
			<charges></charges>
			<charges_used></charges_used>
			<contents></contents>
			<contents_num>0</contents_num>
			<content_weight>0</content_weight>
			<cost>100</cost>
			<equipped>Y</equipped>
			<location>Equipped</location>
			<locationId></locationId>
			<maxcharges>0</maxcharges>
			<note></note>
			<quantity>1</quantity>
			<checkbox>1</checkbox>
			<size>
				<long>Medium</long>
				<short>M</short>
			</size>
			<special_properties></special_properties>
			<type>ARMOR.LIGHT.ARMORPROFLIGHT.SUIT.CUSTOM.METAL</type>
			<weight>25</weight>
			<total_wt>25</total_wt>
			<total_weight>25</total_weight>
			<bonuslist></bonuslist>
			<acmod>4</acmod>
			<maxdex>4</maxdex>
			<accheck>-2</accheck>
			<edr>0</edr>
			<move></move>
			<spell_failure>20</spell_failure>
			<damage></damage>
			<damage_alt></damage_alt>
			<crit_range></crit_range>
			<crit_mult></crit_mult>
			<crit_range_alt></crit_range_alt>
			<crit_mult_alt></crit_mult_alt>
			<range>0 ft.</range>
			<attacks>0.0</attacks>
			<prof>Chain Shirt</prof>
			<source>Custom - Paizo Inc. - Core Rulebook, p.150</source>
			<quality></quality>
		</item>
		<total>
			<weight>29 lbs.</weight>
			<value>115 gp</value>
			<load>Light</load>
			<capacity>200</capacity>
		</total>
		<equipmentsets>
		<equipmentset name="Default Set">
				<item>
					<longname>Longsword</longname>
					<name>Longsword</name>
					<carried>1.0</carried>
					<charges></charges>
					<charges_used></charges_used>
					<contents></contents>
					<contents_num>0</contents_num>
					<content_weight>0</content_weight>
					<cost>15</cost>
					<equipped>Y</equipped>
					<location>Equipped</location>
					<maxcharges>0</maxcharges>
					<note></note>
					<quantity>1</quantity>
					<checkbox>1</checkbox>
					<size>
						<long>Medium</long>
						<short>M</short>
					</size>
					<special_properties></special_properties>
					<type>WEAPON.RESIZABLE.MELEE.MARTIAL.ONEHANDED.SLASHING.SWORD.BLADEHEAVY.WEAPON GROUP BLADES HEAVY.CUSTOM.METAL</type>
					<weight>4</weight>
					<total_wt>4</total_wt>
					<total_weight>4</total_weight>
					<bonuslist></bonuslist>
					<acmod>0</acmod>
					<maxdex>100</maxdex>
					<accheck>0</accheck>
					<edr>0</edr>
					<move></move>
					<spell_failure>0</spell_failure>
					<damage>1d8</damage>
					<damage_alt></damage_alt>
					<crit_range>2</crit_range>
					<crit_mult>x2</crit_mult>
					<crit_range_alt></crit_range_alt>
					<crit_mult_alt></crit_mult_alt>
					<range>0 ft.</range>
					<attacks>0.0</attacks>
					<prof>Longsword</prof>
					<source>Custom - Paizo Inc. - Core Rulebook, p.147</source>
					<quality>EQ.0.QUALITY</quality>
				</item>
				<item>
					<longname>Chain Shirt</longname>
					<name>Chain Shirt</name>
					<carried>1.0</carried>
					<charges></charges>
					<charges_used></charges_used>
					<contents></contents>
					<contents_num>0</contents_num>
					<content_weight>0</content_weight>
					<cost>100</cost>
					<equipped>Y</equipped>
					<location>Equipped</location>
					<maxcharges>0</maxcharges>
					<note></note>
					<quantity>1</quantity>
					<checkbox>1</checkbox>
					<size>
						<long>Medium</long>
						<short>M</short>
					</size>
					<special_properties></special_properties>
					<type>ARMOR.LIGHT.ARMORPROFLIGHT.SUIT.CUSTOM.METAL</type>
					<weight>25</weight>
					<total_wt>25</total_wt>
					<total_weight>25</total_weight>
					<bonuslist></bonuslist>
					<acmod>4</acmod>
					<maxdex>4</maxdex>
					<accheck>-2</accheck>
					<edr>0</edr>
					<move></move>
					<spell_failure>20</spell_failure>
					<damage></damage>
					<damage_alt></damage_alt>
					<crit_range></crit_range>
					<crit_mult></crit_mult>
					<crit_range_alt></crit_range_alt>
					<crit_mult_alt></crit_mult_alt>
					<range>0 ft.</range>
					<attacks>0.0</attacks>
					<prof>Chain Shirt</prof>
					<source>Custom - Paizo Inc. - Core Rulebook, p.150</source>
					<quality>EQ.0.QUALITY</quality>
				</item>
			</equipmentset>
		</equipmentsets>
	</equipment>
	<weight_allowance>
		<light>66</light>
		<medium>133</medium>
		<heavy>200</heavy>
		<lift_over_head>200</lift_over_head>
		<lift_off_ground>400</lift_off_ground>
		<!-- And loses Dex bonus to AC and can only move 5 feet per round as a full-round action -->
		<push_drag>1000</push_drag>
	</weight_allowance>
	<!--
	  ====================================
	  ====================================
			SPECIAL ABILITIES
	  ====================================
	  ====================================-->
	<special_abilities>
		<race></race>
		<class>
			<class>Inquisitor</class>
			<ability></ability>
		</class>
	</special_abilities>
	<!--
	  ====================================
	  ====================================
			FEATS
	  ====================================
	  ====================================-->
	<feats>
		<!-- Visible standard feats (not including the auto feats) -->
		<feat>
			<name>Absorb Spirit</name>
			<description>You absorb restless spirits into your body at the cost of your own life force and sanity. Wisdom damage. If you succeed, you take 1 point of Constitution and Wisdom damage. No effect can prevent or reduce this damage, nor can the damage be healed or suppressed by any means until you release the spirit. You can release the spirit at any time as a standard action, at which point the spirit returns to its former location and begins rejuvenating or manifesting again as normal. If you die from the Constitution damage, the spirit is released, and if you become comatose from the Wisdom damage, the spirit gains control of your body (and can release itself whenever it desires).</description>
			<benefit>When an incorporeal undead with the rejuvenation special ability or a haunt is reduced to 0 or fewer hit points within 30 feet of you, you can attempt to absorb its spirit into your body as an immediate action. You must attempt a Will save with a DC equal to 5 + twice the CR of the undead creature or haunt. If you are a medium with the haunt channeler class feature, you receive a +2 bonus on this saving throw. If you succeed, you harbor the undead or haunt&#39;s essence, and it cannot continue to rejuvenate or manifest until you release it. For every 24 hours that you harbor the entity, you must attempt a Constitution check (DC = 10 + the CR of the undead or haunt). If you are a medium with the haunt channeler class feature, you receive a +2 bonus on this check. If you fail the check, you take 1d4 points of Constitution and</benefit>
			<type>GENERAL</type>
			<associated></associated>
			<count>0</count>
			<auto>F</auto>
			<hidden>F</hidden>
			<virtual>F</virtual>
			<source>Paizo Inc. - Horror Adventures, p.79</source>
		</feat>
		<feat>
			<name>Accursed</name>
			<description>[Not Implemented] Your curse weighs down your soul like a millstone around your neck.</description>
			<benefit>You gain spell resistance equal to 5 + your character level, as the curse interferes with all magic. Unlike most spell resistance, it can&#39;t voluntarily be lowered, though your own spells and magic items still automatically affect you. Goal:Your curse is lifted or you are able to purge the corruption of your fiendish blood (the circumstances of either vary widely based on the nature of the curse, and are up to the GM). Completion Benefit:You lose the spell resistance described above. You gain spell resistance equal to 11 + your character level, but only against harmful enchantment, necromancy, and transmutation spells and spell-like abilities-your aura resists further attempts to curse you. Harmless spells automatically bypass this spell resistance whether you desire it or not. This spell resistance can be voluntarily lowered.</benefit>
			<type>STORY</type>
			<associated></associated>
			<count>0</count>
			<auto>F</auto>
			<hidden>F</hidden>
			<virtual>F</virtual>
			<source>Paizo Publishing - Ultimate Campaign, p.67</source>
		</feat>
		<feat>
			<name>Acrobatic</name>
			<description>You are skilled at leaping, jumping, and flying.</description>
			<benefit>You get a +2 bonus on all Acrobatics and Fly skill checks. If you have 10 or more ranks in one of these skills, the bonus increases to +4 for that skill.</benefit>
			<type>GENERAL</type>
			<associated></associated>
			<count>0</count>
			<auto>F</auto>
			<hidden>F</hidden>
			<virtual>F</virtual>
			<source>Paizo Inc. - Core Rulebook, p.113</source>
		</feat>

		<!-- Auto feats -->

		<!-- Virtual Feats -->
		<!-- End Virtual Feats -->
		<!-- Hidden feats (all feats less the virtual, automatic and visible ones) -->
		<!-- Hidden VFEATS -->
		<!-- END Hidden VFEATS -->
		<feat>
			<name>CMB Output</name>
			<description></description>
			<benefit></benefit>
			<type>INTERNAL</type>
			<associated></associated>
			<count>0</count>
			<auto>T</auto>
			<hidden>T</hidden>
			<virtual>F</virtual>
			<source>Paizo Inc. - Core Rulebook</source>
		</feat>
	</feats>

	<!--
	  ====================================
	  ====================================
			ARCHETYPES
	  ====================================
	  ====================================-->
	<archetypes>
	</archetypes>
	<!--
	  ====================================
	  ====================================
			SPECIAL QUALITIES
	  ====================================
	  ====================================-->
	<special_qualities>
		<!-- Visible All "Special Ability" Ability Objects -->
		<special_quality>
			<name>Cunning Initiative (Ex)</name>
			<description>An inquisitor adds her Wisdom modifier on initiative checks, in addition to her Dexterity modifier.</description>
			<type>INQUISITORCLASSFEATURES.SPECIALQUALITY.EXTRAORDINARY</type>
			<associated></associated>
			<count>0</count>
			<aspect></aspect>
			<auto>F</auto>
			<hidden>F</hidden>
			<virtual>F</virtual>
			<category>Special Ability</category>
			<source>Paizo Inc. - Advanced Player&#39;s Guide, p.40</source>
		</special_quality>
		<special_quality>
			<name>Defensive Training</name>
			<description>Dwarves get a +4 dodge bonus to AC against monsters of the giant subtype.</description>
			<type>RACIALTRAITS.DWARF RACIAL TRAIT.DWARF RACIAL DEFAULT.SPECIALQUALITY.DEFENSIVE.RACIALDEFENSIVETRAINING</type>
			<associated></associated>
			<count>0</count>
			<aspect>Ability Benefit: (+4 dodge bonus to AC vs. giants), CombatBonus: +4 dodge bonus to AC against monsters of the giant subtype.</aspect>
			<auto>F</auto>
			<hidden>F</hidden>
			<virtual>F</virtual>
			<category>Special Ability</category>
			<source>Paizo Inc. - Pathfinder Companion: Dwarves of Golarion, Front Inside Cover</source>
		</special_quality>
		<special_quality>
			<name>Detect Alignment (Sp)</name>
			<description>At will, an inquisitor can use detect chaos, detect evil, detect good, or detect law. She can only use one of these at any given time.</description>
			<type>INQUISITORCLASSFEATURES.SPECIALQUALITY.SPELLLIKE</type>
			<associated></associated>
			<count>0</count>
			<aspect></aspect>
			<auto>F</auto>
			<hidden>F</hidden>
			<virtual>F</virtual>
			<category>Special Ability</category>
			<source>Paizo Inc. - Advanced Player&#39;s Guide, p.40</source>
		</special_quality>
		<special_quality>
			<name>Discern Lies (Sp)</name>
			<description>An inquisitor can discern lies, as per the spell, for 5 rounds per day. These rounds do not need to be consecutive. Activating this ability is an immediate action.</description>
			<type>INQUISITORCLASSFEATURES.SPECIALQUALITY.SPELLLIKE</type>
			<associated></associated>
			<count>0</count>
			<aspect></aspect>
			<auto>F</auto>
			<hidden>F</hidden>
			<virtual>F</virtual>
			<category>Special Ability</category>
			<source>Paizo Inc. - Advanced Player&#39;s Guide, p.41</source>
		</special_quality>
		<special_quality>
			<name>Greed</name>
			<description>Dwarves receive a +2 racial bonus on Appraise skill checks made to determine the price of nonmagical goods that contain precious metals or gemstones.</description>
			<type>RACIALTRAITS.DWARF RACIAL TRAIT.DWARF RACIAL DEFAULT.SPECIALQUALITY</type>
			<associated></associated>
			<count>0</count>
			<aspect></aspect>
			<auto>F</auto>
			<hidden>F</hidden>
			<virtual>F</virtual>
			<category>Special Ability</category>
			<source>Paizo Inc. - Pathfinder Companion: Dwarves of Golarion, Front Inside Cover</source>
		</special_quality>
		<special_quality>
			<name>Hardy</name>
			<description>Dwarves receive a +2 racial bonus on saving throws against poison, spells, and spell-like abilities.</description>
			<type>RACIALTRAITS.DWARF RACIAL TRAIT.DWARF RACIAL DEFAULT.SPECIALQUALITY</type>
			<associated></associated>
			<count>0</count>
			<aspect>SaveBonus: +2 racial bonus on saving throws against poison, spells, and spell-like abilities.</aspect>
			<auto>F</auto>
			<hidden>F</hidden>
			<virtual>F</virtual>
			<category>Special Ability</category>
			<source>Paizo Inc. - Pathfinder Companion: Dwarves of Golarion, Front Inside Cover</source>
		</special_quality>
		<special_quality>
			<name>Judgment (Profane) (Su)</name>
			<description>An inquisitor can pronounce judgment upon her foes as a swift action. Starting when the judgment is made, the inquisitor receives a bonus or special ability based on the type of judgment made. An inquisitor can use this ability 2 times per day. Once activated, this ability lasts until the combat ends, at which point all of the bonuses immediately end. The inquisitor must participate in the combat to gain these bonuses. If she is frightened, panicked, paralyzed, stunned, unconscious, or otherwise prevented from participating in the combat, the ability does not end, but the bonuses do not resume until she can participate in the combat again. When the inquisitor uses this ability, she must select one type of judgment to make. As a swift action, she can change this judgment to another type.</description>
			<type>INQUISITORCLASSFEATURES.SPECIALQUALITY.SUPERNATURAL.INQUISITORJUDGMENT</type>
			<associated></associated>
			<count>0</count>
			<aspect></aspect>
			<auto>F</auto>
			<hidden>F</hidden>
			<virtual>F</virtual>
			<category>Special Ability</category>
			<source>Paizo Inc. - Advanced Player&#39;s Guide, p.38</source>
		</special_quality>
		<special_quality>
			<name>Monster Lore (Ex)</name>
			<description>The inquisitor adds her Wisdom modifier on Knowledge skill checks in addition to her Intelligence modifier, when making skill checks to identify the abilities and weaknesses of creatures.</description>
			<type>INQUISITORCLASSFEATURES.SPECIALQUALITY.EXTRAORDINARY</type>
			<associated></associated>
			<count>0</count>
			<aspect></aspect>
			<auto>F</auto>
			<hidden>F</hidden>
			<virtual>F</virtual>
			<category>Special Ability</category>
			<source>Paizo Inc. - Advanced Player&#39;s Guide, p.40</source>
		</special_quality>
		<special_quality>
			<name>Solo Tactics (Ex)</name>
			<description>All of the inquisitor&#39;s allies are treated as if they possessed the same teamwork feats as the inquisitor for the purpose of determining whether the inquisitor receives a bonus from her teamwork feats. Her allies do not receive any bonuses from these feats unless they actually possess the feats themselves. The allies&#39; positioning and actions must still meet the prerequisites listed in the teamwork feat for the inquisitor to receive the listed bonus.</description>
			<type>INQUISITORCLASSFEATURES.SPECIALQUALITY.EXTRAORDINARY</type>
			<associated></associated>
			<count>0</count>
			<aspect></aspect>
			<auto>F</auto>
			<hidden>F</hidden>
			<virtual>F</virtual>
			<category>Special Ability</category>
			<source>Paizo Inc. - Advanced Player&#39;s Guide, p.40</source>
		</special_quality>
		<special_quality>
			<name>Stability</name>
			<description>Dwarves receive a +4 racial bonus to their Combat Maneuver Defense when resisting a bull rush or trip attempt while standing on the ground.</description>
			<type>RACIALTRAITS.DWARF RACIAL TRAIT.DWARF RACIAL DEFAULT.SPECIALQUALITY</type>
			<associated></associated>
			<count>0</count>
			<aspect>CombatBonus: +4 bonus to their Combat Maneuver Defense when resisting a bull rush or trip attempt while standing on the ground.</aspect>
			<auto>F</auto>
			<hidden>F</hidden>
			<virtual>F</virtual>
			<category>Special Ability</category>
			<source>Paizo Inc. - Pathfinder Companion: Dwarves of Golarion, Front Inside Cover</source>
		</special_quality>
		<special_quality>
			<name>Stonecunning</name>
			<description>Dwarves receive a +2 bonus on Perception checks to potentially notice unusual stonework, such as traps and hidden doors located in stone walls or floors. They receive a check to notice such features whenever they pass within 10 feet of them, whether or not they are actively looking.</description>
			<type>RACIALTRAITS.DWARF RACIAL TRAIT.DWARF RACIAL DEFAULT.SPECIALQUALITY</type>
			<associated></associated>
			<count>0</count>
			<aspect>SkillBonus: +2 bonus on Perception skill checks to notice unusual stonework, such as traps and hidden doors located in stone walls or floors.</aspect>
			<auto>F</auto>
			<hidden>F</hidden>
			<virtual>F</virtual>
			<category>Special Ability</category>
			<source>Paizo Inc. - Pathfinder Companion: Dwarves of Golarion, Front Inside Cover</source>
		</special_quality>
		<special_quality>
			<name>Track (Ex)</name>
			<description>An inquisitor adds half her level on Survival skill checks made to follow or identify tracks.</description>
			<type>INQUISITORCLASSFEATURES.SPECIALQUALITY.EXTRAORDINARY</type>
			<associated></associated>
			<count>0</count>
			<aspect></aspect>
			<auto>F</auto>
			<hidden>F</hidden>
			<virtual>F</virtual>
			<category>Special Ability</category>
			<source>Paizo Inc. - Advanced Player&#39;s Guide, p.40</source>
		</special_quality>
		<special_quality>
			<name>Weapon Familiarity</name>
			<description>Dwarves are proficient with battleaxes, heavy picks, and warhammers, and treat any weapon with the word &quot;dwarven&quot; in its name as a martial weapon.</description>
			<type>RACIALTRAITS.DWARF RACIAL TRAIT.DWARF RACIAL DEFAULT.SPECIALQUALITY.WEAPON FAMILIARITY.RACIALWEAPONFAMILIARITY</type>
			<associated></associated>
			<count>0</count>
			<aspect></aspect>
			<auto>F</auto>
			<hidden>F</hidden>
			<virtual>F</virtual>
			<category>Special Ability</category>
			<source>Paizo Inc. - Pathfinder Companion: Dwarves of Golarion, Front Inside Cover</source>
		</special_quality>
	</special_qualities>
	<!--
	  ====================================
	  ====================================
			SPECIAL ATTACKS
	  ====================================
	  ====================================-->
	<special_attacks>
		<!-- Visible All "Special Ability" Ability Objects -->
		<special_attack>
			<name>Bane (Su)</name>
			<description>An inquisitor can imbue one of her weapons with the undead-bane weapon special ability as a swift action. This ability lasts for 5 rounds per day. These rounds do not need to be consecutive.</description>
			<type>INQUISITORCLASSFEATURES.SPECIALATTACK.SUPERNATURAL</type>
			<associated></associated>
			<count>0</count>
			<aspect>CheckCount: 5, CheckType: Rounds per Day</aspect>
			<auto>F</auto>
			<hidden>F</hidden>
			<virtual>F</virtual>
			<category>Special Ability</category>
			<source>Paizo Publishing - Advanced Player&#39;s Guide, p.40</source>
		</special_attack>
		<special_attack>
			<name>Hateful Retort (Ex)</name>
			<description>Once per day, as an immediate action after you have been hit with a melee attack, you can make a melee attack against the creature that hit you. This melee attack is at your highest attack bonus, even if you&#39;ve already attacked in the round.</description>
			<type>SPECIALATTACK.EXTRAORDINARY</type>
			<associated></associated>
			<count>0</count>
			<aspect></aspect>
			<auto>F</auto>
			<hidden>F</hidden>
			<virtual>F</virtual>
			<category>Special Ability</category>
			<source>Paizo Inc. - Ultimate Magic, p.41</source>
		</special_attack>
		<special_attack>
			<name>Hatred</name>
			<description>Dwarves receive a +1 bonus on attack rolls against humanoid creatures of the orc and goblinoid subtypes due to special training against these hated foes.</description>
			<type>RACIALTRAITS.DWARF RACIAL TRAIT.DWARF RACIAL DEFAULT.SPECIALATTACK.SPECIAL ATTACK.RACIALHATRED</type>
			<associated></associated>
			<count>0</count>
			<aspect>CombatBonus: +1 bonus on attack rolls against humanoid creatures of the orc and goblinoid subtypes due to special training against these hated foes., StatBlockName: +1 on attack rolls against goblinoid and orc humanoids</aspect>
			<auto>F</auto>
			<hidden>F</hidden>
			<virtual>F</virtual>
			<category>Special Ability</category>
			<source>Paizo Inc. - Pathfinder Companion: Dwarves of Golarion, Front Inside Cover</source>
		</special_attack>
		<special_attack>
			<name>Judgment / Destruction</name>
			<description>The inquisitor is filled with divine wrath, gaining a +2 profane bonus on all weapon damage rolls.</description>
			<type>INQUISITORCLASSFEATURES.INQUISITORJUDGMENTPROFANE.SPECIALATTACK</type>
			<associated></associated>
			<count>0</count>
			<aspect></aspect>
			<auto>F</auto>
			<hidden>F</hidden>
			<virtual>F</virtual>
			<category>Special Ability</category>
			<source>Paizo Inc. - Advanced Player&#39;s Guide, p.39</source>
		</special_attack>
		<special_attack>
			<name>Judgment / Healing</name>
			<description>The inquisitor is surrounded by a healing light, gaining fast healing 2. This causes the inquisitor to heal 2 point of damage each round as long as the inquisitor is alive and the judgment lasts.</description>
			<type>INQUISITORCLASSFEATURES.INQUISITORJUDGMENTNEITHER.SPECIALATTACK</type>
			<associated></associated>
			<count>0</count>
			<aspect></aspect>
			<auto>F</auto>
			<hidden>F</hidden>
			<virtual>F</virtual>
			<category>Special Ability</category>
			<source>Paizo Inc. - Advanced Player&#39;s Guide, p.39</source>
		</special_attack>
		<special_attack>
			<name>Judgment / Justice</name>
			<description>This judgment spurs the inquisitor to seek justice, granting a +2 profane bonus on all attack rolls.</description>
			<type>INQUISITORCLASSFEATURES.INQUISITORJUDGMENTPROFANE.SPECIALATTACK</type>
			<associated></associated>
			<count>0</count>
			<aspect></aspect>
			<auto>F</auto>
			<hidden>F</hidden>
			<virtual>F</virtual>
			<category>Special Ability</category>
			<source>Paizo Inc. - Advanced Player&#39;s Guide, p.39</source>
		</special_attack>
		<special_attack>
			<name>Judgment / Piercing</name>
			<description>This judgment gives the inquisitor great focus and makes her spells more potent. This benefit grants a +2 profane bonus on concentration checks and caster level checks made to overcome a target&#39;s spell resistance.</description>
			<type>INQUISITORCLASSFEATURES.INQUISITORJUDGMENTPROFANE.SPECIALATTACK</type>
			<associated></associated>
			<count>0</count>
			<aspect></aspect>
			<auto>F</auto>
			<hidden>F</hidden>
			<virtual>F</virtual>
			<category>Special Ability</category>
			<source>Paizo Inc. - Advanced Player&#39;s Guide, p.39</source>
		</special_attack>
		<special_attack>
			<name>Judgment / Protection</name>
			<description>The inquisitor is surrounded by a protective aura, granting a +2 profane bonus to Armor Class.</description>
			<type>INQUISITORCLASSFEATURES.INQUISITORJUDGMENTPROFANE.SPECIALATTACK</type>
			<associated></associated>
			<count>0</count>
			<aspect></aspect>
			<auto>F</auto>
			<hidden>F</hidden>
			<virtual>F</virtual>
			<category>Special Ability</category>
			<source>Paizo Inc. - Advanced Player&#39;s Guide, p.39</source>
		</special_attack>
		<special_attack>
			<name>Judgment / Purity</name>
			<description>The inquisitor is protected from the vile taint of her foes, gaining a +2 profane bonus on all saving throws.</description>
			<type>INQUISITORCLASSFEATURES.INQUISITORJUDGMENTPROFANE.SPECIALATTACK</type>
			<associated></associated>
			<count>0</count>
			<aspect></aspect>
			<auto>F</auto>
			<hidden>F</hidden>
			<virtual>F</virtual>
			<category>Special Ability</category>
			<source>Paizo Publishing - Advanced Player&#39;s Guide, p.39</source>
		</special_attack>
		<special_attack>
			<name>Judgment / Resiliency</name>
			<description>This judgment makes the inquisitor resistant to harm, granting DR 2/magic.</description>
			<type>INQUISITORCLASSFEATURES.INQUISITORJUDGMENTNEITHER.SPECIALATTACK</type>
			<associated></associated>
			<count>0</count>
			<aspect></aspect>
			<auto>F</auto>
			<hidden>F</hidden>
			<virtual>F</virtual>
			<category>Special Ability</category>
			<source>Paizo Inc. - Advanced Player&#39;s Guide, p.39</source>
		</special_attack>
		<special_attack>
			<name>Judgment / Resistance</name>
			<description>The inquisitor is shielded by a flickering aura, gaining 4 points of energy resistance against one energy type (acid, cold, electricity, fire, or sonic) chosen when the judgment is declared.</description>
			<type>INQUISITORCLASSFEATURES.INQUISITORJUDGMENTNEITHER.SPECIALATTACK</type>
			<associated></associated>
			<count>0</count>
			<aspect></aspect>
			<auto>F</auto>
			<hidden>F</hidden>
			<virtual>F</virtual>
			<category>Special Ability</category>
			<source>Paizo Inc. - Advanced Player&#39;s Guide, p.39</source>
		</special_attack>
		<special_attack>
			<name>Judgment / Smiting</name>
			<description>This judgment bathes the inquisitor&#39;s weapons in a divine light. The inquisitor&#39;s weapons count as magic for the purposes of bypassing damage reduction.</description>
			<type>INQUISITORCLASSFEATURES.INQUISITORJUDGMENTNEITHER.SPECIALATTACK</type>
			<associated></associated>
			<count>0</count>
			<aspect></aspect>
			<auto>F</auto>
			<hidden>F</hidden>
			<virtual>F</virtual>
			<category>Special Ability</category>
			<source>Paizo Publishing - Advanced Player&#39;s Guide, p.39</source>
		</special_attack>
		<special_attack>
			<name>Stern Gaze (Ex)</name>
			<description>Inquisitors are skilled at sensing deception and intimidating their foes. An inquisitor receives a +2 morale bonus on all Intimidate and Sense Motive checks.</description>
			<type>INQUISITORCLASSFEATURES.SPECIALATTACK.EXTRAORDINARY</type>
			<associated></associated>
			<count>0</count>
			<aspect></aspect>
			<auto>F</auto>
			<hidden>F</hidden>
			<virtual>F</virtual>
			<category>Special Ability</category>
			<source>Paizo Inc. - Advanced Player&#39;s Guide, p.40</source>
		</special_attack>
	</special_attacks>

		<!--
	  ====================================
	  ====================================
			Resistance Table
	  ====================================
	  ====================================-->
		<resistances>
		</resistances>

		<!--
	  ====================================
	  ====================================
			Racial Traits
	  ====================================
	  ====================================-->

	<racial_traits>
	</racial_traits>

		<!--
	  ====================================
	  ====================================
			Animal Trick
	  ====================================
	  ====================================-->
	<animal_tricks>
	</animal_tricks>

	<!--
	  ====================================
	  ====================================
			TALENTS
	  ====================================
	  ====================================-->
	<talents>
	</talents>

	<!--
	  ====================================
	  ====================================
			Intelligent Item
	  ====================================
	  ====================================-->
	<intelligent_items>
	</intelligent_items>

	<!--
	  ====================================
	  ====================================
			Words of Power
	  ====================================
	  ====================================-->
	<words_of_powers>
	</words_of_powers>

	<!--
	  ====================================
	  ====================================
			SALIENT DIVINE ABILITIES
	  ====================================
	  ====================================-->
	<salient_divine_abilities>
	</salient_divine_abilities>
	<!--
	  ====================================
	  ====================================
			Occupations
	  ====================================
	  ====================================-->
	<occupations>
	</occupations>


	<!-- Eclipse Section -->
		<!--
	  ====================================
	  ====================================
			Eclipse Recurring Bonuses
	  ====================================
	  ====================================-->
	<charcreations>
	</charcreations>
		<!--
	  ====================================
	  ====================================
			DISADVANTAGES
	  ====================================
	  ====================================-->
	<disadvantages>
	</disadvantages>
	<!--
	  ====================================
	  ====================================
			Eclipse Abilities
	  ====================================
	  ====================================-->
	<eclipse_abilities>
	</eclipse_abilities>
	<!--
	  ====================================
	  ====================================
			Spell Caster Output
	  ====================================
	  ====================================-->
	<spellcasteroutputs>
	</spellcasteroutputs>
	<!--
	  ====================================
	  ====================================
			Martial Arts
	  ====================================
	  ====================================-->
	<martial_arts>
	</martial_arts>
	<!--
	  ====================================
	  ====================================
			Mystic Artist
	  ====================================
	  ====================================-->
	<mystic_artists>
	</mystic_artists>
	<!--
	  ====================================
	  ====================================
			Witchcraft Abilities
	  ====================================
	  ====================================-->
	<witchcrafts>
	</witchcrafts>
	<!--
	  ====================================
	  ====================================
			The Path of the Dragon
	  ====================================
	  ====================================-->
	<path_dragons>
	</path_dragons>
		<!--
	  ====================================
	  ====================================
			Dominion and Advanced Dominion
	  ====================================
	  ====================================-->
	<dominions>
	</dominions>
	<!--
	  ====================================
	  ====================================
			Channeling
	  ====================================
	  ====================================-->
	<channelings>
	</channelings>
	<!-- END ECLIPSE SECION -->

	<!--
	  ====================================
	  ====================================
			POWERS - CLASSFEATURES
	  ====================================
	  ====================================-->
	<powers_classfeatures>
	</powers_classfeatures>

		<!--
	  ====================================
	  ====================================
			POWERS - CLASSFEATURES
	  ====================================
	  ====================================-->
	<powers_classfeatures>
	</powers_classfeatures><!--
	  ====================================
	  ====================================
			POWERS - FEATPOWERS
	  ====================================
	  ====================================-->
	<powers_featpowers>
	</powers_featpowers>

	<!--
	  ====================================
	  ====================================
			4e Powers - At-Will
	  ====================================
	  ====================================-->
	<powers_atwills>
	</powers_atwills>

	<!--
	  ====================================
	  ====================================
			4e Powers - At-Will
	  ====================================
	  ====================================-->
	<powers_atwills>
	</powers_atwills>

	<!--
	  ====================================
	  ====================================
			4e Powers - Encounter
	  ====================================
	  ====================================-->

	<powers_encounters>
	</powers_encounters>
	<!--
	  ====================================
	  ====================================
			4e Powers - Daily
	  ====================================
	  ====================================-->
	<powers_dailies>
	</powers_dailies>
	<!--
	  ====================================
	  ====================================
			4e Powers - Utility
	  ====================================
	  ====================================-->

	<powers_utilities>
	</powers_utilities>

	<!--
	  ====================================
	  ====================================
			Demon Cant
	  ====================================
	  ====================================-->
	<demon_cants>
	</demon_cants>
	<!--
	  ====================================
	  ====================================
			Mage Gnosis
	  ====================================
	  ====================================-->
	<mage_gnosises>
	</mage_gnosises>
	<!--
	  ====================================
	  ====================================
			Vampire Disciplines
	  ====================================
	  ====================================-->
	<vampire_disciplines>
	</vampire_disciplines>
	<!--
	  ====================================
	  ====================================
			Werewolf Rites
	  ====================================
	  ====================================-->
	<werewolf_rites>
	</werewolf_rites>

	<!--
	  ====================================
	  ====================================
			Force Powers
	  ====================================
	  ====================================-->
	<force_powers>
	</force_powers>
	<!--
	  ====================================
	  ====================================
			Force Techniques
	  ====================================
	  ====================================-->
	<force_techniques>
	</force_techniques>
	<!--
	  ====================================
	  ====================================
			Force Secrets
	  ====================================
	  ====================================-->
	<force_secrets>
	</force_secrets>

	<!--
	====================================
	====================================
			MUTATIONS
	====================================
	====================================	-->
	<mutations>
	</mutations>




	<!--
	  ====================================
	  ====================================
			TRAITS
	  ====================================
	  ====================================-->
	<traits>
		<trait>
			<name>Absalom Bouncer</name>
			<description>When you make an attack that deals nonlethal damage with an unarmed strike, you gain a +1 bonus on your damage roll.</description>
			<source>Paizo Inc. - Pathfinder Player Companion: Advanced Class Origins, p.11</source>
		</trait>
		<trait>
			<name>Acadamae Neophyte</name>
			<description>Whenever you succeed at a Knowledge (planes) check to identify a creature and its special powers or vulnerabilities, you gain one additional piece of useful information (as if your skill check result had been 5 higher).</description>
			<source>Paizo Publishing - Pathfinder Player Companion: Monster Summoner&#39;s Handbook, p.10</source>
		</trait>
	</traits>

	<!--
	  ====================================
	  ====================================
			Afflictions
	  ====================================
	  ====================================-->
	<afflictions>
	</afflictions>

	<!--
	  ====================================
	  ====================================
			PFS Chronicles
	  ====================================
	  ====================================-->
	<pfs_chronicles>
	</pfs_chronicles>
	<!--
	  ====================================
	  ====================================
			PFS Boons
	  ====================================
	  ====================================-->
	<pfs_boons>
	</pfs_boons>
	<!--
	====================================
	  ====================================
			Temporary Bonus
	  ====================================
	  ====================================-->
	<tempbonuses>
	</tempbonuses>

	<!--
	  ====================================
	  ====================================
			MISCELLANEOUS
	  ====================================
	  ====================================-->


	<!-- Domains -->
	<weapon_proficiencies>Battle Aspergillum, Battleaxe, Bayonet, Blowgun, Boar Spear, Brass Knuckles, Cestus, Club, Hand Crossbow, Heavy Crossbow, Light Crossbow, Repeating Heavy Crossbow, Repeating Light Crossbow, Dagger, Punching Dagger, Dart, Gauntlet, Spiked Gauntlet, Grapple, Javelin, Kunai, Longbow, Longspear, Heavy Mace, Light Mace, Mere Club, Morningstar, Heavy Pick, Quarterstaff, Rock, Shortbow, Shortspear, Sickle, Sling, Spear, Boar Spear, Ray Spells, Touch Spells, Splash Weapon, Stake, Stonebow, Traveling Kettle, Unarmed Strike, Underwater Heavy Crossbow, Underwater Light Crossbow, Warhammer</weapon_proficiencies>
	<languages>Common, Dwarven</languages>


	<misc>
			<gold>4,885</gold>

		<funds>
			<fund></fund>
		</funds>
		<companions>
			<companion></companion>
		</companions>
<!--	This doesn't work - AM
		-->
		<magics>
			<magic></magic>
		</magics>
	</misc>
	<!--
	  ====================================
	  ====================================
			COMPANIONS
	  ====================================
	  ====================================-->
	<companions>


	</companions>
	<!--
	  ====================================
	  ====================================
			SPELLS
	  ====================================
	  ====================================-->
	<spells>
		<!-- ### BEGIN Innate spells ### -->
	<spells_innate>

		<class_innate>
			<spellbook number="2" name="Inquisitor">
				<spell>
						<name>Detect Chaos</name>
						<outputname>Detect Chaos</outputname>
						<times_memorized>At Will</times_memorized>
						<range>60 ft.</range>
						<components>V, S, DF</components>
						<castingtime>1 standard action</castingtime>
						<times_unit>Day</times_unit>
						<casterlevel>5</casterlevel>
						<concentration>+5</concentration>
						<dc></dc>
						<duration>Concentration, up to 50 minutes [D]</duration>
						<effect>You can sense the auras of chaotic creatures.</effect>
						<target>Cone-shaped emanation</target>
						<saveinfo>None</saveinfo>
						<school>
							<school>Divination</school>
							<subschool></subschool>
							<descriptor></descriptor>
							<fullschool>Divination</fullschool>
						</school>
						<source>
							<source>Paizo Inc. - Core Rulebook, p.266</source>
							<sourcelevel>Inq1</sourcelevel>
							<sourcelink>http://paizo.com/pathfinderRPG/prd/spells/detectChaos.html#_detect-chaos</sourcelink>
							<sourcepage>p.266</sourcepage>
							<sourceshort>CR</sourceshort>
						</source>
						<spell_resistance>No</spell_resistance>
						<description>You can sense the auras of chaotic creatures.</description>
						<bonusspell></bonusspell>
					</spell>
				<spell>
						<name>Detect Evil</name>
						<outputname>Detect Evil</outputname>
						<times_memorized>At Will</times_memorized>
						<range>60 ft.</range>
						<components>V, S, DF</components>
						<castingtime>1 standard action</castingtime>
						<times_unit>Day</times_unit>
						<casterlevel>5</casterlevel>
						<concentration>+5</concentration>
						<dc></dc>
						<duration>Concentration, up to 50 minutes [D]</duration>
						<effect>You can sense the presence of evil.</effect>
						<target>Cone-shaped emanation</target>
						<saveinfo>None</saveinfo>
						<school>
							<school>Divination</school>
							<subschool></subschool>
							<descriptor></descriptor>
							<fullschool>Divination</fullschool>
						</school>
						<source>
							<source>Paizo Inc. - Core Rulebook, p.266</source>
							<sourcelevel>Inq1</sourcelevel>
							<sourcelink>http://paizo.com/pathfinderRPG/prd/spells/detectEvil.html#_detect-evil</sourcelink>
							<sourcepage>p.266</sourcepage>
							<sourceshort>CR</sourceshort>
						</source>
						<spell_resistance>No</spell_resistance>
						<description>You can sense the presence of evil.</description>
						<bonusspell></bonusspell>
					</spell>
				<spell>
						<name>Detect Good</name>
						<outputname>Detect Good</outputname>
						<times_memorized>At Will</times_memorized>
						<range>60 ft.</range>
						<components>V, S, DF</components>
						<castingtime>1 standard action</castingtime>
						<times_unit>Day</times_unit>
						<casterlevel>5</casterlevel>
						<concentration>+5</concentration>
						<dc></dc>
						<duration>Concentration, up to 50 minutes [D]</duration>
						<effect>You can sense the presence of good.</effect>
						<target>Cone-shaped emanation</target>
						<saveinfo>None</saveinfo>
						<school>
							<school>Divination</school>
							<subschool></subschool>
							<descriptor></descriptor>
							<fullschool>Divination</fullschool>
						</school>
						<source>
							<source>Paizo Inc. - Core Rulebook, p.267</source>
							<sourcelevel>Inq1</sourcelevel>
							<sourcelink>http://paizo.com/pathfinderRPG/prd/spells/detectGood.html#_detect-good</sourcelink>
							<sourcepage>p.267</sourcepage>
							<sourceshort>CR</sourceshort>
						</source>
						<spell_resistance>No</spell_resistance>
						<description>You can sense the presence of good.</description>
						<bonusspell></bonusspell>
					</spell>
				<spell>
						<name>Detect Law</name>
						<outputname>Detect Law</outputname>
						<times_memorized>At Will</times_memorized>
						<range>60 ft.</range>
						<components>V, S, DF</components>
						<castingtime>1 standard action</castingtime>
						<times_unit>Day</times_unit>
						<casterlevel>5</casterlevel>
						<concentration>+5</concentration>
						<dc></dc>
						<duration>Concentration, up to 50 minutes [D]</duration>
						<effect>You can sense the auras of lawful creatures.</effect>
						<target>Cone-shaped emanation</target>
						<saveinfo>None</saveinfo>
						<school>
							<school>Divination</school>
							<subschool></subschool>
							<descriptor></descriptor>
							<fullschool>Divination</fullschool>
						</school>
						<source>
							<source>Paizo Inc. - Core Rulebook, p.267</source>
							<sourcelevel>Inq1</sourcelevel>
							<sourcelink>http://paizo.com/pathfinderRPG/prd/spells/detectLaw.html#_detect-law</sourcelink>
							<sourcepage>p.267</sourcepage>
							<sourceshort>CR</sourceshort>
						</source>
						<spell_resistance>No</spell_resistance>
						<description>You can sense the auras of lawful creatures.</description>
						<bonusspell></bonusspell>
					</spell>
				<spell>
						<name>Discern Lies</name>
						<outputname>Discern Lies</outputname>
						<times_memorized>5</times_memorized>
						<range>Close (35 ft.)</range>
						<components>V, S, DF</components>
						<castingtime>1 standard action</castingtime>
						<times_unit>rounds/day</times_unit>
						<casterlevel>5</casterlevel>
						<concentration>+5</concentration>
						<dc>19</dc>
						<duration>Concentration, up to 5 rounds</duration>
						<effect>You know if the target deliberately and knowingly speaks a lie by discerning disturbances in its aura caused by lying.</effect>
						<target>5 creatures, no two of which can be more than 30 ft. apart</target>
						<saveinfo>Will negates</saveinfo>
						<school>
							<school>Divination</school>
							<subschool></subschool>
							<descriptor></descriptor>
							<fullschool>Divination</fullschool>
						</school>
						<source>
							<source>Paizo Inc. - Core Rulebook, p.270</source>
							<sourcelevel>Inq4</sourcelevel>
							<sourcelink>http://paizo.com/pathfinderRPG/prd/spells/discernLies.html#_discern-lies</sourcelink>
							<sourcepage>p.270</sourcepage>
							<sourceshort>CR</sourceshort>
						</source>
						<spell_resistance>No</spell_resistance>
						<description>You know if the target deliberately and knowingly speaks a lie by discerning disturbances in its aura caused by lying.</description>
						<bonusspell></bonusspell>
					</spell>
			</spellbook>
		</class_innate>
		</spells_innate>
		<!-- ### END Innate spells ### -->
		<!-- ### BEGIN Known spells ### -->
		<known_spells>
		<class number="1" spelllistclass="Inquisitor" spellcasterlevel="5" spellcastertype="Divine" memorize="false" concentration="+10">
			<level number="0" known="6" cast="0">
				<spell>
						<name>Acid Splash</name>
						<outputname>Acid Splash</outputname>
						<times_memorized>1</times_memorized>
						<range>Close (35 ft.)</range>
						<components>V, S</components>
						<castingtime>1 standard action</castingtime>
						<casterlevel>5</casterlevel>
						<concentration>+10</concentration>
						<dc></dc>
						<duration>Instantaneous</duration>
						<effect>You fire a small orb of acid at the target dealing 1d3 points of acid damage.</effect>
						<target>One missile of acid</target>
						<saveinfo>None</saveinfo>
						<school>
							<school>Conjuration, EarthSchool</school>
							<subschool>Creation</subschool>
							<descriptor>Acid</descriptor>
							<fullschool>Conjuration, EarthSchool (Creation) [Acid]</fullschool>
						</school>
						<source>
							<source>Paizo Inc. - Core Rulebook, p.239</source>
							<sourcelevel>Inq0</sourcelevel>
							<sourcelink>http://paizo.com/pathfinderRPG/prd/spells/acidSplash.html#_acid-splash</sourcelink>
							<sourcepage>p.239</sourcepage>
							<sourceshort>CR</sourceshort>
						</source>
						<spell_resistance>No</spell_resistance>
						<description>You fire a small orb of acid at the target dealing 1d3 points of acid damage.</description>
						<bonusspell></bonusspell>
				</spell>
				<spell>
						<name>Bleed</name>
						<outputname>Bleed</outputname>
						<times_memorized>1</times_memorized>
						<range>Close (35 ft.)</range>
						<components>V, S</components>
						<castingtime>1 standard action</castingtime>
						<casterlevel>5</casterlevel>
						<concentration>+10</concentration>
						<dc>15</dc>
						<duration>Instantaneous</duration>
						<effect>You cause a living creature that is below 0 hit points but stabilized to resume dying.</effect>
						<target>One living creature</target>
						<saveinfo>Will negates</saveinfo>
						<school>
							<school>Necromancy</school>
							<subschool></subschool>
							<descriptor></descriptor>
							<fullschool>Necromancy</fullschool>
						</school>
						<source>
							<source>Paizo Inc. - Core Rulebook, p.249</source>
							<sourcelevel>Inq0</sourcelevel>
							<sourcelink>http://paizo.com/pathfinderRPG/prd/spells/bleed.html#_bleed</sourcelink>
							<sourcepage>p.249</sourcepage>
							<sourceshort>CR</sourceshort>
						</source>
						<spell_resistance>Yes</spell_resistance>
						<description>You cause a living creature that is below 0 hit points but stabilized to resume dying.</description>
						<bonusspell></bonusspell>
				</spell>
				<spell>
						<name>Create Water</name>
						<outputname>Create Water</outputname>
						<times_memorized>1</times_memorized>
						<range>Close (35 ft.)</range>
						<components>V, S</components>
						<castingtime>1 standard action</castingtime>
						<casterlevel>5</casterlevel>
						<concentration>+10</concentration>
						<dc></dc>
						<duration>Instantaneous</duration>
						<effect>This spell generates wholesome, drinkable water, just like clean rain water.</effect>
						<target>Up to 10 gallons of water</target>
						<saveinfo>None</saveinfo>
						<school>
							<school>Conjuration</school>
							<subschool>Creation</subschool>
							<descriptor>Water</descriptor>
							<fullschool>Conjuration (Creation) [Water]</fullschool>
						</school>
						<source>
							<source>Paizo Inc. - Core Rulebook, p.262</source>
							<sourcelevel>Inq0</sourcelevel>
							<sourcelink>http://paizo.com/pathfinderRPG/prd/spells/createWater.html#_create-water</sourcelink>
							<sourcepage>p.262</sourcepage>
							<sourceshort>CR</sourceshort>
						</source>
						<spell_resistance>No</spell_resistance>
						<description>This spell generates wholesome, drinkable water, just like clean rain water.</description>
						<bonusspell></bonusspell>
				</spell>
				<spell>
						<name>Disrupt Undead</name>
						<outputname>Disrupt Undead</outputname>
						<times_memorized>1</times_memorized>
						<range>Close (35 ft.)</range>
						<components>V, S</components>
						<castingtime>1 standard action</castingtime>
						<casterlevel>5</casterlevel>
						<concentration>+10</concentration>
						<dc></dc>
						<duration>Instantaneous</duration>
						<effect>You direct a ray of positive energy dealing 1d6 points of damage to Undead.</effect>
						<target>Ray</target>
						<saveinfo>None</saveinfo>
						<school>
							<school>Necromancy</school>
							<subschool></subschool>
							<descriptor></descriptor>
							<fullschool>Necromancy</fullschool>
						</school>
						<source>
							<source>Paizo Inc. - Core Rulebook, p.273</source>
							<sourcelevel>Inq0</sourcelevel>
							<sourcelink>http://paizo.com/pathfinderRPG/prd/spells/disruptUndead.html#_disrupt-undead</sourcelink>
							<sourcepage>p.273</sourcepage>
							<sourceshort>CR</sourceshort>
						</source>
						<spell_resistance>Yes</spell_resistance>
						<description>You direct a ray of positive energy dealing 1d6 points of damage to Undead.</description>
						<bonusspell></bonusspell>
				</spell>
				<spell>
						<name>Oath of Anonymity</name>
						<outputname>Oath of Anonymity</outputname>
						<times_memorized>1</times_memorized>
						<range>Personal</range>
						<components>V</components>
						<castingtime>1 standard action</castingtime>
						<casterlevel>5</casterlevel>
						<concentration>+10</concentration>
						<dc></dc>
						<duration>50 minutes</duration>
						<effect>You swear an oath not to reveal your identity, magically preventing anyone from discovering it so long as you avoid revealing your face or other easily identifiable features. The spell distorts your voice and subtly alters your body language and the appearance of your gear and any animals you use, whether as companions, mounts, or otherwise. This spell does not make you appear to be a different creature type, nor does it change your apparent height or body type. This spell provides you with a +10 bonus on Disguise checks to conceal your identity, but not on checks to impersonate anyone in particular. This spell distorts the appearance of your voice, gear, and animals in the same way each time, essentially creating an alternate persona that can be recognized by those who have observed it before.</effect>
						<target>You</target>
						<saveinfo></saveinfo>
						<school>
							<school>Illusion</school>
							<subschool>Glamer</subschool>
							<descriptor></descriptor>
							<fullschool>Illusion (Glamer)</fullschool>
						</school>
						<source>
							<source>Paizo Inc. - Pathfinder Player Companion: Inner Sea Intrigue, p.60</source>
							<sourcelevel>Inq0</sourcelevel>
							<sourcelink></sourcelink>
							<sourcepage>p.60</sourcepage>
							<sourceshort>ISI</sourceshort>
						</source>
						<spell_resistance></spell_resistance>
						<description>You swear an oath not to reveal your identity, magically preventing anyone from discovering it so long as you avoid revealing your face or other easily identifiable features. The spell distorts your voice and subtly alters your body language and the appearance of your gear and any animals you use, whether as companions, mounts, or otherwise. This spell does not make you appear to be a different creature type, nor does it change your apparent height or body type. This spell provides you with a +10 bonus on Disguise checks to conceal your identity, but not on checks to impersonate anyone in particular. This spell distorts the appearance of your voice, gear, and animals in the same way each time, essentially creating an alternate persona that can be recognized by those who have observed it before.</description>
						<bonusspell></bonusspell>
				</spell>
				<spell>
						<name>Stabilize</name>
						<outputname>Stabilize</outputname>
						<times_memorized>1</times_memorized>
						<range>Close (35 ft.)</range>
						<components>V, S</components>
						<castingtime>1 standard action</castingtime>
						<casterlevel>5</casterlevel>
						<concentration>+10</concentration>
						<dc>15</dc>
						<duration>Instantaneous</duration>
						<effect>Upon casting this spell, you target a living creature that has -1 or fewer hit points.</effect>
						<target>One living creature</target>
						<saveinfo>Will negates (harmless)</saveinfo>
						<school>
							<school>Conjuration</school>
							<subschool>Healing</subschool>
							<descriptor></descriptor>
							<fullschool>Conjuration (Healing)</fullschool>
						</school>
						<source>
							<source>Paizo Inc. - Core Rulebook, p.348</source>
							<sourcelevel>Inq0</sourcelevel>
							<sourcelink>http://paizo.com/pathfinderRPG/prd/spells/stabilize.html#_stabilize</sourcelink>
							<sourcepage>p.348</sourcepage>
							<sourceshort>CR</sourceshort>
						</source>
						<spell_resistance>Yes (harmless)</spell_resistance>
						<description>Upon casting this spell, you target a living creature that has -1 or fewer hit points.</description>
						<bonusspell></bonusspell>
				</spell>
			</level>
			<level number="1" known="4" cast="6">
				<spell>
						<name>Bane</name>
						<outputname>Bane</outputname>
						<times_memorized>1</times_memorized>
						<range>50 ft.</range>
						<components>V, S, DF</components>
						<castingtime>1 standard action</castingtime>
						<casterlevel>5</casterlevel>
						<concentration>+10</concentration>
						<dc>16</dc>
						<duration>5 minutes</duration>
						<effect>Bane fills your enemies with fear and doubt.</effect>
						<target>50-ft.-radius burst, centered on you</target>
						<saveinfo>Will negates</saveinfo>
						<school>
							<school>Enchantment</school>
							<subschool>Compulsion</subschool>
							<descriptor>Fear, Mind-Affecting, Emotion</descriptor>
							<fullschool>Enchantment (Compulsion) [Fear, Mind-Affecting, Emotion]</fullschool>
						</school>
						<source>
							<source>Paizo Inc. - Core Rulebook, p.246</source>
							<sourcelevel>Inq1</sourcelevel>
							<sourcelink>http://paizo.com/pathfinderRPG/prd/spells/bane.html#_bane</sourcelink>
							<sourcepage>p.246</sourcepage>
							<sourceshort>CR</sourceshort>
						</source>
						<spell_resistance>Yes</spell_resistance>
						<description>Bane fills your enemies with fear and doubt.</description>
						<bonusspell></bonusspell>
				</spell>
				<spell>
						<name>Forbid Action</name>
						<outputname>Forbid Action</outputname>
						<times_memorized>1</times_memorized>
						<range>Close (35 ft.)</range>
						<components>V</components>
						<castingtime>1 standard action</castingtime>
						<casterlevel>5</casterlevel>
						<concentration>+10</concentration>
						<dc>16</dc>
						<duration>1 round</duration>
						<effect>Target obeys your command to not do something.</effect>
						<target>One creature</target>
						<saveinfo>Will negates</saveinfo>
						<school>
							<school>Enchantment</school>
							<subschool>Compulsion</subschool>
							<descriptor>Language-Dependent, Mind-Affecting</descriptor>
							<fullschool>Enchantment (Compulsion) [Language-Dependent, Mind-Affecting]</fullschool>
						</school>
						<source>
							<source>Paizo Inc. - Ultimate Magic, p.220</source>
							<sourcelevel>Inq1</sourcelevel>
							<sourcelink>http://paizo.com/pathfinderRPG/prd/ultimateMagic/spells/forbidAction.html#_forbid-action</sourcelink>
							<sourcepage>p.220</sourcepage>
							<sourceshort>UM</sourceshort>
						</source>
						<spell_resistance>Yes</spell_resistance>
						<description>Target obeys your command to not do something.</description>
						<bonusspell></bonusspell>
				</spell>
				<spell>
						<name>Sanctuary</name>
						<outputname>Sanctuary</outputname>
						<times_memorized>1</times_memorized>
						<range>Touch</range>
						<components>V, S, DF</components>
						<castingtime>1 standard action</castingtime>
						<casterlevel>5</casterlevel>
						<concentration>+10</concentration>
						<dc>16</dc>
						<duration>5 rounds</duration>
						<effect>Any opponent attempting to directly attack the warded creature, even with a targeted spell, must attempt a Will save.</effect>
						<target>Creature touched</target>
						<saveinfo>Will negates</saveinfo>
						<school>
							<school>Abjuration</school>
							<subschool></subschool>
							<descriptor></descriptor>
							<fullschool>Abjuration</fullschool>
						</school>
						<source>
							<source>Paizo Inc. - Core Rulebook, p.336</source>
							<sourcelevel>Inq1</sourcelevel>
							<sourcelink>http://paizo.com/pathfinderRPG/prd/spells/sanctuary.html#_sanctuary</sourcelink>
							<sourcepage>p.336</sourcepage>
							<sourceshort>CR</sourceshort>
						</source>
						<spell_resistance>No</spell_resistance>
						<description>Any opponent attempting to directly attack the warded creature, even with a targeted spell, must attempt a Will save.</description>
						<bonusspell></bonusspell>
				</spell>
				<spell>
						<name>Tireless Pursuit</name>
						<outputname>Tireless Pursuit</outputname>
						<times_memorized>1</times_memorized>
						<range>Personal</range>
						<components>V, S, M</components>
						<castingtime>1 standard action</castingtime>
						<casterlevel>5</casterlevel>
						<concentration>+10</concentration>
						<dc></dc>
						<duration>5 hours [D]</duration>
						<effect>Ignore fatigue while hustling.</effect>
						<target>You</target>
						<saveinfo></saveinfo>
						<school>
							<school>Transmutation</school>
							<subschool></subschool>
							<descriptor></descriptor>
							<fullschool>Transmutation</fullschool>
						</school>
						<source>
							<source>Paizo Inc. - Advanced Player&#39;s Guide, p.249</source>
							<sourcelevel>Inq1</sourcelevel>
							<sourcelink>http://paizo.com/pathfinderRPG/prd/advanced/spells/tirelessPursuit.html#_tireless-pursuit</sourcelink>
							<sourcepage>p.249</sourcepage>
							<sourceshort>APG</sourceshort>
						</source>
						<spell_resistance></spell_resistance>
						<description>Ignore fatigue while hustling.</description>
						<bonusspell></bonusspell>
				</spell>
			</level>
			<level number="2" known="3" cast="3">
				<spell>
						<name>Bloodhound</name>
						<outputname>Bloodhound</outputname>
						<times_memorized>1</times_memorized>
						<range>Personal</range>
						<components>V, S, M</components>
						<castingtime>1 standard action</castingtime>
						<casterlevel>5</casterlevel>
						<concentration>+10</concentration>
						<dc></dc>
						<duration>5 hours</duration>
						<effect>Gives caster the scent special ability.</effect>
						<target>You</target>
						<saveinfo></saveinfo>
						<school>
							<school>Transmutation</school>
							<subschool></subschool>
							<descriptor></descriptor>
							<fullschool>Transmutation</fullschool>
						</school>
						<source>
							<source>Paizo Inc. - Advanced Player&#39;s Guide, p.206</source>
							<sourcelevel>Inq2</sourcelevel>
							<sourcelink>http://paizo.com/pathfinderRPG/prd/advanced/spells/bloodhound.html#_bloodhound</sourcelink>
							<sourcepage>p.206</sourcepage>
							<sourceshort>APG</sourceshort>
						</source>
						<spell_resistance></spell_resistance>
						<description>Gives caster the scent special ability.</description>
						<bonusspell></bonusspell>
				</spell>
				<spell>
						<name>Ghost Whip</name>
						<outputname>Ghost Whip</outputname>
						<times_memorized>1</times_memorized>
						<range>0 ft.</range>
						<components>V, S</components>
						<castingtime>1 standard action</castingtime>
						<casterlevel>5</casterlevel>
						<concentration>+10</concentration>
						<dc></dc>
						<duration>5 rounds [D]</duration>
						<effect>Create a ghost touch whip that passes through objects.</effect>
						<target>Whip of flexible ectoplasm</target>
						<saveinfo>None</saveinfo>
						<school>
							<school>Evocation</school>
							<subschool></subschool>
							<descriptor></descriptor>
							<fullschool>Evocation</fullschool>
						</school>
						<source>
							<source>Paizo Inc. - Occult Adventures, p.172</source>
							<sourcelevel>Inq2</sourcelevel>
							<sourcelink>http://aonprd.com/SpellDisplay.aspx?ItemName=Ghost Whip</sourcelink>
							<sourcepage>p.172</sourcepage>
							<sourceshort>OA</sourceshort>
						</source>
						<spell_resistance>Yes</spell_resistance>
						<description>Create a ghost touch whip that passes through objects.</description>
						<bonusspell></bonusspell>
				</spell>
				<spell>
						<name>Shamefully Overdressed</name>
						<outputname>Shamefully Overdressed</outputname>
						<times_memorized>1</times_memorized>
						<range>Close (35 ft.)</range>
						<components>V,S</components>
						<castingtime>1 standard action</castingtime>
						<casterlevel>5</casterlevel>
						<concentration>+10</concentration>
						<dc>17</dc>
						<duration>5 rounds [D]</duration>
						<effect>Force target to remove equipment.</effect>
						<target>Creature touched</target>
						<saveinfo>Will negates</saveinfo>
						<school>
							<school>Enchantment</school>
							<subschool>Compulsion</subschool>
							<descriptor>Mind-Affecting</descriptor>
							<fullschool>Enchantment (Compulsion) [Mind-Affecting]</fullschool>
						</school>
						<source>
							<source>Paizo Inc. - Ultimate Intrigue, p.225</source>
							<sourcelevel>Inq2</sourcelevel>
							<sourcelink>http://aonprd.com/SpellDisplay.aspx?ItemName=Shamefully Overdressed</sourcelink>
							<sourcepage>p.225</sourcepage>
							<sourceshort>UI</sourceshort>
						</source>
						<spell_resistance>Yes</spell_resistance>
						<description>Force target to remove equipment.</description>
						<bonusspell></bonusspell>
				</spell>
			</level>
			<level number="3" known="0" cast="0">
			</level>
			<level number="4" known="0" cast="0">
			</level>
			<level number="5" known="0" cast="0">
			</level>
			<level number="6" known="0" cast="0">
			</level>
		</class>
	</known_spells>
		<!-- ### END Known spells ### -->

		<!-- ### BEGIN memorized spells ### -->
	<memorized_spells>
			<!-- ### BEGIN innate memorized spell section -->

	<!-- ### BEGIN innate memorized spells ### -->
			<!-- ### END innate memorized spells ### -->
			<!-- ### BEGIN class innate memorized spells ### -->
			<class_innate_memorized>
			<spellbook number="2" name="Inquisitor">
				<spell>
						<name>Detect Chaos</name>
						<outputname>Detect Chaos</outputname>
						<times_memorized>At Will</times_memorized>
						<range>60 ft.</range>
						<components>V, S, DF</components>
						<castingtime>1 standard action</castingtime>
						<times_unit>Day</times_unit>
						<casterlevel>5</casterlevel>
						<concentration>+5</concentration>
						<dc></dc>
						<duration>Concentration, up to 50 minutes [D]</duration>
						<effect>You can sense the auras of chaotic creatures.</effect>
						<target>Cone-shaped emanation</target>
						<saveinfo>None</saveinfo>
						<school>
							<school>Divination</school>
							<subschool></subschool>
							<descriptor></descriptor>
							<fullschool>Divination</fullschool>
						</school>
						<source>
							<source>Paizo Inc. - Core Rulebook, p.266</source>
							<sourcelevel>Inq1</sourcelevel>
							<sourcelink>http://paizo.com/pathfinderRPG/prd/spells/detectChaos.html#_detect-chaos</sourcelink>
							<sourcepage>p.266</sourcepage>
							<sourceshort>CR</sourceshort>
						</source>
						<spell_resistance>No</spell_resistance>
						<description>You can sense the auras of chaotic creatures.</description>
						<bonusspell></bonusspell>
					</spell>
				<spell>
						<name>Detect Evil</name>
						<outputname>Detect Evil</outputname>
						<times_memorized>At Will</times_memorized>
						<range>60 ft.</range>
						<components>V, S, DF</components>
						<castingtime>1 standard action</castingtime>
						<times_unit>Day</times_unit>
						<casterlevel>5</casterlevel>
						<concentration>+5</concentration>
						<dc></dc>
						<duration>Concentration, up to 50 minutes [D]</duration>
						<effect>You can sense the presence of evil.</effect>
						<target>Cone-shaped emanation</target>
						<saveinfo>None</saveinfo>
						<school>
							<school>Divination</school>
							<subschool></subschool>
							<descriptor></descriptor>
							<fullschool>Divination</fullschool>
						</school>
						<source>
							<source>Paizo Inc. - Core Rulebook, p.266</source>
							<sourcelevel>Inq1</sourcelevel>
							<sourcelink>http://paizo.com/pathfinderRPG/prd/spells/detectEvil.html#_detect-evil</sourcelink>
							<sourcepage>p.266</sourcepage>
							<sourceshort>CR</sourceshort>
						</source>
						<spell_resistance>No</spell_resistance>
						<description>You can sense the presence of evil.</description>
						<bonusspell></bonusspell>
					</spell>
				<spell>
						<name>Detect Good</name>
						<outputname>Detect Good</outputname>
						<times_memorized>At Will</times_memorized>
						<range>60 ft.</range>
						<components>V, S, DF</components>
						<castingtime>1 standard action</castingtime>
						<times_unit>Day</times_unit>
						<casterlevel>5</casterlevel>
						<concentration>+5</concentration>
						<dc></dc>
						<duration>Concentration, up to 50 minutes [D]</duration>
						<effect>You can sense the presence of good.</effect>
						<target>Cone-shaped emanation</target>
						<saveinfo>None</saveinfo>
						<school>
							<school>Divination</school>
							<subschool></subschool>
							<descriptor></descriptor>
							<fullschool>Divination</fullschool>
						</school>
						<source>
							<source>Paizo Inc. - Core Rulebook, p.267</source>
							<sourcelevel>Inq1</sourcelevel>
							<sourcelink>http://paizo.com/pathfinderRPG/prd/spells/detectGood.html#_detect-good</sourcelink>
							<sourcepage>p.267</sourcepage>
							<sourceshort>CR</sourceshort>
						</source>
						<spell_resistance>No</spell_resistance>
						<description>You can sense the presence of good.</description>
						<bonusspell></bonusspell>
					</spell>
				<spell>
						<name>Detect Law</name>
						<outputname>Detect Law</outputname>
						<times_memorized>At Will</times_memorized>
						<range>60 ft.</range>
						<components>V, S, DF</components>
						<castingtime>1 standard action</castingtime>
						<times_unit>Day</times_unit>
						<casterlevel>5</casterlevel>
						<concentration>+5</concentration>
						<dc></dc>
						<duration>Concentration, up to 50 minutes [D]</duration>
						<effect>You can sense the auras of lawful creatures.</effect>
						<target>Cone-shaped emanation</target>
						<saveinfo>None</saveinfo>
						<school>
							<school>Divination</school>
							<subschool></subschool>
							<descriptor></descriptor>
							<fullschool>Divination</fullschool>
						</school>
						<source>
							<source>Paizo Inc. - Core Rulebook, p.267</source>
							<sourcelevel>Inq1</sourcelevel>
							<sourcelink>http://paizo.com/pathfinderRPG/prd/spells/detectLaw.html#_detect-law</sourcelink>
							<sourcepage>p.267</sourcepage>
							<sourceshort>CR</sourceshort>
						</source>
						<spell_resistance>No</spell_resistance>
						<description>You can sense the auras of lawful creatures.</description>
						<bonusspell></bonusspell>
					</spell>
				<spell>
						<name>Discern Lies</name>
						<outputname>Discern Lies</outputname>
						<times_memorized>5</times_memorized>
						<range>Close (35 ft.)</range>
						<components>V, S, DF</components>
						<castingtime>1 standard action</castingtime>
						<times_unit>rounds/day</times_unit>
						<casterlevel>5</casterlevel>
						<concentration>+5</concentration>
						<dc>19</dc>
						<duration>Concentration, up to 5 rounds</duration>
						<effect>You know if the target deliberately and knowingly speaks a lie by discerning disturbances in its aura caused by lying.</effect>
						<target>5 creatures, no two of which can be more than 30 ft. apart</target>
						<saveinfo>Will negates</saveinfo>
						<school>
							<school>Divination</school>
							<subschool></subschool>
							<descriptor></descriptor>
							<fullschool>Divination</fullschool>
						</school>
						<source>
							<source>Paizo Inc. - Core Rulebook, p.270</source>
							<sourcelevel>Inq4</sourcelevel>
							<sourcelink>http://paizo.com/pathfinderRPG/prd/spells/discernLies.html#_discern-lies</sourcelink>
							<sourcepage>p.270</sourcepage>
							<sourceshort>CR</sourceshort>
						</source>
						<spell_resistance>No</spell_resistance>
						<description>You know if the target deliberately and knowingly speaks a lie by discerning disturbances in its aura caused by lying.</description>
						<bonusspell></bonusspell>
					</spell>
			</spellbook>
		</class_innate_memorized>
			<!-- ### END class innate memorized spells ### -->
			<!-- ### END innate memorized spell section -->
			<!-- ### BEGIN class Spellbook memorized spells ### -->
			<!-- FOR,1,COUNT[SPELLRACE],COUNT[SPELLRACE],1,1 -->
			<!-- FOR,0,COUNT[SPELLSINBOOK0.2.0],COUNT[SPELLSINBOOK0.2.0],1,1 -->
			<!-- Either we do not have a innate race, or if we do we do not have any 0 level spell for the innate race -->
			<spellbook number="2" name="Inquisitor">
			<class number="1" spelllistclass="Inquisitor" spellcasterlevel="5" spellcastertype="Divine" memorize="false">
				<level number="0" spellcount="0"/>
				<level number="1" spellcount="0"/>
				<level number="2" spellcount="0"/>
				<level number="3" spellcount="0"/>
				<level number="4" spellcount="0"/>
				<level number="5" spellcount="0"/>
				<level number="6" spellcount="0"/>
			</class>
		</spellbook>
	<!-- END FOR,0,COUNT[SPELLSINBOOK0.2.0],COUNT[SPELLSINBOOK0.2.0],1,1 -->
	<!-- END FOR,1,COUNT[SPELLRACE],COUNT[SPELLRACE],1,1 -->
	</memorized_spells>
	<!-- ### END class Spellbook memorized spells ### -->
	</spells>
	<!-- ### Additional House Rules for Variables in the xsl:fo code ### -->
	<house_var>
		<spelldisplaydc>0.0</spelldisplaydc>
		<OldStyleAbilityStatBlockDisplay>0.0</OldStyleAbilityStatBlockDisplay>
	</house_var>
</character>
