<?xml version="1.0" encoding="UTF-8"?>
<!--
-->
<character>
	<export>
		<date>X</date>
		<time>X</time>
		<version>6.09.08.RC1</version>
		<paperinfo>
			<name>A4</name>
			<height>297mm</height>
			<width>210mm</width>
			<margins>
				<top>10mm</top>
				<bottom>15mm</bottom>
				<left>10mm</left>
				<right>10mm</right>
			</margins>
		</paperinfo>
		<directories>
			<pcgen>X</pcgen>
			<templates>X</templates>
			<pcg>X</pcg>
			<html>X</html>
			<temp>X</temp>
		</directories>
		<invalidtext>
			<tohit>N/A</tohit>
			<damage>N/A</damage>
		</invalidtext>
	</export>
	<unit_set>
		<name>Imperial</name>
		<height_unit>ftin</height_unit>
		<distance_unit> ft.</distance_unit>
		<weight_unit> lbs.</weight_unit>
	</unit_set>
	<!--
	  ====================================
	  ====================================
			BIO
	  ====================================
	  ====================================-->
	<basics>
		<bonuses></bonuses>
		<bonuses></bonuses>
		<bonuses></bonuses>
		<bonuses></bonuses>
		<name>Corpus Druid4</name>
		<followerof></followerof>
		<playername></playername>
		<charactertype>PC</charactertype>
		<hero_points>0</hero_points>
		<age>0</age>
		<alignment>
			<long>Neutral</long>
			<short>TN</short>
		</alignment>
		<archetypes>
		</archetypes>
		<bab>+3</bab>
		<bio></bio>
		<birthday></birthday>
		<birthplace></birthplace>
		<catchphrase></catchphrase>
		<classes>
			<class>
				<name>Druid</name>
				<abbreviation>Drd</abbreviation>
				<level>4</level>
				<bonuslist>Druid</bonuslist>
				<sequence>0</sequence>
				<sequence_shortform>Drd4</sequence_shortform>
			</class>
			<levels_total>4</levels_total>
			<levels_ecl>4</levels_ecl>
			<!-- shortform below should be removed - it can be derived from class info above -->
			<shortform>Drd4</shortform>
			<!-- CLASSLIST is not extracted because we can derive it from the information above -->
		</classes>
		<deity>
			<name>None</name>
			<alignment></alignment>
			<description>None</description>
			<domainlist>Aeon Subdomain, Agathion Subdomain, Air, Ancestors Subdomain, Animal, Aquatic, Arcane Subdomain, Archon Subdomain (Good), Archon Subdomain (Law), Arctic, Aristocracy Subdomain, Artifice, Ash Subdomain, Azata Subdomain (Chaos), Azata Subdomain (Good), Badlands, Battle (Spirit), Blood Subdomain, Bones (Spirit), Cannibalism Subdomain, Catastrophe Subdomain, Cave, Caves Subdomain, Chaos, Charm, Cloud Subdomain, Community, Construct Subdomain, Cooperation Subdomain, Corruption Subdomain, Crocodile, Curse Subdomain, Daemon Subdomain, Dark Tapestry Subdomain, Darkness, Day Subdomain, Death, Death (Pharasma), Decay Subdomain, Deception Subdomain, Defense Subdomain, Demodand Subdomain (Chaos), Demodand Subdomain (Evil), Demon Subdomain (Chaos), Demon Subdomain (Evil), Desert, Destruction, Devil Subdomain (Evil), Devil Subdomain (Law), Divine Subdomain, Dragon Subdomain, Eagle, Earth, Erosion, Evil, Exploration Subdomain, Family Subdomain, Fate Subdomain, Feather Subdomain, Ferocity Subdomain, Fire, Fist Subdomain, Flame (Spirit), Flowing Subdomain, Freedom Subdomain, Frog, Fur Subdomain, Glory, Good, Greed Subdomain, Growth Subdomain, Hatred Subdomain, Healing, Heavens (Spirit), Heroism Subdomain, Home Subdomain, Honor Subdomain, Ice Subdomain, Imagination Subdomain, Inevitable Subdomain, Innuendo Subdomain, Insanity Subdomain, Isolation Subdomain, Judgment Subdomain, Jungle, Knowledge, Kyton Subdomain (Evil), Kyton Subdomain (Law), Language Subdomain, Law, Leadership Subdomain, Leshy Subdomain, Liberation, Life (Spirit), Light Subdomain, Lore (Spirit), Loss Subdomain, Love Subdomain, Luck, Lust Subdomain, Madness, Magic, Martyr Subdomain, Memory Subdomain, Metal Subdomain, Monkey, Mountain, Murder Subdomain, Nature (Spirit), Night Subdomain, Nightmare Subdomain, Nobility, Oceans Subdomain, Panther, Plains, Plant, Protean Subdomain, Protection, Psychopomp Subdomain (Death), Psychopomp Subdomain (Repose), Purity Subdomain, Rage Subdomain, Redemption Subdomain, Repose, Resolve Subdomain, Restoration Subdomain, Resurrection Subdomain, Revelation Subdomain, Revelry Subdomain, Revolution Subdomain, Rune, Saurian Subdomain, Scalykind, Seasons Subdomain, Serpent, Shadow Subdomain (Darkness), Shadow Subdomain (Death), Smoke Subdomain, Solitude Subdomain, Souls (Pharasma) Subdomain, Souls Subdomain, Stars Subdomain, Stone (Spirit), Storms Subdomain, Strength, Sun, Swamp, Tactics Subdomain, Thievery Subdomain, Thought Subdomain, Toil Subdomain, Trade Subdomain, Travel, Trickery, Undead Subdomain, Venom Subdomain, Vermin, Void, Vulture, War, Wards Subdomain, Water, Waves (Spirit), Weather, Wind (Spirit), Wind Subdomain, Wolf</domainlist>
			<favoredweapon></favoredweapon>
			<holyitem>None</holyitem>
			<pantheonlist></pantheonlist>
			<source>Paizo Inc. - Core Rulebook</source>
			<special_abilities></special_abilities>
			<appearance></appearance>
			<title></title>
			<worshippers></worshippers>
		</deity>
		<description></description>
		<experience>
			<current>9000</current>
			<next_level>15000</next_level>
			<factor>100%</factor>
			<penalty>0%</penalty>
		</experience>
		<eyes>
			<color></color>
		</eyes>
		<hair>
			<color></color>
			<length></length>
		</hair>
		<skin>
			<color></color>
		</skin>
		<cr>3</cr>
		<face>
			<face>5 ft. by 5 ft.</face>
			<short>5 ft.</short>
			<squares>1 x 1</squares>
		</face>
		<favoredlist></favoredlist>
		<followerlist></followerlist>
		<gender>
			<long>Male</long>
			<short>Male</short>
		</gender>
		<handed>Right</handed>
		<height>
			<total>0&#39; 0&quot;</total>
			<feet>0</feet>
			<inches>0</inches>
		</height>
		<hitdice>(4d8)+8</hitdice>
		<image>file:C:\Users\USER\Documents\PCGen\characters/Corpus Druid4.jpg</image>
		<interests></interests>
		<languages>
			<language>Common</language>
			<language>Druidic</language>
			<language></language>
			<all>Common, Druidic</all>
		</languages>
		<location></location>
		<move>
			<move>
				<name>Walk</name>
				<rate>20 ft.</rate>
				<squares>4</squares>
			</move>
			<all>Walk 20 ft.</all>
		</move>
		<personality>
			<trait></trait>
			<trait></trait>
		</personality>
		<portrait>
			<portrait></portrait>
			<portrait_thumb></portrait_thumb>
		</portrait>
		<phobias></phobias>
			<race>Human (Arcadian)</race>
		<race>
			<racetype>Humanoid</racetype>
		</race>
		<reach>
			<reach>5 ft.</reach>
			<squares>1</squares>
		</reach>
		<region>Absalom</region>
		<reputation>0</reputation>
		<residence></residence>
		<size>
			<long>Medium</long>
			<short>M</short>
		</size>
		<speechtendency></speechtendency>
		<type>Humanoid</type>
		<vision>
			<all></all>
		</vision>
		<wealth>0</wealth>
		<gold>4,970</gold>
		<weight>
			<weight_unit>0 lbs.</weight_unit>
			<weight_nounit>0</weight_nounit>
		</weight>
		<poolpoints>
			<cost>0</cost>
			<current>0</current>
		</poolpoints>
		<notes>
		</notes>
	</basics>

	<!-- Use ASPECT.NotesSection.x and ASPECT.Notes.y	-->
	<!--
	  ====================================
	  ====================================
			ABILITIES
	  ====================================
	  ====================================-->
	<abilities>
		<ability>
			<name>
				<long>Strength</long>
				<short>STR</short>
			</name>
			<score>11</score>
			<modifier>+0</modifier>
		<!--
		Old BASE tag does not give stats with racial, and other permentant adjustments.
		Use NOTEMP.NOEQUIP instead of BASE gives the correct results.

			<base>11</base>
			<basemod>+0</basemod>
		-->
			<base>11</base>
			<basemod>+0</basemod>

			<noequip>11</noequip>
			<noequip_mod>+0</noequip_mod>
			<no_temp_score>11</no_temp_score>
			<no_temp_modifier>+0</no_temp_modifier>
		</ability>
		<ability>
			<name>
				<long>Dexterity</long>
				<short>DEX</short>
			</name>
			<score>12</score>
			<modifier>+1</modifier>
		<!--
		Old BASE tag does not give stats with racial, and other permentant adjustments.
		Use NOTEMP.NOEQUIP instead of BASE gives the correct results.

			<base>12</base>
			<basemod>+1</basemod>
		-->
			<base>12</base>
			<basemod>+1</basemod>

			<noequip>12</noequip>
			<noequip_mod>+1</noequip_mod>
			<no_temp_score>12</no_temp_score>
			<no_temp_modifier>+1</no_temp_modifier>
		</ability>
		<ability>
			<name>
				<long>Constitution</long>
				<short>CON</short>
			</name>
			<score>14</score>
			<modifier>+2</modifier>
		<!--
		Old BASE tag does not give stats with racial, and other permentant adjustments.
		Use NOTEMP.NOEQUIP instead of BASE gives the correct results.

			<base>14</base>
			<basemod>+2</basemod>
		-->
			<base>14</base>
			<basemod>+2</basemod>

			<noequip>14</noequip>
			<noequip_mod>+2</noequip_mod>
			<no_temp_score>14</no_temp_score>
			<no_temp_modifier>+2</no_temp_modifier>
		</ability>
		<ability>
			<name>
				<long>Intelligence</long>
				<short>INT</short>
			</name>
			<score>10</score>
			<modifier>+0</modifier>
		<!--
		Old BASE tag does not give stats with racial, and other permentant adjustments.
		Use NOTEMP.NOEQUIP instead of BASE gives the correct results.

			<base>10</base>
			<basemod>+0</basemod>
		-->
			<base>10</base>
			<basemod>+0</basemod>

			<noequip>10</noequip>
			<noequip_mod>+0</noequip_mod>
			<no_temp_score>10</no_temp_score>
			<no_temp_modifier>+0</no_temp_modifier>
		</ability>
		<ability>
			<name>
				<long>Wisdom</long>
				<short>WIS</short>
			</name>
			<score>18</score>
			<modifier>+4</modifier>
		<!--
		Old BASE tag does not give stats with racial, and other permentant adjustments.
		Use NOTEMP.NOEQUIP instead of BASE gives the correct results.

			<base>18</base>
			<basemod>+4</basemod>
		-->
			<base>18</base>
			<basemod>+4</basemod>

			<noequip>18</noequip>
			<noequip_mod>+4</noequip_mod>
			<no_temp_score>18</no_temp_score>
			<no_temp_modifier>+4</no_temp_modifier>
		</ability>
		<ability>
			<name>
				<long>Charisma</long>
				<short>CHA</short>
			</name>
			<score>12</score>
			<modifier>+1</modifier>
		<!--
		Old BASE tag does not give stats with racial, and other permentant adjustments.
		Use NOTEMP.NOEQUIP instead of BASE gives the correct results.

			<base>10</base>
			<basemod>+0</basemod>
		-->
			<base>12</base>
			<basemod>+1</basemod>

			<noequip>12</noequip>
			<noequip_mod>+1</noequip_mod>
			<no_temp_score>12</no_temp_score>
			<no_temp_modifier>+1</no_temp_modifier>
		</ability>
	</abilities>
	<!--
	  ====================================
	  ====================================
			HIT POINTS
	  ====================================
	  ====================================-->
	<hit_points>
		<usealternatedamage>0</usealternatedamage>
		<points>27</points>
		<alternate>28</alternate>
		<die>(4d8)+8</die>
		<die_short>4</die_short>
		<current/>
		<subdual/>
		<damage_reduction></damage_reduction>
		<damage_threshold>0</damage_threshold>
		<history>
			<roll>
				<level>1</level>
				<roll>8</roll>
				<stat>2</stat>
				<total>10</total>
			</roll>
			<roll>
				<level>2</level>
				<roll>2</roll>
				<stat>2</stat>
				<total>4</total>
			</roll>
			<roll>
				<level>3</level>
				<roll>4</roll>
				<stat>2</stat>
				<total>6</total>
			</roll>
			<roll>
				<level>4</level>
				<roll>5</roll>
				<stat>2</stat>
				<total>7</total>
			</roll>
		</history>
	</hit_points>
	<!--
	  ====================================
	  ====================================
			ARMOR CLASS
	  ====================================
	  ====================================-->
	<armor_class>
		<total>15</total>
		<listing>ABILITY +1, ARMOR +4, BASE +10</listing>
		<flat>14</flat>
		<touch>11</touch>
		<base>10</base>
		<armor_bonus>4</armor_bonus>
		<shield_bonus>0</shield_bonus>
		<stat_mod>1</stat_mod>
		<size_mod>0</size_mod>
		<natural>0</natural>
		<deflection>0</deflection>
		<dodge>0</dodge>
		<dodge_bonus>0</dodge_bonus>
		<class_bonus>0</class_bonus>
		<misc>0</misc>
		<insight>0</insight>
		<morale>0</morale>
		<sacred>0</sacred>
		<profane>0</profane>
		<miss_chance/>
		<max_dex>+4</max_dex>
		<spell_failure>20</spell_failure>
		<check_penalty>-3</check_penalty>
		<spell_resistance>0</spell_resistance>
	</armor_class>
	<!--
	  ====================================
	  ====================================
			INITIATIVE
	  ====================================
	  ====================================-->
	<initiative>
		<total>+1</total>
		<dex_mod>+1</dex_mod>
		<misc_mod>+0</misc_mod>
		<spell_failure>20</spell_failure>
		<check_penalty>-3</check_penalty>
		<spell_resistance>0</spell_resistance>
		<hero_points>0</hero_points>
	</initiative>
	<!--
	  ====================================
	  ====================================
			SKILLS
	  ====================================
	  ====================================-->
	<skillinfo>
		<conditional_modifiers>
		</conditional_modifiers>
	</skillinfo>
	<skills>
		<conditional_modifiers>
		</conditional_modifiers>
		<skillpoints>
			<total>20</total>
			<used>20</used>
			<unused>0</unused>
			<eclipse_total>0</eclipse_total>
		</skillpoints>
		<list_mods>Climb +4, Craft (Alchemy) +7, Craft (Armor) +7, Craft (Baskets) +7, Craft (Blacksmithing) +7, Survival +6</list_mods>
			<max_class_skill_level>4</max_class_skill_level>
		<max_cross_class_skill_level>4.0</max_cross_class_skill_level>
		<skill>
			<name>Acrobatics</name>
			<ranks>0.0</ranks>
			<mod>0<!-- Mods from abilities, equipment, etc -->
			</mod>
			<skill_mod>0</skill_mod>
			<ability_mod>1<!-- Mod from the key ability -->
			</ability_mod>
			<misc_mod>-1<!-- This is a calc value of TOTAL-RANK-ABMOD -->
			</misc_mod>
			<ability>DEX</ability>
			<synergy>Acrobatics</synergy>
			<untrained>Y</untrained>
			<exclusive>N</exclusive>
			<trained_total>0</trained_total>
			<exclusive_total>0</exclusive_total>
			<classes></classes>
			<type>Dexterity.ACHECK.Base</type>
		</skill>
		<skill>
			<name>Acrobatics (When Jumping)</name>
			<ranks>0.0</ranks>
			<mod>-4<!-- Mods from abilities, equipment, etc -->
			</mod>
			<skill_mod>-4</skill_mod>
			<ability_mod>1<!-- Mod from the key ability -->
			</ability_mod>
			<misc_mod>-5<!-- This is a calc value of TOTAL-RANK-ABMOD -->
			</misc_mod>
			<ability>DEX</ability>
			<synergy>Acrobatics (When Jumping)</synergy>
			<untrained>Y</untrained>
			<exclusive>N</exclusive>
			<trained_total>-4</trained_total>
			<exclusive_total>-4</exclusive_total>
			<classes></classes>
			<type>Dexterity.ACHECK.Base</type>
		</skill>
		<skill>
			<name>Appraise</name>
			<ranks>0.0</ranks>
			<mod>0<!-- Mods from abilities, equipment, etc -->
			</mod>
			<skill_mod>0</skill_mod>
			<ability_mod>0<!-- Mod from the key ability -->
			</ability_mod>
			<misc_mod>0<!-- This is a calc value of TOTAL-RANK-ABMOD -->
			</misc_mod>
			<ability>INT</ability>
			<synergy>Appraise</synergy>
			<untrained>Y</untrained>
			<exclusive>N</exclusive>
			<trained_total>0</trained_total>
			<exclusive_total>0</exclusive_total>
			<classes></classes>
			<type>Intelligence.Base.Background</type>
		</skill>
		<skill>
			<name>Bluff</name>
			<ranks>0.0</ranks>
			<mod>1<!-- Mods from abilities, equipment, etc -->
			</mod>
			<skill_mod>1</skill_mod>
			<ability_mod>1<!-- Mod from the key ability -->
			</ability_mod>
			<misc_mod>0<!-- This is a calc value of TOTAL-RANK-ABMOD -->
			</misc_mod>
			<ability>CHA</ability>
			<synergy>Bluff</synergy>
			<untrained>Y</untrained>
			<exclusive>N</exclusive>
			<trained_total>1</trained_total>
			<exclusive_total>1</exclusive_total>
			<classes></classes>
			<type>Charisma.Base</type>
		</skill>
		<skill>
			<name>Climb</name>
			<ranks>4.0</ranks>
			<mod>0<!-- Mods from abilities, equipment, etc -->
			</mod>
			<skill_mod>4</skill_mod>
			<ability_mod>0<!-- Mod from the key ability -->
			</ability_mod>
			<misc_mod>0<!-- This is a calc value of TOTAL-RANK-ABMOD -->
			</misc_mod>
			<ability>STR</ability>
			<synergy>Climb</synergy>
			<untrained>Y</untrained>
			<exclusive>N</exclusive>
			<trained_total>4</trained_total>
			<exclusive_total>4</exclusive_total>
			<classes>Druid</classes>
			<type>Strength.ACHECK.Base</type>
		</skill>
		<skill>
			<name>Craft (Alchemy)</name>
			<ranks>4.0</ranks>
			<mod>3<!-- Mods from abilities, equipment, etc -->
			</mod>
			<skill_mod>7</skill_mod>
			<ability_mod>0<!-- Mod from the key ability -->
			</ability_mod>
			<misc_mod>3<!-- This is a calc value of TOTAL-RANK-ABMOD -->
			</misc_mod>
			<ability>INT</ability>
			<synergy>Craft (Alchemy)</synergy>
			<untrained>NO</untrained>
			<exclusive>N</exclusive>
			<trained_total>7</trained_total>
			<exclusive_total>7</exclusive_total>
			<classes>Druid</classes>
			<type>Intelligence.Craft.Base.Background</type>
		</skill>
		<skill>
			<name>Craft (Armor)</name>
			<ranks>4.0</ranks>
			<mod>3<!-- Mods from abilities, equipment, etc -->
			</mod>
			<skill_mod>7</skill_mod>
			<ability_mod>0<!-- Mod from the key ability -->
			</ability_mod>
			<misc_mod>3<!-- This is a calc value of TOTAL-RANK-ABMOD -->
			</misc_mod>
			<ability>INT</ability>
			<synergy>Craft (Armor)</synergy>
			<untrained>NO</untrained>
			<exclusive>N</exclusive>
			<trained_total>7</trained_total>
			<exclusive_total>7</exclusive_total>
			<classes>Druid</classes>
			<type>Intelligence.Craft.Base.Background</type>
		</skill>
		<skill>
			<name>Craft (Baskets)</name>
			<ranks>4.0</ranks>
			<mod>3<!-- Mods from abilities, equipment, etc -->
			</mod>
			<skill_mod>7</skill_mod>
			<ability_mod>0<!-- Mod from the key ability -->
			</ability_mod>
			<misc_mod>3<!-- This is a calc value of TOTAL-RANK-ABMOD -->
			</misc_mod>
			<ability>INT</ability>
			<synergy>Craft (Baskets)</synergy>
			<untrained>NO</untrained>
			<exclusive>N</exclusive>
			<trained_total>7</trained_total>
			<exclusive_total>7</exclusive_total>
			<classes>Druid</classes>
			<type>Intelligence.Craft.Base.Background</type>
		</skill>
		<skill>
			<name>Craft (Blacksmithing)</name>
			<ranks>4.0</ranks>
			<mod>3<!-- Mods from abilities, equipment, etc -->
			</mod>
			<skill_mod>7</skill_mod>
			<ability_mod>0<!-- Mod from the key ability -->
			</ability_mod>
			<misc_mod>3<!-- This is a calc value of TOTAL-RANK-ABMOD -->
			</misc_mod>
			<ability>INT</ability>
			<synergy>Craft (Blacksmithing)</synergy>
			<untrained>NO</untrained>
			<exclusive>N</exclusive>
			<trained_total>7</trained_total>
			<exclusive_total>7</exclusive_total>
			<classes>Druid</classes>
			<type>Intelligence.Craft.Base.Background</type>
		</skill>
		<skill>
			<name>Craft (Untrained)</name>
			<ranks>0.0</ranks>
			<mod>0<!-- Mods from abilities, equipment, etc -->
			</mod>
			<skill_mod>0</skill_mod>
			<ability_mod>0<!-- Mod from the key ability -->
			</ability_mod>
			<misc_mod>0<!-- This is a calc value of TOTAL-RANK-ABMOD -->
			</misc_mod>
			<ability>INT</ability>
			<synergy>Craft (Untrained)</synergy>
			<untrained>Y</untrained>
			<exclusive>N</exclusive>
			<trained_total>0</trained_total>
			<exclusive_total>0</exclusive_total>
			<classes>Druid</classes>
			<type>Intelligence.Craft</type>
		</skill>
		<skill>
			<name>Diplomacy</name>
			<ranks>0.0</ranks>
			<mod>1<!-- Mods from abilities, equipment, etc -->
			</mod>
			<skill_mod>1</skill_mod>
			<ability_mod>1<!-- Mod from the key ability -->
			</ability_mod>
			<misc_mod>0<!-- This is a calc value of TOTAL-RANK-ABMOD -->
			</misc_mod>
			<ability>CHA</ability>
			<synergy>Diplomacy</synergy>
			<untrained>Y</untrained>
			<exclusive>N</exclusive>
			<trained_total>1</trained_total>
			<exclusive_total>1</exclusive_total>
			<classes></classes>
			<type>Charisma.Base</type>
		</skill>
		<skill>
			<name>Disguise</name>
			<ranks>0.0</ranks>
			<mod>1<!-- Mods from abilities, equipment, etc -->
			</mod>
			<skill_mod>1</skill_mod>
			<ability_mod>1<!-- Mod from the key ability -->
			</ability_mod>
			<misc_mod>0<!-- This is a calc value of TOTAL-RANK-ABMOD -->
			</misc_mod>
			<ability>CHA</ability>
			<synergy>Disguise</synergy>
			<untrained>Y</untrained>
			<exclusive>N</exclusive>
			<trained_total>1</trained_total>
			<exclusive_total>1</exclusive_total>
			<classes></classes>
			<type>Charisma.Base</type>
		</skill>
		<skill>
			<name>Escape Artist</name>
			<ranks>0.0</ranks>
			<mod>-2<!-- Mods from abilities, equipment, etc -->
			</mod>
			<skill_mod>-2</skill_mod>
			<ability_mod>1<!-- Mod from the key ability -->
			</ability_mod>
			<misc_mod>-3<!-- This is a calc value of TOTAL-RANK-ABMOD -->
			</misc_mod>
			<ability>DEX</ability>
			<synergy>Escape Artist</synergy>
			<untrained>Y</untrained>
			<exclusive>N</exclusive>
			<trained_total>-2</trained_total>
			<exclusive_total>-2</exclusive_total>
			<classes></classes>
			<type>Dexterity.ACHECK.Base</type>
		</skill>
		<skill>
			<name>Fly</name>
			<ranks>0.0</ranks>
			<mod>0<!-- Mods from abilities, equipment, etc -->
			</mod>
			<skill_mod>0</skill_mod>
			<ability_mod>1<!-- Mod from the key ability -->
			</ability_mod>
			<misc_mod>-1<!-- This is a calc value of TOTAL-RANK-ABMOD -->
			</misc_mod>
			<ability>DEX</ability>
			<synergy>Fly</synergy>
			<untrained>Y</untrained>
			<exclusive>N</exclusive>
			<trained_total>0</trained_total>
			<exclusive_total>0</exclusive_total>
			<classes>Druid</classes>
			<type>Dexterity.ACHECK.Base</type>
		</skill>
		<skill>
			<name>Heal</name>
			<ranks>0.0</ranks>
			<mod>4<!-- Mods from abilities, equipment, etc -->
			</mod>
			<skill_mod>4</skill_mod>
			<ability_mod>4<!-- Mod from the key ability -->
			</ability_mod>
			<misc_mod>0<!-- This is a calc value of TOTAL-RANK-ABMOD -->
			</misc_mod>
			<ability>WIS</ability>
			<synergy>Heal</synergy>
			<untrained>Y</untrained>
			<exclusive>N</exclusive>
			<trained_total>4</trained_total>
			<exclusive_total>4</exclusive_total>
			<classes>Druid</classes>
			<type>Wisdom.Base</type>
		</skill>
		<skill>
			<name>Intimidate</name>
			<ranks>0.0</ranks>
			<mod>1<!-- Mods from abilities, equipment, etc -->
			</mod>
			<skill_mod>1</skill_mod>
			<ability_mod>1<!-- Mod from the key ability -->
			</ability_mod>
			<misc_mod>0<!-- This is a calc value of TOTAL-RANK-ABMOD -->
			</misc_mod>
			<ability>CHA</ability>
			<synergy>Intimidate</synergy>
			<untrained>Y</untrained>
			<exclusive>N</exclusive>
			<trained_total>1</trained_total>
			<exclusive_total>1</exclusive_total>
			<classes></classes>
			<type>Charisma.Base</type>
		</skill>
		<skill>
			<name>Perception</name>
			<ranks>0.0</ranks>
			<mod>4<!-- Mods from abilities, equipment, etc -->
			</mod>
			<skill_mod>4</skill_mod>
			<ability_mod>4<!-- Mod from the key ability -->
			</ability_mod>
			<misc_mod>0<!-- This is a calc value of TOTAL-RANK-ABMOD -->
			</misc_mod>
			<ability>WIS</ability>
			<synergy>Perception</synergy>
			<untrained>Y</untrained>
			<exclusive>N</exclusive>
			<trained_total>4</trained_total>
			<exclusive_total>4</exclusive_total>
			<classes>Druid</classes>
			<type>Wisdom.Base</type>
		</skill>
		<skill>
			<name>Perform (Untrained)</name>
			<ranks>0.0</ranks>
			<mod>1<!-- Mods from abilities, equipment, etc -->
			</mod>
			<skill_mod>1</skill_mod>
			<ability_mod>1<!-- Mod from the key ability -->
			</ability_mod>
			<misc_mod>0<!-- This is a calc value of TOTAL-RANK-ABMOD -->
			</misc_mod>
			<ability>CHA</ability>
			<synergy>Perform (Untrained)</synergy>
			<untrained>Y</untrained>
			<exclusive>N</exclusive>
			<trained_total>1</trained_total>
			<exclusive_total>1</exclusive_total>
			<classes></classes>
			<type>Charisma.Perform.Background</type>
		</skill>
		<skill>
			<name>Ride</name>
			<ranks>0.0</ranks>
			<mod>-2<!-- Mods from abilities, equipment, etc -->
			</mod>
			<skill_mod>-2</skill_mod>
			<ability_mod>1<!-- Mod from the key ability -->
			</ability_mod>
			<misc_mod>-3<!-- This is a calc value of TOTAL-RANK-ABMOD -->
			</misc_mod>
			<ability>DEX</ability>
			<synergy>Ride</synergy>
			<untrained>Y</untrained>
			<exclusive>N</exclusive>
			<trained_total>-2</trained_total>
			<exclusive_total>-2</exclusive_total>
			<classes>Druid</classes>
			<type>Dexterity.ACHECK.Base</type>
		</skill>
		<skill>
			<name>Sense Motive</name>
			<ranks>0.0</ranks>
			<mod>4<!-- Mods from abilities, equipment, etc -->
			</mod>
			<skill_mod>4</skill_mod>
			<ability_mod>4<!-- Mod from the key ability -->
			</ability_mod>
			<misc_mod>0<!-- This is a calc value of TOTAL-RANK-ABMOD -->
			</misc_mod>
			<ability>WIS</ability>
			<synergy>Sense Motive</synergy>
			<untrained>Y</untrained>
			<exclusive>N</exclusive>
			<trained_total>4</trained_total>
			<exclusive_total>4</exclusive_total>
			<classes></classes>
			<type>Wisdom.Base</type>
		</skill>
		<skill>
			<name>Stealth</name>
			<ranks>0.0</ranks>
			<mod>-2<!-- Mods from abilities, equipment, etc -->
			</mod>
			<skill_mod>-2</skill_mod>
			<ability_mod>1<!-- Mod from the key ability -->
			</ability_mod>
			<misc_mod>-3<!-- This is a calc value of TOTAL-RANK-ABMOD -->
			</misc_mod>
			<ability>DEX</ability>
			<synergy>Stealth</synergy>
			<untrained>Y</untrained>
			<exclusive>N</exclusive>
			<trained_total>-2</trained_total>
			<exclusive_total>-2</exclusive_total>
			<classes></classes>
			<type>Dexterity.ACHECK.Base</type>
		</skill>
		<skill>
			<name>Survival</name>
			<ranks>0.0</ranks>
			<mod>6<!-- Mods from abilities, equipment, etc -->
			</mod>
			<skill_mod>6</skill_mod>
			<ability_mod>4<!-- Mod from the key ability -->
			</ability_mod>
			<misc_mod>2<!-- This is a calc value of TOTAL-RANK-ABMOD -->
			</misc_mod>
			<ability>WIS</ability>
			<synergy>Survival</synergy>
			<untrained>Y</untrained>
			<exclusive>N</exclusive>
			<trained_total>6</trained_total>
			<exclusive_total>6</exclusive_total>
			<classes>Druid</classes>
			<type>Wisdom.Base</type>
		</skill>
		<skill>
			<name>Swim</name>
			<ranks>0.0</ranks>
			<mod>-3<!-- Mods from abilities, equipment, etc -->
			</mod>
			<skill_mod>-3</skill_mod>
			<ability_mod>0<!-- Mod from the key ability -->
			</ability_mod>
			<misc_mod>-3<!-- This is a calc value of TOTAL-RANK-ABMOD -->
			</misc_mod>
			<ability>STR</ability>
			<synergy>Swim</synergy>
			<untrained>Y</untrained>
			<exclusive>N</exclusive>
			<trained_total>-3</trained_total>
			<exclusive_total>-3</exclusive_total>
			<classes>Druid</classes>
			<type>Strength.ACHECK.Base</type>
		</skill>

	<!-- Skills -->
	</skills>
	<!--
	  ====================================
	  ====================================
			SAVING THROWS
	  ====================================
	  ====================================-->
	<saving_throws>
		<conditional_modifiers>
			<savebonus>
				<description>+4 vs. spell-like and supernatural abilities of fey and spells and effects that utilize and target plants</description>
			</savebonus>
		</conditional_modifiers>
		<saving_throw>
			<name>
				<long>fortitude</long>
				<short>fort</short>
			</name>
				<ability>constitution</ability>
			<total>+6</total>
			<base>+4</base>
			<abil_mod>+2</abil_mod>
			<feats>+0</feats>
			<magic_mod>+0</magic_mod>
			<misc_mod>+0</misc_mod>
			<misc_w_magic_mod>+0</misc_w_magic_mod>
			<race>+0</race>
			<epic_mod>+0</epic_mod>
			<temp_mod/>
		</saving_throw>
		<saving_throw>
			<name>
				<long>reflex</long>
				<short>ref</short>
			</name>
				<ability>dexterity</ability>
			<total>+2</total>
			<base>+1</base>
			<abil_mod>+1</abil_mod>
			<feats>+0</feats>
			<magic_mod>+0</magic_mod>
			<misc_mod>+0</misc_mod>
			<misc_w_magic_mod>+0</misc_w_magic_mod>
			<race>+0</race>
			<epic_mod>+0</epic_mod>
			<temp_mod/>
		</saving_throw>
		<saving_throw>
			<name>
				<long>will</long>
				<short>will</short>
			</name>
				<ability>wisdom</ability>
			<total>+8</total>
			<base>+4</base>
			<abil_mod>+4</abil_mod>
			<feats>+0</feats>
			<magic_mod>+0</magic_mod>
			<misc_mod>+0</misc_mod>
			<misc_w_magic_mod>+0</misc_w_magic_mod>
			<race>+0</race>
			<epic_mod>+0</epic_mod>
			<temp_mod/>
		</saving_throw>
	</saving_throws>
	<!--
	  ====================================
	  ====================================
			ATTACK
	  ====================================
	  ====================================-->
	<attack>
			<conditional_modifiers>
				<savebonus>
				<description>+4 vs. spell-like and supernatural abilities of fey and spells and effects that utilize and target plants</description>
				</savebonus>
			</conditional_modifiers>

		<melee>
			<total>+3</total>
			<total_short>+3</total_short>
			<bab>+3</bab>
			<!-- +3 -->
			<base_attack_bonus>+3</base_attack_bonus>
			<stat_mod>+0</stat_mod>
			<size_mod>+0</size_mod>
			<misc_mod>+0</misc_mod>
			<epic_mod>0</epic_mod>
			<!-- +0 -->
			<temp_mod/>
		</melee>
		<ranged>
			<total>+4</total>
			<bab>+3</bab>
			<!-- +3 -->
			<base_attack_bonus>+3</base_attack_bonus>
			<stat_mod>+1</stat_mod>
			<size_mod>+0</size_mod>
			<misc_mod>+0</misc_mod>
			<epic_mod>0</epic_mod>
			<!-- +0 -->
			<temp_mod/>
		</ranged>
			<!-- Either CMB block, or Grapple Block -->
			<cmb>
				<!-- Base stuff for standard block -->
				<title>CMB</title>
				<total>+3</total>
				<bab>+3</bab>
				<base_attack_bonus>+3</base_attack_bonus>
				<stat_mod>+0</stat_mod>
				<size_mod>+0</size_mod>
				<misc_mod></misc_mod>	
				<epic_mod/>
				<temp_mod/>
				<!-- Base values (not yet used) -->
				<grapple_base>+3</grapple_base>
				<trip_base>+3</trip_base>
				<disarm_base>+3</disarm_base>
				<sunder_base>+3</sunder_base>
				<bullrush_base>+0</bullrush_base>
				<overrun_base>+3</overrun_base>
				<!-- Defense values -->
				<!-- Pathfinder (final release) -->
				<!-- Attack values -->
				<grapple_attack>+3</grapple_attack>
				<trip_attack>+3</trip_attack>
				<disarm_attack>+3</disarm_attack>
				<sunder_attack>+3</sunder_attack>
				<bullrush_attack>+3</bullrush_attack>
				<overrun_attack>+3</overrun_attack>
				<!-- Defense values -->
				<defense>14</defense>
				<grapple_defense>14</grapple_defense>
				<trip_defense>
				14
				</trip_defense>
				<disarm_defense>14</disarm_defense>
				<sunder_defense>14</sunder_defense>
				<bullrush_defense>14</bullrush_defense>
				<overrun_defense>14</overrun_defense>

			</cmb>
		<!-- End CMB / Grapple Block -->
	</attack>
	<!--
	  ====================================
	  ====================================
			WEAPONS
	  ====================================
	  ====================================-->

	<weapons>
		<unarmed>
			<total>+3</total>
			<damage>1d3</damage>
			<critical>20/x2</critical>
			<!-- Should be changed to a variable due to improved crit -->
			<reach>5 ft.</reach>
						<!-- Commenting this out (will need a test as well)
			3.0 uses "Subdual", 3.5 uses "nonlethal".  We'll need a separate node for both.	-->
			<type>(nonlethal only)</type>
		</unarmed>
		<!-- Spirit Weapon - Melee -->

		<!-- Spirit Weapon - Ranged -->
	<!-- End Spirit Weapon - Ranged -->

	<!-- Blank Natural Attack -->

	<!-- Natural Attack -->

	<!--	Request to remove the Double Weapon Block OS-133		-->
		<weapon>
			<common>
				<name>
					<short>*Scimitar</short>
					<long>*Scimitar</long>
					<output>*Scimitar</output>
				</name>
				<category>Martial-Melee</category>
				<critical>
					<range>18-20</range>
					<multiplier>2</multiplier>
				</critical>
				<to_hit>
					<hit>+3</hit>
					<magic_hit>+0</magic_hit>
					<total_hit>+3</total_hit>
				</to_hit>
				<feat>
					<hit>+0</hit>
					<damage>+0</damage>
				</feat>
				<magic>
					<hit>+0</hit>
					<damage>+0</damage>
				</magic>
				<template>
					<hit>+0</hit>
					<damage>+0</damage>
				</template>
				<hand>Primary</hand>
				<num_attacks>1</num_attacks>
				<reach>5</reach>
				<reachunit> ft.</reachunit>
				<size>M</size>
					<special_properties></special_properties>
				<type>S</type>
				<weight>4</weight>
				<attacks>0</attacks>
				<heft>MEDIUM</heft>
				<range>0 ft.</range>
				<sizemod>+0</sizemod>
				<basehit>+3</basehit>
				<misc>+0</misc>
				<damage>1d6</damage>
				<damagebonus>+0</damagebonus>
				<basedamagebonus>+0</basedamagebonus>
				<thdamagebonus>+0</thdamagebonus>
				<ohdamagebonus>+0</ohdamagebonus>
				<rateoffire></rateoffire>
				<islight>FALSE</islight>
				<sequence>0</sequence>
			</common>
			<melee>
				<invalidtext>
					<tohit>N/A</tohit>
					<damage>N/A</damage>
				</invalidtext>
				<hand>Primary</hand>
				<w1_h1_p>
					<!-- One weapon, 1 hand, primary hand -->
					<to_hit>+3</to_hit>
					<damage>1d6</damage>
				</w1_h1_p>
				<w1_h1_o>
					<!-- One weapon, 1 handed, offhand -->
					<to_hit>-1</to_hit>
					<damage>1d6</damage>
				</w1_h1_o>
				<w1_h2>
					<!-- One weapon, 2 handed -->
					<to_hit>+3</to_hit>
					<damage>1d6</damage>
				</w1_h2>
				<w2_p_oh>
					<!-- Two weapons, this weapon in primary hand, other hand with heavy weapon -->
					<to_hit>-3</to_hit>
					<damage>1d6</damage>
				</w2_p_oh>
				<w2_p_ol>
					<!-- Two weapons, this weapon in primary hand, other hand with light weapon -->
					<to_hit>-1</to_hit>
					<damage>1d6</damage>
				</w2_p_ol>
				<w2_o>
					<!-- Two weapons, this weapon in off-hand -->
					<to_hit>-7</to_hit>
					<damage>1d6</damage>
				</w2_o>
			</melee>
		</weapon>
	</weapons>
	<!--
	  ====================================
	  ====================================
			ARMOR
	  ====================================
	  ====================================-->
	<protection>
		<armor>
			<name>*Hide Armor</name>
			<acbonus>+4</acbonus>
			<accheck>-3</accheck>
			<baseac>+4</baseac>
			<edr>+0</edr>
			<maxdex>+4</maxdex>
			<move></move>
			<spellfail>20</spellfail>
			<special_properties></special_properties>
			<totalac>+4</totalac>
			<type>Medium</type>
			<wt>25</wt>
			<fulltype>ARMOR.MEDIUM.ARMORPROFMEDIUM.SUIT.NONMETAL.CUSTOM</fulltype>
			<location>Equipped</location>
		</armor>
	</protection>
	<!--
	  ====================================
	  ====================================
			CLASS-DEPENDANT FEATURES
	  ====================================
	  ====================================-->
	<class_features>
		<!-- D&D 3.0 -->
		<!-- D&D 3.5 -->
	<!-- Bard -->




	<!-- Pathfinder -->
		<!-- Character Rage -->
		<!-- Character Rage -->

	<!-- Turning ability -->


	<!-- Eclipse Channeling -->

	<!-- Channel Energy -->

	<!-- 3.0 stunning fist -->

	<!-- 3.0 stunning fist -->

	<!-- 3.5 stunning fist -->

	<!-- 3.0 wholeness of body -->

	<!-- 3.5 wholeness of body -->

			<!-- Psionics -->

		
		
		<wildshape>
			<uses_per_day>1</uses_per_day>
			<elemental_uses_per_day>0</elemental_uses_per_day>
			<duration>4</duration>
		</wildshape>


	</class_features>

	<!-- Abilites with check lists - master/child abilities -->
	<checklists>
	</checklists>

	<!-- Proficiency lists -->
	<proficiency_specials>
	</proficiency_specials>

	<!--
	  ====================================
	  ====================================
			EQUIPMENT
	  ====================================
	  ====================================-->
	<equipment>
		<item>
			<longname>Scimitar</longname>
			<id></id>
			<name>Scimitar</name>
			<carried>1.0</carried>
			<charges></charges>
			<charges_used></charges_used>
			<contents></contents>
			<contents_num>0</contents_num>
			<content_weight>0</content_weight>
			<cost>15</cost>
			<equipped>Y</equipped>
			<location>Equipped</location>
			<locationId></locationId>
			<maxcharges>0</maxcharges>
			<note></note>
			<quantity>1</quantity>
			<checkbox>1</checkbox>
			<size>
				<long>Medium</long>
				<short>M</short>
			</size>
			<special_properties></special_properties>
			<type>WEAPON.RESIZABLE.MELEE.MARTIAL.ONEHANDED.SLASHING.SWORD.BLADEHEAVY.WEAPON GROUP BLADES HEAVY.CUSTOM.METAL</type>
			<weight>4</weight>
			<total_wt>4</total_wt>
			<total_weight>4</total_weight>
			<bonuslist></bonuslist>
			<acmod>0</acmod>
			<maxdex>100</maxdex>
			<accheck>0</accheck>
			<edr>0</edr>
			<move></move>
			<spell_failure>0</spell_failure>
			<damage>1d6</damage>
			<damage_alt></damage_alt>
			<crit_range>3</crit_range>
			<crit_mult>x2</crit_mult>
			<crit_range_alt></crit_range_alt>
			<crit_mult_alt></crit_mult_alt>
			<range>0 ft.</range>
			<attacks>0.0</attacks>
			<prof>Scimitar</prof>
			<source>Custom - Paizo Inc. - Core Rulebook, p.142</source>
			<quality></quality>
		</item>
		<item>
			<longname>Hide Armor</longname>
			<id></id>
			<name>Hide Armor</name>
			<carried>1.0</carried>
			<charges></charges>
			<charges_used></charges_used>
			<contents></contents>
			<contents_num>0</contents_num>
			<content_weight>0</content_weight>
			<cost>15</cost>
			<equipped>Y</equipped>
			<location>Equipped</location>
			<locationId></locationId>
			<maxcharges>0</maxcharges>
			<note></note>
			<quantity>1</quantity>
			<checkbox>1</checkbox>
			<size>
				<long>Medium</long>
				<short>M</short>
			</size>
			<special_properties></special_properties>
			<type>ARMOR.MEDIUM.ARMORPROFMEDIUM.SUIT.NONMETAL.CUSTOM</type>
			<weight>25</weight>
			<total_wt>25</total_wt>
			<total_weight>25</total_weight>
			<bonuslist></bonuslist>
			<acmod>4</acmod>
			<maxdex>4</maxdex>
			<accheck>-3</accheck>
			<edr>0</edr>
			<move></move>
			<spell_failure>20</spell_failure>
			<damage></damage>
			<damage_alt></damage_alt>
			<crit_range></crit_range>
			<crit_mult></crit_mult>
			<crit_range_alt></crit_range_alt>
			<crit_mult_alt></crit_mult_alt>
			<range>0 ft.</range>
			<attacks>0.0</attacks>
			<prof>Hide</prof>
			<source>Custom - Paizo Inc. - Core Rulebook, p.151</source>
			<quality></quality>
		</item>
		<total>
			<weight>29 lbs.</weight>
			<value>30 gp</value>
			<load>Light</load>
			<capacity>115</capacity>
		</total>
		<equipmentsets>
		<equipmentset name="Default Set">
				<item>
					<longname>Scimitar</longname>
					<name>Scimitar</name>
					<carried>1.0</carried>
					<charges></charges>
					<charges_used></charges_used>
					<contents></contents>
					<contents_num>0</contents_num>
					<content_weight>0</content_weight>
					<cost>15</cost>
					<equipped>Y</equipped>
					<location>Equipped</location>
					<maxcharges>0</maxcharges>
					<note></note>
					<quantity>1</quantity>
					<checkbox>1</checkbox>
					<size>
						<long>Medium</long>
						<short>M</short>
					</size>
					<special_properties></special_properties>
					<type>WEAPON.RESIZABLE.MELEE.MARTIAL.ONEHANDED.SLASHING.SWORD.BLADEHEAVY.WEAPON GROUP BLADES HEAVY.CUSTOM.METAL</type>
					<weight>4</weight>
					<total_wt>4</total_wt>
					<total_weight>4</total_weight>
					<bonuslist></bonuslist>
					<acmod>0</acmod>
					<maxdex>100</maxdex>
					<accheck>0</accheck>
					<edr>0</edr>
					<move></move>
					<spell_failure>0</spell_failure>
					<damage>1d6</damage>
					<damage_alt></damage_alt>
					<crit_range>3</crit_range>
					<crit_mult>x2</crit_mult>
					<crit_range_alt></crit_range_alt>
					<crit_mult_alt></crit_mult_alt>
					<range>0 ft.</range>
					<attacks>0.0</attacks>
					<prof>Scimitar</prof>
					<source>Custom - Paizo Inc. - Core Rulebook, p.142</source>
					<quality>EQ.0.QUALITY</quality>
				</item>
				<item>
					<longname>Hide Armor</longname>
					<name>Hide Armor</name>
					<carried>1.0</carried>
					<charges></charges>
					<charges_used></charges_used>
					<contents></contents>
					<contents_num>0</contents_num>
					<content_weight>0</content_weight>
					<cost>15</cost>
					<equipped>Y</equipped>
					<location>Equipped</location>
					<maxcharges>0</maxcharges>
					<note></note>
					<quantity>1</quantity>
					<checkbox>1</checkbox>
					<size>
						<long>Medium</long>
						<short>M</short>
					</size>
					<special_properties></special_properties>
					<type>ARMOR.MEDIUM.ARMORPROFMEDIUM.SUIT.NONMETAL.CUSTOM</type>
					<weight>25</weight>
					<total_wt>25</total_wt>
					<total_weight>25</total_weight>
					<bonuslist></bonuslist>
					<acmod>4</acmod>
					<maxdex>4</maxdex>
					<accheck>-3</accheck>
					<edr>0</edr>
					<move></move>
					<spell_failure>20</spell_failure>
					<damage></damage>
					<damage_alt></damage_alt>
					<crit_range></crit_range>
					<crit_mult></crit_mult>
					<crit_range_alt></crit_range_alt>
					<crit_mult_alt></crit_mult_alt>
					<range>0 ft.</range>
					<attacks>0.0</attacks>
					<prof>Hide</prof>
					<source>Custom - Paizo Inc. - Core Rulebook, p.151</source>
					<quality>EQ.0.QUALITY</quality>
				</item>
			</equipmentset>
		</equipmentsets>
	</equipment>
	<weight_allowance>
		<light>38</light>
		<medium>76</medium>
		<heavy>115</heavy>
		<lift_over_head>115</lift_over_head>
		<lift_off_ground>230</lift_off_ground>
		<!-- And loses Dex bonus to AC and can only move 5 feet per round as a full-round action -->
		<push_drag>575</push_drag>
	</weight_allowance>
	<!--
	  ====================================
	  ====================================
			SPECIAL ABILITIES
	  ====================================
	  ====================================-->
	<special_abilities>
		<race></race>
		<class>
			<class>Druid</class>
			<ability></ability>
		</class>
	</special_abilities>
	<!--
	  ====================================
	  ====================================
			FEATS
	  ====================================
	  ====================================-->
	<feats>
		<!-- Visible standard feats (not including the auto feats) -->
		<feat>
			<name>Absorb Spirit</name>
			<description>You absorb restless spirits into your body at the cost of your own life force and sanity. Wisdom damage. If you succeed, you take 1 point of Constitution and Wisdom damage. No effect can prevent or reduce this damage, nor can the damage be healed or suppressed by any means until you release the spirit. You can release the spirit at any time as a standard action, at which point the spirit returns to its former location and begins rejuvenating or manifesting again as normal. If you die from the Constitution damage, the spirit is released, and if you become comatose from the Wisdom damage, the spirit gains control of your body (and can release itself whenever it desires).</description>
			<benefit>When an incorporeal undead with the rejuvenation special ability or a haunt is reduced to 0 or fewer hit points within 30 feet of you, you can attempt to absorb its spirit into your body as an immediate action. You must attempt a Will save with a DC equal to 5 + twice the CR of the undead creature or haunt. If you are a medium with the haunt channeler class feature, you receive a +2 bonus on this saving throw. If you succeed, you harbor the undead or haunt&#39;s essence, and it cannot continue to rejuvenate or manifest until you release it. For every 24 hours that you harbor the entity, you must attempt a Constitution check (DC = 10 + the CR of the undead or haunt). If you are a medium with the haunt channeler class feature, you receive a +2 bonus on this check. If you fail the check, you take 1d4 points of Constitution and</benefit>
			<type>GENERAL</type>
			<associated></associated>
			<count>0</count>
			<auto>F</auto>
			<hidden>F</hidden>
			<virtual>F</virtual>
			<source>Paizo Inc. - Horror Adventures, p.79</source>
		</feat>
		<feat>
			<name>Accursed</name>
			<description>[Not Implemented] Your curse weighs down your soul like a millstone around your neck.</description>
			<benefit>You gain spell resistance equal to 5 + your character level, as the curse interferes with all magic. Unlike most spell resistance, it can&#39;t voluntarily be lowered, though your own spells and magic items still automatically affect you. Goal:Your curse is lifted or you are able to purge the corruption of your fiendish blood (the circumstances of either vary widely based on the nature of the curse, and are up to the GM). Completion Benefit:You lose the spell resistance described above. You gain spell resistance equal to 11 + your character level, but only against harmful enchantment, necromancy, and transmutation spells and spell-like abilities-your aura resists further attempts to curse you. Harmless spells automatically bypass this spell resistance whether you desire it or not. This spell resistance can be voluntarily lowered.</benefit>
			<type>STORY</type>
			<associated></associated>
			<count>0</count>
			<auto>F</auto>
			<hidden>F</hidden>
			<virtual>F</virtual>
			<source>Paizo Publishing - Ultimate Campaign, p.67</source>
		</feat>
		<feat>
			<name>Acrobatic</name>
			<description>You are skilled at leaping, jumping, and flying.</description>
			<benefit>You get a +2 bonus on all Acrobatics and Fly skill checks. If you have 10 or more ranks in one of these skills, the bonus increases to +4 for that skill.</benefit>
			<type>GENERAL</type>
			<associated></associated>
			<count>0</count>
			<auto>F</auto>
			<hidden>F</hidden>
			<virtual>F</virtual>
			<source>Paizo Inc. - Core Rulebook, p.113</source>
		</feat>

		<!-- Auto feats -->

		<!-- Virtual Feats -->
		<!-- End Virtual Feats -->
		<!-- Hidden feats (all feats less the virtual, automatic and visible ones) -->
		<!-- Hidden VFEATS -->
		<!-- END Hidden VFEATS -->
		<feat>
			<name>CMB Output</name>
			<description></description>
			<benefit></benefit>
			<type>INTERNAL</type>
			<associated></associated>
			<count>0</count>
			<auto>T</auto>
			<hidden>T</hidden>
			<virtual>F</virtual>
			<source>Paizo Inc. - Core Rulebook</source>
		</feat>
	</feats>

	<!--
	  ====================================
	  ====================================
			ARCHETYPES
	  ====================================
	  ====================================-->
	<archetypes>
	</archetypes>
	<!--
	  ====================================
	  ====================================
			SPECIAL QUALITIES
	  ====================================
	  ====================================-->
	<special_qualities>
		<!-- Visible All "Special Ability" Ability Objects -->
		<special_quality>
			<name>Animal Companion (Ex)</name>
			<description></description>
			<type>DRUIDCLASSFEATURES.SPECIALQUALITY.EXTRAORDINARY.NATUREBOND.DRUIDANIMALCOMPANION.ANIMAL COMPANION</type>
			<associated></associated>
			<count>0</count>
			<aspect></aspect>
			<auto>F</auto>
			<hidden>F</hidden>
			<virtual>F</virtual>
			<category>Special Ability</category>
			<source>Paizo Publishing - Core Rulebook, p.51</source>
		</special_quality>
		<special_quality>
			<name>Bonus Feat</name>
			<description>Humans select one extra feat at 1st level.</description>
			<type>RACIALTRAITS.HUMAN RACIAL TRAIT.HUMAN RACIAL DEFAULT.SPECIALQUALITY</type>
			<associated></associated>
			<count>0</count>
			<aspect></aspect>
			<auto>F</auto>
			<hidden>F</hidden>
			<virtual>F</virtual>
			<category>Special Ability</category>
			<source>Paizo Inc. - Advanced Race Guide, p.70</source>
		</special_quality>
		<special_quality>
			<name>Nature Bond (Ex)</name>
			<description>At 1st level, a druid forms a bond with nature. This bond can take one of two forms. The first is a close tie to the natural world, granting the druid one of the following cleric domains: Air, Animal, Earth, Fire, Plant, Water, or Weather. When determining the powers and bonus spells granted by this domain, the druid&#39;s effective cleric level is equal to her druid level. A druid that selects this option also receives additional domain spell slots, just like a cleric. She must prepare the spell from her domain in this slot and this spell cannot be used to cast a spell spontaneously. The second option is to form a close bond with an animal companion. A druid may begin play with any of the animals listed in the Animal Companions section beginning on page 51. This animal is a loyal companion that accompanies the druid on her adventures. Unlike normal animals of its kind, an animal companion&#39;s Hit Dice, abilities, skills, and feats advance as the druid advances in level. If a character receives an animal companion from more than one source, her effective druid levels stack for the purposes of determining the statistics and abilities of the companion. Most animal companions increase in size when their druid reaches 4th or 7th level, depending on the companion. If a druid releases her companion from service, she may gain a new one by performing a ceremony requiring 24 uninterrupted hours of prayer in the environment where the new companion typically lives. This ceremony can also replace an animal companion that has perished.</description>
			<type>DRUIDCLASSFEATURES.SPECIALQUALITY.EXTRAORDINARY</type>
			<associated></associated>
			<count>0</count>
			<aspect></aspect>
			<auto>F</auto>
			<hidden>F</hidden>
			<virtual>F</virtual>
			<category>Special Ability</category>
			<source>Paizo Inc. - Core Rulebook, p.50</source>
		</special_quality>
		<special_quality>
			<name>Nature Sense (Ex)</name>
			<description>You gain a +2 bonus on Knowledge (Nature) and Survival skill checks.</description>
			<type>DRUIDCLASSFEATURES.SPECIALQUALITY.EXTRAORDINARY</type>
			<associated></associated>
			<count>0</count>
			<aspect></aspect>
			<auto>F</auto>
			<hidden>F</hidden>
			<virtual>F</virtual>
			<category>Special Ability</category>
			<source>Paizo Inc. - Core Rulebook, p.50</source>
		</special_quality>
		<special_quality>
			<name>Orisons</name>
			<description>You can prepare a number of orisons, or 0-level spells. These spells are cast like any other spells, but they are not expended when used and may be used again.</description>
			<type>DRUIDCLASSFEATURES.SPECIALQUALITY</type>
			<associated></associated>
			<count>0</count>
			<aspect></aspect>
			<auto>F</auto>
			<hidden>F</hidden>
			<virtual>F</virtual>
			<category>Special Ability</category>
			<source>Paizo Inc. - Core Rulebook, p.49</source>
		</special_quality>
		<special_quality>
			<name>Resist Nature&#39;s Lure (Ex)</name>
			<description>You gain a +4 bonus on saving throws against the spell-like and supernatural abilities of fey. This bonus also applies to spells and effects that utilize and target plants, such as Blight, Entangle, Spike Growth, and Warp Wood.</description>
			<type>DRUIDCLASSFEATURES.SPECIALQUALITY.EXTRAORDINARY</type>
			<associated></associated>
			<count>0</count>
			<aspect>SaveBonus: +4 vs. spell-like and supernatural abilities of fey and spells and effects that utilize and target plants</aspect>
			<auto>F</auto>
			<hidden>F</hidden>
			<virtual>F</virtual>
			<category>Special Ability</category>
			<source>Paizo Inc. - Core Rulebook, p.51</source>
		</special_quality>
		<special_quality>
			<name>Skilled</name>
			<description>Humans gain an additional skill rank at 1st level and one additional rank whenever they gain a level.</description>
			<type>RACIALTRAITS.HUMAN RACIAL TRAIT.HUMAN RACIAL DEFAULT.SPECIALQUALITY</type>
			<associated></associated>
			<count>0</count>
			<aspect></aspect>
			<auto>F</auto>
			<hidden>F</hidden>
			<virtual>F</virtual>
			<category>Special Ability</category>
			<source>Paizo Inc. - Advanced Race Guide, p.70</source>
		</special_quality>
		<special_quality>
			<name>Trackless Step (Ex)</name>
			<description>You leave no trail in natural surroundings and cannot be tracked. You may choose to leave a trail if so desired.</description>
			<type>DRUIDCLASSFEATURES.SPECIALQUALITY.EXTRAORDINARY</type>
			<associated></associated>
			<count>0</count>
			<aspect></aspect>
			<auto>F</auto>
			<hidden>F</hidden>
			<virtual>F</virtual>
			<category>Special Ability</category>
			<source>Paizo Inc. - Core Rulebook, p.51</source>
		</special_quality>
		<special_quality>
			<name>Wild Empathy (Ex)</name>
			<description>You can improve the attitude of an animal. This ability functions just like Diplomacy check made to improve the attitude of a person. You roll 1d20+5 to determine the Wild Empathy check result. The typical domestic animal has a starting attitude of indifferent, while wild animals are usually unfriendly. To use Wild Empathy, you and the animal must be within 30 feet of one another under normal circumstances. Generally, influencing an animal in this way takes 1 minute, but as with influencing people, it might take more or less time. You can use this ability to influence a magical beast with an Intelligence score of 1 or 2, but you take a -4 penalty on the check.</description>
			<type>SPECIALQUALITY.EXTRAORDINARY.DRUIDCLASSFEATURES.RANGERCLASSFEATURES</type>
			<associated></associated>
			<count>0</count>
			<aspect>Ability Benefit: +5</aspect>
			<auto>F</auto>
			<hidden>F</hidden>
			<virtual>F</virtual>
			<category>Special Ability</category>
			<source>Paizo Inc. - Core Rulebook, p.50/64</source>
		</special_quality>
		<special_quality>
			<name>Wild Shape (Su)</name>
			<description>You can change shape 1 time / day for up to 4 hours You can change into any Small or Medium animal. When changing into an animal, this functions as Beast Shape I</description>
			<type>DRUIDCLASSFEATURES.SPECIALQUALITY.SUPERNATURAL.WILD SHAPE</type>
			<associated></associated>
			<count>0</count>
			<aspect></aspect>
			<auto>F</auto>
			<hidden>F</hidden>
			<virtual>F</virtual>
			<category>Special Ability</category>
			<source>Paizo Inc. - Core Rulebook, p.51</source>
		</special_quality>
		<special_quality>
			<name>Woodland Stride (Ex)</name>
			<description>You may move through any sort of magical undergrowth (such as natural thorns, briars, overgrown areas, and similar terrains) at your normal speed and without taking damage or suffering any other impairment. Thorns, briars, and overgrown areas that have been magically manipulated to impede motion, however, still affect you.</description>
			<type>SPECIALQUALITY.EXTRAORDINARY.MODIFYMOVEMENT.DRUIDCLASSFEATURES.RANGERCLASSFEATURES</type>
			<associated></associated>
			<count>0</count>
			<aspect></aspect>
			<auto>F</auto>
			<hidden>F</hidden>
			<virtual>F</virtual>
			<category>Special Ability</category>
			<source>Paizo Inc. - Core Rulebook</source>
		</special_quality>
	</special_qualities>
	<!--
	  ====================================
	  ====================================
			SPECIAL ATTACKS
	  ====================================
	  ====================================-->
	<special_attacks>
		<!-- Visible All "Special Ability" Ability Objects -->
		<special_attack>
			<name>Spontaneous Casting</name>
			<description>You can channel stored spell energy into summoning spells that you haven&#39;t prepares ahead of time. You can &quot;lose&quot; any prepared spell in order to cast any Summon Nature&#39;s Ally spell of the same spell level or lower</description>
			<type>DRUIDCLASSFEATURES.SPECIALATTACK</type>
			<associated></associated>
			<count>0</count>
			<aspect></aspect>
			<auto>F</auto>
			<hidden>F</hidden>
			<virtual>F</virtual>
			<category>Special Ability</category>
			<source>Paizo Inc. - Core Rulebook, p.49</source>
		</special_attack>
	</special_attacks>

		<!--
	  ====================================
	  ====================================
			Resistance Table
	  ====================================
	  ====================================-->
		<resistances>
		</resistances>

		<!--
	  ====================================
	  ====================================
			Racial Traits
	  ====================================
	  ====================================-->

	<racial_traits>
	</racial_traits>

		<!--
	  ====================================
	  ====================================
			Animal Trick
	  ====================================
	  ====================================-->
	<animal_tricks>
	</animal_tricks>

	<!--
	  ====================================
	  ====================================
			TALENTS
	  ====================================
	  ====================================-->
	<talents>
	</talents>

	<!--
	  ====================================
	  ====================================
			Intelligent Item
	  ====================================
	  ====================================-->
	<intelligent_items>
	</intelligent_items>

	<!--
	  ====================================
	  ====================================
			Words of Power
	  ====================================
	  ====================================-->
	<words_of_powers>
	</words_of_powers>

	<!--
	  ====================================
	  ====================================
			SALIENT DIVINE ABILITIES
	  ====================================
	  ====================================-->
	<salient_divine_abilities>
	</salient_divine_abilities>
	<!--
	  ====================================
	  ====================================
			Occupations
	  ====================================
	  ====================================-->
	<occupations>
	</occupations>


	<!-- Eclipse Section -->
		<!--
	  ====================================
	  ====================================
			Eclipse Recurring Bonuses
	  ====================================
	  ====================================-->
	<charcreations>
	</charcreations>
		<!--
	  ====================================
	  ====================================
			DISADVANTAGES
	  ====================================
	  ====================================-->
	<disadvantages>
	</disadvantages>
	<!--
	  ====================================
	  ====================================
			Eclipse Abilities
	  ====================================
	  ====================================-->
	<eclipse_abilities>
	</eclipse_abilities>
	<!--
	  ====================================
	  ====================================
			Spell Caster Output
	  ====================================
	  ====================================-->
	<spellcasteroutputs>
	</spellcasteroutputs>
	<!--
	  ====================================
	  ====================================
			Martial Arts
	  ====================================
	  ====================================-->
	<martial_arts>
	</martial_arts>
	<!--
	  ====================================
	  ====================================
			Mystic Artist
	  ====================================
	  ====================================-->
	<mystic_artists>
	</mystic_artists>
	<!--
	  ====================================
	  ====================================
			Witchcraft Abilities
	  ====================================
	  ====================================-->
	<witchcrafts>
	</witchcrafts>
	<!--
	  ====================================
	  ====================================
			The Path of the Dragon
	  ====================================
	  ====================================-->
	<path_dragons>
	</path_dragons>
		<!--
	  ====================================
	  ====================================
			Dominion and Advanced Dominion
	  ====================================
	  ====================================-->
	<dominions>
	</dominions>
	<!--
	  ====================================
	  ====================================
			Channeling
	  ====================================
	  ====================================-->
	<channelings>
	</channelings>
	<!-- END ECLIPSE SECION -->

	<!--
	  ====================================
	  ====================================
			POWERS - CLASSFEATURES
	  ====================================
	  ====================================-->
	<powers_classfeatures>
	</powers_classfeatures>

		<!--
	  ====================================
	  ====================================
			POWERS - CLASSFEATURES
	  ====================================
	  ====================================-->
	<powers_classfeatures>
	</powers_classfeatures><!--
	  ====================================
	  ====================================
			POWERS - FEATPOWERS
	  ====================================
	  ====================================-->
	<powers_featpowers>
	</powers_featpowers>

	<!--
	  ====================================
	  ====================================
			4e Powers - At-Will
	  ====================================
	  ====================================-->
	<powers_atwills>
	</powers_atwills>

	<!--
	  ====================================
	  ====================================
			4e Powers - At-Will
	  ====================================
	  ====================================-->
	<powers_atwills>
	</powers_atwills>

	<!--
	  ====================================
	  ====================================
			4e Powers - Encounter
	  ====================================
	  ====================================-->

	<powers_encounters>
	</powers_encounters>
	<!--
	  ====================================
	  ====================================
			4e Powers - Daily
	  ====================================
	  ====================================-->
	<powers_dailies>
	</powers_dailies>
	<!--
	  ====================================
	  ====================================
			4e Powers - Utility
	  ====================================
	  ====================================-->

	<powers_utilities>
	</powers_utilities>

	<!--
	  ====================================
	  ====================================
			Demon Cant
	  ====================================
	  ====================================-->
	<demon_cants>
	</demon_cants>
	<!--
	  ====================================
	  ====================================
			Mage Gnosis
	  ====================================
	  ====================================-->
	<mage_gnosises>
	</mage_gnosises>
	<!--
	  ====================================
	  ====================================
			Vampire Disciplines
	  ====================================
	  ====================================-->
	<vampire_disciplines>
	</vampire_disciplines>
	<!--
	  ====================================
	  ====================================
			Werewolf Rites
	  ====================================
	  ====================================-->
	<werewolf_rites>
	</werewolf_rites>

	<!--
	  ====================================
	  ====================================
			Force Powers
	  ====================================
	  ====================================-->
	<force_powers>
	</force_powers>
	<!--
	  ====================================
	  ====================================
			Force Techniques
	  ====================================
	  ====================================-->
	<force_techniques>
	</force_techniques>
	<!--
	  ====================================
	  ====================================
			Force Secrets
	  ====================================
	  ====================================-->
	<force_secrets>
	</force_secrets>

	<!--
	====================================
	====================================
			MUTATIONS
	====================================
	====================================	-->
	<mutations>
	</mutations>




	<!--
	  ====================================
	  ====================================
			TRAITS
	  ====================================
	  ====================================-->
	<traits>
		<trait>
			<name>Absalom Bouncer</name>
			<description>When you make an attack that deals nonlethal damage with an unarmed strike, you gain a +1 bonus on your damage roll.</description>
			<source>Paizo Inc. - Pathfinder Player Companion: Advanced Class Origins, p.11</source>
		</trait>
		<trait>
			<name>Acadamae Neophyte</name>
			<description>Whenever you succeed at a Knowledge (planes) check to identify a creature and its special powers or vulnerabilities, you gain one additional piece of useful information (as if your skill check result had been 5 higher).</description>
			<source>Paizo Publishing - Pathfinder Player Companion: Monster Summoner&#39;s Handbook, p.10</source>
		</trait>
	</traits>

	<!--
	  ====================================
	  ====================================
			Afflictions
	  ====================================
	  ====================================-->
	<afflictions>
	</afflictions>

	<!--
	  ====================================
	  ====================================
			PFS Chronicles
	  ====================================
	  ====================================-->
	<pfs_chronicles>
	</pfs_chronicles>
	<!--
	  ====================================
	  ====================================
			PFS Boons
	  ====================================
	  ====================================-->
	<pfs_boons>
	</pfs_boons>
	<!--
	====================================
	  ====================================
			Temporary Bonus
	  ====================================
	  ====================================-->
	<tempbonuses>
	</tempbonuses>

	<!--
	  ====================================
	  ====================================
			MISCELLANEOUS
	  ====================================
	  ====================================-->


	<!-- Domains -->
	<weapon_proficiencies>Club, Dagger, Dart, Grapple, Quarterstaff, Scimitar, Scythe, Shortspear, Sickle, Sling, Spear, Ray Spells, Touch Spells, Splash Weapon, Unarmed Strike</weapon_proficiencies>
	<languages>Common, Druidic</languages>


	<misc>
			<gold>4,970</gold>

		<funds>
			<fund></fund>
		</funds>
		<companions>
			<companion></companion>
		</companions>
<!--	This doesn't work - AM
		-->
		<magics>
			<magic></magic>
		</magics>
	</misc>
	<!--
	  ====================================
	  ====================================
			COMPANIONS
	  ====================================
	  ====================================-->
	<companions>


	</companions>
	<!--
	  ====================================
	  ====================================
			SPELLS
	  ====================================
	  ====================================-->
	<spells>
		<!-- ### BEGIN Innate spells ### -->
	<spells_innate number="none"/>
		<!-- ### END Innate spells ### -->
		<!-- ### BEGIN Known spells ### -->
		<known_spells>
		<class number="0" spelllistclass="Druid" spellcasterlevel="4" spellcastertype="Divine" memorize="true" concentration="+8">
			<level number="0" known="0" cast="4">
				<spell>
						<name>Create Water</name>
						<outputname>Create Water</outputname>
						<times_memorized>1</times_memorized>
						<range>Close (35 ft.)</range>
						<components>V, S</components>
						<castingtime>1 standard action</castingtime>
						<casterlevel>4</casterlevel>
						<concentration>+8</concentration>
						<dc></dc>
						<duration>Instantaneous</duration>
						<effect>This spell generates wholesome, drinkable water, just like clean rain water.</effect>
						<target>Up to 8 gallons of water</target>
						<saveinfo>None</saveinfo>
						<school>
							<school>Conjuration</school>
							<subschool>Creation</subschool>
							<descriptor>Water</descriptor>
							<fullschool>Conjuration (Creation) [Water]</fullschool>
						</school>
						<source>
							<source>Paizo Inc. - Core Rulebook, p.262</source>
							<sourcelevel>Drd0</sourcelevel>
							<sourcelink>http://paizo.com/pathfinderRPG/prd/spells/createWater.html#_create-water</sourcelink>
							<sourcepage>p.262</sourcepage>
							<sourceshort>CR</sourceshort>
						</source>
						<spell_resistance>No</spell_resistance>
						<description>This spell generates wholesome, drinkable water, just like clean rain water.</description>
						<bonusspell></bonusspell>
				</spell>
				<spell>
						<name>Detect Magic</name>
						<outputname>Detect Magic</outputname>
						<times_memorized>1</times_memorized>
						<range>60 ft.</range>
						<components>V, S</components>
						<castingtime>1 standard action</castingtime>
						<casterlevel>4</casterlevel>
						<concentration>+8</concentration>
						<dc></dc>
						<duration>Concentration, up to 4 minutes [D]</duration>
						<effect>You detect magical auras.</effect>
						<target>Cone-shaped emanation</target>
						<saveinfo>None</saveinfo>
						<school>
							<school>Divination</school>
							<subschool></subschool>
							<descriptor></descriptor>
							<fullschool>Divination</fullschool>
						</school>
						<source>
							<source>Paizo Inc. - Core Rulebook, p.267</source>
							<sourcelevel>Drd0</sourcelevel>
							<sourcelink>http://paizo.com/pathfinderRPG/prd/spells/detectMagic.html#_detect-magic</sourcelink>
							<sourcepage>p.267</sourcepage>
							<sourceshort>CR</sourceshort>
						</source>
						<spell_resistance>No</spell_resistance>
						<description>You detect magical auras.</description>
						<bonusspell></bonusspell>
				</spell>
				<spell>
						<name>Detect Poison</name>
						<outputname>Detect Poison</outputname>
						<times_memorized>1</times_memorized>
						<range>Close (35 ft.)</range>
						<components>V, S</components>
						<castingtime>1 standard action</castingtime>
						<casterlevel>4</casterlevel>
						<concentration>+8</concentration>
						<dc></dc>
						<duration>Instantaneous</duration>
						<effect>You determine whether a creature, object, or area has been poisoned or is poisonous.</effect>
						<target>Or Area one creature, one object, or a 5-ft. cube</target>
						<saveinfo>None</saveinfo>
						<school>
							<school>Divination</school>
							<subschool></subschool>
							<descriptor></descriptor>
							<fullschool>Divination</fullschool>
						</school>
						<source>
							<source>Paizo Inc. - Core Rulebook, p.268</source>
							<sourcelevel>Drd0</sourcelevel>
							<sourcelink>http://paizo.com/pathfinderRPG/prd/spells/detectPoison.html#_detect-poison</sourcelink>
							<sourcepage>p.268</sourcepage>
							<sourceshort>CR</sourceshort>
						</source>
						<spell_resistance>No</spell_resistance>
						<description>You determine whether a creature, object, or area has been poisoned or is poisonous.</description>
						<bonusspell></bonusspell>
				</spell>
				<spell>
						<name>Enhanced Diplomacy</name>
						<outputname>Enhanced Diplomacy</outputname>
						<times_memorized>1</times_memorized>
						<range>Touch</range>
						<components>V, S</components>
						<castingtime>1 standard action</castingtime>
						<casterlevel>4</casterlevel>
						<concentration>+8</concentration>
						<dc>14</dc>
						<duration>1 minute or until discharged</duration>
						<effect>You imbue the subject with divine diplomacy skills. The creature gets a +2 competence bonus on a single Diplomacy or Intimidate check. It must choose to use the bonus before making the roll to which it applies.</effect>
						<target>creature touched</target>
						<saveinfo>Will negates (harmless)</saveinfo>
						<school>
							<school>Divination</school>
							<subschool></subschool>
							<descriptor></descriptor>
							<fullschool>Divination</fullschool>
						</school>
						<source>
							<source>Paizo Inc. - Pathfinder Companion: Taldor, Echoes of Glory, p.24</source>
							<sourcelevel>Drd0</sourcelevel>
							<sourcelink></sourcelink>
							<sourcepage>p.24</sourcepage>
							<sourceshort>TEOG</sourceshort>
						</source>
						<spell_resistance>yes (harmless)</spell_resistance>
						<description>You imbue the subject with divine diplomacy skills. The creature gets a +2 competence bonus on a single Diplomacy or Intimidate check. It must choose to use the bonus before making the roll to which it applies.</description>
						<bonusspell></bonusspell>
				</spell>
				<spell>
						<name>Flare</name>
						<outputname>Flare</outputname>
						<times_memorized>1</times_memorized>
						<range>Close (35 ft.)</range>
						<components>V</components>
						<castingtime>1 standard action</castingtime>
						<casterlevel>4</casterlevel>
						<concentration>+8</concentration>
						<dc>14</dc>
						<duration>Instantaneous</duration>
						<effect>This cantrip creates a burst of light.</effect>
						<target>Burst of light</target>
						<saveinfo>Fortitude negates</saveinfo>
						<school>
							<school>Evocation</school>
							<subschool></subschool>
							<descriptor>Light</descriptor>
							<fullschool>Evocation [Light]</fullschool>
						</school>
						<source>
							<source>Paizo Inc. - Core Rulebook, p.284</source>
							<sourcelevel>Drd0</sourcelevel>
							<sourcelink>http://paizo.com/pathfinderRPG/prd/spells/flare.html#_flare</sourcelink>
							<sourcepage>p.284</sourcepage>
							<sourceshort>CR</sourceshort>
						</source>
						<spell_resistance>Yes</spell_resistance>
						<description>This cantrip creates a burst of light.</description>
						<bonusspell></bonusspell>
				</spell>
				<spell>
						<name>Guidance</name>
						<outputname>Guidance</outputname>
						<times_memorized>1</times_memorized>
						<range>Touch</range>
						<components>V, S</components>
						<castingtime>1 standard action</castingtime>
						<casterlevel>4</casterlevel>
						<concentration>+8</concentration>
						<dc>14</dc>
						<duration>1 minute or until discharged</duration>
						<effect>This spell imbues the subject with a touch of divine guidance.</effect>
						<target>Creature touched</target>
						<saveinfo>Will negates (harmless)</saveinfo>
						<school>
							<school>Divination</school>
							<subschool></subschool>
							<descriptor></descriptor>
							<fullschool>Divination</fullschool>
						</school>
						<source>
							<source>Paizo Inc. - Core Rulebook, p.292</source>
							<sourcelevel>Drd0</sourcelevel>
							<sourcelink>http://paizo.com/pathfinderRPG/prd/spells/guidance.html#_guidance</sourcelink>
							<sourcepage>p.292</sourcepage>
							<sourceshort>CR</sourceshort>
						</source>
						<spell_resistance>Yes</spell_resistance>
						<description>This spell imbues the subject with a touch of divine guidance.</description>
						<bonusspell></bonusspell>
				</spell>
				<spell>
						<name>Know Direction</name>
						<outputname>Know Direction</outputname>
						<times_memorized>1</times_memorized>
						<range>Personal</range>
						<components>V, S</components>
						<castingtime>1 standard action</castingtime>
						<casterlevel>4</casterlevel>
						<concentration>+8</concentration>
						<dc></dc>
						<duration>Instantaneous</duration>
						<effect>When you cast this spell, you instantly know the direction of north from your current position.</effect>
						<target>You</target>
						<saveinfo></saveinfo>
						<school>
							<school>Divination</school>
							<subschool></subschool>
							<descriptor></descriptor>
							<fullschool>Divination</fullschool>
						</school>
						<source>
							<source>Paizo Inc. - Core Rulebook, p.304</source>
							<sourcelevel>Drd0</sourcelevel>
							<sourcelink>http://paizo.com/pathfinderRPG/prd/spells/knowDirection.html#_know-direction</sourcelink>
							<sourcepage>p.304</sourcepage>
							<sourceshort>CR</sourceshort>
						</source>
						<spell_resistance></spell_resistance>
						<description>When you cast this spell, you instantly know the direction of north from your current position.</description>
						<bonusspell></bonusspell>
				</spell>
				<spell>
						<name>Light</name>
						<outputname>Light</outputname>
						<times_memorized>1</times_memorized>
						<range>Touch</range>
						<components>V, M/DF</components>
						<castingtime>1 standard action</castingtime>
						<casterlevel>4</casterlevel>
						<concentration>+8</concentration>
						<dc></dc>
						<duration>40 minutes</duration>
						<effect>This spell causes a touched object to glow like a torch.</effect>
						<target>Object touched</target>
						<saveinfo>None</saveinfo>
						<school>
							<school>Evocation</school>
							<subschool></subschool>
							<descriptor>Light, WoodSchool</descriptor>
							<fullschool>Evocation [Light, WoodSchool]</fullschool>
						</school>
						<source>
							<source>Paizo Inc. - Core Rulebook, p.304</source>
							<sourcelevel>Drd0</sourcelevel>
							<sourcelink>http://paizo.com/pathfinderRPG/prd/spells/light.html#_light</sourcelink>
							<sourcepage>p.304</sourcepage>
							<sourceshort>CR</sourceshort>
						</source>
						<spell_resistance>No</spell_resistance>
						<description>This spell causes a touched object to glow like a torch.</description>
						<bonusspell></bonusspell>
				</spell>
				<spell>
						<name>Mending</name>
						<outputname>Mending</outputname>
						<times_memorized>1</times_memorized>
						<range>10 ft.</range>
						<components>V, S</components>
						<castingtime>10 minutes</castingtime>
						<casterlevel>4</casterlevel>
						<concentration>+8</concentration>
						<dc>14</dc>
						<duration>Instantaneous</duration>
						<effect>This spell repairs damaged objects, restoring 1d4 hit points to the object.</effect>
						<target>One object of up to 4 lb.</target>
						<saveinfo>Will negates (harmless, object)</saveinfo>
						<school>
							<school>Transmutation</school>
							<subschool></subschool>
							<descriptor>MetalSchool</descriptor>
							<fullschool>Transmutation [MetalSchool]</fullschool>
						</school>
						<source>
							<source>Paizo Inc. - Core Rulebook, p.312</source>
							<sourcelevel>Drd0</sourcelevel>
							<sourcelink>http://paizo.com/pathfinderRPG/prd/spells/mending.html#_mending</sourcelink>
							<sourcepage>p.312</sourcepage>
							<sourceshort>CR</sourceshort>
						</source>
						<spell_resistance>Yes (harmless, object)</spell_resistance>
						<description>This spell repairs damaged objects, restoring 1d4 hit points to the object.</description>
						<bonusspell></bonusspell>
				</spell>
				<spell>
						<name>Purify Food and Drink</name>
						<outputname>Purify Food and Drink</outputname>
						<times_memorized>1</times_memorized>
						<range>10 ft.</range>
						<components>V, S</components>
						<castingtime>1 standard action</castingtime>
						<casterlevel>4</casterlevel>
						<concentration>+8</concentration>
						<dc>14</dc>
						<duration>Instantaneous</duration>
						<effect>This spell makes spoiled, rotten, diseased, poisonous, or otherwise contaminated food and water pure and suitable for eating and drinking.</effect>
						<target>4 cu. ft. of contaminated food and water</target>
						<saveinfo>Will negates (object)</saveinfo>
						<school>
							<school>Transmutation</school>
							<subschool></subschool>
							<descriptor></descriptor>
							<fullschool>Transmutation</fullschool>
						</school>
						<source>
							<source>Paizo Inc. - Core Rulebook, p.328</source>
							<sourcelevel>Drd0</sourcelevel>
							<sourcelink>http://paizo.com/pathfinderRPG/prd/spells/purifyFoodAndDrink.html#_purify-food-and-drink</sourcelink>
							<sourcepage>p.328</sourcepage>
							<sourceshort>CR</sourceshort>
						</source>
						<spell_resistance>Yes (object)</spell_resistance>
						<description>This spell makes spoiled, rotten, diseased, poisonous, or otherwise contaminated food and water pure and suitable for eating and drinking.</description>
						<bonusspell></bonusspell>
				</spell>
				<spell>
						<name>Read Magic</name>
						<outputname>Read Magic</outputname>
						<times_memorized>1</times_memorized>
						<range>Personal</range>
						<components>V, S, F</components>
						<castingtime>1 standard action</castingtime>
						<casterlevel>4</casterlevel>
						<concentration>+8</concentration>
						<dc></dc>
						<duration>40 minutes</duration>
						<effect>You can decipher magical inscriptions on objects--books, scrolls, weapons, and the like--that would otherwise be unintelligible.</effect>
						<target>You</target>
						<saveinfo></saveinfo>
						<school>
							<school>Divination</school>
							<subschool></subschool>
							<descriptor></descriptor>
							<fullschool>Divination</fullschool>
						</school>
						<source>
							<source>Paizo Inc. - Core Rulebook, p.330</source>
							<sourcelevel>Drd0</sourcelevel>
							<sourcelink>http://paizo.com/pathfinderRPG/prd/spells/readMagic.html#_read-magic</sourcelink>
							<sourcepage>p.330</sourcepage>
							<sourceshort>CR</sourceshort>
						</source>
						<spell_resistance></spell_resistance>
						<description>You can decipher magical inscriptions on objects--books, scrolls, weapons, and the like--that would otherwise be unintelligible.</description>
						<bonusspell></bonusspell>
				</spell>
				<spell>
						<name>Resistance</name>
						<outputname>Resistance</outputname>
						<times_memorized>1</times_memorized>
						<range>Touch</range>
						<components>V, S, M/DF</components>
						<castingtime>1 standard action</castingtime>
						<casterlevel>4</casterlevel>
						<concentration>+8</concentration>
						<dc>14</dc>
						<duration>1 minute</duration>
						<effect>You imbue the subject with magical energy that protects it from harm, granting it a +1 resistance bonus on saves.</effect>
						<target>Creature touched</target>
						<saveinfo>Will negates (harmless)</saveinfo>
						<school>
							<school>Abjuration</school>
							<subschool></subschool>
							<descriptor></descriptor>
							<fullschool>Abjuration</fullschool>
						</school>
						<source>
							<source>Paizo Inc. - Core Rulebook, p.334</source>
							<sourcelevel>Drd0</sourcelevel>
							<sourcelink>http://paizo.com/pathfinderRPG/prd/spells/resistance.html#_resistance</sourcelink>
							<sourcepage>p.334</sourcepage>
							<sourceshort>CR</sourceshort>
						</source>
						<spell_resistance>Yes (harmless)</spell_resistance>
						<description>You imbue the subject with magical energy that protects it from harm, granting it a +1 resistance bonus on saves.</description>
						<bonusspell></bonusspell>
				</spell>
				<spell>
						<name>Spark</name>
						<outputname>Spark</outputname>
						<times_memorized>1</times_memorized>
						<range>Close (35 ft.)</range>
						<components>V or S</components>
						<castingtime>1 standard action</castingtime>
						<casterlevel>4</casterlevel>
						<concentration>+8</concentration>
						<dc>14</dc>
						<duration>Instantaneous</duration>
						<effect>Ignites flammable objects.</effect>
						<target>one Fine object</target>
						<saveinfo>Fortitude negates (object)</saveinfo>
						<school>
							<school>Evocation, FireSchool</school>
							<subschool></subschool>
							<descriptor>Fire</descriptor>
							<fullschool>Evocation, FireSchool [Fire]</fullschool>
						</school>
						<source>
							<source>Paizo Inc. - Advanced Player&#39;s Guide, p.246</source>
							<sourcelevel>Drd0</sourcelevel>
							<sourcelink>http://paizo.com/pathfinderRPG/prd/advanced/spells/spark.html#_spark-</sourcelink>
							<sourcepage>p.246</sourcepage>
							<sourceshort>APG</sourceshort>
						</source>
						<spell_resistance>Yes (object)</spell_resistance>
						<description>Ignites flammable objects.</description>
						<bonusspell></bonusspell>
				</spell>
				<spell>
						<name>Stabilize</name>
						<outputname>Stabilize</outputname>
						<times_memorized>1</times_memorized>
						<range>Close (35 ft.)</range>
						<components>V, S</components>
						<castingtime>1 standard action</castingtime>
						<casterlevel>4</casterlevel>
						<concentration>+8</concentration>
						<dc>14</dc>
						<duration>Instantaneous</duration>
						<effect>Upon casting this spell, you target a living creature that has -1 or fewer hit points.</effect>
						<target>One living creature</target>
						<saveinfo>Will negates (harmless)</saveinfo>
						<school>
							<school>Conjuration</school>
							<subschool>Healing</subschool>
							<descriptor></descriptor>
							<fullschool>Conjuration (Healing)</fullschool>
						</school>
						<source>
							<source>Paizo Inc. - Core Rulebook, p.348</source>
							<sourcelevel>Drd0</sourcelevel>
							<sourcelink>http://paizo.com/pathfinderRPG/prd/spells/stabilize.html#_stabilize</sourcelink>
							<sourcepage>p.348</sourcepage>
							<sourceshort>CR</sourceshort>
						</source>
						<spell_resistance>Yes (harmless)</spell_resistance>
						<description>Upon casting this spell, you target a living creature that has -1 or fewer hit points.</description>
						<bonusspell></bonusspell>
				</spell>
				<spell>
						<name>Virtue</name>
						<outputname>Virtue</outputname>
						<times_memorized>1</times_memorized>
						<range>Touch</range>
						<components>V, S, DF</components>
						<castingtime>1 standard action</castingtime>
						<casterlevel>4</casterlevel>
						<concentration>+8</concentration>
						<dc></dc>
						<duration>1 min.</duration>
						<effect>With a touch, you infuse a creature with a tiny surge of life, granting the subject 1 temporary hit point.</effect>
						<target>Creature touched</target>
						<saveinfo>None</saveinfo>
						<school>
							<school>Transmutation</school>
							<subschool></subschool>
							<descriptor></descriptor>
							<fullschool>Transmutation</fullschool>
						</school>
						<source>
							<source>Paizo Inc. - Core Rulebook, p.365</source>
							<sourcelevel>Drd0</sourcelevel>
							<sourcelink>http://paizo.com/pathfinderRPG/prd/spells/virtue.html#_virtue</sourcelink>
							<sourcepage>p.365</sourcepage>
							<sourceshort>CR</sourceshort>
						</source>
						<spell_resistance>Yes (harmless)</spell_resistance>
						<description>With a touch, you infuse a creature with a tiny surge of life, granting the subject 1 temporary hit point.</description>
						<bonusspell></bonusspell>
				</spell>
			</level>
			<level number="1" known="0" cast="4">
				<spell>
						<name>Abstemiousness</name>
						<outputname>Abstemiousness</outputname>
						<times_memorized>1</times_memorized>
						<range>Touch</range>
						<components>V, M</components>
						<castingtime>1 standard action</castingtime>
						<casterlevel>4</casterlevel>
						<concentration>+8</concentration>
						<dc></dc>
						<duration>1 hour</duration>
						<effect>Magically enhance a handful of simple food to satisfy a Medium or smaller creature for one day.</effect>
						<target>A handful of berries, grains, nuts, or rice</target>
						<saveinfo>None</saveinfo>
						<school>
							<school>Transmutation</school>
							<subschool></subschool>
							<descriptor></descriptor>
							<fullschool>Transmutation</fullschool>
						</school>
						<source>
							<source>Paizo Inc. - Pathfinder Player Companion: Faiths of Balance, p.28</source>
							<sourcelevel>Drd1</sourcelevel>
							<sourcelink></sourcelink>
							<sourcepage>p.28</sourcepage>
							<sourceshort>FOB</sourceshort>
						</source>
						<spell_resistance>Yes</spell_resistance>
						<description>Magically enhance a handful of simple food to satisfy a Medium or smaller creature for one day.</description>
						<bonusspell></bonusspell>
				</spell>
				<spell>
						<name>Acid Maw</name>
						<outputname>Acid Maw</outputname>
						<times_memorized>1</times_memorized>
						<range>Close (35 ft.)</range>
						<components>V,S,DF</components>
						<castingtime>1 standard action</castingtime>
						<casterlevel>4</casterlevel>
						<concentration>+8</concentration>
						<dc>15</dc>
						<duration>4 minutes</duration>
						<effect>Your animal companion&#39;s bite attack deals an additional 1d4 points of acid damage, and the acid deals another 1d4 points of acid damage to the target on the next round. The acid continues to deal damage for 1 additional rounds. This ongoing acid damage doesn&#39;t stack from multiple attacks, but the duration resets if a newer bite would cause the ongoing damage to last longer than the duration remaining from a previous one. The acid does not harm the animal companion.</effect>
						<target>Your animal companion</target>
						<saveinfo>Will negates (harmless)</saveinfo>
						<school>
							<school>Transmutation</school>
							<subschool></subschool>
							<descriptor>Acid</descriptor>
							<fullschool>Transmutation [Acid]</fullschool>
						</school>
						<source>
							<source>Paizo Inc. - Pathfinder Player Companion: Advanced Class Origins, p.30</source>
							<sourcelevel>Drd1</sourcelevel>
							<sourcelink></sourcelink>
							<sourcepage>p.30</sourcepage>
							<sourceshort>ACO</sourceshort>
						</source>
						<spell_resistance>Yes</spell_resistance>
						<description>Your animal companion&#39;s bite attack deals an additional 1d4 points of acid damage, and the acid deals another 1d4 points of acid damage to the target on the next round. The acid continues to deal damage for 1 additional rounds. This ongoing acid damage doesn&#39;t stack from multiple attacks, but the duration resets if a newer bite would cause the ongoing damage to last longer than the duration remaining from a previous one. The acid does not harm the animal companion.</description>
						<bonusspell></bonusspell>
				</spell>
				<spell>
						<name>Air Bubble</name>
						<outputname>Air Bubble</outputname>
						<times_memorized>1</times_memorized>
						<range>Touch</range>
						<components>S, M/DF</components>
						<castingtime>1 standard action</castingtime>
						<casterlevel>4</casterlevel>
						<concentration>+8</concentration>
						<dc>15</dc>
						<duration>4 minutes</duration>
						<effect>Creates a small pocket of air around your head or an object.</effect>
						<target>one creature or one object no larger than a Large twohanded weapon</target>
						<saveinfo>Will negates (harmless)</saveinfo>
						<school>
							<school>Conjuration</school>
							<subschool>Creation</subschool>
							<descriptor></descriptor>
							<fullschool>Conjuration (Creation)</fullschool>
						</school>
						<source>
							<source>Paizo Inc. - Ultimate Combat, p.222</source>
							<sourcelevel>Drd1</sourcelevel>
							<sourcelink>http://paizo.com/pathfinderRPG/prd/ultimateCombat/spells/airBubble.html#_air-bubble</sourcelink>
							<sourcepage>p.222</sourcepage>
							<sourceshort>UC</sourceshort>
						</source>
						<spell_resistance>Yes (harmless)</spell_resistance>
						<description>Creates a small pocket of air around your head or an object.</description>
						<bonusspell></bonusspell>
				</spell>
				<spell>
						<name>Alter Winds</name>
						<outputname>Alter Winds</outputname>
						<times_memorized>1</times_memorized>
						<range>Touch</range>
						<components>V, S</components>
						<castingtime>1 minute</castingtime>
						<casterlevel>4</casterlevel>
						<concentration>+8</concentration>
						<dc>15</dc>
						<duration>4 hours</duration>
						<effect>Increase/decrease strength of natural winds.</effect>
						<target>immobile 10-ft.-radius emanation</target>
						<saveinfo>Will negates</saveinfo>
						<school>
							<school>Transmutation, AirSchool</school>
							<subschool></subschool>
							<descriptor>Air, WoodSchool</descriptor>
							<fullschool>Transmutation, AirSchool [Air, WoodSchool]</fullschool>
						</school>
						<source>
							<source>Paizo Inc. - Advanced Player&#39;s Guide, p.201</source>
							<sourcelevel>Drd1</sourcelevel>
							<sourcelink>http://paizo.com/pathfinderRPG/prd/advanced/spells/alterWinds.html#_alter-winds</sourcelink>
							<sourcepage>p.201</sourcepage>
							<sourceshort>APG</sourceshort>
						</source>
						<spell_resistance>Yes</spell_resistance>
						<description>Increase/decrease strength of natural winds.</description>
						<bonusspell></bonusspell>
				</spell>
				<spell>
						<name>Ant Haul</name>
						<outputname>Ant Haul</outputname>
						<times_memorized>1</times_memorized>
						<range>Touch</range>
						<components>V, S, M/DF</components>
						<castingtime>1 standard action</castingtime>
						<casterlevel>4</casterlevel>
						<concentration>+8</concentration>
						<dc>15</dc>
						<duration>8 hours</duration>
						<effect>Triples carrying capacity of a creature.</effect>
						<target>creature touched</target>
						<saveinfo>Fortitude negates (harmless)</saveinfo>
						<school>
							<school>Transmutation</school>
							<subschool></subschool>
							<descriptor></descriptor>
							<fullschool>Transmutation</fullschool>
						</school>
						<source>
							<source>Paizo Inc. - Advanced Player&#39;s Guide, p.202</source>
							<sourcelevel>Drd1</sourcelevel>
							<sourcelink>http://paizo.com/pathfinderRPG/prd/advanced/spells/antHaul.html#_ant-haul-</sourcelink>
							<sourcepage>p.202</sourcepage>
							<sourceshort>APG</sourceshort>
						</source>
						<spell_resistance>Yes (harmless)</spell_resistance>
						<description>Triples carrying capacity of a creature.</description>
						<bonusspell></bonusspell>
				</spell>
				<spell>
						<name>Aspect of the Falcon</name>
						<outputname>Aspect of the Falcon</outputname>
						<times_memorized>1</times_memorized>
						<range>Personal</range>
						<components>V, S, DF</components>
						<castingtime>1 standard action</castingtime>
						<casterlevel>4</casterlevel>
						<concentration>+8</concentration>
						<dc></dc>
						<duration>4 minutes</duration>
						<effect>Gives bonuses on Perception checks and ranged attacks.</effect>
						<target>You</target>
						<saveinfo></saveinfo>
						<school>
							<school>Transmutation</school>
							<subschool>Polymorph</subschool>
							<descriptor></descriptor>
							<fullschool>Transmutation (Polymorph)</fullschool>
						</school>
						<source>
							<source>Paizo Inc. - Advanced Player&#39;s Guide, p.203</source>
							<sourcelevel>Drd1</sourcelevel>
							<sourcelink>http://paizo.com/pathfinderRPG/prd/advanced/spells/aspectOfTheFalcon.html#_aspect-of-the-falcon</sourcelink>
							<sourcepage>p.203</sourcepage>
							<sourceshort>APG</sourceshort>
						</source>
						<spell_resistance></spell_resistance>
						<description>Gives bonuses on Perception checks and ranged attacks.</description>
						<bonusspell></bonusspell>
				</spell>
				<spell>
						<name>Batrachian Surge</name>
						<outputname>Batrachian Surge</outputname>
						<times_memorized>1</times_memorized>
						<range>Personal</range>
						<components>V,S</components>
						<castingtime>1 swift action</castingtime>
						<casterlevel>4</casterlevel>
						<concentration>+8</concentration>
						<dc></dc>
						<duration>2 rounds [D]</duration>
						<effect>You tap into your latent amphibian strengths, unlocking a short-lived physical talent. Armor or gear you are wearing adjusts to your new shape for the duration of the spell. When you cast batrachian surge, choose one of the following features to gain its associated benefits. You can have only one batrachian surge spell active on you at a time. Gills- Your throat expands, and gill slits appear along your neck. You can breathe underwater; Leaping- Your legs elongate and become especially muscular. You are always treated as having a running start when attempting Acrobatics checks to jump, and you gain a +4 competence bonus on Acrobatics checks to jump; Swimming- You grow a large tadpole tail, and your other limbs shrink slightly. You gain a swim speed equal to your base land speed; Tongue- Your tongue extends to the length of your body. Increase your reach by 5 feet when delivering touch spells. This increased reach doesn&#39;t stack with any other spells or abilities that affect your reach;</effect>
						<target>You</target>
						<saveinfo>None</saveinfo>
						<school>
							<school>Transmutation</school>
							<subschool></subschool>
							<descriptor></descriptor>
							<fullschool>Transmutation</fullschool>
						</school>
						<source>
							<source>Paizo Inc. - Pathfinder Player Companion: Blood of the Beast, p.11</source>
							<sourcelevel>Drd1</sourcelevel>
							<sourcelink></sourcelink>
							<sourcepage>p.11</sourcepage>
							<sourceshort>BOTB</sourceshort>
						</source>
						<spell_resistance>Yes (harmless)</spell_resistance>
						<description>You tap into your latent amphibian strengths, unlocking a short-lived physical talent. Armor or gear you are wearing adjusts to your new shape for the duration of the spell. When you cast batrachian surge, choose one of the following features to gain its associated benefits. You can have only one batrachian surge spell active on you at a time. Gills- Your throat expands, and gill slits appear along your neck. You can breathe underwater; Leaping- Your legs elongate and become especially muscular. You are always treated as having a running start when attempting Acrobatics checks to jump, and you gain a +(CASTERLEVEL) competence bonus on Acrobatics checks to jump; Swimming- You grow a large tadpole tail, and your other limbs shrink slightly. You gain a swim speed equal to your base land speed; Tongue- Your tongue extends to the length of your body. Increase your reach by 5 feet when delivering touch spells. This increased reach doesn&#39;t stack with any other spells or abilities that affect your reach;</description>
						<bonusspell></bonusspell>
				</spell>
				<spell>
						<name>Bristle</name>
						<outputname>Bristle</outputname>
						<times_memorized>1</times_memorized>
						<range>Touch</range>
						<components>V, S, DF</components>
						<castingtime>1 standard action</castingtime>
						<casterlevel>4</casterlevel>
						<concentration>+8</concentration>
						<dc>15</dc>
						<duration>4 minutes</duration>
						<effect>Trade natural armor bonus for a bonus on attacks with natural weapons.</effect>
						<target>one creature</target>
						<saveinfo>Fortitude negates (harmless)</saveinfo>
						<school>
							<school>Transmutation</school>
							<subschool></subschool>
							<descriptor></descriptor>
							<fullschool>Transmutation</fullschool>
						</school>
						<source>
							<source>Paizo Inc. - Advanced Player&#39;s Guide, p.207</source>
							<sourcelevel>Drd1</sourcelevel>
							<sourcelink>http://paizo.com/pathfinderRPG/prd/advanced/spells/bristle.html#_bristle-</sourcelink>
							<sourcepage>p.207</sourcepage>
							<sourceshort>APG</sourceshort>
						</source>
						<spell_resistance>Yes</spell_resistance>
						<description>Trade natural armor bonus for a bonus on attacks with natural weapons.</description>
						<bonusspell></bonusspell>
				</spell>
				<spell>
						<name>Call Animal</name>
						<outputname>Call Animal</outputname>
						<times_memorized>1</times_memorized>
						<range>see description</range>
						<components>V, S, DF</components>
						<castingtime>1 standard action</castingtime>
						<casterlevel>4</casterlevel>
						<concentration>+8</concentration>
						<dc></dc>
						<duration>4 hours [D]</duration>
						<effect>Makes an animal come to you.</effect>
						<target>one animal whose CR is equal or less than 4</target>
						<saveinfo>None</saveinfo>
						<school>
							<school>Enchantment</school>
							<subschool>Compulsion</subschool>
							<descriptor>Mind-Affecting</descriptor>
							<fullschool>Enchantment (Compulsion) [Mind-Affecting]</fullschool>
						</school>
						<source>
							<source>Paizo Inc. - Advanced Player&#39;s Guide, p.209</source>
							<sourcelevel>Drd1</sourcelevel>
							<sourcelink>http://paizo.com/pathfinderRPG/prd/advanced/spells/callAnimal.html#_call-animal</sourcelink>
							<sourcepage>p.209</sourcepage>
							<sourceshort>APG</sourceshort>
						</source>
						<spell_resistance>None</spell_resistance>
						<description>Makes an animal come to you.</description>
						<bonusspell></bonusspell>
				</spell>
				<spell>
						<name>Calm Animals</name>
						<outputname>Calm Animals</outputname>
						<times_memorized>1</times_memorized>
						<range>Close (35 ft.)</range>
						<components>V, S</components>
						<castingtime>1 standard action</castingtime>
						<casterlevel>4</casterlevel>
						<concentration>+8</concentration>
						<dc>15</dc>
						<duration>4 minutes</duration>
						<effect>This spell soothes and quiets animals, rendering them docile and harmless.</effect>
						<target>Animals within 30 ft. of each other</target>
						<saveinfo>Will negates</saveinfo>
						<school>
							<school>Enchantment</school>
							<subschool>Compulsion</subschool>
							<descriptor>Mind-Affecting, Emotion</descriptor>
							<fullschool>Enchantment (Compulsion) [Mind-Affecting, Emotion]</fullschool>
						</school>
						<source>
							<source>Paizo Inc. - Core Rulebook, p.252</source>
							<sourcelevel>Drd1</sourcelevel>
							<sourcelink>http://paizo.com/pathfinderRPG/prd/spells/calmAnimals.html#_calm-animals</sourcelink>
							<sourcepage>p.252</sourcepage>
							<sourceshort>CR</sourceshort>
						</source>
						<spell_resistance>Yes</spell_resistance>
						<description>This spell soothes and quiets animals, rendering them docile and harmless.</description>
						<bonusspell></bonusspell>
				</spell>
				<spell>
						<name>Charm Animal</name>
						<outputname>Charm Animal</outputname>
						<times_memorized>1</times_memorized>
						<range>Close (35 ft.)</range>
						<components>V, S</components>
						<castingtime>1 standard action</castingtime>
						<casterlevel>4</casterlevel>
						<concentration>+8</concentration>
						<dc>15</dc>
						<duration>4 hours</duration>
						<effect>This spell functions like charm person, except that it affects a creature of the animal type.</effect>
						<target>One animal</target>
						<saveinfo>Will negates</saveinfo>
						<school>
							<school>Enchantment</school>
							<subschool>Charm</subschool>
							<descriptor>Mind-Affecting</descriptor>
							<fullschool>Enchantment (Charm) [Mind-Affecting]</fullschool>
						</school>
						<source>
							<source>Paizo Inc. - Core Rulebook, p.254</source>
							<sourcelevel>Drd1</sourcelevel>
							<sourcelink>http://paizo.com/pathfinderRPG/prd/spells/charmAnimal.html#_charm-animal</sourcelink>
							<sourcepage>p.254</sourcepage>
							<sourceshort>CR</sourceshort>
						</source>
						<spell_resistance>Yes</spell_resistance>
						<description>This spell functions like charm person, except that it affects a creature of the animal type.</description>
						<bonusspell></bonusspell>
				</spell>
				<spell>
						<name>Charm Animal (caster&#39;s own kind only)</name>
						<outputname>Charm Animal (caster&#39;s own kind only)</outputname>
						<times_memorized>1</times_memorized>
						<range>Close (35 ft.)</range>
						<components>V, S</components>
						<castingtime>1 standard action</castingtime>
						<casterlevel>4</casterlevel>
						<concentration>+8</concentration>
						<dc>15</dc>
						<duration>4 hours</duration>
						<effect>This spell functions like charm person, except that it affects a creature of the animal type.</effect>
						<target>One animal</target>
						<saveinfo>Will negates</saveinfo>
						<school>
							<school>Enchantment</school>
							<subschool>Charm</subschool>
							<descriptor>Mind-Affecting</descriptor>
							<fullschool>Enchantment (Charm) [Mind-Affecting]</fullschool>
						</school>
						<source>
							<source>Paizo Inc. - Core Rulebook, p.254</source>
							<sourcelevel>Drd1</sourcelevel>
							<sourcelink>http://paizo.com/pathfinderRPG/prd/spells/charmAnimal.html#_charm-animal</sourcelink>
							<sourcepage>p.254</sourcepage>
							<sourceshort>CR</sourceshort>
						</source>
						<spell_resistance>Yes</spell_resistance>
						<description>This spell functions like charm person, except that it affects a creature of the animal type.</description>
						<bonusspell></bonusspell>
				</spell>
				<spell>
						<name>Cloak of Shade</name>
						<outputname>Cloak of Shade</outputname>
						<times_memorized>1</times_memorized>
						<range>Touch</range>
						<components>V, S, M</components>
						<castingtime>1 standard action</castingtime>
						<casterlevel>4</casterlevel>
						<concentration>+8</concentration>
						<dc>15</dc>
						<duration>4 hours [D]</duration>
						<effect>Reduces effects of sun exposure and heat.</effect>
						<target>one creature per level</target>
						<saveinfo>Will negates (harmless)</saveinfo>
						<school>
							<school>Abjuration</school>
							<subschool></subschool>
							<descriptor></descriptor>
							<fullschool>Abjuration</fullschool>
						</school>
						<source>
							<source>Paizo Inc. - Advanced Player&#39;s Guide, p.211</source>
							<sourcelevel>Drd1</sourcelevel>
							<sourcelink>http://paizo.com/pathfinderRPG/prd/advanced/spells/cloakOfShade.html#_cloak-of-shade</sourcelink>
							<sourcepage>p.211</sourcepage>
							<sourceshort>APG</sourceshort>
						</source>
						<spell_resistance>Yes (harmless)</spell_resistance>
						<description>Reduces effects of sun exposure and heat.</description>
						<bonusspell></bonusspell>
				</spell>
				<spell>
						<name>Cure Light Wounds</name>
						<outputname>Cure Light Wounds</outputname>
						<times_memorized>1</times_memorized>
						<range>Touch</range>
						<components>V, S</components>
						<castingtime>1 standard action</castingtime>
						<casterlevel>4</casterlevel>
						<concentration>+8</concentration>
						<dc>15</dc>
						<duration>Instantaneous</duration>
						<effect>When laying your hand upon a living creature, you channel positive energy that cures 1d8+4 points of damage.</effect>
						<target>Creature touched</target>
						<saveinfo>Will half (harmless); see text</saveinfo>
						<school>
							<school>Conjuration</school>
							<subschool>Healing</subschool>
							<descriptor></descriptor>
							<fullschool>Conjuration (Healing)</fullschool>
						</school>
						<source>
							<source>Paizo Inc. - Core Rulebook, p.263</source>
							<sourcelevel>Drd1</sourcelevel>
							<sourcelink>http://paizo.com/pathfinderRPG/prd/spells/cureLightWounds.html#_cure-light-wounds</sourcelink>
							<sourcepage>p.263</sourcepage>
							<sourceshort>CR</sourceshort>
						</source>
						<spell_resistance>Yes (harmless); see text</spell_resistance>
						<description>When laying your hand upon a living creature, you channel positive energy that cures 1d8+(min(5,CASTERLEVEL)) points of damage.</description>
						<bonusspell></bonusspell>
				</spell>
				<spell>
						<name>Damp Powder</name>
						<outputname>Damp Powder</outputname>
						<times_memorized>1</times_memorized>
						<range>Close (35 ft.)</range>
						<components>V, S, M/DF</components>
						<castingtime>1 standard action</castingtime>
						<casterlevel>4</casterlevel>
						<concentration>+8</concentration>
						<dc>15</dc>
						<duration>instantaneous</duration>
						<effect>Ruins ammunition loaded in the targeted firearm.</effect>
						<target>1 loaded firearm</target>
						<saveinfo>Will negates (object)</saveinfo>
						<school>
							<school>Transmutation</school>
							<subschool></subschool>
							<descriptor></descriptor>
							<fullschool>Transmutation</fullschool>
						</school>
						<source>
							<source>Paizo Inc. - Ultimate Combat, p.226</source>
							<sourcelevel>Drd1</sourcelevel>
							<sourcelink>http://paizo.com/pathfinderRPG/prd/ultimateCombat/spells/dampPowder.html#_damp-powder</sourcelink>
							<sourcepage>p.226</sourcepage>
							<sourceshort>UC</sourceshort>
						</source>
						<spell_resistance>Yes (object)</spell_resistance>
						<description>Ruins ammunition loaded in the targeted firearm.</description>
						<bonusspell></bonusspell>
				</spell>
				<spell>
						<name>Deadeye&#39;s Lore</name>
						<outputname>Deadeye&#39;s Lore</outputname>
						<times_memorized>1</times_memorized>
						<range>Personal</range>
						<components>V, S</components>
						<castingtime>1 round</castingtime>
						<casterlevel>4</casterlevel>
						<concentration>+8</concentration>
						<dc></dc>
						<duration>4 hours</duration>
						<effect>Gain a +4 bonus on Survival and move full speed while tracking.</effect>
						<target>You</target>
						<saveinfo></saveinfo>
						<school>
							<school>Divination</school>
							<subschool></subschool>
							<descriptor></descriptor>
							<fullschool>Divination</fullschool>
						</school>
						<source>
							<source>Paizo Inc. - Ultimate Combat, p.227</source>
							<sourcelevel>Drd1</sourcelevel>
							<sourcelink>http://paizo.com/pathfinderRPG/prd/ultimateCombat/spells/deadeyeSLore.html#_deadeye&#39;s-lore</sourcelink>
							<sourcepage>p.227</sourcepage>
							<sourceshort>UC</sourceshort>
						</source>
						<spell_resistance></spell_resistance>
						<description>Gain a +4 bonus on Survival and move full speed while tracking.</description>
						<bonusspell></bonusspell>
				</spell>
				<spell>
						<name>Decompose Corpse</name>
						<outputname>Decompose Corpse</outputname>
						<times_memorized>1</times_memorized>
						<range>Touch</range>
						<components>V, S, M</components>
						<castingtime>1 standard action</castingtime>
						<casterlevel>4</casterlevel>
						<concentration>+8</concentration>
						<dc>15</dc>
						<duration>Instantaneous or 1 minute; see text</duration>
						<effect>Turn corpse into clean skeleton.</effect>
						<target>One corpse or corporeal undead</target>
						<saveinfo>Fortitude negates (object)</saveinfo>
						<school>
							<school>Necromancy</school>
							<subschool></subschool>
							<descriptor></descriptor>
							<fullschool>Necromancy</fullschool>
						</school>
						<source>
							<source>Paizo Inc. - Ultimate Magic, p.216</source>
							<sourcelevel>Drd1</sourcelevel>
							<sourcelink>http://paizo.com/pathfinderRPG/prd/ultimateMagic/spells/decomposeCorpse.html#_decompose-corpse</sourcelink>
							<sourcepage>p.216</sourcepage>
							<sourceshort>UM</sourceshort>
						</source>
						<spell_resistance>Yes (object)</spell_resistance>
						<description>Turn corpse into clean skeleton.</description>
						<bonusspell></bonusspell>
				</spell>
				<spell>
						<name>Depilate</name>
						<outputname>Depilate</outputname>
						<times_memorized>1</times_memorized>
						<range>Medium (140 ft.)</range>
						<components>V,M</components>
						<castingtime>1 round</castingtime>
						<casterlevel>4</casterlevel>
						<concentration>+8</concentration>
						<dc>15</dc>
						<duration>Instantaneous</duration>
						<effect>This simple jinx causes a target&#39;s hair or fur to fall out in patchy clumps, leaving the creature disheveled and less commanding. A jinxed creature takes a -2 penalty on all Diplomacy, Intimidate, and Perform checks until the hair begins to regrow 1 week later, or until the damage can be concealed with a successful Disguise or Heal check [the DC is equal to the original save DC of the spell]. A successful break enchantment, remove curse, or similar effect instantly regrows the target&#39;s hair or fur and removes the spell&#39;s effects.</effect>
						<target>One creature with hair or fur</target>
						<saveinfo>Will negates</saveinfo>
						<school>
							<school>Necromancy</school>
							<subschool></subschool>
							<descriptor></descriptor>
							<fullschool>Necromancy</fullschool>
						</school>
						<source>
							<source>Paizo Inc. - Pathfinder Player Companion: Blood of the Beast, p.27</source>
							<sourcelevel>Drd1</sourcelevel>
							<sourcelink></sourcelink>
							<sourcepage>p.27</sourcepage>
							<sourceshort>BOTB</sourceshort>
						</source>
						<spell_resistance>Yes</spell_resistance>
						<description>This simple jinx causes a target&#39;s hair or fur to fall out in patchy clumps, leaving the creature disheveled and less commanding. A jinxed creature takes a -2 penalty on all Diplomacy, Intimidate, and Perform checks until the hair begins to regrow 1 week later, or until the damage can be concealed with a successful Disguise or Heal check (the DC is equal to the original save DC of the spell). A successful break enchantment, remove curse, or similar effect instantly regrows the target&#39;s hair or fur and removes the spell&#39;s effects.</description>
						<bonusspell></bonusspell>
				</spell>
				<spell>
						<name>Detect Aberration</name>
						<outputname>Detect Aberration</outputname>
						<times_memorized>1</times_memorized>
						<range>Long (560 ft.)</range>
						<components>V, S</components>
						<castingtime>1 standard action</castingtime>
						<casterlevel>4</casterlevel>
						<concentration>+8</concentration>
						<dc></dc>
						<duration>concentration, up to 40 minutes [D]</duration>
						<effect>Reveals presence of aberrations.</effect>
						<target>cone-shaped emanation</target>
						<saveinfo>None</saveinfo>
						<school>
							<school>Divination</school>
							<subschool></subschool>
							<descriptor></descriptor>
							<fullschool>Divination</fullschool>
						</school>
						<source>
							<source>Paizo Inc. - Advanced Player&#39;s Guide, p.215</source>
							<sourcelevel>Drd1</sourcelevel>
							<sourcelink>http://paizo.com/pathfinderRPG/prd/advanced/spells/detectAberration.html#_detect-aberration</sourcelink>
							<sourcepage>p.215</sourcepage>
							<sourceshort>APG</sourceshort>
						</source>
						<spell_resistance>No</spell_resistance>
						<description>Reveals presence of aberrations.</description>
						<bonusspell></bonusspell>
				</spell>
				<spell>
						<name>Detect Animals or Plants</name>
						<outputname>Detect Animals or Plants</outputname>
						<times_memorized>1</times_memorized>
						<range>Long (560 ft.)</range>
						<components>V, S</components>
						<castingtime>1 standard action</castingtime>
						<casterlevel>4</casterlevel>
						<concentration>+8</concentration>
						<dc></dc>
						<duration>Concentration, up to 40 minutes [D]</duration>
						<effect>You can detect a particular kind of animal or plant in a cone emanating out from you in whatever direction you face.</effect>
						<target>Cone-shaped emanation</target>
						<saveinfo>None</saveinfo>
						<school>
							<school>Divination</school>
							<subschool></subschool>
							<descriptor></descriptor>
							<fullschool>Divination</fullschool>
						</school>
						<source>
							<source>Paizo Inc. - Core Rulebook, p.266</source>
							<sourcelevel>Drd1</sourcelevel>
							<sourcelink>http://paizo.com/pathfinderRPG/prd/spells/detectAnimalsOrPlants.html#_detect-animals-or-plants</sourcelink>
							<sourcepage>p.266</sourcepage>
							<sourceshort>CR</sourceshort>
						</source>
						<spell_resistance>No</spell_resistance>
						<description>You can detect a particular kind of animal or plant in a cone emanating out from you in whatever direction you face.</description>
						<bonusspell></bonusspell>
				</spell>
				<spell>
						<name>Detect Snares and Pits</name>
						<outputname>Detect Snares and Pits</outputname>
						<times_memorized>1</times_memorized>
						<range>60 ft.</range>
						<components>V, S</components>
						<castingtime>1 standard action</castingtime>
						<casterlevel>4</casterlevel>
						<concentration>+8</concentration>
						<dc></dc>
						<duration>Concentration, up to 40 minutes [D]</duration>
						<effect>You can detect simple pits, deadfalls, and snares as well as mechanical traps constructed of natural materials.</effect>
						<target>Cone-shaped emanation</target>
						<saveinfo>None</saveinfo>
						<school>
							<school>Divination</school>
							<subschool></subschool>
							<descriptor></descriptor>
							<fullschool>Divination</fullschool>
						</school>
						<source>
							<source>Paizo Inc. - Core Rulebook, p.268</source>
							<sourcelevel>Drd1</sourcelevel>
							<sourcelink>http://paizo.com/pathfinderRPG/prd/spells/detectSnaresAndPits.html#_detect-snares-and-pits</sourcelink>
							<sourcepage>p.268</sourcepage>
							<sourceshort>CR</sourceshort>
						</source>
						<spell_resistance>No</spell_resistance>
						<description>You can detect simple pits, deadfalls, and snares as well as mechanical traps constructed of natural materials.</description>
						<bonusspell></bonusspell>
				</spell>
				<spell>
						<name>Detect the Faithful</name>
						<outputname>Detect the Faithful</outputname>
						<times_memorized>1</times_memorized>
						<range>60 ft.</range>
						<components>V,S,DF</components>
						<castingtime>1 standard action</castingtime>
						<casterlevel>4</casterlevel>
						<concentration>+8</concentration>
						<dc></dc>
						<duration>Concentration, up to 4 minutes [D]</duration>
						<effect>Find others of the same faith.</effect>
						<target>Cone-shaped emanation</target>
						<saveinfo>None</saveinfo>
						<school>
							<school>Divination</school>
							<subschool></subschool>
							<descriptor></descriptor>
							<fullschool>Divination</fullschool>
						</school>
						<source>
							<source>Paizo Inc. - Ultimate Intrigue, p.212</source>
							<sourcelevel>Drd1</sourcelevel>
							<sourcelink>http://aonprd.com/SpellDisplay.aspx?ItemName=Detect the Faithful</sourcelink>
							<sourcepage>p.212</sourcepage>
							<sourceshort>UI</sourceshort>
						</source>
						<spell_resistance>No</spell_resistance>
						<description>Find others of the same faith.</description>
						<bonusspell></bonusspell>
				</spell>
				<spell>
						<name>Diagnose Disease</name>
						<outputname>Diagnose Disease</outputname>
						<times_memorized>1</times_memorized>
						<range>Close (35 ft.)</range>
						<components>V, S</components>
						<castingtime>1 standard action</castingtime>
						<casterlevel>4</casterlevel>
						<concentration>+8</concentration>
						<dc></dc>
						<duration>Instantaneous</duration>
						<effect>Detect and identify diseases.</effect>
						<target>One creature, one object, or a 5-ft. cube</target>
						<saveinfo>None</saveinfo>
						<school>
							<school>Divination</school>
							<subschool></subschool>
							<descriptor></descriptor>
							<fullschool>Divination</fullschool>
						</school>
						<source>
							<source>Paizo Inc. - Ultimate Magic, p.216</source>
							<sourcelevel>Drd1</sourcelevel>
							<sourcelink>http://paizo.com/pathfinderRPG/prd/ultimateMagic/spells/diagnoseDisease.html#_diagnose-disease</sourcelink>
							<sourcepage>p.216</sourcepage>
							<sourceshort>UM</sourceshort>
						</source>
						<spell_resistance>No</spell_resistance>
						<description>Detect and identify diseases.</description>
						<bonusspell></bonusspell>
				</spell>
				<spell>
						<name>Echo</name>
						<outputname>Echo</outputname>
						<times_memorized>1</times_memorized>
						<range>Close or Long; see text</range>
						<components>S,F</components>
						<castingtime>1 standard action</castingtime>
						<casterlevel>4</casterlevel>
						<concentration>+8</concentration>
						<dc>15</dc>
						<duration>4 rounds [D]</duration>
						<effect>Cause a sound to repeat itself.</effect>
						<target>4 10-ft. cubes [S]</target>
						<saveinfo>Will disbelief (if interacted with)</saveinfo>
						<school>
							<school>Illusion</school>
							<subschool>Figment</subschool>
							<descriptor></descriptor>
							<fullschool>Illusion (Figment)</fullschool>
						</school>
						<source>
							<source>Paizo Inc. - Ultimate Wilderness, p.229</source>
							<sourcelevel>Drd1</sourcelevel>
							<sourcelink></sourcelink>
							<sourcepage>p.229</sourcepage>
							<sourceshort>UW</sourceshort>
						</source>
						<spell_resistance>Yes</spell_resistance>
						<description>Cause a sound to repeat itself.</description>
						<bonusspell></bonusspell>
				</spell>
				<spell>
						<name>Endothermic Touch</name>
						<outputname>Endothermic Touch</outputname>
						<times_memorized>1</times_memorized>
						<range>Touch</range>
						<components>V,S,M/DF</components>
						<castingtime>1 standard action</castingtime>
						<casterlevel>4</casterlevel>
						<concentration>+8</concentration>
						<dc>15</dc>
						<duration>4 rounds</duration>
						<effect>This spell slows the metabolism and other bodily functions of a creature for a short amount of time. The target is staggered and moves at half its normal speed [round down to the next 5-foot increment], but it can hold its breath for twice as long as normal.</effect>
						<target>One living creature that has the dragon type or the reptilian subtype</target>
						<saveinfo>Fort negates</saveinfo>
						<school>
							<school>Transmutation</school>
							<subschool></subschool>
							<descriptor></descriptor>
							<fullschool>Transmutation</fullschool>
						</school>
						<source>
							<source>Paizo Inc. - Monster Codex, 141</source>
							<sourcelevel>Drd1</sourcelevel>
							<sourcelink></sourcelink>
							<sourcepage>141</sourcepage>
							<sourceshort>MC</sourceshort>
						</source>
						<spell_resistance>Yes</spell_resistance>
						<description>This spell slows the metabolism and other bodily functions of a creature for a short amount of time. The target is staggered and moves at half its normal speed (round down to the next 5-foot increment), but it can hold its breath for twice as long as normal.</description>
						<bonusspell></bonusspell>
				</spell>
				<spell>
						<name>Endure Elements</name>
						<outputname>Endure Elements</outputname>
						<times_memorized>1</times_memorized>
						<range>Touch</range>
						<components>V, S</components>
						<castingtime>1 standard action</castingtime>
						<casterlevel>4</casterlevel>
						<concentration>+8</concentration>
						<dc>15</dc>
						<duration>24 hours</duration>
						<effect>A creature protected by endure elements suffers no harm from being in a hot or cold environment.</effect>
						<target>Creature touched</target>
						<saveinfo>Will negates (harmless)</saveinfo>
						<school>
							<school>Abjuration</school>
							<subschool></subschool>
							<descriptor></descriptor>
							<fullschool>Abjuration</fullschool>
						</school>
						<source>
							<source>Paizo Inc. - Core Rulebook, p.277</source>
							<sourcelevel>Drd1</sourcelevel>
							<sourcelink>http://paizo.com/pathfinderRPG/prd/spells/endureElements.html#_endure-elements</sourcelink>
							<sourcepage>p.277</sourcepage>
							<sourceshort>CR</sourceshort>
						</source>
						<spell_resistance>Yes (harmless)</spell_resistance>
						<description>A creature protected by endure elements suffers no harm from being in a hot or cold environment.</description>
						<bonusspell></bonusspell>
				</spell>
				<spell>
						<name>Endure Elements (Cold Environment)</name>
						<outputname>Endure Elements (Cold Environment)</outputname>
						<times_memorized>1</times_memorized>
						<range>Touch</range>
						<components>V, S</components>
						<castingtime>1 standard action</castingtime>
						<casterlevel>4</casterlevel>
						<concentration>+8</concentration>
						<dc>15</dc>
						<duration>24 hours</duration>
						<effect>A creature protected by endure elements suffers no harm from being in a hot or cold environment.</effect>
						<target>Creature touched</target>
						<saveinfo>Will negates (harmless)</saveinfo>
						<school>
							<school>Abjuration</school>
							<subschool></subschool>
							<descriptor></descriptor>
							<fullschool>Abjuration</fullschool>
						</school>
						<source>
							<source>Paizo Inc. - Core Rulebook, p.277</source>
							<sourcelevel>Drd1</sourcelevel>
							<sourcelink>http://paizo.com/pathfinderRPG/prd/spells/endureElements.html#_endure-elements</sourcelink>
							<sourcepage>p.277</sourcepage>
							<sourceshort>CR</sourceshort>
						</source>
						<spell_resistance>Yes (harmless)</spell_resistance>
						<description>A creature protected by endure elements suffers no harm from being in a hot or cold environment.</description>
						<bonusspell></bonusspell>
				</spell>
				<spell>
						<name>Entangle</name>
						<outputname>Entangle</outputname>
						<times_memorized>1</times_memorized>
						<range>Long (560 ft.)</range>
						<components>V, S, DF</components>
						<castingtime>1 standard action</castingtime>
						<casterlevel>4</casterlevel>
						<concentration>+8</concentration>
						<dc>15</dc>
						<duration>4 minutes [D]</duration>
						<effect>This spell causes tall grass, weeds, and other plants to wrap around foes in the area of effect or those that enter the area.</effect>
						<target>Plants in a 40-ft.-radius spread</target>
						<saveinfo>Reflex partial; see text</saveinfo>
						<school>
							<school>Transmutation</school>
							<subschool></subschool>
							<descriptor>WoodSchool</descriptor>
							<fullschool>Transmutation [WoodSchool]</fullschool>
						</school>
						<source>
							<source>Paizo Inc. - Core Rulebook, p.278</source>
							<sourcelevel>Drd1</sourcelevel>
							<sourcelink>http://paizo.com/pathfinderRPG/prd/spells/entangle.html#_entangle</sourcelink>
							<sourcepage>p.278</sourcepage>
							<sourceshort>CR</sourceshort>
						</source>
						<spell_resistance>No</spell_resistance>
						<description>This spell causes tall grass, weeds, and other plants to wrap around foes in the area of effect or those that enter the area.</description>
						<bonusspell></bonusspell>
				</spell>
				<spell>
						<name>Entangle (in water only)</name>
						<outputname>Entangle (in water only)</outputname>
						<times_memorized>1</times_memorized>
						<range>Long (560 ft.)</range>
						<components>V, S, DF</components>
						<castingtime>1 standard action</castingtime>
						<casterlevel>4</casterlevel>
						<concentration>+8</concentration>
						<dc>15</dc>
						<duration>4 minutes [D]</duration>
						<effect>This spell causes tall grass, weeds, and other plants to wrap around foes in the area of effect or those that enter the area.</effect>
						<target>Plants in a 40-ft.-radius spread</target>
						<saveinfo>Reflex partial; see text</saveinfo>
						<school>
							<school>Transmutation</school>
							<subschool></subschool>
							<descriptor></descriptor>
							<fullschool>Transmutation</fullschool>
						</school>
						<source>
							<source>Paizo Inc. - Core Rulebook, p.278</source>
							<sourcelevel>Drd1</sourcelevel>
							<sourcelink>http://paizo.com/pathfinderRPG/prd/spells/entangle.html#_entangle</sourcelink>
							<sourcepage>p.278</sourcepage>
							<sourceshort>CR</sourceshort>
						</source>
						<spell_resistance>No</spell_resistance>
						<description>This spell causes tall grass, weeds, and other plants to wrap around foes in the area of effect or those that enter the area.</description>
						<bonusspell></bonusspell>
				</spell>
				<spell>
						<name>Expeditious Excavation</name>
						<outputname>Expeditious Excavation</outputname>
						<times_memorized>1</times_memorized>
						<range>Close (35 ft.)</range>
						<components>V, S, M</components>
						<castingtime>1 standard action</castingtime>
						<casterlevel>4</casterlevel>
						<concentration>+8</concentration>
						<dc>15</dc>
						<duration>Instantaneous</duration>
						<effect>Moves 5-ft. cubes of earth.</effect>
						<target>dirt in a 5-ft. cube</target>
						<saveinfo>see text</saveinfo>
						<school>
							<school>Transmutation, EarthSchool</school>
							<subschool></subschool>
							<descriptor>Earth</descriptor>
							<fullschool>Transmutation, EarthSchool [Earth]</fullschool>
						</school>
						<source>
							<source>Paizo Inc. - Advanced Player&#39;s Guide, p.220</source>
							<sourcelevel>Drd1</sourcelevel>
							<sourcelink>http://paizo.com/pathfinderRPG/prd/advanced/spells/expeditiousExcavation.html#_expeditious-excavation</sourcelink>
							<sourcepage>p.220</sourcepage>
							<sourceshort>APG</sourceshort>
						</source>
						<spell_resistance>No</spell_resistance>
						<description>Moves 5-ft. cubes of earth.</description>
						<bonusspell></bonusspell>
				</spell>
				<spell>
						<name>Faerie Fire</name>
						<outputname>Faerie Fire</outputname>
						<times_memorized>1</times_memorized>
						<range>Long (560 ft.)</range>
						<components>V, S, DF</components>
						<castingtime>1 standard action</castingtime>
						<casterlevel>4</casterlevel>
						<concentration>+8</concentration>
						<dc></dc>
						<duration>4 minutes [D]</duration>
						<effect>A pale glow surrounds and outlines the subjects who shed light as candles.</effect>
						<target>Creatures and objects within a 5-ft.-radius burst</target>
						<saveinfo>None</saveinfo>
						<school>
							<school>Evocation</school>
							<subschool></subschool>
							<descriptor>Light</descriptor>
							<fullschool>Evocation [Light]</fullschool>
						</school>
						<source>
							<source>Paizo Inc. - Core Rulebook, p.280</source>
							<sourcelevel>Drd1</sourcelevel>
							<sourcelink>http://paizo.com/pathfinderRPG/prd/spells/faerieFire.html#_faerie-fire</sourcelink>
							<sourcepage>p.280</sourcepage>
							<sourceshort>CR</sourceshort>
						</source>
						<spell_resistance>Yes</spell_resistance>
						<description>A pale glow surrounds and outlines the subjects who shed light as candles.</description>
						<bonusspell></bonusspell>
				</spell>
				<spell>
						<name>Feather Step</name>
						<outputname>Feather Step</outputname>
						<times_memorized>1</times_memorized>
						<range>Close (35 ft.)</range>
						<components>V, S</components>
						<castingtime>1 standard action</castingtime>
						<casterlevel>4</casterlevel>
						<concentration>+8</concentration>
						<dc>15</dc>
						<duration>40 minutes</duration>
						<effect>Ignore movement penalty in difficult terrain.</effect>
						<target>one creature</target>
						<saveinfo>Fortitude negates (harmless)</saveinfo>
						<school>
							<school>Transmutation</school>
							<subschool></subschool>
							<descriptor></descriptor>
							<fullschool>Transmutation</fullschool>
						</school>
						<source>
							<source>Paizo Inc. - Advanced Player&#39;s Guide, p.221</source>
							<sourcelevel>Drd1</sourcelevel>
							<sourcelink>http://paizo.com/pathfinderRPG/prd/advanced/spells/featherStep.html#_feather-step</sourcelink>
							<sourcepage>p.221</sourcepage>
							<sourceshort>APG</sourceshort>
						</source>
						<spell_resistance>Yes</spell_resistance>
						<description>Ignore movement penalty in difficult terrain.</description>
						<bonusspell></bonusspell>
				</spell>
				<spell>
						<name>Flare Burst</name>
						<outputname>Flare Burst</outputname>
						<times_memorized>1</times_memorized>
						<range>Close (35 ft.)</range>
						<components>V</components>
						<castingtime>1 standard action</castingtime>
						<casterlevel>4</casterlevel>
						<concentration>+8</concentration>
						<dc>15</dc>
						<duration>Instantaneous</duration>
						<effect>This spell functions as flare, except it affects all creatures in a 10-foot-radius burst from the target point.</effect>
						<target>10-ft.-radius burst of light</target>
						<saveinfo>Fortitude negates</saveinfo>
						<school>
							<school>Evocation</school>
							<subschool>Light</subschool>
							<descriptor></descriptor>
							<fullschool>Evocation (Light)</fullschool>
						</school>
						<source>
							<source>Paizo Inc. - Advanced Player&#39;s Guide, p.223</source>
							<sourcelevel>Drd1</sourcelevel>
							<sourcelink>http://paizo.com/pathfinderRPG/prd/advanced/spells/flareBurst.html#_flare-burst</sourcelink>
							<sourcepage>p.223</sourcepage>
							<sourceshort>APG</sourceshort>
						</source>
						<spell_resistance>Yes</spell_resistance>
						<description>This spell functions as flare, except it affects all creatures in a 10-foot-radius burst from the target point.</description>
						<bonusspell></bonusspell>
				</spell>
				<spell>
						<name>Frostbite</name>
						<outputname>Frostbite</outputname>
						<times_memorized>1</times_memorized>
						<range>Touch</range>
						<components>V, S</components>
						<castingtime>1 standard action</castingtime>
						<casterlevel>4</casterlevel>
						<concentration>+8</concentration>
						<dc></dc>
						<duration>Instantaneous</duration>
						<effect>Target takes 1d6+4 nonlethal cold damage and is fatigued.</effect>
						<target>Up to 4 creatures touched</target>
						<saveinfo>None</saveinfo>
						<school>
							<school>Transmutation</school>
							<subschool></subschool>
							<descriptor>Cold</descriptor>
							<fullschool>Transmutation [Cold]</fullschool>
						</school>
						<source>
							<source>Paizo Inc. - Ultimate Magic, p.221</source>
							<sourcelevel>Drd1</sourcelevel>
							<sourcelink>http://paizo.com/pathfinderRPG/prd/ultimateMagic/spells/frostbite.html#_frostbite</sourcelink>
							<sourcepage>p.221</sourcepage>
							<sourceshort>UM</sourceshort>
						</source>
						<spell_resistance>Yes</spell_resistance>
						<description>Target takes 1d6+(CASTERLEVEL) nonlethal cold damage and is fatigued.</description>
						<bonusspell></bonusspell>
				</spell>
				<spell>
						<name>Gentle Breeze</name>
						<outputname>Gentle Breeze</outputname>
						<times_memorized>1</times_memorized>
						<range>Close (35 ft.)</range>
						<components>V, S</components>
						<castingtime>1 standard action</castingtime>
						<casterlevel>4</casterlevel>
						<concentration>+8</concentration>
						<dc>15</dc>
						<duration>1 hour [D]</duration>
						<effect>Light wind protects one target from clouds, gases, heat, and vapors.</effect>
						<target>one creature or object</target>
						<saveinfo>Will negates (harmless)</saveinfo>
						<school>
							<school>Evocation</school>
							<subschool>Air</subschool>
							<descriptor></descriptor>
							<fullschool>Evocation (Air)</fullschool>
						</school>
						<source>
							<source>Paizo Inc. - Advanced Class Guide, p.183</source>
							<sourcelevel>Drd1</sourcelevel>
							<sourcelink>http://paizo.com/pathfinderRPG/prd/advancedClassGuide/spells/gentleBreeze.html</sourcelink>
							<sourcepage>p.183</sourcepage>
							<sourceshort>ACG</sourceshort>
						</source>
						<spell_resistance>yes (harmless)</spell_resistance>
						<description>Light wind protects one target from clouds, gases, heat, and vapors.</description>
						<bonusspell></bonusspell>
				</spell>
				<spell>
						<name>Goodberry</name>
						<outputname>Goodberry</outputname>
						<times_memorized>1</times_memorized>
						<range>Touch</range>
						<components>V, S, DF</components>
						<castingtime>1 standard action</castingtime>
						<casterlevel>4</casterlevel>
						<concentration>+8</concentration>
						<dc></dc>
						<duration>4 days</duration>
						<effect>Casting goodberry makes 2d4 freshly picked berries magical.</effect>
						<target>2d4 fresh berries touched</target>
						<saveinfo>None</saveinfo>
						<school>
							<school>Transmutation</school>
							<subschool></subschool>
							<descriptor></descriptor>
							<fullschool>Transmutation</fullschool>
						</school>
						<source>
							<source>Paizo Inc. - Core Rulebook, p.291</source>
							<sourcelevel>Drd1</sourcelevel>
							<sourcelink>http://paizo.com/pathfinderRPG/prd/spells/goodberry.html#_goodberry</sourcelink>
							<sourcepage>p.291</sourcepage>
							<sourceshort>CR</sourceshort>
						</source>
						<spell_resistance>Yes</spell_resistance>
						<description>Casting goodberry makes 2d4 freshly picked berries magical.</description>
						<bonusspell></bonusspell>
				</spell>
				<spell>
						<name>Goodberry (created berries bud from the ghoran&#39;s own body)</name>
						<outputname>Goodberry (created berries bud from the ghoran&#39;s own body)</outputname>
						<times_memorized>1</times_memorized>
						<range>Touch</range>
						<components>V, S, DF</components>
						<castingtime>1 standard action</castingtime>
						<casterlevel>4</casterlevel>
						<concentration>+8</concentration>
						<dc></dc>
						<duration>4 days</duration>
						<effect>Casting goodberry makes 2d4 freshly picked berries magical.</effect>
						<target>2d4 fresh berries touched</target>
						<saveinfo>None</saveinfo>
						<school>
							<school>Transmutation</school>
							<subschool></subschool>
							<descriptor></descriptor>
							<fullschool>Transmutation</fullschool>
						</school>
						<source>
							<source>Paizo Inc. - Core Rulebook, p.291</source>
							<sourcelevel>Drd1</sourcelevel>
							<sourcelink>http://paizo.com/pathfinderRPG/prd/spells/goodberry.html#_goodberry</sourcelink>
							<sourcepage>p.291</sourcepage>
							<sourceshort>CR</sourceshort>
						</source>
						<spell_resistance>Yes</spell_resistance>
						<description>Casting goodberry makes 2d4 freshly picked berries magical.</description>
						<bonusspell></bonusspell>
				</spell>
				<spell>
						<name>Hairline Fractures</name>
						<outputname>Hairline Fractures</outputname>
						<times_memorized>1</times_memorized>
						<range>Touch</range>
						<components>V, S, M</components>
						<castingtime>1 standard action</castingtime>
						<casterlevel>4</casterlevel>
						<concentration>+8</concentration>
						<dc>15</dc>
						<duration>4 rounds</duration>
						<effect>You create momentary hairline fractures in a piece of stone or a creature with the earth subtype.</effect>
						<target>5-ft.-square section of stone or a creature with the earth subtype</target>
						<saveinfo>Fortitude negates (object)</saveinfo>
						<school>
							<school>Transmutation</school>
							<subschool></subschool>
							<descriptor></descriptor>
							<fullschool>Transmutation</fullschool>
						</school>
						<source>
							<source>Paizo Inc. - Pathfinder Player Companion: Faiths of Purity, p.28</source>
							<sourcelevel>Drd1</sourcelevel>
							<sourcelink></sourcelink>
							<sourcepage>p.28</sourcepage>
							<sourceshort>FOP</sourceshort>
						</source>
						<spell_resistance>Yes (object)</spell_resistance>
						<description>You create momentary hairline fractures in a piece of stone or a creature with the earth subtype.</description>
						<bonusspell></bonusspell>
				</spell>
				<spell>
						<name>Heightened Awareness</name>
						<outputname>Heightened Awareness</outputname>
						<times_memorized>1</times_memorized>
						<range>Personal</range>
						<components>V, M/DF</components>
						<castingtime>1 standard action</castingtime>
						<casterlevel>4</casterlevel>
						<concentration>+8</concentration>
						<dc></dc>
						<duration>40 minutes [D]</duration>
						<effect>Your recall and ability to process information improve.</effect>
						<target>you</target>
						<saveinfo></saveinfo>
						<school>
							<school>Divination</school>
							<subschool></subschool>
							<descriptor></descriptor>
							<fullschool>Divination</fullschool>
						</school>
						<source>
							<source>Paizo Inc. - Advanced Class Guide, p.183</source>
							<sourcelevel>Drd1</sourcelevel>
							<sourcelink>http://paizo.com/pathfinderRPG/prd/advancedClassGuide/spells/heightenedAwareness.html</sourcelink>
							<sourcepage>p.183</sourcepage>
							<sourceshort>ACG</sourceshort>
						</source>
						<spell_resistance></spell_resistance>
						<description>Your recall and ability to process information improve.</description>
						<bonusspell></bonusspell>
				</spell>
				<spell>
						<name>Hidden Spring</name>
						<outputname>Hidden Spring</outputname>
						<times_memorized>1</times_memorized>
						<range>Touch</range>
						<components>V,S,F</components>
						<castingtime>1 hour</castingtime>
						<casterlevel>4</casterlevel>
						<concentration>+8</concentration>
						<dc></dc>
						<duration>4 hours</duration>
						<effect>Discover a temporary spring of fresh, flowing water.</effect>
						<target>A spring of fresh water</target>
						<saveinfo>None</saveinfo>
						<school>
							<school>Transmutation</school>
							<subschool></subschool>
							<descriptor>Water</descriptor>
							<fullschool>Transmutation [Water]</fullschool>
						</school>
						<source>
							<source>Paizo Inc. - Ultimate Wilderness, p.231</source>
							<sourcelevel>Drd1</sourcelevel>
							<sourcelink></sourcelink>
							<sourcepage>p.231</sourcepage>
							<sourceshort>UW</sourceshort>
						</source>
						<spell_resistance>No</spell_resistance>
						<description>Discover a temporary spring of fresh, flowing water.</description>
						<bonusspell></bonusspell>
				</spell>
				<spell>
						<name>Hide from Animals</name>
						<outputname>Hide from Animals</outputname>
						<times_memorized>1</times_memorized>
						<range>Touch</range>
						<components>S, DF</components>
						<castingtime>1 standard action</castingtime>
						<casterlevel>4</casterlevel>
						<concentration>+8</concentration>
						<dc>15</dc>
						<duration>40 minutes [D]</duration>
						<effect>Animals cannot sense the warded creatures.</effect>
						<target>4 creatures touched</target>
						<saveinfo>Will negates (harmless)</saveinfo>
						<school>
							<school>Abjuration</school>
							<subschool></subschool>
							<descriptor></descriptor>
							<fullschool>Abjuration</fullschool>
						</school>
						<source>
							<source>Paizo Inc. - Core Rulebook, p.296</source>
							<sourcelevel>Drd1</sourcelevel>
							<sourcelink>http://paizo.com/pathfinderRPG/prd/spells/hideFromAnimals.html#_hide-from-animals</sourcelink>
							<sourcepage>p.296</sourcepage>
							<sourceshort>CR</sourceshort>
						</source>
						<spell_resistance>Yes</spell_resistance>
						<description>Animals cannot sense the warded creatures.</description>
						<bonusspell></bonusspell>
				</spell>
				<spell>
						<name>Hydraulic Push</name>
						<outputname>Hydraulic Push</outputname>
						<times_memorized>1</times_memorized>
						<range>Close (35 ft.)</range>
						<components>V, S</components>
						<castingtime>1 standard action</castingtime>
						<casterlevel>4</casterlevel>
						<concentration>+8</concentration>
						<dc></dc>
						<duration>Instantaneous</duration>
						<effect>Wave of water bull rushes an enemy.</effect>
						<target>one creature or object</target>
						<saveinfo>None</saveinfo>
						<school>
							<school>Evocation, WaterSchool</school>
							<subschool></subschool>
							<descriptor>Water</descriptor>
							<fullschool>Evocation, WaterSchool [Water]</fullschool>
						</school>
						<source>
							<source>Paizo Inc. - Advanced Player&#39;s Guide, p.228</source>
							<sourcelevel>Drd1</sourcelevel>
							<sourcelink>http://paizo.com/pathfinderRPG/prd/advanced/spells/hydraulicPush.html#_hydraulic-push-</sourcelink>
							<sourcepage>p.228</sourcepage>
							<sourceshort>APG</sourceshort>
						</source>
						<spell_resistance>Yes</spell_resistance>
						<description>Wave of water bull rushes an enemy.</description>
						<bonusspell></bonusspell>
				</spell>
				<spell>
						<name>Itching Curse</name>
						<outputname>Itching Curse</outputname>
						<times_memorized>1</times_memorized>
						<range>Close (35 ft.)</range>
						<components>V,S</components>
						<castingtime>1 standard action</castingtime>
						<casterlevel>4</casterlevel>
						<concentration>+8</concentration>
						<dc>15</dc>
						<duration>4 hours [D]</duration>
						<effect>You curse the target with a distracting, unbearable itch. Unless the target scratches as a move action, it takes a -1 penalty on attack rolls, saving throws, skill checks, and ability checks.</effect>
						<target>One living creature with 5 HD or fewer</target>
						<saveinfo>Will negates</saveinfo>
						<school>
							<school>Necromancy</school>
							<subschool></subschool>
							<descriptor>Curse</descriptor>
							<fullschool>Necromancy [Curse]</fullschool>
						</school>
						<source>
							<source>Paizo Inc. - Magic Tactics Toolbox, p.22</source>
							<sourcelevel>Drd1</sourcelevel>
							<sourcelink></sourcelink>
							<sourcepage>p.22</sourcepage>
							<sourceshort>MagTT</sourceshort>
						</source>
						<spell_resistance>Yes</spell_resistance>
						<description>You curse the target with a distracting, unbearable itch. Unless the target scratches as a move action, it takes a -1 penalty on attack rolls, saving throws, skill checks, and ability checks.</description>
						<bonusspell></bonusspell>
				</spell>
				<spell>
						<name>Jump</name>
						<outputname>Jump</outputname>
						<times_memorized>1</times_memorized>
						<range>Touch</range>
						<components>V, S, M</components>
						<castingtime>1 standard action</castingtime>
						<casterlevel>4</casterlevel>
						<concentration>+8</concentration>
						<dc>15</dc>
						<duration>4 minutes [D]</duration>
						<effect>The subject gets a +10 enhancement bonus on Acrobatics checks made to attempt high jumps or long jumps.</effect>
						<target>Creature touched</target>
						<saveinfo>Will negates (harmless)</saveinfo>
						<school>
							<school>Transmutation</school>
							<subschool></subschool>
							<descriptor></descriptor>
							<fullschool>Transmutation</fullschool>
						</school>
						<source>
							<source>Paizo Inc. - Core Rulebook, p.303</source>
							<sourcelevel>Drd1</sourcelevel>
							<sourcelink>http://paizo.com/pathfinderRPG/prd/spells/jump.html#_jump</sourcelink>
							<sourcepage>p.303</sourcepage>
							<sourceshort>CR</sourceshort>
						</source>
						<spell_resistance>Yes</spell_resistance>
						<description>The subject gets a +10 enhancement bonus on Acrobatics checks made to attempt high jumps or long jumps.</description>
						<bonusspell></bonusspell>
				</spell>
				<spell>
						<name>Keen Senses</name>
						<outputname>Keen Senses</outputname>
						<times_memorized>1</times_memorized>
						<range>Touch</range>
						<components>V, M/DF</components>
						<castingtime>1 standard action</castingtime>
						<casterlevel>4</casterlevel>
						<concentration>+8</concentration>
						<dc>15</dc>
						<duration>4 minutes [D]</duration>
						<effect>Subject gains +2 Perception, low-light vision.</effect>
						<target>creature touched</target>
						<saveinfo>Will negates (harmless)</saveinfo>
						<school>
							<school>Transmutation</school>
							<subschool></subschool>
							<descriptor></descriptor>
							<fullschool>Transmutation</fullschool>
						</school>
						<source>
							<source>Paizo Inc. - Advanced Player&#39;s Guide, p.230</source>
							<sourcelevel>Drd1</sourcelevel>
							<sourcelink>http://paizo.com/pathfinderRPG/prd/advanced/spells/keenSenses.html#_keen-senses</sourcelink>
							<sourcepage>p.230</sourcepage>
							<sourceshort>APG</sourceshort>
						</source>
						<spell_resistance>Yes (harmless)</spell_resistance>
						<description>Subject gains +2 Perception, low-light vision.</description>
						<bonusspell></bonusspell>
				</spell>
				<spell>
						<name>Liberating Command</name>
						<outputname>Liberating Command</outputname>
						<times_memorized>1</times_memorized>
						<range>Close (35 ft.)</range>
						<components>V</components>
						<castingtime>1 immediate action</castingtime>
						<casterlevel>4</casterlevel>
						<concentration>+8</concentration>
						<dc>15</dc>
						<duration>instantaneous</duration>
						<effect>Target makes an Escape Artist check as an immediate action and gains a bonus on it.</effect>
						<target>one creature</target>
						<saveinfo>Will negates (harmless)</saveinfo>
						<school>
							<school>Transmutation</school>
							<subschool></subschool>
							<descriptor></descriptor>
							<fullschool>Transmutation</fullschool>
						</school>
						<source>
							<source>Paizo Inc. - Ultimate Combat, p.233</source>
							<sourcelevel>Drd1</sourcelevel>
							<sourcelink>http://paizo.com/pathfinderRPG/prd/ultimateCombat/spells/liberatingCommand.html#_liberating-command</sourcelink>
							<sourcepage>p.233</sourcepage>
							<sourceshort>UC</sourceshort>
						</source>
						<spell_resistance>Yes (harmless)</spell_resistance>
						<description>Target makes an Escape Artist check as an immediate action and gains a bonus on it.</description>
						<bonusspell></bonusspell>
				</spell>
				<spell>
						<name>Longstrider</name>
						<outputname>Longstrider</outputname>
						<times_memorized>1</times_memorized>
						<range>Personal</range>
						<components>V, S, M</components>
						<castingtime>1 standard action</castingtime>
						<casterlevel>4</casterlevel>
						<concentration>+8</concentration>
						<dc></dc>
						<duration>4 hours [D]</duration>
						<effect>This spell gives you a +10 foot enhancement bonus to your base speed.</effect>
						<target>You</target>
						<saveinfo></saveinfo>
						<school>
							<school>Transmutation</school>
							<subschool></subschool>
							<descriptor></descriptor>
							<fullschool>Transmutation</fullschool>
						</school>
						<source>
							<source>Paizo Inc. - Core Rulebook, p.305</source>
							<sourcelevel>Drd1</sourcelevel>
							<sourcelink>http://paizo.com/pathfinderRPG/prd/spells/longstrider.html#_longstrider</sourcelink>
							<sourcepage>p.305</sourcepage>
							<sourceshort>CR</sourceshort>
						</source>
						<spell_resistance></spell_resistance>
						<description>This spell gives you a +10 foot enhancement bonus to your base speed.</description>
						<bonusspell></bonusspell>
				</spell>
				<spell>
						<name>Magic Fang</name>
						<outputname>Magic Fang</outputname>
						<times_memorized>1</times_memorized>
						<range>Touch</range>
						<components>V, S, DF</components>
						<castingtime>1 standard action</castingtime>
						<casterlevel>4</casterlevel>
						<concentration>+8</concentration>
						<dc>15</dc>
						<duration>4 minutes</duration>
						<effect>Magic fang gives one natural weapon or unarmed strike of the subject a +1 enhancement bonus on attack and damage rolls.</effect>
						<target>Living creature touched</target>
						<saveinfo>Will negates (harmless)</saveinfo>
						<school>
							<school>Transmutation</school>
							<subschool></subschool>
							<descriptor></descriptor>
							<fullschool>Transmutation</fullschool>
						</school>
						<source>
							<source>Paizo Inc. - Core Rulebook, p.308</source>
							<sourcelevel>Drd1</sourcelevel>
							<sourcelink>http://paizo.com/pathfinderRPG/prd/spells/magicFang.html#_magic-fang</sourcelink>
							<sourcepage>p.308</sourcepage>
							<sourceshort>CR</sourceshort>
						</source>
						<spell_resistance>Yes (harmless)</spell_resistance>
						<description>Magic fang gives one natural weapon or unarmed strike of the subject a +1 enhancement bonus on attack and damage rolls.</description>
						<bonusspell></bonusspell>
				</spell>
				<spell>
						<name>Magic Stone</name>
						<outputname>Magic Stone</outputname>
						<times_memorized>1</times_memorized>
						<range>Touch</range>
						<components>V, S, DF</components>
						<castingtime>1 standard action</castingtime>
						<casterlevel>4</casterlevel>
						<concentration>+8</concentration>
						<dc>15</dc>
						<duration>30 minutes or until discharged</duration>
						<effect>You transmute as many as three pebbles, which can be no larger than sling bullets, so that they strike with great force when thrown or slung.</effect>
						<target>Up to three pebbles touched</target>
						<saveinfo>Will negates (harmless, object)</saveinfo>
						<school>
							<school>Transmutation</school>
							<subschool></subschool>
							<descriptor></descriptor>
							<fullschool>Transmutation</fullschool>
						</school>
						<source>
							<source>Paizo Inc. - Core Rulebook, p.310</source>
							<sourcelevel>Drd1</sourcelevel>
							<sourcelink>http://paizo.com/pathfinderRPG/prd/spells/magicStone.html#_magic-stone</sourcelink>
							<sourcepage>p.310</sourcepage>
							<sourceshort>CR</sourceshort>
						</source>
						<spell_resistance>Yes (harmless, object)</spell_resistance>
						<description>You transmute as many as three pebbles, which can be no larger than sling bullets, so that they strike with great force when thrown or slung.</description>
						<bonusspell></bonusspell>
				</spell>
				<spell>
						<name>Monkey Fish</name>
						<outputname>Monkey Fish</outputname>
						<times_memorized>1</times_memorized>
						<range>Personal</range>
						<components>V, S</components>
						<castingtime>1 standard action</castingtime>
						<casterlevel>4</casterlevel>
						<concentration>+8</concentration>
						<dc></dc>
						<duration>4 minutes [D]</duration>
						<effect>Gain a climb speed and a swim speed of 10 ft. for a time.</effect>
						<target>you</target>
						<saveinfo></saveinfo>
						<school>
							<school>Transmutation</school>
							<subschool></subschool>
							<descriptor></descriptor>
							<fullschool>Transmutation</fullschool>
						</school>
						<source>
							<source>Paizo Inc. - Advanced Class Guide, p.188</source>
							<sourcelevel>Drd1</sourcelevel>
							<sourcelink>http://paizo.com/pathfinderRPG/prd/advancedClassGuide/spells/monkeyFish.html</sourcelink>
							<sourcepage>p.188</sourcepage>
							<sourceshort>ACG</sourceshort>
						</source>
						<spell_resistance></spell_resistance>
						<description>Gain a climb speed and a swim speed of 10 ft. for a time.</description>
						<bonusspell></bonusspell>
				</spell>
				<spell>
						<name>Nauseating Dart</name>
						<outputname>Nauseating Dart</outputname>
						<times_memorized>1</times_memorized>
						<range>Close (35 ft.)</range>
						<components>S, DF</components>
						<castingtime>1 standard action</castingtime>
						<casterlevel>4</casterlevel>
						<concentration>+8</concentration>
						<dc>15</dc>
						<duration>instantaneous</duration>
						<effect>Poisonous stinger deals 1d2 damage and sickens target.</effect>
						<target>one poisonous stinger</target>
						<saveinfo>Fortitude partial (see text)</saveinfo>
						<school>
							<school>Conjuration</school>
							<subschool>Creation</subschool>
							<descriptor>Poison</descriptor>
							<fullschool>Conjuration (Creation) [Poison]</fullschool>
						</school>
						<source>
							<source>Paizo Inc. - Advanced Class Guide, p.189</source>
							<sourcelevel>Drd1</sourcelevel>
							<sourcelink>http://paizo.com/pathfinderRPG/prd/advancedClassGuide/spells/nauseatingDart.html</sourcelink>
							<sourcepage>p.189</sourcepage>
							<sourceshort>ACG</sourceshort>
						</source>
						<spell_resistance>no</spell_resistance>
						<description>Poisonous stinger deals 1d2 damage and sickens target.</description>
						<bonusspell></bonusspell>
				</spell>
				<spell>
						<name>Negate Aroma</name>
						<outputname>Negate Aroma</outputname>
						<times_memorized>1</times_memorized>
						<range>Close (35 ft.)</range>
						<components>V, S, M/DF</components>
						<castingtime>1 standard action</castingtime>
						<casterlevel>4</casterlevel>
						<concentration>+8</concentration>
						<dc>15</dc>
						<duration>4 hours [D]</duration>
						<effect>Subject cannot be tracked by scent.</effect>
						<target>4 creatures or objects touched</target>
						<saveinfo>Fortitude negates</saveinfo>
						<school>
							<school>Transmutation</school>
							<subschool></subschool>
							<descriptor></descriptor>
							<fullschool>Transmutation</fullschool>
						</school>
						<source>
							<source>Paizo Inc. - Advanced Player&#39;s Guide, p.234</source>
							<sourcelevel>Drd1</sourcelevel>
							<sourcelink>http://paizo.com/pathfinderRPG/prd/advanced/spells/negateAroma.html#_negate-aroma</sourcelink>
							<sourcepage>p.234</sourcepage>
							<sourceshort>APG</sourceshort>
						</source>
						<spell_resistance>Yes</spell_resistance>
						<description>Subject cannot be tracked by scent.</description>
						<bonusspell></bonusspell>
				</spell>
				<spell>
						<name>Obscure Poison</name>
						<outputname>Obscure Poison</outputname>
						<times_memorized>1</times_memorized>
						<range>Touch</range>
						<components>S,M</components>
						<castingtime>1 standard action</castingtime>
						<casterlevel>4</casterlevel>
						<concentration>+8</concentration>
						<dc></dc>
						<duration>4 hours</duration>
						<effect>Make it harder to detect a poison or a venomous creature.</effect>
						<target>One dose of poison or one venomous creature</target>
						<saveinfo>None</saveinfo>
						<school>
							<school>Abjuration</school>
							<subschool></subschool>
							<descriptor></descriptor>
							<fullschool>Abjuration</fullschool>
						</school>
						<source>
							<source>Paizo Inc. - Ultimate Intrigue, p.220</source>
							<sourcelevel>Drd1</sourcelevel>
							<sourcelink>http://aonprd.com/SpellDisplay.aspx?ItemName=Obscure Poison</sourcelink>
							<sourcepage>p.220</sourcepage>
							<sourceshort>UI</sourceshort>
						</source>
						<spell_resistance>No</spell_resistance>
						<description>Make it harder to detect a poison or a venomous creature.</description>
						<bonusspell></bonusspell>
				</spell>
				<spell>
						<name>Obscuring Mist</name>
						<outputname>Obscuring Mist</outputname>
						<times_memorized>1</times_memorized>
						<range>20 ft.</range>
						<components>V, S</components>
						<castingtime>1 standard action</castingtime>
						<casterlevel>4</casterlevel>
						<concentration>+8</concentration>
						<dc></dc>
						<duration>4 minutes [D]</duration>
						<effect>A misty, stationary vapor arises around you obscuring all sight, including darkvision, beyond 5 feet.</effect>
						<target>Cloud spreads in 20-ft. radius from you, 20 ft. high</target>
						<saveinfo>None</saveinfo>
						<school>
							<school>Conjuration, WaterSchool</school>
							<subschool>Creation</subschool>
							<descriptor></descriptor>
							<fullschool>Conjuration, WaterSchool (Creation)</fullschool>
						</school>
						<source>
							<source>Paizo Inc. - Core Rulebook, p.317</source>
							<sourcelevel>Drd1</sourcelevel>
							<sourcelink>http://paizo.com/pathfinderRPG/prd/spells/obscuringMist.html#_obscuring-mist</sourcelink>
							<sourcepage>p.317</sourcepage>
							<sourceshort>CR</sourceshort>
						</source>
						<spell_resistance>No</spell_resistance>
						<description>A misty, stationary vapor arises around you obscuring all sight, including darkvision, beyond 5 feet.</description>
						<bonusspell></bonusspell>
				</spell>
				<spell>
						<name>Pass without Trace</name>
						<outputname>Pass without Trace</outputname>
						<times_memorized>1</times_memorized>
						<range>Touch</range>
						<components>V, S, DF</components>
						<castingtime>1 standard action</castingtime>
						<casterlevel>4</casterlevel>
						<concentration>+8</concentration>
						<dc>15</dc>
						<duration>4 hours [D]</duration>
						<effect>The subject or subjects of this spell do not leave footprints or a scent trail while moving.</effect>
						<target>4 creatures touched</target>
						<saveinfo>Will negates (harmless)</saveinfo>
						<school>
							<school>Transmutation</school>
							<subschool></subschool>
							<descriptor></descriptor>
							<fullschool>Transmutation</fullschool>
						</school>
						<source>
							<source>Paizo Inc. - Core Rulebook, p.318</source>
							<sourcelevel>Drd1</sourcelevel>
							<sourcelink>http://paizo.com/pathfinderRPG/prd/spells/passWithoutTrace.html#_pass-without-trace</sourcelink>
							<sourcepage>p.318</sourcepage>
							<sourceshort>CR</sourceshort>
						</source>
						<spell_resistance>Yes (harmless)</spell_resistance>
						<description>The subject or subjects of this spell do not leave footprints or a scent trail while moving.</description>
						<bonusspell></bonusspell>
				</spell>
				<spell>
						<name>Produce Flame</name>
						<outputname>Produce Flame</outputname>
						<times_memorized>1</times_memorized>
						<range>0 ft.</range>
						<components>V, S</components>
						<castingtime>1 standard action</castingtime>
						<casterlevel>4</casterlevel>
						<concentration>+8</concentration>
						<dc></dc>
						<duration>4 minutes [D]</duration>
						<effect>Flames as bright as a torch appear in your open hand.</effect>
						<target>Flame in your palm</target>
						<saveinfo>None</saveinfo>
						<school>
							<school>Evocation</school>
							<subschool></subschool>
							<descriptor>Fire</descriptor>
							<fullschool>Evocation [Fire]</fullschool>
						</school>
						<source>
							<source>Paizo Inc. - Core Rulebook, p.326</source>
							<sourcelevel>Drd1</sourcelevel>
							<sourcelink>http://paizo.com/pathfinderRPG/prd/spells/produceFlame.html#_produce-flame</sourcelink>
							<sourcepage>p.326</sourcepage>
							<sourceshort>CR</sourceshort>
						</source>
						<spell_resistance>Yes</spell_resistance>
						<description>Flames as bright as a torch appear in your open hand.</description>
						<bonusspell></bonusspell>
				</spell>
				<spell>
						<name>Ray of Sickening</name>
						<outputname>Ray of Sickening</outputname>
						<times_memorized>1</times_memorized>
						<range>Close (35 ft.)</range>
						<components>V, S, M</components>
						<castingtime>1 standard action</castingtime>
						<casterlevel>4</casterlevel>
						<concentration>+8</concentration>
						<dc>15</dc>
						<duration>4 minutes</duration>
						<effect>Ray makes the subject sickened.</effect>
						<target>Ray</target>
						<saveinfo>Fortitude partial; see text</saveinfo>
						<school>
							<school>Necromancy</school>
							<subschool></subschool>
							<descriptor></descriptor>
							<fullschool>Necromancy</fullschool>
						</school>
						<source>
							<source>Paizo Inc. - Ultimate Magic, p.234</source>
							<sourcelevel>Drd1</sourcelevel>
							<sourcelink>http://paizo.com/pathfinderRPG/prd/ultimateMagic/spells/rayOfSickening.html#_ray-of-sickening</sourcelink>
							<sourcepage>p.234</sourcepage>
							<sourceshort>UM</sourceshort>
						</source>
						<spell_resistance>Yes</spell_resistance>
						<description>Ray makes the subject sickened.</description>
						<bonusspell></bonusspell>
				</spell>
				<spell>
						<name>Read Weather</name>
						<outputname>Read Weather</outputname>
						<times_memorized>1</times_memorized>
						<range>Personal</range>
						<components>V, S, F</components>
						<castingtime>1 minute</castingtime>
						<casterlevel>4</casterlevel>
						<concentration>+8</concentration>
						<dc></dc>
						<duration>Instantaneous</duration>
						<effect>Forecast the weather at your location for the next 48 hours.</effect>
						<target>You</target>
						<saveinfo></saveinfo>
						<school>
							<school>Divination</school>
							<subschool></subschool>
							<descriptor></descriptor>
							<fullschool>Divination</fullschool>
						</school>
						<source>
							<source>Paizo Inc. - Pathfinder Player Companion: Faiths of Balance, p.28</source>
							<sourcelevel>Drd1</sourcelevel>
							<sourcelink></sourcelink>
							<sourcepage>p.28</sourcepage>
							<sourceshort>FOB</sourceshort>
						</source>
						<spell_resistance></spell_resistance>
						<description>Forecast the weather at your location for the next 48 hours.</description>
						<bonusspell></bonusspell>
				</spell>
				<spell>
						<name>Remove Sickness</name>
						<outputname>Remove Sickness</outputname>
						<times_memorized>1</times_memorized>
						<range>Close (35 ft.)</range>
						<components>V, S</components>
						<castingtime>1 standard action</castingtime>
						<casterlevel>4</casterlevel>
						<concentration>+8</concentration>
						<dc>15</dc>
						<duration>40 minutes; see text</duration>
						<effect>Suppress disease, nausea, and the sickened condition.</effect>
						<target>One creature</target>
						<saveinfo>Fortitude negates (harmless)</saveinfo>
						<school>
							<school>Conjuration</school>
							<subschool>Healing</subschool>
							<descriptor></descriptor>
							<fullschool>Conjuration (Healing)</fullschool>
						</school>
						<source>
							<source>Paizo Inc. - Ultimate Magic, p.234</source>
							<sourcelevel>Drd1</sourcelevel>
							<sourcelink>http://paizo.com/pathfinderRPG/prd/ultimateMagic/spells/removeSickness.html#_remove-sickness</sourcelink>
							<sourcepage>p.234</sourcepage>
							<sourceshort>UM</sourceshort>
						</source>
						<spell_resistance>Yes (harmless)</spell_resistance>
						<description>Suppress disease, nausea, and the sickened condition.</description>
						<bonusspell></bonusspell>
				</spell>
				<spell>
						<name>Restore Corpse</name>
						<outputname>Restore Corpse</outputname>
						<times_memorized>1</times_memorized>
						<range>Touch</range>
						<components>V, S</components>
						<castingtime>1 standard action</castingtime>
						<casterlevel>4</casterlevel>
						<concentration>+8</concentration>
						<dc></dc>
						<duration>Instantaneous</duration>
						<effect>Skeletal corpse grows flesh.</effect>
						<target>Corpse touched</target>
						<saveinfo>None</saveinfo>
						<school>
							<school>Necromancy</school>
							<subschool></subschool>
							<descriptor></descriptor>
							<fullschool>Necromancy</fullschool>
						</school>
						<source>
							<source>Paizo Inc. - Ultimate Magic, p.235</source>
							<sourcelevel>Drd1</sourcelevel>
							<sourcelink>http://paizo.com/pathfinderRPG/prd/ultimateMagic/spells/restoreCorpse.html#_restore-corpse</sourcelink>
							<sourcepage>p.235</sourcepage>
							<sourceshort>UM</sourceshort>
						</source>
						<spell_resistance>No</spell_resistance>
						<description>Skeletal corpse grows flesh.</description>
						<bonusspell></bonusspell>
				</spell>
				<spell>
						<name>Shield Speech</name>
						<outputname>Shield Speech</outputname>
						<times_memorized>1</times_memorized>
						<range>10 ft.</range>
						<components>V, S</components>
						<castingtime>1 standard action</castingtime>
						<casterlevel>4</casterlevel>
						<concentration>+8</concentration>
						<dc>15</dc>
						<duration>1 minute/level [D]</duration>
						<effect>You can securely communicate with one creature within range. So long as your target remains within 10 feet of you, you and it can speak freely to each other without fear of being overheard. Communications that involve shield speech cannot be spied on, such as with a divination spell, and observers of the conversation can tell you are communicating but cannot read lips or hear the conversation unless they are the target of the spell. If you or the target speak to any other creatures, they can hear you normally [only communication between you and the target is protected]. The spell does not shield writing, sign language, or any form of communication other than speaking.</effect>
						<target>you and one other creature</target>
						<saveinfo>Will negates (harmless)</saveinfo>
						<school>
							<school>Abjuration</school>
							<subschool></subschool>
							<descriptor></descriptor>
							<fullschool>Abjuration</fullschool>
						</school>
						<source>
							<source>Paizo Inc. - Pathfinder Companion: Taldor, Echoes of Glory, p.25</source>
							<sourcelevel>Drd1</sourcelevel>
							<sourcelink></sourcelink>
							<sourcepage>p.25</sourcepage>
							<sourceshort>TEOG</sourceshort>
						</source>
						<spell_resistance>yes (harmless)</spell_resistance>
						<description>You can securely communicate with one creature within range. So long as your target remains within 10 feet of you, you and it can speak freely to each other without fear of being overheard. Communications that involve shield speech cannot be spied on, such as with a divination spell, and observers of the conversation can tell you are communicating but cannot read lips or hear the conversation unless they are the target of the spell. If you or the target speak to any other creatures, they can hear you normally (only communication between you and the target is protected). The spell does not shield writing, sign language, or any form of communication other than speaking.</description>
						<bonusspell></bonusspell>
				</spell>
				<spell>
						<name>Shillelagh</name>
						<outputname>Shillelagh</outputname>
						<times_memorized>1</times_memorized>
						<range>Touch</range>
						<components>V, S, DF</components>
						<castingtime>1 standard action</castingtime>
						<casterlevel>4</casterlevel>
						<concentration>+8</concentration>
						<dc>15</dc>
						<duration>4 minutes</duration>
						<effect>Your own nonmagical club or quarterstaff becomes a weapon with a +1 enhancement bonus on attack and damage rolls.</effect>
						<target>One touched nonmagical oak club or quarterstaff</target>
						<saveinfo>Will negates (object)</saveinfo>
						<school>
							<school>Transmutation</school>
							<subschool></subschool>
							<descriptor></descriptor>
							<fullschool>Transmutation</fullschool>
						</school>
						<source>
							<source>Paizo Inc. - Core Rulebook, p.342</source>
							<sourcelevel>Drd1</sourcelevel>
							<sourcelink>http://paizo.com/pathfinderRPG/prd/spells/shillelagh.html#_shillelagh</sourcelink>
							<sourcepage>p.342</sourcepage>
							<sourceshort>CR</sourceshort>
						</source>
						<spell_resistance>Yes (object)</spell_resistance>
						<description>Your own nonmagical club or quarterstaff becomes a weapon with a +1 enhancement bonus on attack and damage rolls.</description>
						<bonusspell></bonusspell>
				</spell>
				<spell>
						<name>Snowball</name>
						<outputname>Snowball</outputname>
						<times_memorized>1</times_memorized>
						<range>Close (35 ft.)</range>
						<components>V,S</components>
						<castingtime>1 standard action</castingtime>
						<casterlevel>4</casterlevel>
						<concentration>+8</concentration>
						<dc></dc>
						<duration>Instantaneous</duration>
						<effect>Throw a conjured ball of snow at a target.</effect>
						<target>One ball of ice and snow</target>
						<saveinfo>None</saveinfo>
						<school>
							<school>Evocation</school>
							<subschool></subschool>
							<descriptor>Cold, Water</descriptor>
							<fullschool>Evocation [Cold, Water]</fullschool>
						</school>
						<source>
							<source>Paizo Inc. - Ultimate Wilderness, p.235</source>
							<sourcelevel>Drd1</sourcelevel>
							<sourcelink></sourcelink>
							<sourcepage>p.235</sourcepage>
							<sourceshort>UW</sourceshort>
						</source>
						<spell_resistance>Yes</spell_resistance>
						<description>Throw a conjured ball of snow at a target.</description>
						<bonusspell></bonusspell>
				</spell>
				<spell>
						<name>Speak with Animals</name>
						<outputname>Speak with Animals</outputname>
						<times_memorized>1</times_memorized>
						<range>Personal</range>
						<components>V, S</components>
						<castingtime>1 standard action</castingtime>
						<casterlevel>4</casterlevel>
						<concentration>+8</concentration>
						<dc></dc>
						<duration>4 minutes</duration>
						<effect>You can ask questions of and receive answers from animals, but the spell doesn&#39;t make them any more friendly than normal.</effect>
						<target>You</target>
						<saveinfo></saveinfo>
						<school>
							<school>Divination</school>
							<subschool></subschool>
							<descriptor></descriptor>
							<fullschool>Divination</fullschool>
						</school>
						<source>
							<source>Paizo Inc. - Core Rulebook, p.346</source>
							<sourcelevel>Drd1</sourcelevel>
							<sourcelink>http://paizo.com/pathfinderRPG/prd/spells/speakWithAnimals.html#_speak-with-animals</sourcelink>
							<sourcepage>p.346</sourcepage>
							<sourceshort>CR</sourceshort>
						</source>
						<spell_resistance></spell_resistance>
						<description>You can ask questions of and receive answers from animals, but the spell doesn&#39;t make them any more friendly than normal.</description>
						<bonusspell></bonusspell>
				</spell>
				<spell>
						<name>Spirit Call</name>
						<outputname>Spirit Call</outputname>
						<times_memorized>1</times_memorized>
						<range>100 ft.</range>
						<components>V,S,DF</components>
						<castingtime>1 full round</castingtime>
						<casterlevel>4</casterlevel>
						<concentration>+8</concentration>
						<dc></dc>
						<duration>4 minutes</duration>
						<effect>You call out to nature spirits associated with your spirit [not your wandering spirit] if you are a shaman, or your domain if you are a druid, beckoning them forth to pay attention to your current location. For the duration of the spell, all spells from your spirit magic list or domain list that are cast within the affected area have their caster level increased by 1, and all spellcasters casting such spells receive a +4 insight bonus on their concentration checks for those spells only.</effect>
						<target>100-ft.-radius spread centered on you</target>
						<saveinfo></saveinfo>
						<school>
							<school>Enchantment</school>
							<subschool></subschool>
							<descriptor></descriptor>
							<fullschool>Enchantment</fullschool>
						</school>
						<source>
							<source>Paizo Inc. - Pathfinder Player Companion: Advanced Class Origins, p.31</source>
							<sourcelevel>Drd1</sourcelevel>
							<sourcelink></sourcelink>
							<sourcepage>p.31</sourcepage>
							<sourceshort>ACO</sourceshort>
						</source>
						<spell_resistance></spell_resistance>
						<description>You call out to nature spirits associated with your spirit (not your wandering spirit) if you are a shaman, or your domain if you are a druid, beckoning them forth to pay attention to your current location. For the duration of the spell, all spells from your spirit magic list or domain list that are cast within the affected area have their caster level increased by 1, and all spellcasters casting such spells receive a +4 insight bonus on their concentration checks for those spells only.</description>
						<bonusspell></bonusspell>
				</spell>
				<spell>
						<name>Stone Fist</name>
						<outputname>Stone Fist</outputname>
						<times_memorized>1</times_memorized>
						<range>Personal</range>
						<components>V, S, M</components>
						<castingtime>1 standard action</castingtime>
						<casterlevel>4</casterlevel>
						<concentration>+8</concentration>
						<dc></dc>
						<duration>4 minutes [D]</duration>
						<effect>Your unarmed strikes are lethal.</effect>
						<target>You</target>
						<saveinfo></saveinfo>
						<school>
							<school>Transmutation, EarthSchool</school>
							<subschool></subschool>
							<descriptor>Earth</descriptor>
							<fullschool>Transmutation, EarthSchool [Earth]</fullschool>
						</school>
						<source>
							<source>Paizo Inc. - Advanced Player&#39;s Guide, p.247</source>
							<sourcelevel>Drd1</sourcelevel>
							<sourcelink>http://paizo.com/pathfinderRPG/prd/advanced/spells/stoneFist.html#_stone-fist</sourcelink>
							<sourcepage>p.247</sourcepage>
							<sourceshort>APG</sourceshort>
						</source>
						<spell_resistance></spell_resistance>
						<description>Your unarmed strikes are lethal.</description>
						<bonusspell></bonusspell>
				</spell>
				<spell>
						<name>Summon Minor Ally</name>
						<outputname>Summon Minor Ally</outputname>
						<times_memorized>1</times_memorized>
						<range>Close (35 ft.)</range>
						<components>V, S, DF</components>
						<castingtime>1 round</castingtime>
						<casterlevel>4</casterlevel>
						<concentration>+8</concentration>
						<dc></dc>
						<duration>4 rounds [D]</duration>
						<effect>Summon 1d3 Tiny animals.</effect>
						<target>1d3 summoned creatures</target>
						<saveinfo>None</saveinfo>
						<school>
							<school>Conjuration</school>
							<subschool>Summoning</subschool>
							<descriptor></descriptor>
							<fullschool>Conjuration (Summoning)</fullschool>
						</school>
						<source>
							<source>Paizo Inc. - Ultimate Magic, p.241</source>
							<sourcelevel>Drd1</sourcelevel>
							<sourcelink>http://paizo.com/pathfinderRPG/prd/ultimateMagic/spells/summonMinorAlly.html#_summon-minor-ally</sourcelink>
							<sourcepage>p.241</sourcepage>
							<sourceshort>UM</sourceshort>
						</source>
						<spell_resistance>No</spell_resistance>
						<description>Summon 1d3 Tiny animals.</description>
						<bonusspell></bonusspell>
				</spell>
				<spell>
						<name>Summon Nature&#39;s Ally I</name>
						<outputname>Summon Nature&#39;s Ally I</outputname>
						<times_memorized>1</times_memorized>
						<range>Close (35 ft.)</range>
						<components>V, S, DF</components>
						<castingtime>1 round</castingtime>
						<casterlevel>4</casterlevel>
						<concentration>+8</concentration>
						<dc></dc>
						<duration>4 rounds [D]</duration>
						<effect>This spell summons to your side a natural creature [typically an animal, fey, magical beast, outsider with the elemental subtype, or a giant].</effect>
						<target>One summoned creature</target>
						<saveinfo>None</saveinfo>
						<school>
							<school>Conjuration</school>
							<subschool>Summoning</subschool>
							<descriptor></descriptor>
							<fullschool>Conjuration (Summoning)</fullschool>
						</school>
						<source>
							<source>Paizo Inc. - Core Rulebook, p.354</source>
							<sourcelevel>Drd1</sourcelevel>
							<sourcelink>http://paizo.com/pathfinderRPG/prd/spells/summonNatureSAlly.html#_summon-nature-s-ally-i</sourcelink>
							<sourcepage>p.354</sourcepage>
							<sourceshort>CR</sourceshort>
						</source>
						<spell_resistance>No</spell_resistance>
						<description>This spell summons to your side a natural creature (typically an animal, fey, magical beast, outsider with the elemental subtype, or a giant).</description>
						<bonusspell></bonusspell>
				</spell>
				<spell>
						<name>Thorn Javelin</name>
						<outputname>Thorn Javelin</outputname>
						<times_memorized>1</times_memorized>
						<range>0 Ft.</range>
						<components>V, S</components>
						<castingtime>1 standard action</castingtime>
						<casterlevel>4</casterlevel>
						<concentration>+8</concentration>
						<dc>15</dc>
						<duration>4 minutes [D]</duration>
						<effect>Wield a javelin that sickens opponents when it strikes.</effect>
						<target>javelin-like thorn</target>
						<saveinfo>none</saveinfo>
						<school>
							<school>Conjuration</school>
							<subschool>Creation</subschool>
							<descriptor>Poison</descriptor>
							<fullschool>Conjuration (Creation) [Poison]</fullschool>
						</school>
						<source>
							<source>Paizo Inc. - Advanced Class Guide, p.196</source>
							<sourcelevel>Drd1</sourcelevel>
							<sourcelink>http://paizo.com/pathfinderRPG/prd/advancedClassGuide/spells/thornJavelin.html</sourcelink>
							<sourcepage>p.196</sourcepage>
							<sourceshort>ACG</sourceshort>
						</source>
						<spell_resistance>no</spell_resistance>
						<description>Wield a javelin that sickens opponents when it strikes.</description>
						<bonusspell></bonusspell>
				</spell>
				<spell>
						<name>Thunderstomp</name>
						<outputname>Thunderstomp</outputname>
						<times_memorized>1</times_memorized>
						<range>Close (35 ft.)</range>
						<components>V, S</components>
						<castingtime>1 standard action</castingtime>
						<casterlevel>4</casterlevel>
						<concentration>+8</concentration>
						<dc>15</dc>
						<duration>instantaneous</duration>
						<effect>Trip one creature within range.</effect>
						<target>one creature</target>
						<saveinfo>none</saveinfo>
						<school>
							<school>Evocation</school>
							<subschool></subschool>
							<descriptor>Earth</descriptor>
							<fullschool>Evocation [Earth]</fullschool>
						</school>
						<source>
							<source>Paizo Inc. - Advanced Class Guide, p.196</source>
							<sourcelevel>Drd1</sourcelevel>
							<sourcelink>http://paizo.com/pathfinderRPG/prd/advancedClassGuide/spells/thunderstomp.html</sourcelink>
							<sourcepage>p.196</sourcepage>
							<sourceshort>ACG</sourceshort>
						</source>
						<spell_resistance>yes</spell_resistance>
						<description>Trip one creature within range.</description>
						<bonusspell></bonusspell>
				</spell>
				<spell>
						<name>Touch of Bloodletting</name>
						<outputname>Touch of Bloodletting</outputname>
						<times_memorized>1</times_memorized>
						<range>Touch</range>
						<components>V, S</components>
						<castingtime>1 standard action</castingtime>
						<casterlevel>4</casterlevel>
						<concentration>+8</concentration>
						<dc>15</dc>
						<duration>4 rounds</duration>
						<effect>Causes existing wounds to bleed profusely.</effect>
						<target>Creature touched</target>
						<saveinfo>Will negates</saveinfo>
						<school>
							<school>Necromancy</school>
							<subschool></subschool>
							<descriptor></descriptor>
							<fullschool>Necromancy</fullschool>
						</school>
						<source>
							<source>Paizo Inc. - Pathfinder Player Companion: Faiths of Corruption, p.29</source>
							<sourcelevel>Drd1</sourcelevel>
							<sourcelink></sourcelink>
							<sourcepage>p.29</sourcepage>
							<sourceshort>FOC</sourceshort>
						</source>
						<spell_resistance>Yes</spell_resistance>
						<description>Causes existing wounds to bleed profusely.</description>
						<bonusspell></bonusspell>
				</spell>
				<spell>
						<name>Touch of the Sea</name>
						<outputname>Touch of the Sea</outputname>
						<times_memorized>1</times_memorized>
						<range>Touch</range>
						<components>V, S, M</components>
						<castingtime>1 standard action</castingtime>
						<casterlevel>4</casterlevel>
						<concentration>+8</concentration>
						<dc>15</dc>
						<duration>4 minutes</duration>
						<effect>Swim speed becomes 30 ft.</effect>
						<target>creature touched</target>
						<saveinfo>Fortitude negates (harmless)</saveinfo>
						<school>
							<school>Transmutation, WaterSchool</school>
							<subschool></subschool>
							<descriptor></descriptor>
							<fullschool>Transmutation, WaterSchool</fullschool>
						</school>
						<source>
							<source>Paizo Inc. - Advanced Player&#39;s Guide, p.250</source>
							<sourcelevel>Drd1</sourcelevel>
							<sourcelink>http://paizo.com/pathfinderRPG/prd/advanced/spells/touchOfTheSea.html#_touch-of-the-sea</sourcelink>
							<sourcepage>p.250</sourcepage>
							<sourceshort>APG</sourceshort>
						</source>
						<spell_resistance>Yes (harmless)</spell_resistance>
						<description>Swim speed becomes 30 ft.</description>
						<bonusspell></bonusspell>
				</spell>
				<spell>
						<name>Underbrush Decoy</name>
						<outputname>Underbrush Decoy</outputname>
						<times_memorized>1</times_memorized>
						<range>Close (35 ft.)</range>
						<components>S</components>
						<castingtime>1 swift action</castingtime>
						<casterlevel>4</casterlevel>
						<concentration>+8</concentration>
						<dc>15</dc>
						<duration>1 round</duration>
						<effect>Create a rustling distraction to hide.</effect>
						<target>One non-creature plant of size Tiny, Small, or Medium</target>
						<saveinfo>Will negates (object)</saveinfo>
						<school>
							<school>Transmutation</school>
							<subschool></subschool>
							<descriptor></descriptor>
							<fullschool>Transmutation</fullschool>
						</school>
						<source>
							<source>Paizo Inc. - Ultimate Intrigue, p.228</source>
							<sourcelevel>Drd1</sourcelevel>
							<sourcelink>http://aonprd.com/SpellDisplay.aspx?ItemName=Underbrush Decoy</sourcelink>
							<sourcepage>p.228</sourcepage>
							<sourceshort>UI</sourceshort>
						</source>
						<spell_resistance>Yes (object)</spell_resistance>
						<description>Create a rustling distraction to hide.</description>
						<bonusspell></bonusspell>
				</spell>
				<spell>
						<name>Waterproof</name>
						<outputname>Waterproof</outputname>
						<times_memorized>1</times_memorized>
						<range>Touch</range>
						<components>V,S</components>
						<castingtime>1 standard action</castingtime>
						<casterlevel>4</casterlevel>
						<concentration>+8</concentration>
						<dc>15</dc>
						<duration>24 hours</duration>
						<effect>This spell renders a touched object-or the equipment of a touched creature-waterproof for the duration of the spell.</effect>
						<target>One touched creature, or one touched object of up to 40 lbs</target>
						<saveinfo>Will negates (harmless)</saveinfo>
						<school>
							<school>Abjuration, WaterSchool</school>
							<subschool></subschool>
							<descriptor>Water</descriptor>
							<fullschool>Abjuration, WaterSchool [Water]</fullschool>
						</school>
						<source>
							<source>Paizo Inc. - Pathfinder Player Companion: Elemental Master&#39;s Handbook, p.14</source>
							<sourcelevel>Drd1</sourcelevel>
							<sourcelink></sourcelink>
							<sourcepage>p.14</sourcepage>
							<sourceshort>EMH</sourceshort>
						</source>
						<spell_resistance>Yes (harmless)</spell_resistance>
						<description>This spell renders a touched object-or the equipment of a touched creature-waterproof for the duration of the spell.</description>
						<bonusspell></bonusspell>
				</spell>
				<spell>
						<name>Wave Shield</name>
						<outputname>Wave Shield</outputname>
						<times_memorized>1</times_memorized>
						<range>Personal</range>
						<components>V</components>
						<castingtime>1 immediate action</castingtime>
						<casterlevel>4</casterlevel>
						<concentration>+8</concentration>
						<dc></dc>
						<duration>1 round or until discharged</duration>
						<effect>Water blunts one incoming attack or fire effect.</effect>
						<target>you</target>
						<saveinfo></saveinfo>
						<school>
							<school>Abjuration</school>
							<subschool></subschool>
							<descriptor>Water</descriptor>
							<fullschool>Abjuration [Water]</fullschool>
						</school>
						<source>
							<source>Paizo Inc. - Advanced Class Guide, p.199</source>
							<sourcelevel>Drd1</sourcelevel>
							<sourcelink>http://paizo.com/pathfinderRPG/prd/advancedClassGuide/spells/waveShield.html</sourcelink>
							<sourcepage>p.199</sourcepage>
							<sourceshort>ACG</sourceshort>
						</source>
						<spell_resistance></spell_resistance>
						<description>Water blunts one incoming attack or fire effect.</description>
						<bonusspell></bonusspell>
				</spell>
				<spell>
						<name>Weaken Powder</name>
						<outputname>Weaken Powder</outputname>
						<times_memorized>1</times_memorized>
						<range>Close (35 ft.)</range>
						<components>V, S, M/DF</components>
						<castingtime>1 standard action</castingtime>
						<casterlevel>4</casterlevel>
						<concentration>+8</concentration>
						<dc>15</dc>
						<duration>instantaneous</duration>
						<effect>Targeted firearm&#39;s ammunition halves the firearm&#39;s range and imposes a -2 penalty on damage rolls.</effect>
						<target>1 loaded firearm</target>
						<saveinfo>Will negates (object)</saveinfo>
						<school>
							<school>Transmutation</school>
							<subschool></subschool>
							<descriptor></descriptor>
							<fullschool>Transmutation</fullschool>
						</school>
						<source>
							<source>Paizo Inc. - Ultimate Combat, p.249</source>
							<sourcelevel>Drd1</sourcelevel>
							<sourcelink>http://paizo.com/pathfinderRPG/prd/ultimateCombat/spells/weakenPowder.html#_weaken-powder</sourcelink>
							<sourcepage>p.249</sourcepage>
							<sourceshort>UC</sourceshort>
						</source>
						<spell_resistance>Yes (object)</spell_resistance>
						<description>Targeted firearm&#39;s ammunition halves the firearm&#39;s range and imposes a -2 penalty on damage rolls.</description>
						<bonusspell></bonusspell>
				</spell>
			</level>
			<level number="2" known="0" cast="3">
				<spell>
						<name>Accelerate Poison</name>
						<outputname>Accelerate Poison</outputname>
						<times_memorized>1</times_memorized>
						<range>Touch</range>
						<components>V, S, M</components>
						<castingtime>1 standard action</castingtime>
						<casterlevel>4</casterlevel>
						<concentration>+8</concentration>
						<dc>16</dc>
						<duration>Instantaneous</duration>
						<effect>Hastens targeted poison&#39;s onset</effect>
						<target>creature touched</target>
						<saveinfo>Fortitude negates</saveinfo>
						<school>
							<school>Transmutation, WaterSchool</school>
							<subschool></subschool>
							<descriptor>Poison</descriptor>
							<fullschool>Transmutation, WaterSchool [Poison]</fullschool>
						</school>
						<source>
							<source>Paizo Inc. - Advanced Player&#39;s Guide, p.201</source>
							<sourcelevel>Drd2</sourcelevel>
							<sourcelink>http://paizo.com/pathfinderRPG/prd/advanced/spells/acceleratePoison.html#_accelerate-poison</sourcelink>
							<sourcepage>p.201</sourcepage>
							<sourceshort>APG</sourceshort>
						</source>
						<spell_resistance>Yes</spell_resistance>
						<description>Hastens targeted poison&#39;s onset</description>
						<bonusspell></bonusspell>
				</spell>
				<spell>
						<name>Aggressive Thundercloud</name>
						<outputname>Aggressive Thundercloud</outputname>
						<times_memorized>1</times_memorized>
						<range>Medium (140 ft.)</range>
						<components>V, S, M/DF</components>
						<castingtime>1 standard action</castingtime>
						<casterlevel>4</casterlevel>
						<concentration>+8</concentration>
						<dc>16</dc>
						<duration>4 rounds</duration>
						<effect>Flying storm cloud deals 3d6 electricity damage.</effect>
						<target>5-ft.-diameter sphere</target>
						<saveinfo>Reflex negates</saveinfo>
						<school>
							<school>Evocation</school>
							<subschool></subschool>
							<descriptor>Electricity</descriptor>
							<fullschool>Evocation [Electricity]</fullschool>
						</school>
						<source>
							<source>Paizo Inc. - Advanced Class Guide, p.172</source>
							<sourcelevel>Drd2</sourcelevel>
							<sourcelink>http://paizo.com/pathfinderRPG/prd/advancedClassGuide/spells/aggressiveThundercloud.html</sourcelink>
							<sourcepage>p.172</sourcepage>
							<sourceshort>ACG</sourceshort>
						</source>
						<spell_resistance>yes</spell_resistance>
						<description>Flying storm cloud deals 3d6 electricity damage.</description>
						<bonusspell></bonusspell>
				</spell>
				<spell>
						<name>Air Step</name>
						<outputname>Air Step</outputname>
						<times_memorized>1</times_memorized>
						<range>Personal</range>
						<components>V, S, M</components>
						<castingtime>1 standard action</castingtime>
						<casterlevel>4</casterlevel>
						<concentration>+8</concentration>
						<dc></dc>
						<duration>4 minutes</duration>
						<effect>Tread unsteadily on air, with limitations.</effect>
						<target>you</target>
						<saveinfo></saveinfo>
						<school>
							<school>Transmutation</school>
							<subschool></subschool>
							<descriptor>Air</descriptor>
							<fullschool>Transmutation [Air]</fullschool>
						</school>
						<source>
							<source>Paizo Inc. - Advanced Class Guide, p.173</source>
							<sourcelevel>Drd2</sourcelevel>
							<sourcelink>http://paizo.com/pathfinderRPG/prd/advancedClassGuide/spells/airStep.html</sourcelink>
							<sourcepage>p.173</sourcepage>
							<sourceshort>ACG</sourceshort>
						</source>
						<spell_resistance></spell_resistance>
						<description>Tread unsteadily on air, with limitations.</description>
						<bonusspell></bonusspell>
				</spell>
				<spell>
						<name>Alpha Instinct</name>
						<outputname>Alpha Instinct</outputname>
						<times_memorized>1</times_memorized>
						<range>Personal</range>
						<components>V,S,M</components>
						<castingtime>10 minutes</castingtime>
						<casterlevel>4</casterlevel>
						<concentration>+8</concentration>
						<dc></dc>
						<duration>4 hours [D]</duration>
						<effect>Gain bonuses when you&#39;re interacting with animals.</effect>
						<target>You</target>
						<saveinfo></saveinfo>
						<school>
							<school>Enchantment</school>
							<subschool>Charm</subschool>
							<descriptor>Mind-Affecting</descriptor>
							<fullschool>Enchantment (Charm) [Mind-Affecting]</fullschool>
						</school>
						<source>
							<source>Paizo Inc. - Ultimate Wilderness, p.227</source>
							<sourcelevel>Drd2</sourcelevel>
							<sourcelink></sourcelink>
							<sourcepage>p.227</sourcepage>
							<sourceshort>UW</sourceshort>
						</source>
						<spell_resistance></spell_resistance>
						<description>Gain bonuses when you&#39;re interacting with animals.</description>
						<bonusspell></bonusspell>
				</spell>
				<spell>
						<name>Alter Summoned Monster</name>
						<outputname>Alter Summoned Monster</outputname>
						<times_memorized>1</times_memorized>
						<range>Close (35 ft.)</range>
						<components>V,S</components>
						<castingtime>1 standard action</castingtime>
						<casterlevel>4</casterlevel>
						<concentration>+8</concentration>
						<dc>16</dc>
						<duration>Instantaneous</duration>
						<effect>You swap a creature summoned by a conjuration [summoning] spell for a creature you could summon with a summon monster or summon nature&#39;s ally spell. The new creature must be an option from a spell of the same level or lower as the spell that summoned the target. The new creature cannot be summoned into an environment that cannot support it. The target can attempt a Will saving throw to negate this effect, but if the target is under your control, it receives no saving throw. Alter summoned monster does not alter the duration of the spell that summoned the target, nor does it affect any additional creatures summoned by the same spell as the target. The new creature has the same conditions and amount of damage as the target creature, and remains affected by all curses, diseases, poisons, and penalties that affected the target, but no other spells or effects carry over. Alter summoned monster is a spell of the same alignment type or types as the creature for which you exchange the target. An eidolon can&#39;t be targeted by this spell.</effect>
						<target>One summoned creature</target>
						<saveinfo>Will negates</saveinfo>
						<school>
							<school>Conjuration</school>
							<subschool>Summoning</subschool>
							<descriptor></descriptor>
							<fullschool>Conjuration (Summoning)</fullschool>
						</school>
						<source>
							<source>Paizo Publishing - Pathfinder Player Companion: Monster Summoner&#39;s Handbook, p.22</source>
							<sourcelevel>Drd2</sourcelevel>
							<sourcelink></sourcelink>
							<sourcepage>p.22</sourcepage>
							<sourceshort>MSH</sourceshort>
						</source>
						<spell_resistance>Yes</spell_resistance>
						<description>You swap a creature summoned by a conjuration (summoning) spell for a creature you could summon with a summon monster or summon nature&#39;s ally spell. The new creature must be an option from a spell of the same level or lower as the spell that summoned the target. The new creature cannot be summoned into an environment that cannot support it. The target can attempt a Will saving throw to negate this effect, but if the target is under your control, it receives no saving throw. Alter summoned monster does not alter the duration of the spell that summoned the target, nor does it affect any additional creatures summoned by the same spell as the target. The new creature has the same conditions and amount of damage as the target creature, and remains affected by all curses, diseases, poisons, and penalties that affected the target, but no other spells or effects carry over. Alter summoned monster is a spell of the same alignment type or types as the creature for which you exchange the target. An eidolon can&#39;t be targeted by this spell.</description>
						<bonusspell></bonusspell>
				</spell>
				<spell>
						<name>Amplify Stench</name>
						<outputname>Amplify Stench</outputname>
						<times_memorized>1</times_memorized>
						<range>Personal</range>
						<components>V,S</components>
						<castingtime>1 standard action</castingtime>
						<casterlevel>4</casterlevel>
						<concentration>+8</concentration>
						<dc></dc>
						<duration>40 minutes</duration>
						<effect>You amplify your natural stench special ability-its save DC increases by 2, and creatures that fail their saving throws against your stench become nauseated rather than sickened. If your stench ability normally causes a creature to become nauseated [such as with the foul stench ability], the radius of your stench doubles instead. This spell has no effect if you don&#39;t possess the stench special ability.</effect>
						<target>You</target>
						<saveinfo></saveinfo>
						<school>
							<school>Transmutation</school>
							<subschool></subschool>
							<descriptor></descriptor>
							<fullschool>Transmutation</fullschool>
						</school>
						<source>
							<source>Paizo Inc. - Monster Codex, 213</source>
							<sourcelevel>Drd2</sourcelevel>
							<sourcelink></sourcelink>
							<sourcepage>213</sourcepage>
							<sourceshort>MC</sourceshort>
						</source>
						<spell_resistance></spell_resistance>
						<description>You amplify your natural stench special ability-its save DC increases by 2, and creatures that fail their saving throws against your stench become nauseated rather than sickened. If your stench ability normally causes a creature to become nauseated (such as with the foul stench ability), the radius of your stench doubles instead. This spell has no effect if you don&#39;t possess the stench special ability.</description>
						<bonusspell></bonusspell>
				</spell>
				<spell>
						<name>Animal Aspect</name>
						<outputname>Animal Aspect</outputname>
						<times_memorized>1</times_memorized>
						<range>Personal</range>
						<components>V, S, M/DF</components>
						<castingtime>1 standard action</castingtime>
						<casterlevel>4</casterlevel>
						<concentration>+8</concentration>
						<dc></dc>
						<duration>4 minutes [D]</duration>
						<effect>You gain some of the beneficial qualities of an animal.</effect>
						<target>You</target>
						<saveinfo>None</saveinfo>
						<school>
							<school>Transmutation</school>
							<subschool>Polymorph</subschool>
							<descriptor></descriptor>
							<fullschool>Transmutation (Polymorph)</fullschool>
						</school>
						<source>
							<source>Paizo Inc. - Ultimate Combat, p.222</source>
							<sourcelevel>Drd2</sourcelevel>
							<sourcelink>http://paizo.com/pathfinderRPG/prd/ultimateCombat/spells/animalAspect.html#_animal-aspect</sourcelink>
							<sourcepage>p.222</sourcepage>
							<sourceshort>UC</sourceshort>
						</source>
						<spell_resistance>Yes (harmless)</spell_resistance>
						<description>You gain some of the beneficial qualities of an animal.</description>
						<bonusspell></bonusspell>
				</spell>
				<spell>
						<name>Animal Messenger</name>
						<outputname>Animal Messenger</outputname>
						<times_memorized>1</times_memorized>
						<range>Close (35 ft.)</range>
						<components>V, S, M</components>
						<castingtime>1 minute</castingtime>
						<casterlevel>4</casterlevel>
						<concentration>+8</concentration>
						<dc>16</dc>
						<duration>4 days</duration>
						<effect>You compel a Tiny animal to go to a spot you designate.</effect>
						<target>One Tiny animal</target>
						<saveinfo>None; see text</saveinfo>
						<school>
							<school>Enchantment</school>
							<subschool>Compulsion</subschool>
							<descriptor>Mind-Affecting</descriptor>
							<fullschool>Enchantment (Compulsion) [Mind-Affecting]</fullschool>
						</school>
						<source>
							<source>Paizo Inc. - Core Rulebook, p.241</source>
							<sourcelevel>Drd2</sourcelevel>
							<sourcelink>http://paizo.com/pathfinderRPG/prd/spells/animalMessenger.html#_animal-messenger</sourcelink>
							<sourcepage>p.241</sourcepage>
							<sourceshort>CR</sourceshort>
						</source>
						<spell_resistance>Yes</spell_resistance>
						<description>You compel a Tiny animal to go to a spot you designate.</description>
						<bonusspell></bonusspell>
				</spell>
				<spell>
						<name>Animal Purpose Training</name>
						<outputname>Animal Purpose Training</outputname>
						<times_memorized>1</times_memorized>
						<range>Close (35 ft.)</range>
						<components>V, S, M</components>
						<castingtime>1 minute</castingtime>
						<casterlevel>4</casterlevel>
						<concentration>+8</concentration>
						<dc>16</dc>
						<duration>4 hours</duration>
						<effect>Animal gains a new general purpose.</effect>
						<target>one indifferent or friendly animal</target>
						<saveinfo>none</saveinfo>
						<school>
							<school>Enchantment</school>
							<subschool>Compulsion</subschool>
							<descriptor>Mind-Affecting</descriptor>
							<fullschool>Enchantment (Compulsion) [Mind-Affecting]</fullschool>
						</school>
						<source>
							<source>Paizo Inc. - Advanced Class Guide, p.173</source>
							<sourcelevel>Drd2</sourcelevel>
							<sourcelink>http://paizo.com/pathfinderRPG/prd/advancedClassGuide/spells/animalPurposeTraining.html</sourcelink>
							<sourcepage>p.173</sourcepage>
							<sourceshort>ACG</sourceshort>
						</source>
						<spell_resistance>yes</spell_resistance>
						<description>Animal gains a new general purpose.</description>
						<bonusspell></bonusspell>
				</spell>
				<spell>
						<name>Animal Trance</name>
						<outputname>Animal Trance</outputname>
						<times_memorized>1</times_memorized>
						<range>Close (35 ft.)</range>
						<components>V, S</components>
						<castingtime>1 standard action</castingtime>
						<casterlevel>4</casterlevel>
						<concentration>+8</concentration>
						<dc>16</dc>
						<duration>Concentration</duration>
						<effect>Your swaying motions and music [or singing, or chanting] compel animals and magical beasts to do nothing but watch you.</effect>
						<target>Animals or magical beasts with Intelligence 1 or 2</target>
						<saveinfo>Will negates</saveinfo>
						<school>
							<school>Enchantment</school>
							<subschool>Compulsion</subschool>
							<descriptor>Mind-Affecting, Sonic</descriptor>
							<fullschool>Enchantment (Compulsion) [Mind-Affecting, Sonic]</fullschool>
						</school>
						<source>
							<source>Paizo Inc. - Core Rulebook, p.241</source>
							<sourcelevel>Drd2</sourcelevel>
							<sourcelink>http://paizo.com/pathfinderRPG/prd/spells/animalTrance.html#_animal-trance</sourcelink>
							<sourcepage>p.241</sourcepage>
							<sourceshort>CR</sourceshort>
						</source>
						<spell_resistance>Yes</spell_resistance>
						<description>Your swaying motions and music (or singing, or chanting) compel animals and magical beasts to do nothing but watch you.</description>
						<bonusspell></bonusspell>
				</spell>
				<spell>
						<name>Ant Haul (Communal)</name>
						<outputname>Ant Haul (Communal)</outputname>
						<times_memorized>1</times_memorized>
						<range>Touch</range>
						<components>V, S, M/DF</components>
						<castingtime>1 standard action</castingtime>
						<casterlevel>4</casterlevel>
						<concentration>+8</concentration>
						<dc>16</dc>
						<duration>8 hours</duration>
						<effect>As ant haul, but you may divide the duration among creatures touched.</effect>
						<target>creatures touched</target>
						<saveinfo>Fortitude negates (harmless)</saveinfo>
						<school>
							<school>Transmutation</school>
							<subschool></subschool>
							<descriptor></descriptor>
							<fullschool>Transmutation</fullschool>
						</school>
						<source>
							<source>Paizo Inc. - Ultimate Combat, p.223</source>
							<sourcelevel>Drd2</sourcelevel>
							<sourcelink>http://paizo.com/pathfinderRPG/prd/ultimateCombat/spells/antHaul.html#_ant-haul,-communal</sourcelink>
							<sourcepage>p.223</sourcepage>
							<sourceshort>UC</sourceshort>
						</source>
						<spell_resistance>Yes (harmless)</spell_resistance>
						<description>As ant haul, but you may divide the duration among creatures touched.</description>
						<bonusspell></bonusspell>
				</spell>
				<spell>
						<name>Aquatic Cavalry</name>
						<outputname>Aquatic Cavalry</outputname>
						<times_memorized>1</times_memorized>
						<range>Medium (140 ft.)</range>
						<components>V,S,DF</components>
						<castingtime>1 round</castingtime>
						<casterlevel>4</casterlevel>
						<concentration>+8</concentration>
						<dc></dc>
						<duration>4 hours [D]</duration>
						<effect>Summon hippocampi to serve as aquatic mounts.</effect>
						<target>2 hippocampi</target>
						<saveinfo>None</saveinfo>
						<school>
							<school>Conjuration</school>
							<subschool>Summoning</subschool>
							<descriptor></descriptor>
							<fullschool>Conjuration (Summoning)</fullschool>
						</school>
						<source>
							<source>Paizo Inc. - Ultimate Wilderness, p.227</source>
							<sourcelevel>Drd2</sourcelevel>
							<sourcelink></sourcelink>
							<sourcepage>p.227</sourcepage>
							<sourceshort>UW</sourceshort>
						</source>
						<spell_resistance>No</spell_resistance>
						<description>Summon hippocampi to serve as aquatic mounts.</description>
						<bonusspell></bonusspell>
				</spell>
				<spell>
						<name>Aspect of the Bear</name>
						<outputname>Aspect of the Bear</outputname>
						<times_memorized>1</times_memorized>
						<range>Personal</range>
						<components>V, S, DF</components>
						<castingtime>1 standard action</castingtime>
						<casterlevel>4</casterlevel>
						<concentration>+8</concentration>
						<dc></dc>
						<duration>4 minutes</duration>
						<effect>+2 AC and combat maneuver rolls.</effect>
						<target>You</target>
						<saveinfo></saveinfo>
						<school>
							<school>Transmutation</school>
							<subschool>Polymorph</subschool>
							<descriptor></descriptor>
							<fullschool>Transmutation (Polymorph)</fullschool>
						</school>
						<source>
							<source>Paizo Inc. - Advanced Player&#39;s Guide, p.203</source>
							<sourcelevel>Drd2</sourcelevel>
							<sourcelink>http://paizo.com/pathfinderRPG/prd/advanced/spells/aspectOfTheBear.html#_aspect-of-the-bear</sourcelink>
							<sourcepage>p.203</sourcepage>
							<sourceshort>APG</sourceshort>
						</source>
						<spell_resistance></spell_resistance>
						<description>+2 AC and combat maneuver rolls.</description>
						<bonusspell></bonusspell>
				</spell>
				<spell>
						<name>Barkskin</name>
						<outputname>Barkskin</outputname>
						<times_memorized>1</times_memorized>
						<range>Touch</range>
						<components>V, S, DF</components>
						<castingtime>1 standard action</castingtime>
						<casterlevel>4</casterlevel>
						<concentration>+8</concentration>
						<dc></dc>
						<duration>40 minutes</duration>
						<effect>Barkskin toughens a creature&#39;s skin granting a +2 enhancement bonus to the creature&#39;s existing natural armor bonus.</effect>
						<target>Living creature touched</target>
						<saveinfo>None</saveinfo>
						<school>
							<school>Transmutation</school>
							<subschool></subschool>
							<descriptor></descriptor>
							<fullschool>Transmutation</fullschool>
						</school>
						<source>
							<source>Paizo Inc. - Core Rulebook, p.246</source>
							<sourcelevel>Drd2</sourcelevel>
							<sourcelink>http://paizo.com/pathfinderRPG/prd/spells/barkskin.html#_barkskin</sourcelink>
							<sourcepage>p.246</sourcepage>
							<sourceshort>CR</sourceshort>
						</source>
						<spell_resistance>Yes (harmless)</spell_resistance>
						<description>Barkskin toughens a creature&#39;s skin granting a +(min(max((CASTERLEVEL/3)+1,2),5)) enhancement bonus to the creature&#39;s existing natural armor bonus.</description>
						<bonusspell></bonusspell>
				</spell>
				<spell>
						<name>Bear&#39;s Endurance</name>
						<outputname>Bear&#39;s Endurance</outputname>
						<times_memorized>1</times_memorized>
						<range>Touch</range>
						<components>V, S, M/DF</components>
						<castingtime>1 standard action</castingtime>
						<casterlevel>4</casterlevel>
						<concentration>+8</concentration>
						<dc>16</dc>
						<duration>4 minutes</duration>
						<effect>The affected creature gains greater vitality and stamina granting the subject a +4 enhancement bonus to Constitution.</effect>
						<target>Creature touched</target>
						<saveinfo>Will negates (harmless)</saveinfo>
						<school>
							<school>Transmutation</school>
							<subschool></subschool>
							<descriptor></descriptor>
							<fullschool>Transmutation</fullschool>
						</school>
						<source>
							<source>Paizo Inc. - Core Rulebook, p.246</source>
							<sourcelevel>Drd2</sourcelevel>
							<sourcelink>http://paizo.com/pathfinderRPG/prd/spells/bearSEndurance.html#_bear-s-endurance</sourcelink>
							<sourcepage>p.246</sourcepage>
							<sourceshort>CR</sourceshort>
						</source>
						<spell_resistance>Yes</spell_resistance>
						<description>The affected creature gains greater vitality and stamina granting the subject a +4 enhancement bonus to Constitution.</description>
						<bonusspell></bonusspell>
				</spell>
				<spell>
						<name>Beastspeak</name>
						<outputname>Beastspeak</outputname>
						<times_memorized>1</times_memorized>
						<range>Personal</range>
						<components>S, DF</components>
						<castingtime>1 standard action</castingtime>
						<casterlevel>4</casterlevel>
						<concentration>+8</concentration>
						<dc></dc>
						<duration>40 minutes</duration>
						<effect>Speak normally while in animal form.</effect>
						<target>you</target>
						<saveinfo></saveinfo>
						<school>
							<school>Divination</school>
							<subschool></subschool>
							<descriptor></descriptor>
							<fullschool>Divination</fullschool>
						</school>
						<source>
							<source>Paizo Inc. - Advanced Class Guide, p.175</source>
							<sourcelevel>Drd2</sourcelevel>
							<sourcelink>http://paizo.com/pathfinderRPG/prd/advancedClassGuide/spells/beastspeak.html</sourcelink>
							<sourcepage>p.175</sourcepage>
							<sourceshort>ACG</sourceshort>
						</source>
						<spell_resistance></spell_resistance>
						<description>Speak normally while in animal form.</description>
						<bonusspell></bonusspell>
				</spell>
				<spell>
						<name>Bone Fists</name>
						<outputname>Bone Fists</outputname>
						<times_memorized>1</times_memorized>
						<range>Close (35 ft.)</range>
						<components>V,S,M</components>
						<castingtime>1 standard action</castingtime>
						<casterlevel>4</casterlevel>
						<concentration>+8</concentration>
						<dc>16</dc>
						<duration>4 minutes</duration>
						<effect>The bones of your targets&#39; joints grow thick and sharp, protruding painfully through the skin at the knuckles, elbows, shoulders, spine, and knees. The targets each gain a +1 bonus to natural armor and a +2 bonus on damage rolls with natural weapons, and they are treated as having armor spikes, with which they are proficient. [Material Components] the knucklebone of a dire animal</effect>
						<target>4 creatures, no two more than 30 feet apart</target>
						<saveinfo>None (harmless)</saveinfo>
						<school>
							<school>Necromancy</school>
							<subschool></subschool>
							<descriptor></descriptor>
							<fullschool>Necromancy</fullschool>
						</school>
						<source>
							<source>Paizo Inc. - Magic Tactics Toolbox, p.5</source>
							<sourcelevel>Drd2</sourcelevel>
							<sourcelink></sourcelink>
							<sourcepage>p.5</sourcepage>
							<sourceshort>MagTT</sourceshort>
						</source>
						<spell_resistance>No</spell_resistance>
						<description>The bones of your targets&#39; joints grow thick and sharp, protruding painfully through the skin at the knuckles, elbows, shoulders, spine, and knees. The targets each gain a +1 bonus to natural armor and a +2 bonus on damage rolls with natural weapons, and they are treated as having armor spikes, with which they are proficient. [Material Components] the knucklebone of a dire animal</description>
						<bonusspell></bonusspell>
				</spell>
				<spell>
						<name>Brittle Portal</name>
						<outputname>Brittle Portal</outputname>
						<times_memorized>1</times_memorized>
						<range>Close (35 ft.)</range>
						<components>V, S</components>
						<castingtime>1 standard action</castingtime>
						<casterlevel>4</casterlevel>
						<concentration>+8</concentration>
						<dc>16</dc>
						<duration>4 rounds</duration>
						<effect>Reduce the hardness of any nonmagical surface by 8.</effect>
						<target>5-ft.-radius spread</target>
						<saveinfo>Will negates (object)</saveinfo>
						<school>
							<school>Transmutation</school>
							<subschool></subschool>
							<descriptor></descriptor>
							<fullschool>Transmutation</fullschool>
						</school>
						<source>
							<source>Paizo Inc. - Pathfinder Player Companion: Faiths of Corruption, p.29</source>
							<sourcelevel>Drd2</sourcelevel>
							<sourcelink></sourcelink>
							<sourcepage>p.29</sourcepage>
							<sourceshort>FOC</sourceshort>
						</source>
						<spell_resistance>Yes</spell_resistance>
						<description>Reduce the hardness of any nonmagical surface by (CASTERLEVEL*2).</description>
						<bonusspell></bonusspell>
				</spell>
				<spell>
						<name>Bull&#39;s Strength</name>
						<outputname>Bull&#39;s Strength</outputname>
						<times_memorized>1</times_memorized>
						<range>Touch</range>
						<components>V, S, M/DF</components>
						<castingtime>1 standard action</castingtime>
						<casterlevel>4</casterlevel>
						<concentration>+8</concentration>
						<dc>16</dc>
						<duration>4 minutes</duration>
						<effect>The subject becomes stronger granting a +4 enhancement bonus to Strength.</effect>
						<target>Creature touched</target>
						<saveinfo>Will negates (harmless)</saveinfo>
						<school>
							<school>Transmutation</school>
							<subschool></subschool>
							<descriptor></descriptor>
							<fullschool>Transmutation</fullschool>
						</school>
						<source>
							<source>Paizo Inc. - Core Rulebook, p.251</source>
							<sourcelevel>Drd2</sourcelevel>
							<sourcelink>http://paizo.com/pathfinderRPG/prd/spells/bullSStrength.html#_bull-s-strength</sourcelink>
							<sourcepage>p.251</sourcepage>
							<sourceshort>CR</sourceshort>
						</source>
						<spell_resistance>Yes (harmless)</spell_resistance>
						<description>The subject becomes stronger granting a +4 enhancement bonus to Strength.</description>
						<bonusspell></bonusspell>
				</spell>
				<spell>
						<name>Burning Gaze</name>
						<outputname>Burning Gaze</outputname>
						<times_memorized>1</times_memorized>
						<range>Personal</range>
						<components>V, S, M/DF</components>
						<castingtime>1 standard action</castingtime>
						<casterlevel>4</casterlevel>
						<concentration>+8</concentration>
						<dc>16</dc>
						<duration>4 rounds</duration>
						<effect>Inflict 1d6 fire damage to creature.</effect>
						<target>You</target>
						<saveinfo>Fortitude negates (see text)</saveinfo>
						<school>
							<school>Evocation, FireSchool</school>
							<subschool></subschool>
							<descriptor>Fire</descriptor>
							<fullschool>Evocation, FireSchool [Fire]</fullschool>
						</school>
						<source>
							<source>Paizo Inc. - Advanced Player&#39;s Guide, p.208</source>
							<sourcelevel>Drd2</sourcelevel>
							<sourcelink>http://paizo.com/pathfinderRPG/prd/advanced/spells/burningGaze.html#_burning-gaze</sourcelink>
							<sourcepage>p.208</sourcepage>
							<sourceshort>APG</sourceshort>
						</source>
						<spell_resistance>Yes</spell_resistance>
						<description>Inflict 1d6 fire damage to creature.</description>
						<bonusspell></bonusspell>
				</spell>
				<spell>
						<name>Burst of Radiance</name>
						<outputname>Burst of Radiance</outputname>
						<times_memorized>1</times_memorized>
						<range>Long (560 ft.)</range>
						<components>V, S, M/DF</components>
						<castingtime>1 standard action</castingtime>
						<casterlevel>4</casterlevel>
						<concentration>+8</concentration>
						<dc>16</dc>
						<duration>Instantaneous</duration>
						<effect>This spell fills the area with a brilliant flash of shimmering light. Creatures in the area are blinded for 1d4 rounds, or dazzled for 1d4 rounds if they succeed at a Reflex save. Evil creatures in the area of the burst take 1d4 points of damage per caster level [max 5d4], whether they succeed at the Reflex save or not.</effect>
						<target>10-ft.-radius burst</target>
						<saveinfo>Fortitude negates</saveinfo>
						<school>
							<school>Evocation</school>
							<subschool></subschool>
							<descriptor>Good, Light</descriptor>
							<fullschool>Evocation [Good, Light]</fullschool>
						</school>
						<source>
							<source>Paizo Publishing - Pathfinder Player Companion: Champions of Purity, p.29</source>
							<sourcelevel>Drd2</sourcelevel>
							<sourcelink></sourcelink>
							<sourcepage>p.29</sourcepage>
							<sourceshort>COP</sourceshort>
						</source>
						<spell_resistance>Yes</spell_resistance>
						<description>This spell fills the area with a brilliant flash of shimmering light. Creatures in the area are blinded for 1d4 rounds, or dazzled for 1d4 rounds if they succeed at a Reflex save. Evil creatures in the area of the burst take 1d4 points of damage per caster level (max 5d4), whether they succeed at the Reflex save or not.</description>
						<bonusspell></bonusspell>
				</spell>
				<spell>
						<name>Campfire Wall</name>
						<outputname>Campfire Wall</outputname>
						<times_memorized>1</times_memorized>
						<range>Close (35 ft.)</range>
						<components>V, S, M/DF</components>
						<castingtime>1 standard action</castingtime>
						<casterlevel>4</casterlevel>
						<concentration>+8</concentration>
						<dc></dc>
						<duration>8 hours; see below [D]</duration>
						<effect>Creates a shelter around a campfire.</effect>
						<target>20-ft.-radius sphere centered on fire source</target>
						<saveinfo>None</saveinfo>
						<school>
							<school>Evocation, FireSchool</school>
							<subschool></subschool>
							<descriptor>Fire, Light</descriptor>
							<fullschool>Evocation, FireSchool [Fire, Light]</fullschool>
						</school>
						<source>
							<source>Paizo Inc. - Advanced Player&#39;s Guide, p.210</source>
							<sourcelevel>Drd2</sourcelevel>
							<sourcelink>http://paizo.com/pathfinderRPG/prd/advanced/spells/campfireWall.html#_campfire-wall-</sourcelink>
							<sourcepage>p.210</sourcepage>
							<sourceshort>APG</sourceshort>
						</source>
						<spell_resistance>Yes</spell_resistance>
						<description>Creates a shelter around a campfire.</description>
						<bonusspell></bonusspell>
				</spell>
				<spell>
						<name>Carry Companion</name>
						<outputname>Carry Companion</outputname>
						<times_memorized>1</times_memorized>
						<range>Touch</range>
						<components>V, S, M</components>
						<castingtime>1 standard action</castingtime>
						<casterlevel>4</casterlevel>
						<concentration>+8</concentration>
						<dc></dc>
						<duration>Permanent; see text</duration>
						<effect>Transform animal or magical beast into miniature stone figurine</effect>
						<target>One willing creature touched</target>
						<saveinfo>None</saveinfo>
						<school>
							<school>Transmutation</school>
							<subschool></subschool>
							<descriptor></descriptor>
							<fullschool>Transmutation</fullschool>
						</school>
						<source>
							<source>Paizo Publishing - Pathfinder Player Companion: Knights of the Inner Sea, p.28</source>
							<sourcelevel>Drd2</sourcelevel>
							<sourcelink></sourcelink>
							<sourcepage>p.28</sourcepage>
							<sourceshort>KOTIS</sourceshort>
						</source>
						<spell_resistance>Yes (harmless)</spell_resistance>
						<description>Transform animal or magical beast into miniature stone figurine</description>
						<bonusspell></bonusspell>
				</spell>
				<spell>
						<name>Cat&#39;s Grace</name>
						<outputname>Cat&#39;s Grace</outputname>
						<times_memorized>1</times_memorized>
						<range>Touch</range>
						<components>V, S, M</components>
						<castingtime>1 standard action</castingtime>
						<casterlevel>4</casterlevel>
						<concentration>+8</concentration>
						<dc>16</dc>
						<duration>4 minutes</duration>
						<effect>The transmuted creature becomes more graceful, agile, and coordinated granting a +4 enhancement bonus to Dexterity.</effect>
						<target>Creature touched</target>
						<saveinfo>Will negates (harmless)</saveinfo>
						<school>
							<school>Transmutation</school>
							<subschool></subschool>
							<descriptor>WoodSchool</descriptor>
							<fullschool>Transmutation [WoodSchool]</fullschool>
						</school>
						<source>
							<source>Paizo Inc. - Core Rulebook, p.252</source>
							<sourcelevel>Drd2</sourcelevel>
							<sourcelink>http://paizo.com/pathfinderRPG/prd/spells/catSGrace.html#_cat-s-grace</sourcelink>
							<sourcepage>p.252</sourcepage>
							<sourceshort>CR</sourceshort>
						</source>
						<spell_resistance>Yes</spell_resistance>
						<description>The transmuted creature becomes more graceful, agile, and coordinated granting a +4 enhancement bonus to Dexterity.</description>
						<bonusspell></bonusspell>
				</spell>
				<spell>
						<name>Certain Grip</name>
						<outputname>Certain Grip</outputname>
						<times_memorized>1</times_memorized>
						<range>Touch</range>
						<components>V, S, M/DF</components>
						<castingtime>1 standard action</castingtime>
						<casterlevel>4</casterlevel>
						<concentration>+8</concentration>
						<dc>16</dc>
						<duration>40 minutes [D]</duration>
						<effect>The subject&#39;s grip and footing become sure, granting a +4 competence bonus on Climb checks, on Acrobatics checks to balance, and to CMD against bull rush, drag, reposition, and trip attempts. While affected by this spell, the target is also immune to the disarm combat maneuver. You gain a +4 competence bonus on Acrobatics and Climb checks and to CMD.</effect>
						<target>creature touched</target>
						<saveinfo>Will negates (harmless)</saveinfo>
						<school>
							<school>Transmutation</school>
							<subschool></subschool>
							<descriptor></descriptor>
							<fullschool>Transmutation</fullschool>
						</school>
						<source>
							<source>Paizo Inc. - Ultimate Combat, p.225</source>
							<sourcelevel>Drd2</sourcelevel>
							<sourcelink>http://paizo.com/pathfinderRPG/prd/ultimateCombat/spells/certainGrip.html#_certain-grip-</sourcelink>
							<sourcepage>p.225</sourcepage>
							<sourceshort>UC</sourceshort>
						</source>
						<spell_resistance>Yes (harmless)</spell_resistance>
						<description>The subject&#39;s grip and footing become sure, granting a +4 competence bonus on Climb checks, on Acrobatics checks to balance, and to CMD against bull rush, drag, reposition, and trip attempts. While affected by this spell, the target is also immune to the disarm combat maneuver. You gain a +4 competence bonus on Acrobatics and Climb checks and to CMD.</description>
						<bonusspell></bonusspell>
				</spell>
				<spell>
						<name>Chill Metal</name>
						<outputname>Chill Metal</outputname>
						<times_memorized>1</times_memorized>
						<range>Close (35 ft.)</range>
						<components>V, S, DF</components>
						<castingtime>1 standard action</castingtime>
						<casterlevel>4</casterlevel>
						<concentration>+8</concentration>
						<dc>16</dc>
						<duration>7 rounds</duration>
						<effect>Chill metal makes metal extremely cold.</effect>
						<target>Metal equipment of 2 creatures, no two of which can be more than 30 ft. apart; or 100 lbs. of metal, none of which can be more than 30 ft. away from any of the rest</target>
						<saveinfo>Will negates (object)</saveinfo>
						<school>
							<school>Transmutation</school>
							<subschool></subschool>
							<descriptor>Cold, MetalSchool</descriptor>
							<fullschool>Transmutation [Cold, MetalSchool]</fullschool>
						</school>
						<source>
							<source>Paizo Inc. - Core Rulebook, p.254</source>
							<sourcelevel>Drd2</sourcelevel>
							<sourcelink>http://paizo.com/pathfinderRPG/prd/spells/chillMetal.html#_chill-metal</sourcelink>
							<sourcepage>p.254</sourcepage>
							<sourceshort>CR</sourceshort>
						</source>
						<spell_resistance>Yes (object)</spell_resistance>
						<description>Chill metal makes metal extremely cold.</description>
						<bonusspell></bonusspell>
				</spell>
				<spell>
						<name>Climbing Beanstalk</name>
						<outputname>Climbing Beanstalk</outputname>
						<times_memorized>1</times_memorized>
						<range>Close (35 ft.)</range>
						<components>V, S, DF</components>
						<castingtime>1 standard action</castingtime>
						<casterlevel>4</casterlevel>
						<concentration>+8</concentration>
						<dc></dc>
						<duration>instantaneous</duration>
						<effect>Create a beanstalk that is very easy to climb.</effect>
						<target>5-ft. square of climbable beanstalks</target>
						<saveinfo></saveinfo>
						<school>
							<school>Conjuration</school>
							<subschool>Creation</subschool>
							<descriptor></descriptor>
							<fullschool>Conjuration (Creation)</fullschool>
						</school>
						<source>
							<source>Paizo Inc. - Advanced Class Guide, p.177</source>
							<sourcelevel>Drd2</sourcelevel>
							<sourcelink>http://paizo.com/pathfinderRPG/prd/advancedClassGuide/spells/climbingBeanstalk.html</sourcelink>
							<sourcepage>p.177</sourcepage>
							<sourceshort>ACG</sourceshort>
						</source>
						<spell_resistance></spell_resistance>
						<description>Create a beanstalk that is very easy to climb.</description>
						<bonusspell></bonusspell>
				</spell>
				<spell>
						<name>Companion Life Link</name>
						<outputname>Companion Life Link</outputname>
						<times_memorized>1</times_memorized>
						<range>Touch</range>
						<components>V, S, M/DF</components>
						<castingtime>1 standard action</castingtime>
						<casterlevel>4</casterlevel>
						<concentration>+8</concentration>
						<dc>16</dc>
						<duration>4 minutes [see below]</duration>
						<effect>Sense whenever your companion is wounded and call out to it in a time of need.</effect>
						<target>one of your animal companions or your familiar</target>
						<saveinfo>Fortitude negates (harmless)</saveinfo>
						<school>
							<school>Necromancy</school>
							<subschool></subschool>
							<descriptor></descriptor>
							<fullschool>Necromancy</fullschool>
						</school>
						<source>
							<source>Paizo Inc. - Advanced Class Guide, p.177</source>
							<sourcelevel>Drd2</sourcelevel>
							<sourcelink>http://paizo.com/pathfinderRPG/prd/advancedClassGuide/spells/companionLifeLink.html</sourcelink>
							<sourcepage>p.177</sourcepage>
							<sourceshort>ACG</sourceshort>
						</source>
						<spell_resistance>yes (harmless)</spell_resistance>
						<description>Sense whenever your companion is wounded and call out to it in a time of need.</description>
						<bonusspell></bonusspell>
				</spell>
				<spell>
						<name>Control Vermin</name>
						<outputname>Control Vermin</outputname>
						<times_memorized>1</times_memorized>
						<range>Close (35 ft.)</range>
						<components>V,S,DF/M</components>
						<castingtime>1 standard action</castingtime>
						<casterlevel>4</casterlevel>
						<concentration>+8</concentration>
						<dc>16</dc>
						<duration>4 hours</duration>
						<effect>You and a number of allies less than or equal to your caster level designated upon casting can use Handle Animal and Ride checks to influence or control the targeted vermin as if they were animals and had animal-level intelligence.</effect>
						<target>up to 4 HD of vermin, no two of which can be more than 30 ft. apart</target>
						<saveinfo>Will negates</saveinfo>
						<school>
							<school>Transmutation</school>
							<subschool></subschool>
							<descriptor></descriptor>
							<fullschool>Transmutation</fullschool>
						</school>
						<source>
							<source>Paizo Inc. - Monster Codex, 45</source>
							<sourcelevel>Drd2</sourcelevel>
							<sourcelink></sourcelink>
							<sourcepage>45</sourcepage>
							<sourceshort>MC</sourceshort>
						</source>
						<spell_resistance>No</spell_resistance>
						<description>You and a number of allies less than or equal to your caster level designated upon casting can use Handle Animal and Ride checks to influence or control the targeted vermin as if they were animals and had animal-level intelligence.</description>
						<bonusspell></bonusspell>
				</spell>
				<spell>
						<name>Curse Terrain (Lesser)</name>
						<outputname>Curse Terrain (Lesser)</outputname>
						<times_memorized>1</times_memorized>
						<range>Touch</range>
						<components>V,S,M</components>
						<castingtime>10 minutes</castingtime>
						<casterlevel>4</casterlevel>
						<concentration>+8</concentration>
						<dc></dc>
						<duration>1 day [D]</duration>
						<effect>Curse an area with three mild hazards.</effect>
						<target>300-ft. radius emanating from the touched point</target>
						<saveinfo>None</saveinfo>
						<school>
							<school>Necromancy</school>
							<subschool></subschool>
							<descriptor>Curse, Evil</descriptor>
							<fullschool>Necromancy [Curse, Evil]</fullschool>
						</school>
						<source>
							<source>Paizo Inc. - Horror Adventures, p.114</source>
							<sourcelevel>Drd2</sourcelevel>
							<sourcelink>http://aonprd.com/SpellDisplay.aspx?ItemName=Curse%20Terrain</sourcelink>
							<sourcepage>p.114</sourcepage>
							<sourceshort>HA</sourceshort>
						</source>
						<spell_resistance>No</spell_resistance>
						<description>Curse an area with three mild hazards.</description>
						<bonusspell></bonusspell>
				</spell>
				<spell>
						<name>Daggermark&#39;s Exchange</name>
						<outputname>Daggermark&#39;s Exchange</outputname>
						<times_memorized>1</times_memorized>
						<range>Personal</range>
						<components>V,S,M</components>
						<castingtime>1 standard action</castingtime>
						<casterlevel>4</casterlevel>
						<concentration>+8</concentration>
						<dc></dc>
						<duration>Instantaneous</duration>
						<effect>You swallow a dose of poison with no effect and regurgitate a dose of a different poison [your choice] into the old container [or another you have on hand]. Attempt a Craft [alchemy] check against the new poison&#39;s DC. If you succeed, you create a dose of your chosen poison. If you fail, the poison you regurgitate is inert. If you roll a natural 1, you expose yourself to the original poison [although you remain immune to that poison if you have venom immunity or a similar class feature or ability]. The new poison&#39;s price must be the same as or less than the original poison&#39;s price.</effect>
						<target>You</target>
						<saveinfo></saveinfo>
						<school>
							<school>Transmutation</school>
							<subschool></subschool>
							<descriptor>Poison</descriptor>
							<fullschool>Transmutation [Poison]</fullschool>
						</school>
						<source>
							<source>Paizo Inc. - Pathfinder Player Companion: Inner Sea Intrigue, p.59</source>
							<sourcelevel>Drd2</sourcelevel>
							<sourcelink></sourcelink>
							<sourcepage>p.59</sourcepage>
							<sourceshort>ISI</sourceshort>
						</source>
						<spell_resistance></spell_resistance>
						<description>You swallow a dose of poison with no effect and regurgitate a dose of a different poison (your choice) into the old container (or another you have on hand). Attempt a Craft (alchemy) check against the new poison&#39;s DC. If you succeed, you create a dose of your chosen poison. If you fail, the poison you regurgitate is inert. If you roll a natural 1, you expose yourself to the original poison (although you remain immune to that poison if you have venom immunity or a similar class feature or ability). The new poison&#39;s price must be the same as or less than the original poison&#39;s price.</description>
						<bonusspell></bonusspell>
				</spell>
				<spell>
						<name>Delay Poison</name>
						<outputname>Delay Poison</outputname>
						<times_memorized>1</times_memorized>
						<range>Touch</range>
						<components>V, S, DF</components>
						<castingtime>1 standard action</castingtime>
						<casterlevel>4</casterlevel>
						<concentration>+8</concentration>
						<dc>16</dc>
						<duration>4 hours</duration>
						<effect>The subject becomes temporarily immune to poison.</effect>
						<target>Creature touched</target>
						<saveinfo>Fortitude negates (harmless)</saveinfo>
						<school>
							<school>Conjuration</school>
							<subschool>Healing</subschool>
							<descriptor></descriptor>
							<fullschool>Conjuration (Healing)</fullschool>
						</school>
						<source>
							<source>Paizo Inc. - Core Rulebook, p.265</source>
							<sourcelevel>Drd2</sourcelevel>
							<sourcelink>http://paizo.com/pathfinderRPG/prd/spells/delayPoison.html#_delay-poison</sourcelink>
							<sourcepage>p.265</sourcepage>
							<sourceshort>CR</sourceshort>
						</source>
						<spell_resistance>Yes (harmless)</spell_resistance>
						<description>The subject becomes temporarily immune to poison.</description>
						<bonusspell></bonusspell>
				</spell>
				<spell>
						<name>Detect Magic (Greater)</name>
						<outputname>Detect Magic (Greater)</outputname>
						<times_memorized>1</times_memorized>
						<range>60 ft.</range>
						<components>V,S</components>
						<castingtime>1 standard action</castingtime>
						<casterlevel>4</casterlevel>
						<concentration>+8</concentration>
						<dc></dc>
						<duration>Concentration, up to 4 minutes [D]</duration>
						<effect>As detect magic, but learn more information.</effect>
						<target>Cone-shaped emanation</target>
						<saveinfo>None</saveinfo>
						<school>
							<school>Divination</school>
							<subschool></subschool>
							<descriptor></descriptor>
							<fullschool>Divination</fullschool>
						</school>
						<source>
							<source>Paizo Inc. - Ultimate Intrigue, p.212</source>
							<sourcelevel>Drd2</sourcelevel>
							<sourcelink>http://aonprd.com/SpellDisplay.aspx?ItemName=Detect Magic, Greater</sourcelink>
							<sourcepage>p.212</sourcepage>
							<sourceshort>UI</sourceshort>
						</source>
						<spell_resistance>No</spell_resistance>
						<description>As detect magic, but learn more information.</description>
						<bonusspell></bonusspell>
				</spell>
				<spell>
						<name>Eagle Eye</name>
						<outputname>Eagle Eye</outputname>
						<times_memorized>1</times_memorized>
						<range>Long (560 ft.)</range>
						<components>V, S, DF</components>
						<castingtime>1 minute</castingtime>
						<casterlevel>4</casterlevel>
						<concentration>+8</concentration>
						<dc></dc>
						<duration>4 minutes [D]</duration>
						<effect>Creates a magical sensor high above you.</effect>
						<target>magical sensor</target>
						<saveinfo>None</saveinfo>
						<school>
							<school>Divination</school>
							<subschool></subschool>
							<descriptor></descriptor>
							<fullschool>Divination</fullschool>
						</school>
						<source>
							<source>Paizo Inc. - Advanced Player&#39;s Guide, p.217</source>
							<sourcelevel>Drd2</sourcelevel>
							<sourcelink>http://paizo.com/pathfinderRPG/prd/advanced/spells/eagleEye.html#_eagle-eye</sourcelink>
							<sourcepage>p.217</sourcepage>
							<sourceshort>APG</sourceshort>
						</source>
						<spell_resistance>No</spell_resistance>
						<description>Creates a magical sensor high above you.</description>
						<bonusspell></bonusspell>
				</spell>
				<spell>
						<name>Elemental Speech</name>
						<outputname>Elemental Speech</outputname>
						<times_memorized>1</times_memorized>
						<range>Personal</range>
						<components>V, S, M</components>
						<castingtime>1 standard action</castingtime>
						<casterlevel>4</casterlevel>
						<concentration>+8</concentration>
						<dc></dc>
						<duration>4 minutes</duration>
						<effect>Enables you to speak to elementals and some creatures.</effect>
						<target>You</target>
						<saveinfo></saveinfo>
						<school>
							<school>Divination, AirSchool, EarthSchool, FireSchool, WaterSchool</school>
							<subschool></subschool>
							<descriptor>Air, Earth, Fire, Water</descriptor>
							<fullschool>Divination, AirSchool, EarthSchool, FireSchool, WaterSchool [Air, Earth, Fire, Water]</fullschool>
						</school>
						<source>
							<source>Paizo Inc. - Advanced Player&#39;s Guide, p.218</source>
							<sourcelevel>Drd2</sourcelevel>
							<sourcelink>http://paizo.com/pathfinderRPG/prd/advanced/spells/elementalSpeech.html#_elemental-speech</sourcelink>
							<sourcepage>p.218</sourcepage>
							<sourceshort>APG</sourceshort>
						</source>
						<spell_resistance></spell_resistance>
						<description>Enables you to speak to elementals and some creatures.</description>
						<bonusspell></bonusspell>
				</spell>
				<spell>
						<name>Endure Elements (Communal)</name>
						<outputname>Endure Elements (Communal)</outputname>
						<times_memorized>1</times_memorized>
						<range>Touch</range>
						<components>V, S</components>
						<castingtime>1 standard action</castingtime>
						<casterlevel>4</casterlevel>
						<concentration>+8</concentration>
						<dc>16</dc>
						<duration>24 hours</duration>
						<effect>As endure elements, but you may divide the duration among creatures touched.</effect>
						<target>creatures touched</target>
						<saveinfo>Will negates (harmless)</saveinfo>
						<school>
							<school>Abjuration</school>
							<subschool></subschool>
							<descriptor></descriptor>
							<fullschool>Abjuration</fullschool>
						</school>
						<source>
							<source>Paizo Inc. - Ultimate Combat, p.228</source>
							<sourcelevel>Drd2</sourcelevel>
							<sourcelink>http://paizo.com/pathfinderRPG/prd/ultimateCombat/spells/endureElements.html#_endure-elements,-communal</sourcelink>
							<sourcepage>p.228</sourcepage>
							<sourceshort>UC</sourceshort>
						</source>
						<spell_resistance>Yes (harmless)</spell_resistance>
						<description>As endure elements, but you may divide the duration among creatures touched.</description>
						<bonusspell></bonusspell>
				</spell>
				<spell>
						<name>Euphoric Cloud</name>
						<outputname>Euphoric Cloud</outputname>
						<times_memorized>1</times_memorized>
						<range>Medium (140 ft.)</range>
						<components>V, S, M</components>
						<castingtime>1 standard action</castingtime>
						<casterlevel>4</casterlevel>
						<concentration>+8</concentration>
						<dc>16</dc>
						<duration>4 rounds</duration>
						<effect>Fog obscures vision and fascinates living creatures.</effect>
						<target>fog spreads in 20-ft. radius, 20 ft. high</target>
						<saveinfo>Fortitude negates (see text)</saveinfo>
						<school>
							<school>Conjuration</school>
							<subschool>Creation</subschool>
							<descriptor>Poison</descriptor>
							<fullschool>Conjuration (Creation) [Poison]</fullschool>
						</school>
						<source>
							<source>Paizo Inc. - Advanced Class Guide, p.181</source>
							<sourcelevel>Drd2</sourcelevel>
							<sourcelink>http://paizo.com/pathfinderRPG/prd/advancedClassGuide/spells/euphoricCloud.html</sourcelink>
							<sourcepage>p.181</sourcepage>
							<sourceshort>ACG</sourceshort>
						</source>
						<spell_resistance>no</spell_resistance>
						<description>Fog obscures vision and fascinates living creatures.</description>
						<bonusspell></bonusspell>
				</spell>
				<spell>
						<name>Fear the Sun</name>
						<outputname>Fear the Sun</outputname>
						<times_memorized>1</times_memorized>
						<range>Medium (140 ft.)</range>
						<components>V,S,M</components>
						<castingtime>1 standard action</castingtime>
						<casterlevel>4</casterlevel>
						<concentration>+8</concentration>
						<dc>16</dc>
						<duration>4 rounds</duration>
						<effect>Each target that fails its saving throw gains light blindness, as per the universal monster rule. When exposed to bright light, affected targets are blinded for 1 full round and are dazzled in successive rounds. If you cast this spell in the presence of bright light, any target that fails its save is blinded immediately, and dazzled starting at the beginning of its first turn.</effect>
						<target>Up to 4 creatures, no two of which can be more than 30 ft. apart</target>
						<saveinfo>Fortitude negates</saveinfo>
						<school>
							<school>Transmutation</school>
							<subschool></subschool>
							<descriptor></descriptor>
							<fullschool>Transmutation</fullschool>
						</school>
						<source>
							<source>Paizo Inc. - Pathfinder Player Companion: Blood of Shadows, p.15</source>
							<sourcelevel>Drd2</sourcelevel>
							<sourcelink></sourcelink>
							<sourcepage>p.15</sourcepage>
							<sourceshort>BOS</sourceshort>
						</source>
						<spell_resistance>Yes</spell_resistance>
						<description>Each target that fails its saving throw gains light blindness, as per the universal monster rule. When exposed to bright light, affected targets are blinded for 1 full round and are dazzled in successive rounds. If you cast this spell in the presence of bright light, any target that fails its save is blinded immediately, and dazzled starting at the beginning of its first turn.</description>
						<bonusspell></bonusspell>
				</spell>
				<spell>
						<name>Feast of Ashes</name>
						<outputname>Feast of Ashes</outputname>
						<times_memorized>1</times_memorized>
						<range>Close (35 ft.)</range>
						<components>V, S, M</components>
						<castingtime>1 standard action</castingtime>
						<casterlevel>4</casterlevel>
						<concentration>+8</concentration>
						<dc>16</dc>
						<duration>8 days [D]</duration>
						<effect>A target starves with an insatiable hunger.</effect>
						<target>one creature</target>
						<saveinfo>Fortitude negates</saveinfo>
						<school>
							<school>Transmutation</school>
							<subschool></subschool>
							<descriptor>Curse</descriptor>
							<fullschool>Transmutation [Curse]</fullschool>
						</school>
						<source>
							<source>Paizo Inc. - Advanced Player&#39;s Guide, p.220</source>
							<sourcelevel>Drd2</sourcelevel>
							<sourcelink>http://paizo.com/pathfinderRPG/prd/advanced/spells/feastOfAshes.html#_feast-of-ashes</sourcelink>
							<sourcepage>p.220</sourcepage>
							<sourceshort>APG</sourceshort>
						</source>
						<spell_resistance>Yes</spell_resistance>
						<description>A target starves with an insatiable hunger.</description>
						<bonusspell></bonusspell>
				</spell>
				<spell>
						<name>Fire Trap</name>
						<outputname>Fire Trap</outputname>
						<times_memorized>1</times_memorized>
						<range>Touch</range>
						<components>V, S, M</components>
						<castingtime>10 minutes</castingtime>
						<casterlevel>4</casterlevel>
						<concentration>+8</concentration>
						<dc>16</dc>
						<duration>Permanent until discharged [D]</duration>
						<effect>Fire trap creates a fiery explosion when an intruder opens the item that the trap protects.</effect>
						<target>Object touched</target>
						<saveinfo>Reflex half; see text</saveinfo>
						<school>
							<school>Abjuration, FireSchool</school>
							<subschool></subschool>
							<descriptor>Fire</descriptor>
							<fullschool>Abjuration, FireSchool [Fire]</fullschool>
						</school>
						<source>
							<source>Paizo Inc. - Core Rulebook, p.282</source>
							<sourcelevel>Drd2</sourcelevel>
							<sourcelink>http://paizo.com/pathfinderRPG/prd/spells/fireTrap.html#_fire-trap</sourcelink>
							<sourcepage>p.282</sourcepage>
							<sourceshort>CR</sourceshort>
						</source>
						<spell_resistance>Yes</spell_resistance>
						<description>Fire trap creates a fiery explosion when an intruder opens the item that the trap protects.</description>
						<bonusspell></bonusspell>
				</spell>
				<spell>
						<name>Flame Blade</name>
						<outputname>Flame Blade</outputname>
						<times_memorized>1</times_memorized>
						<range>0 ft.</range>
						<components>V, S, DF</components>
						<castingtime>1 standard action</castingtime>
						<casterlevel>4</casterlevel>
						<concentration>+8</concentration>
						<dc></dc>
						<duration>4 minutes [D]</duration>
						<effect>A 3-foot-long, blazing beam of red-hot fire springs forth from your hand.</effect>
						<target>Sword-like beam</target>
						<saveinfo>None</saveinfo>
						<school>
							<school>Evocation</school>
							<subschool></subschool>
							<descriptor>Fire</descriptor>
							<fullschool>Evocation [Fire]</fullschool>
						</school>
						<source>
							<source>Paizo Inc. - Core Rulebook, p.283</source>
							<sourcelevel>Drd2</sourcelevel>
							<sourcelink>http://paizo.com/pathfinderRPG/prd/spells/flameBlade.html#_flame-blade</sourcelink>
							<sourcepage>p.283</sourcepage>
							<sourceshort>CR</sourceshort>
						</source>
						<spell_resistance>Yes</spell_resistance>
						<description>A 3-foot-long, blazing beam of red-hot fire springs forth from your hand.</description>
						<bonusspell></bonusspell>
				</spell>
				<spell>
						<name>Flaming Sphere</name>
						<outputname>Flaming Sphere</outputname>
						<times_memorized>1</times_memorized>
						<range>Medium (140 ft.)</range>
						<components>V, S, M/DF</components>
						<castingtime>1 standard action</castingtime>
						<casterlevel>4</casterlevel>
						<concentration>+8</concentration>
						<dc>16</dc>
						<duration>4 rounds</duration>
						<effect>A burning globe of fire rolls in whichever direction you point and burns those it strikes.</effect>
						<target>5-ft.-diameter sphere</target>
						<saveinfo>Reflex negates</saveinfo>
						<school>
							<school>Evocation, FireSchool</school>
							<subschool></subschool>
							<descriptor>Fire</descriptor>
							<fullschool>Evocation, FireSchool [Fire]</fullschool>
						</school>
						<source>
							<source>Paizo Inc. - Core Rulebook, p.283</source>
							<sourcelevel>Drd2</sourcelevel>
							<sourcelink>http://paizo.com/pathfinderRPG/prd/spells/flamingSphere.html#_flaming-sphere</sourcelink>
							<sourcepage>p.283</sourcepage>
							<sourceshort>CR</sourceshort>
						</source>
						<spell_resistance>Yes</spell_resistance>
						<description>A burning globe of fire rolls in whichever direction you point and burns those it strikes.</description>
						<bonusspell></bonusspell>
				</spell>
				<spell>
						<name>Fog Cloud</name>
						<outputname>Fog Cloud</outputname>
						<times_memorized>1</times_memorized>
						<range>Medium (140 ft.)</range>
						<components>V, S</components>
						<castingtime>1 standard action</castingtime>
						<casterlevel>4</casterlevel>
						<concentration>+8</concentration>
						<dc></dc>
						<duration>40 minutes</duration>
						<effect>A bank of fog billows out from the point you designate.</effect>
						<target>Fog spreads in 20-ft. radius</target>
						<saveinfo>None</saveinfo>
						<school>
							<school>Conjuration, WaterSchool</school>
							<subschool>Creation</subschool>
							<descriptor></descriptor>
							<fullschool>Conjuration, WaterSchool (Creation)</fullschool>
						</school>
						<source>
							<source>Paizo Inc. - Core Rulebook, p.284</source>
							<sourcelevel>Drd2</sourcelevel>
							<sourcelink>http://paizo.com/pathfinderRPG/prd/spells/fogCloud.html</sourcelink>
							<sourcepage>p.284</sourcepage>
							<sourceshort>CR</sourceshort>
						</source>
						<spell_resistance>No</spell_resistance>
						<description>A bank of fog billows out from the point you designate.</description>
						<bonusspell></bonusspell>
				</spell>
				<spell>
						<name>Forest Friend</name>
						<outputname>Forest Friend</outputname>
						<times_memorized>1</times_memorized>
						<range>Close (35 ft.)</range>
						<components>V, S, M</components>
						<castingtime>1 round</castingtime>
						<casterlevel>4</casterlevel>
						<concentration>+8</concentration>
						<dc></dc>
						<duration>4 minutes</duration>
						<effect>Plants in a forested area become helpful instead of hindering you and your allies.</effect>
						<target>one willing living creature per three levels, no two of which may be more than 30 ft. apart.</target>
						<saveinfo>None</saveinfo>
						<school>
							<school>Abjuration</school>
							<subschool></subschool>
							<descriptor></descriptor>
							<fullschool>Abjuration</fullschool>
						</school>
						<source>
							<source>Paizo Inc. - Ultimate Combat, p.230</source>
							<sourcelevel>Drd2</sourcelevel>
							<sourcelink>http://paizo.com/pathfinderRPG/prd/ultimateCombat/spells/forestFriend.html#_forest-friend-</sourcelink>
							<sourcepage>p.230</sourcepage>
							<sourceshort>UC</sourceshort>
						</source>
						<spell_resistance>No</spell_resistance>
						<description>Plants in a forested area become helpful instead of hindering you and your allies.</description>
						<bonusspell></bonusspell>
				</spell>
				<spell>
						<name>Frigid Touch</name>
						<outputname>Frigid Touch</outputname>
						<times_memorized>1</times_memorized>
						<range>Touch</range>
						<components>V, S</components>
						<castingtime>1 standard action</castingtime>
						<casterlevel>4</casterlevel>
						<concentration>+8</concentration>
						<dc></dc>
						<duration>Instantaneous</duration>
						<effect>Target takes 4d6 cold damage and is staggered.</effect>
						<target>Creature touched</target>
						<saveinfo>None</saveinfo>
						<school>
							<school>Evocation</school>
							<subschool></subschool>
							<descriptor>Cold</descriptor>
							<fullschool>Evocation [Cold]</fullschool>
						</school>
						<source>
							<source>Paizo Inc. - Ultimate Magic, p.221</source>
							<sourcelevel>Drd2</sourcelevel>
							<sourcelink>http://paizo.com/pathfinderRPG/prd/ultimateMagic/spells/frigidTouch.html#_frigid-touch</sourcelink>
							<sourcepage>p.221</sourcepage>
							<sourceshort>UM</sourceshort>
						</source>
						<spell_resistance>Yes</spell_resistance>
						<description>Target takes 4d6 cold damage and is staggered.</description>
						<bonusspell></bonusspell>
				</spell>
				<spell>
						<name>Frost Fall</name>
						<outputname>Frost Fall</outputname>
						<times_memorized>1</times_memorized>
						<range>Close (35 ft.)</range>
						<components>V, S</components>
						<castingtime>1 standard action</castingtime>
						<casterlevel>4</casterlevel>
						<concentration>+8</concentration>
						<dc>16</dc>
						<duration>2 rounds</duration>
						<effect>The area is covered in a chilling frost.</effect>
						<target>5-foot radius burst</target>
						<saveinfo>Fortitude partial</saveinfo>
						<school>
							<school>Evocation</school>
							<subschool></subschool>
							<descriptor>Cold</descriptor>
							<fullschool>Evocation [Cold]</fullschool>
						</school>
						<source>
							<source>Paizo Inc. - Ultimate Combat, p.230</source>
							<sourcelevel>Drd2</sourcelevel>
							<sourcelink>http://paizo.com/pathfinderRPG/prd/ultimateCombat/spells/frostFall.html#_frost-fall</sourcelink>
							<sourcepage>p.230</sourcepage>
							<sourceshort>UC</sourceshort>
						</source>
						<spell_resistance>Yes</spell_resistance>
						<description>The area is covered in a chilling frost.</description>
						<bonusspell></bonusspell>
				</spell>
				<spell>
						<name>Gird Ally</name>
						<outputname>Gird Ally</outputname>
						<times_memorized>1</times_memorized>
						<range>Close (35 ft.)</range>
						<components>V,S</components>
						<castingtime>1 standard action</castingtime>
						<casterlevel>4</casterlevel>
						<concentration>+8</concentration>
						<dc></dc>
						<duration>4 rounds [D]</duration>
						<effect>You create a magical field around summoned creatures you control that deflects attacks made against them. The targets gain a +1 deflection bonus to their AC. A summoner can target his eidolon with this spell.</effect>
						<target>4 summoned creatures you control, no two of which can be more than 30 ft. apart</target>
						<saveinfo>None</saveinfo>
						<school>
							<school>Abjuration</school>
							<subschool></subschool>
							<descriptor></descriptor>
							<fullschool>Abjuration</fullschool>
						</school>
						<source>
							<source>Paizo Publishing - Pathfinder Player Companion: Monster Summoner&#39;s Handbook, p.22</source>
							<sourcelevel>Drd2</sourcelevel>
							<sourcelink></sourcelink>
							<sourcepage>p.22</sourcepage>
							<sourceshort>MSH</sourceshort>
						</source>
						<spell_resistance>No</spell_resistance>
						<description>You create a magical field around summoned creatures you control that deflects attacks made against them. The targets gain a +1 deflection bonus to their AC. A summoner can target his eidolon with this spell.</description>
						<bonusspell></bonusspell>
				</spell>
				<spell>
						<name>Glide</name>
						<outputname>Glide</outputname>
						<times_memorized>1</times_memorized>
						<range>Personal</range>
						<components>V, S, M/DF</components>
						<castingtime>1 standard action</castingtime>
						<casterlevel>4</casterlevel>
						<concentration>+8</concentration>
						<dc></dc>
						<duration>until landing or 4 minutes [D]</duration>
						<effect>You take no falling damage, move 60 ft./round while falling.</effect>
						<target>You</target>
						<saveinfo></saveinfo>
						<school>
							<school>Transmutation, AirSchool</school>
							<subschool></subschool>
							<descriptor></descriptor>
							<fullschool>Transmutation, AirSchool</fullschool>
						</school>
						<source>
							<source>Paizo Inc. - Advanced Player&#39;s Guide, p.225</source>
							<sourcelevel>Drd2</sourcelevel>
							<sourcelink>http://paizo.com/pathfinderRPG/prd/advanced/spells/glide.html#_glide-</sourcelink>
							<sourcepage>p.225</sourcepage>
							<sourceshort>APG</sourceshort>
						</source>
						<spell_resistance></spell_resistance>
						<description>You take no falling damage, move 60 ft./round while falling.</description>
						<bonusspell></bonusspell>
				</spell>
				<spell>
						<name>Greensight</name>
						<outputname>Greensight</outputname>
						<times_memorized>1</times_memorized>
						<range>Touch</range>
						<components>V,S,M</components>
						<castingtime>1 standard action</castingtime>
						<casterlevel>4</casterlevel>
						<concentration>+8</concentration>
						<dc>16</dc>
						<duration>40 minutes</duration>
						<effect>Grant a target the ability to see through plant matter as if it were transparent.</effect>
						<target>Creature touched</target>
						<saveinfo>Will negates (harmless)</saveinfo>
						<school>
							<school>Transmutation</school>
							<subschool></subschool>
							<descriptor></descriptor>
							<fullschool>Transmutation</fullschool>
						</school>
						<source>
							<source>Paizo Inc. - Ultimate Wilderness, p.231</source>
							<sourcelevel>Drd2</sourcelevel>
							<sourcelink></sourcelink>
							<sourcepage>p.231</sourcepage>
							<sourceshort>UW</sourceshort>
						</source>
						<spell_resistance>No</spell_resistance>
						<description>Grant a target the ability to see through plant matter as if it were transparent.</description>
						<bonusspell></bonusspell>
				</spell>
				<spell>
						<name>Gust of Wind</name>
						<outputname>Gust of Wind</outputname>
						<times_memorized>1</times_memorized>
						<range>60 ft.</range>
						<components>V, S</components>
						<castingtime>1 standard action</castingtime>
						<casterlevel>4</casterlevel>
						<concentration>+8</concentration>
						<dc>16</dc>
						<duration>1 round</duration>
						<effect>This spell creates a severe blast of air [approximately 50 mph] that originates from you, affecting all creatures in its path.</effect>
						<target>Line-shaped gust of severe wind emanating out from you to the extreme of the range</target>
						<saveinfo>Fortitude negates</saveinfo>
						<school>
							<school>Evocation, AirSchool</school>
							<subschool></subschool>
							<descriptor>Air</descriptor>
							<fullschool>Evocation, AirSchool [Air]</fullschool>
						</school>
						<source>
							<source>Paizo Inc. - Core Rulebook, p.293</source>
							<sourcelevel>Drd2</sourcelevel>
							<sourcelink>http://paizo.com/pathfinderRPG/prd/spells/gustOfWind.html#_gust-of-wind</sourcelink>
							<sourcepage>p.293</sourcepage>
							<sourceshort>CR</sourceshort>
						</source>
						<spell_resistance>Yes</spell_resistance>
						<description>This spell creates a severe blast of air (approximately 50 mph) that originates from you, affecting all creatures in its path.</description>
						<bonusspell></bonusspell>
				</spell>
				<spell>
						<name>Heat Metal</name>
						<outputname>Heat Metal</outputname>
						<times_memorized>1</times_memorized>
						<range>Close (35 ft.)</range>
						<components>V, S, DF</components>
						<castingtime>1 standard action</castingtime>
						<casterlevel>4</casterlevel>
						<concentration>+8</concentration>
						<dc>16</dc>
						<duration>7 rounds</duration>
						<effect>Heat metal causes metal objects to become red-hot.</effect>
						<target>Metal equipment of one creature per two levels, no two of which can be more than 30 ft. apart; or 100 lbs. of metal, all of which must be within a 30-ft. circle</target>
						<saveinfo>Will negates (object)</saveinfo>
						<school>
							<school>Transmutation</school>
							<subschool></subschool>
							<descriptor>Fire, MetalSchool</descriptor>
							<fullschool>Transmutation [Fire, MetalSchool]</fullschool>
						</school>
						<source>
							<source>Paizo Inc. - Core Rulebook, p.294</source>
							<sourcelevel>Drd2</sourcelevel>
							<sourcelink>http://paizo.com/pathfinderRPG/prd/spells/heatMetal.html#_heat-metal</sourcelink>
							<sourcepage>p.294</sourcepage>
							<sourceshort>CR</sourceshort>
						</source>
						<spell_resistance>Yes (object)</spell_resistance>
						<description>Heat metal causes metal objects to become red-hot.</description>
						<bonusspell></bonusspell>
				</spell>
				<spell>
						<name>Hold Animal</name>
						<outputname>Hold Animal</outputname>
						<times_memorized>1</times_memorized>
						<range></range>
						<components>V, S</components>
						<castingtime></castingtime>
						<casterlevel>4</casterlevel>
						<concentration>+8</concentration>
						<dc>16</dc>
						<duration>4 rounds [D]; see text</duration>
						<effect>This spell functions like hold person, except that it affects an animal instead of a humanoid.</effect>
						<target>One animal</target>
						<saveinfo>Will negates; see text</saveinfo>
						<school>
							<school>Enchantment</school>
							<subschool>Compulsion</subschool>
							<descriptor>Mind-Affecting</descriptor>
							<fullschool>Enchantment (Compulsion) [Mind-Affecting]</fullschool>
						</school>
						<source>
							<source>Paizo Inc. - Core Rulebook, p.296</source>
							<sourcelevel>Drd2</sourcelevel>
							<sourcelink>http://paizo.com/pathfinderRPG/prd/spells/holdAnimal.html#_hold-animal</sourcelink>
							<sourcepage>p.296</sourcepage>
							<sourceshort>CR</sourceshort>
						</source>
						<spell_resistance>Yes</spell_resistance>
						<description>This spell functions like hold person, except that it affects an animal instead of a humanoid.</description>
						<bonusspell></bonusspell>
				</spell>
				<spell>
						<name>Ice Slick</name>
						<outputname>Ice Slick</outputname>
						<times_memorized>1</times_memorized>
						<range>Close (35 ft.)</range>
						<components>V,S</components>
						<castingtime>1 standard action</castingtime>
						<casterlevel>4</casterlevel>
						<concentration>+8</concentration>
						<dc>16</dc>
						<duration>Instantaneous; see text</duration>
						<effect>You create a blast of intense cold, coating all solid surfaces in the area with a thin coating of ice. Any creature in the area when the spell is cast takes 1d6+4 points of cold damage and falls prone; creatures that succeed at a Reflex save take half damage and don&#39;t fall prone. Spell resistance applies to this initial effect. A creature can walk within or through the area of ice at half its normal speed with a successful DC 10 Acrobatics check. Failure by 4 or less means the creature can&#39;t move that round [and must succeed at a Reflex save or fall]; failure by 5 or more means it falls [see the Acrobatics skill on page 87 of the Pathfinder RPG Core Rulebook for details]. Creatures that do not move on their turn do not need to attempt this check. A 5-foot square of ice has hardness 0 and 3 hit points. The ice is an instantaneous effect, but persists as nonmagical ice. Under temperate conditions, the ice lasts 4 minutes. In tropical environments, it might last only half as long. In cold environments where ice and snow persist without melting, it could last indefinitely.</effect>
						<target>5-ft.-radius burst</target>
						<saveinfo>Reflex partial; see text</saveinfo>
						<school>
							<school>Evocation</school>
							<subschool></subschool>
							<descriptor>Cold</descriptor>
							<fullschool>Evocation [Cold]</fullschool>
						</school>
						<source>
							<source>Paizo Inc. - Monster Codex, 69</source>
							<sourcelevel>Drd2</sourcelevel>
							<sourcelink></sourcelink>
							<sourcepage>69</sourcepage>
							<sourceshort>MC</sourceshort>
						</source>
						<spell_resistance>See text</spell_resistance>
						<description>You create a blast of intense cold, coating all solid surfaces in the area with a thin coating of ice. Any creature in the area when the spell is cast takes 1d6+(min(10,CASTERLEVEL)) points of cold damage and falls prone; creatures that succeed at a Reflex save take half damage and don&#39;t fall prone. Spell resistance applies to this initial effect. A creature can walk within or through the area of ice at half its normal speed with a successful DC 10 Acrobatics check. Failure by 4 or less means the creature can&#39;t move that round (and must succeed at a Reflex save or fall); failure by 5 or more means it falls (see the Acrobatics skill on page 87 of the Pathfinder RPG Core Rulebook for details). Creatures that do not move on their turn do not need to attempt this check. A 5-foot square of ice has hardness 0 and 3 hit points. The ice is an instantaneous effect, but persists as nonmagical ice. Under temperate conditions, the ice lasts (CASTERLEVEL) minutes. In tropical environments, it might last only half as long. In cold environments where ice and snow persist without melting, it could last indefinitely.</description>
						<bonusspell></bonusspell>
				</spell>
				<spell>
						<name>Insect Scouts</name>
						<outputname>Insect Scouts</outputname>
						<times_memorized>1</times_memorized>
						<range>Close (35 ft.)</range>
						<components>S,M</components>
						<castingtime>1 round</castingtime>
						<casterlevel>4</casterlevel>
						<concentration>+8</concentration>
						<dc></dc>
						<duration>1d6+4 hours; see text</duration>
						<effect>Insect scouts summons one or more vermin to investigate a single location or building you can see. Your scouts must spend 1d6 hours investigating the target location, but need no oversight. When done, they return unerringly to you with their findings, traveling up to 4 miles to rejoin their master. Each insect&#39;s size is Fine. Each insect has 1 hit point, AC 20 [+2 Dexterity, +8 size], a movement speed of 5 feet, a climb speed of 5 feet, and a fly speed of 20 feet [perfect maneuverability]. The insects use your saving throw bonuses, have a total Perception skill bonus of 7, and can&#39;t attack. Because of their incredibly small size and magical nature, they can attempt Stealth checks to avoid being noticed even if they lack a source of cover or concealment, and they have a total Stealth skill bonus of 20. Each scout that returns passes along memories of specific structural flaws, defenses, and alarms, granting you the ability to reroll one failed skill check per scout, as long as the skill check involves that specific location&#39;s layout, such as a Stealth check to sneak in, a Disable Device check to silence an alarm, or a Perception check to notice a trap. If even one scout returns, you also gain a rough understanding of the building&#39;s layout [at least, any portions your scouts could access]. All insight [and the associated rerolls] fades 4 hours after the scouts return. Your insects remember nothing about creatures, and so provide no information about guardians or any conversations they may overhear.</effect>
						<target>1 insect scouts</target>
						<saveinfo>None</saveinfo>
						<school>
							<school>Divination</school>
							<subschool></subschool>
							<descriptor></descriptor>
							<fullschool>Divination</fullschool>
						</school>
						<source>
							<source>Paizo Inc. - Pathfinder Player Companion: Spymaster&#39;s Handbook, p.29</source>
							<sourcelevel>Drd2</sourcelevel>
							<sourcelink></sourcelink>
							<sourcepage>p.29</sourcepage>
							<sourceshort>SMH</sourceshort>
						</source>
						<spell_resistance>No</spell_resistance>
						<description>Insect scouts summons one or more vermin to investigate a single location or building you can see. Your scouts must spend 1d6 hours investigating the target location, but need no oversight. When done, they return unerringly to you with their findings, traveling up to (CASTERLEVEL) miles to rejoin their master. Each insect&#39;s size is Fine. Each insect has 1 hit point, AC 20 (+2 Dexterity, +8 size), a movement speed of 5 feet, a climb speed of 5 feet, and a fly speed of 20 feet (perfect maneuverability). The insects use your saving throw bonuses, have a total Perception skill bonus of (5+CASTERLEVEL/2), and can&#39;t attack. Because of their incredibly small size and magical nature, they can attempt Stealth checks to avoid being noticed even if they lack a source of cover or concealment, and they have a total Stealth skill bonus of (18+CASTERLEVEL/2). Each scout that returns passes along memories of specific structural flaws, defenses, and alarms, granting you the ability to reroll one failed skill check per scout, as long as the skill check involves that specific location&#39;s layout, such as a Stealth check to sneak in, a Disable Device check to silence an alarm, or a Perception check to notice a trap. If even one scout returns, you also gain a rough understanding of the building&#39;s layout (at least, any portions your scouts could access). All insight (and the associated rerolls) fades (CASTERLEVEL) hours after the scouts return. Your insects remember nothing about creatures, and so provide no information about guardians or any conversations they may overhear.</description>
						<bonusspell></bonusspell>
				</spell>
				<spell>
						<name>Ironskin</name>
						<outputname>Ironskin</outputname>
						<times_memorized>1</times_memorized>
						<range>Personal</range>
						<components>V,S,DF/M</components>
						<castingtime>1 standard action</castingtime>
						<casterlevel>4</casterlevel>
						<concentration>+8</concentration>
						<dc></dc>
						<duration>4 minutes [D; see text]</duration>
						<effect>Your skin hardens and takes on the color and texture of rough iron. You gain a +4  enhancement bonus to your existing natural armor bonus [if you do not have a natural armor bonus, you are considered to have an effective natural armor bonus of +0]. This enhancement bonus increases by 1 for every 4 caster levels above 3rd, to a maximum of +7 at 15th level. While you&#39;re under the effects of this spell, if an opponent confirms a critical hit or sneak attack against you with a physical weapon [not a spell or magical effect], you can dismiss this spell to negate the critical hit or sneak attack and treat it is as a normal hit. Dismissing the spell in this way is not an action, but you must be conscious and aware of the attack to do so.</effect>
						<target>You</target>
						<saveinfo></saveinfo>
						<school>
							<school>Transmutation</school>
							<subschool></subschool>
							<descriptor>Earth</descriptor>
							<fullschool>Transmutation [Earth]</fullschool>
						</school>
						<source>
							<source>Paizo Inc. - Monster Codex, 45</source>
							<sourcelevel>Drd2</sourcelevel>
							<sourcelink></sourcelink>
							<sourcepage>45</sourcepage>
							<sourceshort>MC</sourceshort>
						</source>
						<spell_resistance></spell_resistance>
						<description>Your skin hardens and takes on the color and texture of rough iron. You gain a +4  enhancement bonus to your existing natural armor bonus (if you do not have a natural armor bonus, you are considered to have an effective natural armor bonus of +0). This enhancement bonus increases by 1 for every 4 caster levels above 3rd, to a maximum of +7 at 15th level. While you&#39;re under the effects of this spell, if an opponent confirms a critical hit or sneak attack against you with a physical weapon (not a spell or magical effect), you can dismiss this spell to negate the critical hit or sneak attack and treat it is as a normal hit. Dismissing the spell in this way is not an action, but you must be conscious and aware of the attack to do so.</description>
						<bonusspell></bonusspell>
				</spell>
				<spell>
						<name>Lay of the Land</name>
						<outputname>Lay of the Land</outputname>
						<times_memorized>1</times_memorized>
						<range>Personal</range>
						<components>V,S,M</components>
						<castingtime>1 min</castingtime>
						<casterlevel>4</casterlevel>
						<concentration>+8</concentration>
						<dc></dc>
						<duration>1 day</duration>
						<effect>In a flash of recognition, you learn about the geography of your surroundings within a radius of 2 miles. This instant familiarity grants you a +4 insight bonus on Knowledge [geography] checks and Survival checks to avoid getting lost so long as you remain in the affected area. Additionally, for the duration of the spell you can make Knowledge [geography] checks regarding the affected area as though you were trained in that skill.</effect>
						<target>You</target>
						<saveinfo>None</saveinfo>
						<school>
							<school>Divination</school>
							<subschool></subschool>
							<descriptor></descriptor>
							<fullschool>Divination</fullschool>
						</school>
						<source>
							<source>Paizo Inc. - Pathfinder Player Companion: Faiths &amp; Philosophies, p.29</source>
							<sourcelevel>Drd2</sourcelevel>
							<sourcelink></sourcelink>
							<sourcepage>p.29</sourcepage>
							<sourceshort>FAP</sourceshort>
						</source>
						<spell_resistance>No</spell_resistance>
						<description>In a flash of recognition, you learn about the geography of your surroundings within a radius of (max(1,floor(CASTERLEVEL/2))) miles. This instant familiarity grants you a +(min(5,CASTERLEVEL)) insight bonus on Knowledge (geography) checks and Survival checks to avoid getting lost so long as you remain in the affected area. Additionally, for the duration of the spell you can make Knowledge (geography) checks regarding the affected area as though you were trained in that skill.</description>
						<bonusspell></bonusspell>
				</spell>
				<spell>
						<name>Lockjaw</name>
						<outputname>Lockjaw</outputname>
						<times_memorized>1</times_memorized>
						<range>Touch</range>
						<components>V, S, M</components>
						<castingtime>1 standard action</castingtime>
						<casterlevel>4</casterlevel>
						<concentration>+8</concentration>
						<dc>16</dc>
						<duration>4 rounds</duration>
						<effect>Gives creature grab ability with a natural attack.</effect>
						<target>creature touched</target>
						<saveinfo>Fortitude negates (harmless)</saveinfo>
						<school>
							<school>Transmutation</school>
							<subschool></subschool>
							<descriptor></descriptor>
							<fullschool>Transmutation</fullschool>
						</school>
						<source>
							<source>Paizo Inc. - Advanced Player&#39;s Guide, p.232</source>
							<sourcelevel>Drd2</sourcelevel>
							<sourcelink>http://paizo.com/pathfinderRPG/prd/advanced/spells/lockjaw.html#_lockjaw</sourcelink>
							<sourcepage>p.232</sourcepage>
							<sourceshort>APG</sourceshort>
						</source>
						<spell_resistance>Yes (harmless)</spell_resistance>
						<description>Gives creature grab ability with a natural attack.</description>
						<bonusspell></bonusspell>
				</spell>
				<spell>
						<name>Magic Boulder</name>
						<outputname>Magic Boulder</outputname>
						<times_memorized>1</times_memorized>
						<range>Touch</range>
						<components>V,S,DF</components>
						<castingtime>1 standard action</castingtime>
						<casterlevel>4</casterlevel>
						<concentration>+8</concentration>
						<dc>16</dc>
						<duration>30 minutes or until discharged</duration>
						<effect>This spell works like magic stone, except you transmute as many as three boulders [rocks up to two size categories smaller than yourself] to use with the rock throwing ability or as siege engine ammunition. The boulder&#39;s damage increases by one step, and the boulder gains a + 1 enhancement bonus on attack and damage rolls.</effect>
						<target>up to three boulders touched</target>
						<saveinfo>Will negates (harmless, object)</saveinfo>
						<school>
							<school>Transmutation</school>
							<subschool></subschool>
							<descriptor>Earth</descriptor>
							<fullschool>Transmutation [Earth]</fullschool>
						</school>
						<source>
							<source>Paizo Inc. - Monster Codex, 69</source>
							<sourcelevel>Drd2</sourcelevel>
							<sourcelink></sourcelink>
							<sourcepage>69</sourcepage>
							<sourceshort>MC</sourceshort>
						</source>
						<spell_resistance>Yes (harmless, object)</spell_resistance>
						<description>This spell works like magic stone, except you transmute as many as three boulders (rocks up to two size categories smaller than yourself) to use with the rock throwing ability or as siege engine ammunition. The boulder&#39;s damage increases by one step, and the boulder gains a + 1 enhancement bonus on attack and damage rolls.</description>
						<bonusspell></bonusspell>
				</spell>
				<spell>
						<name>Masterwork Transformation</name>
						<outputname>Masterwork Transformation</outputname>
						<times_memorized>1</times_memorized>
						<range>Touch</range>
						<components>V, S, M</components>
						<castingtime>1 hour</castingtime>
						<casterlevel>4</casterlevel>
						<concentration>+8</concentration>
						<dc></dc>
						<duration>Instantaneous</duration>
						<effect>Make a normal item into a masterwork one.</effect>
						<target>One weapon, suit of armor, tool, or skill kit touched</target>
						<saveinfo>None</saveinfo>
						<school>
							<school>Transmutation</school>
							<subschool></subschool>
							<descriptor></descriptor>
							<fullschool>Transmutation</fullschool>
						</school>
						<source>
							<source>Paizo Inc. - Ultimate Magic, p.228</source>
							<sourcelevel>Drd2</sourcelevel>
							<sourcelink>http://paizo.com/pathfinderRPG/prd/ultimateMagic/spells/masterworkTransformation.html#_masterwork-transformation</sourcelink>
							<sourcepage>p.228</sourcepage>
							<sourceshort>UM</sourceshort>
						</source>
						<spell_resistance>No</spell_resistance>
						<description>Make a normal item into a masterwork one.</description>
						<bonusspell></bonusspell>
				</spell>
				<spell>
						<name>Mud Buddy</name>
						<outputname>Mud Buddy</outputname>
						<times_memorized>1</times_memorized>
						<range>Close (35 ft.)</range>
						<components>V,S,M</components>
						<castingtime>1 standard action</castingtime>
						<casterlevel>4</casterlevel>
						<concentration>+8</concentration>
						<dc></dc>
						<duration>4 hours [D] [see text]</duration>
						<effect>You create a Small minion out of mud, and it obeys your commands. The mud buddy has AC 12, 10 hit points, Strength 5, and a speed of 30 feet. It can perform any tasks an unseen servant can, plus any similar tasks its Strength allows [it&#39;s able to lift up to 50 pounds], but instead of walking on water, it gains a swim speed of 30 feet. You can command a mud buddy to move up to 5 feet and trip an opponent [CMB = your caster level + your spellcasting ability score modifier]. After the trip attempt is resolved, the spell ends. When the spell ends, the mud buddy reverts to a patch of wet earth.</effect>
						<target>5 cubic feet of earth or mud</target>
						<saveinfo></saveinfo>
						<school>
							<school>Conjuration</school>
							<subschool>Creation</subschool>
							<descriptor></descriptor>
							<fullschool>Conjuration (Creation)</fullschool>
						</school>
						<source>
							<source>Paizo Inc. - Monster Codex, 105</source>
							<sourcelevel>Drd2</sourcelevel>
							<sourcelink></sourcelink>
							<sourcepage>105</sourcepage>
							<sourceshort>MC</sourceshort>
						</source>
						<spell_resistance></spell_resistance>
						<description>You create a Small minion out of mud, and it obeys your commands. The mud buddy has AC 12, 10 hit points, Strength 5, and a speed of 30 feet. It can perform any tasks an unseen servant can, plus any similar tasks its Strength allows (it&#39;s able to lift up to 50 pounds), but instead of walking on water, it gains a swim speed of 30 feet. You can command a mud buddy to move up to 5 feet and trip an opponent (CMB = your caster level + your spellcasting ability score modifier). After the trip attempt is resolved, the spell ends. When the spell ends, the mud buddy reverts to a patch of wet earth.</description>
						<bonusspell></bonusspell>
				</spell>
				<spell>
						<name>Natural Rhythm</name>
						<outputname>Natural Rhythm</outputname>
						<times_memorized>1</times_memorized>
						<range>Touch</range>
						<components>V, S, M</components>
						<castingtime>1 standard action</castingtime>
						<casterlevel>4</casterlevel>
						<concentration>+8</concentration>
						<dc>16</dc>
						<duration>4 rounds</duration>
						<effect>+1 on damage rolls with each hit 5.</effect>
						<target>creature touched</target>
						<saveinfo>Will negates (harmless)</saveinfo>
						<school>
							<school>Transmutation</school>
							<subschool></subschool>
							<descriptor></descriptor>
							<fullschool>Transmutation</fullschool>
						</school>
						<source>
							<source>Paizo Inc. - Advanced Player&#39;s Guide, p.233</source>
							<sourcelevel>Drd2</sourcelevel>
							<sourcelink>http://paizo.com/pathfinderRPG/prd/advanced/spells/naturalRhythm.html#_natural-rhythm-</sourcelink>
							<sourcepage>p.233</sourcepage>
							<sourceshort>APG</sourceshort>
						</source>
						<spell_resistance>Yes (harmless)</spell_resistance>
						<description>+1 on damage rolls with each hit (max +5).</description>
						<bonusspell></bonusspell>
				</spell>
				<spell>
						<name>Owl&#39;s Wisdom</name>
						<outputname>Owl&#39;s Wisdom</outputname>
						<times_memorized>1</times_memorized>
						<range>Touch</range>
						<components>V, S, M/DF</components>
						<castingtime>1 standard action</castingtime>
						<casterlevel>4</casterlevel>
						<concentration>+8</concentration>
						<dc>16</dc>
						<duration>4 minutes</duration>
						<effect>The transmuted creature becomes wiser gaining a +4 enhancement bonus to Wisdom.</effect>
						<target>Creature touched</target>
						<saveinfo>Will negates (harmless)</saveinfo>
						<school>
							<school>Transmutation</school>
							<subschool></subschool>
							<descriptor></descriptor>
							<fullschool>Transmutation</fullschool>
						</school>
						<source>
							<source>Paizo Inc. - Core Rulebook, p.318</source>
							<sourcelevel>Drd2</sourcelevel>
							<sourcelink>http://paizo.com/pathfinderRPG/prd/spells/owlSWisdom.html#_owl-s-wisdom</sourcelink>
							<sourcepage>p.318</sourcepage>
							<sourceshort>CR</sourceshort>
						</source>
						<spell_resistance>Yes</spell_resistance>
						<description>The transmuted creature becomes wiser gaining a +4 enhancement bonus to Wisdom.</description>
						<bonusspell></bonusspell>
				</spell>
				<spell>
						<name>Pernicious Poison</name>
						<outputname>Pernicious Poison</outputname>
						<times_memorized>1</times_memorized>
						<range>Touch</range>
						<components>V, S, DF</components>
						<castingtime>1 standard action</castingtime>
						<casterlevel>4</casterlevel>
						<concentration>+8</concentration>
						<dc></dc>
						<duration>40 minutes</duration>
						<effect>Target takes a -4 penalty against poison.</effect>
						<target>Creature touched</target>
						<saveinfo>None</saveinfo>
						<school>
							<school>Necromancy</school>
							<subschool></subschool>
							<descriptor>Poison</descriptor>
							<fullschool>Necromancy [Poison]</fullschool>
						</school>
						<source>
							<source>Paizo Inc. - Ultimate Magic, p.231</source>
							<sourcelevel>Drd2</sourcelevel>
							<sourcelink>http://paizo.com/pathfinderRPG/prd/ultimateMagic/spells/perniciousPoison.html#_pernicious-poison</sourcelink>
							<sourcepage>p.231</sourcepage>
							<sourceshort>UM</sourceshort>
						</source>
						<spell_resistance>Yes</spell_resistance>
						<description>Target takes a -4 penalty against poison.</description>
						<bonusspell></bonusspell>
				</spell>
				<spell>
						<name>Pouncing Fury</name>
						<outputname>Pouncing Fury</outputname>
						<times_memorized>1</times_memorized>
						<range>Personal</range>
						<components>V,S</components>
						<castingtime>1 standard action</castingtime>
						<casterlevel>4</casterlevel>
						<concentration>+8</concentration>
						<dc></dc>
						<duration>4 rounds</duration>
						<effect>Make a full attack with your claws after a charge.</effect>
						<target>You</target>
						<saveinfo></saveinfo>
						<school>
							<school>Transmutation</school>
							<subschool></subschool>
							<descriptor></descriptor>
							<fullschool>Transmutation</fullschool>
						</school>
						<source>
							<source>Paizo Inc. - Ultimate Wilderness, p.233</source>
							<sourcelevel>Drd2</sourcelevel>
							<sourcelink></sourcelink>
							<sourcepage>p.233</sourcepage>
							<sourceshort>UW</sourceshort>
						</source>
						<spell_resistance></spell_resistance>
						<description>Make a full attack with your claws after a charge.</description>
						<bonusspell></bonusspell>
				</spell>
				<spell>
						<name>Pox Pustules</name>
						<outputname>Pox Pustules</outputname>
						<times_memorized>1</times_memorized>
						<range>Close (35 ft.)</range>
						<components>V, S, M</components>
						<castingtime>1 standard action</castingtime>
						<casterlevel>4</casterlevel>
						<concentration>+8</concentration>
						<dc>16</dc>
						<duration>4 minutes</duration>
						<effect>Subject is sickened and has -4 Dex.</effect>
						<target>one creature</target>
						<saveinfo>Fortitude negates</saveinfo>
						<school>
							<school>Necromancy</school>
							<subschool></subschool>
							<descriptor>Disease</descriptor>
							<fullschool>Necromancy [Disease]</fullschool>
						</school>
						<source>
							<source>Paizo Inc. - Advanced Player&#39;s Guide, p.236</source>
							<sourcelevel>Drd2</sourcelevel>
							<sourcelink>http://paizo.com/pathfinderRPG/prd/advanced/spells/poxPustules.html#_pox-pustules</sourcelink>
							<sourcepage>p.236</sourcepage>
							<sourceshort>APG</sourceshort>
						</source>
						<spell_resistance>Yes</spell_resistance>
						<description>Subject is sickened and has -4 Dex.</description>
						<bonusspell></bonusspell>
				</spell>
				<spell>
						<name>Quick Change</name>
						<outputname>Quick Change</outputname>
						<times_memorized>1</times_memorized>
						<range>Personal</range>
						<components>V,S</components>
						<castingtime>1 standard action</castingtime>
						<casterlevel>4</casterlevel>
						<concentration>+8</concentration>
						<dc></dc>
						<duration>4 hours</duration>
						<effect>Use change shape as a swift action and surprise foes.</effect>
						<target>You</target>
						<saveinfo></saveinfo>
						<school>
							<school>Transmutation</school>
							<subschool>Polymorph</subschool>
							<descriptor></descriptor>
							<fullschool>Transmutation (Polymorph)</fullschool>
						</school>
						<source>
							<source>Paizo Inc. - Horror Adventures, p.125</source>
							<sourcelevel>Drd2</sourcelevel>
							<sourcelink>http://aonprd.com/SpellDisplay.aspx?ItemName=Quick%20Change</sourcelink>
							<sourcepage>p.125</sourcepage>
							<sourceshort>HA</sourceshort>
						</source>
						<spell_resistance></spell_resistance>
						<description>Use change shape as a swift action and surprise foes.</description>
						<bonusspell></bonusspell>
				</spell>
				<spell>
						<name>Recentering Drone</name>
						<outputname>Recentering Drone</outputname>
						<times_memorized>1</times_memorized>
						<range>Close (35 ft.)</range>
						<components>V,S,DF</components>
						<castingtime>1 standard action</castingtime>
						<casterlevel>4</casterlevel>
						<concentration>+8</concentration>
						<dc>16</dc>
						<duration>Concentration</duration>
						<effect>A target with the dazzled, fatigued, shaken, or sickened condition ignores the penalties of those conditions for the duration of this spell. A target with the blinded, exhausted, frightened, or nauseated conditions treats them as dazzled, fatigued, shaken, and sickened, respectively.</effect>
						<target>2 creatures [no two of which may be more than 30 ft. apart]</target>
						<saveinfo>Will negates (harmless)</saveinfo>
						<school>
							<school>Abjuration</school>
							<subschool></subschool>
							<descriptor></descriptor>
							<fullschool>Abjuration</fullschool>
						</school>
						<source>
							<source>Paizo Inc. - Pathfinder Player Companion: Champions of Balance, p.27</source>
							<sourcelevel>Drd2</sourcelevel>
							<sourcelink></sourcelink>
							<sourcepage>p.27</sourcepage>
							<sourceshort>COB</sourceshort>
						</source>
						<spell_resistance>Yes (harmless)</spell_resistance>
						<description>A target with the dazzled, fatigued, shaken, or sickened condition ignores the penalties of those conditions for the duration of this spell. A target with the blinded, exhausted, frightened, or nauseated conditions treats them as dazzled, fatigued, shaken, and sickened, respectively.</description>
						<bonusspell></bonusspell>
				</spell>
				<spell>
						<name>Reduce Animal</name>
						<outputname>Reduce Animal</outputname>
						<times_memorized>1</times_memorized>
						<range>Touch</range>
						<components>V, S</components>
						<castingtime>1 standard action</castingtime>
						<casterlevel>4</casterlevel>
						<concentration>+8</concentration>
						<dc></dc>
						<duration>4 hours [D]</duration>
						<effect>This spell functions like reduce person, except that it affects a single willing animal.</effect>
						<target>One willing animal of Small, Medium, Large, or Huge size</target>
						<saveinfo>None</saveinfo>
						<school>
							<school>Transmutation</school>
							<subschool></subschool>
							<descriptor></descriptor>
							<fullschool>Transmutation</fullschool>
						</school>
						<source>
							<source>Paizo Inc. - Core Rulebook, p.330</source>
							<sourcelevel>Drd2</sourcelevel>
							<sourcelink>http://paizo.com/pathfinderRPG/prd/spells/reduceAnimal.html#_reduce-animal</sourcelink>
							<sourcepage>p.330</sourcepage>
							<sourceshort>CR</sourceshort>
						</source>
						<spell_resistance>No</spell_resistance>
						<description>This spell functions like reduce person, except that it affects a single willing animal.</description>
						<bonusspell></bonusspell>
				</spell>
				<spell>
						<name>Resist Energy</name>
						<outputname>Resist Energy</outputname>
						<times_memorized>1</times_memorized>
						<range>Touch</range>
						<components>V, S, DF</components>
						<castingtime>1 standard action</castingtime>
						<casterlevel>4</casterlevel>
						<concentration>+8</concentration>
						<dc>16</dc>
						<duration>40 minutes</duration>
						<effect>This abjuration grants a creature limited protection from damage of whichever one of five energy types you select.</effect>
						<target>Creature touched</target>
						<saveinfo>Fortitude negates (harmless)</saveinfo>
						<school>
							<school>Abjuration, AirSchool, EarthSchool, FireSchool, WaterSchool</school>
							<subschool></subschool>
							<descriptor></descriptor>
							<fullschool>Abjuration, AirSchool, EarthSchool, FireSchool, WaterSchool</fullschool>
						</school>
						<source>
							<source>Paizo Inc. - Core Rulebook, p.334</source>
							<sourcelevel>Drd2</sourcelevel>
							<sourcelink>http://paizo.com/pathfinderRPG/prd/spells/resistEnergy.html#_resist-energy</sourcelink>
							<sourcepage>p.334</sourcepage>
							<sourceshort>CR</sourceshort>
						</source>
						<spell_resistance>Yes (harmless)</spell_resistance>
						<description>This abjuration grants a creature limited protection from damage of whichever one of five energy types you select.</description>
						<bonusspell></bonusspell>
				</spell>
				<spell>
						<name>Restoration (Lesser)</name>
						<outputname>Restoration (Lesser)</outputname>
						<times_memorized>1</times_memorized>
						<range>Touch</range>
						<components>V, S</components>
						<castingtime>3 rounds</castingtime>
						<casterlevel>4</casterlevel>
						<concentration>+8</concentration>
						<dc>16</dc>
						<duration>Instantaneous</duration>
						<effect>Lesser restoration dispels any magical effects reducing one of the subject&#39;s ability scores or cures 1d4 points of temporary ability damage to one of the subject&#39;s ability scores.</effect>
						<target>Creature touched</target>
						<saveinfo>Will negates (harmless)</saveinfo>
						<school>
							<school>Conjuration</school>
							<subschool>Healing</subschool>
							<descriptor></descriptor>
							<fullschool>Conjuration (Healing)</fullschool>
						</school>
						<source>
							<source>Paizo Inc. - Core Rulebook, p.334</source>
							<sourcelevel>Drd2</sourcelevel>
							<sourcelink>http://paizo.com/pathfinderRPG/prd/spells/restoration.html#_restoration-lesser</sourcelink>
							<sourcepage>p.334</sourcepage>
							<sourceshort>CR</sourceshort>
						</source>
						<spell_resistance>Yes (harmless)</spell_resistance>
						<description>Lesser restoration dispels any magical effects reducing one of the subject&#39;s ability scores or cures 1d4 points of temporary ability damage to one of the subject&#39;s ability scores.</description>
						<bonusspell></bonusspell>
				</spell>
				<spell>
						<name>Scale Spikes</name>
						<outputname>Scale Spikes</outputname>
						<times_memorized>1</times_memorized>
						<range>Close (35 ft.)</range>
						<components>V,S,M/DF</components>
						<castingtime>1 standard action</castingtime>
						<casterlevel>4</casterlevel>
						<concentration>+8</concentration>
						<dc>16</dc>
						<duration>4 minutes</duration>
						<effect>When the target is affected by this spell, its scales grow jagged spikes. These spikes act like +1 armor spikes. The subject is automatically considered proficient with these scale spikes.</effect>
						<target>4 living creatures-reptile, dragon type, or reptilian subtype-with a natural armor bonus of at least +1</target>
						<saveinfo>Fort negates (harmless)</saveinfo>
						<school>
							<school>Transmutation</school>
							<subschool></subschool>
							<descriptor></descriptor>
							<fullschool>Transmutation</fullschool>
						</school>
						<source>
							<source>Paizo Inc. - Monster Codex, 141</source>
							<sourcelevel>Drd2</sourcelevel>
							<sourcelink></sourcelink>
							<sourcepage>141</sourcepage>
							<sourceshort>MC</sourceshort>
						</source>
						<spell_resistance>Yes (harmless)</spell_resistance>
						<description>When the target is affected by this spell, its scales grow jagged spikes. These spikes act like +1 armor spikes. The subject is automatically considered proficient with these scale spikes.</description>
						<bonusspell></bonusspell>
				</spell>
				<spell>
						<name>Scamper</name>
						<outputname>Scamper</outputname>
						<times_memorized>1</times_memorized>
						<range>Close (35 ft.)</range>
						<components>V,S</components>
						<castingtime>1 swift action</castingtime>
						<casterlevel>4</casterlevel>
						<concentration>+8</concentration>
						<dc></dc>
						<duration>1 round; see text</duration>
						<effect>Grant your animal companion astonishing agility.</effect>
						<target>Your animal companion</target>
						<saveinfo>None</saveinfo>
						<school>
							<school>Transmutation</school>
							<subschool></subschool>
							<descriptor></descriptor>
							<fullschool>Transmutation</fullschool>
						</school>
						<source>
							<source>Paizo Inc. - Ultimate Wilderness, p.234</source>
							<sourcelevel>Drd2</sourcelevel>
							<sourcelink></sourcelink>
							<sourcepage>p.234</sourcepage>
							<sourceshort>UW</sourceshort>
						</source>
						<spell_resistance>No</spell_resistance>
						<description>Grant your animal companion astonishing agility.</description>
						<bonusspell></bonusspell>
				</spell>
				<spell>
						<name>Scent Trail</name>
						<outputname>Scent Trail</outputname>
						<times_memorized>1</times_memorized>
						<range>Close (35 ft.)</range>
						<components>V, S, M</components>
						<castingtime>1 standard action</castingtime>
						<casterlevel>4</casterlevel>
						<concentration>+8</concentration>
						<dc>16</dc>
						<duration>4 hours</duration>
						<effect>Trail: Leave trail for allies to follow.</effect>
						<target>4 creatures, no two of which can be more than 30 ft. apart</target>
						<saveinfo>Fortitude negates (harmless)</saveinfo>
						<school>
							<school>Transmutation</school>
							<subschool></subschool>
							<descriptor></descriptor>
							<fullschool>Transmutation</fullschool>
						</school>
						<source>
							<source>Paizo Inc. - Advanced Player&#39;s Guide, p.241</source>
							<sourcelevel>Drd2</sourcelevel>
							<sourcelink>http://paizo.com/pathfinderRPG/prd/advanced/spells/scentTrail.html#_scent-trail-</sourcelink>
							<sourcepage>p.241</sourcepage>
							<sourceshort>APG</sourceshort>
						</source>
						<spell_resistance>Yes (harmless)</spell_resistance>
						<description>Trail: Leave trail for allies to follow.</description>
						<bonusspell></bonusspell>
				</spell>
				<spell>
						<name>Sea Steed</name>
						<outputname>Sea Steed</outputname>
						<times_memorized>1</times_memorized>
						<range>Touch</range>
						<components>V,S,DF</components>
						<castingtime>1 standard action</castingtime>
						<casterlevel>4</casterlevel>
						<concentration>+8</concentration>
						<dc>16</dc>
						<duration>40 minutes [D]</duration>
						<effect>Your mount adapts to an aquatic environment.</effect>
						<target>A creature you are mounted upon</target>
						<saveinfo>Will negates (harmless)</saveinfo>
						<school>
							<school>Transmutation</school>
							<subschool>Polymorph</subschool>
							<descriptor></descriptor>
							<fullschool>Transmutation (Polymorph)</fullschool>
						</school>
						<source>
							<source>Paizo Inc. - Ultimate Wilderness, p.234</source>
							<sourcelevel>Drd2</sourcelevel>
							<sourcelink></sourcelink>
							<sourcepage>p.234</sourcepage>
							<sourceshort>UW</sourceshort>
						</source>
						<spell_resistance>Yes (harmless)</spell_resistance>
						<description>Your mount adapts to an aquatic environment.</description>
						<bonusspell></bonusspell>
				</spell>
				<spell>
						<name>Sense Fear</name>
						<outputname>Sense Fear</outputname>
						<times_memorized>1</times_memorized>
						<range>Personal</range>
						<components>V,S,M/DF</components>
						<castingtime>1 standard action</castingtime>
						<casterlevel>4</casterlevel>
						<concentration>+8</concentration>
						<dc></dc>
						<duration>40 minutes [D]</duration>
						<effect>Perceive nearby creatures that are experiencing fear.</effect>
						<target>You</target>
						<saveinfo></saveinfo>
						<school>
							<school>Divination</school>
							<subschool></subschool>
							<descriptor></descriptor>
							<fullschool>Divination</fullschool>
						</school>
						<source>
							<source>Paizo Inc. - Horror Adventures, p.127</source>
							<sourcelevel>Drd2</sourcelevel>
							<sourcelink>http://aonprd.com/SpellDisplay.aspx?ItemName=Sense%20Fear</sourcelink>
							<sourcepage>p.127</sourcepage>
							<sourceshort>HA</sourceshort>
						</source>
						<spell_resistance></spell_resistance>
						<description>Perceive nearby creatures that are experiencing fear.</description>
						<bonusspell></bonusspell>
				</spell>
				<spell>
						<name>Share Language</name>
						<outputname>Share Language</outputname>
						<times_memorized>1</times_memorized>
						<range>Touch</range>
						<components>V, S, M</components>
						<castingtime>1 standard action</castingtime>
						<casterlevel>4</casterlevel>
						<concentration>+8</concentration>
						<dc>16</dc>
						<duration>24 hours</duration>
						<effect>Subject understands chosen language.</effect>
						<target>creature touched</target>
						<saveinfo>Will negates (harmless)</saveinfo>
						<school>
							<school>Divination</school>
							<subschool></subschool>
							<descriptor></descriptor>
							<fullschool>Divination</fullschool>
						</school>
						<source>
							<source>Paizo Inc. - Advanced Player&#39;s Guide, p.243</source>
							<sourcelevel>Drd2</sourcelevel>
							<sourcelink>http://paizo.com/pathfinderRPG/prd/advanced/spells/shareLanguage.html#_share-language-</sourcelink>
							<sourcepage>p.243</sourcepage>
							<sourceshort>APG</sourceshort>
						</source>
						<spell_resistance>Yes (harmless)</spell_resistance>
						<description>Subject understands chosen language.</description>
						<bonusspell></bonusspell>
				</spell>
				<spell>
						<name>Sickening Entanglement</name>
						<outputname>Sickening Entanglement</outputname>
						<times_memorized>1</times_memorized>
						<range>Long (560 ft.)</range>
						<components>V, S, DF</components>
						<castingtime>1 standard action</castingtime>
						<casterlevel>4</casterlevel>
						<concentration>+8</concentration>
						<dc>16</dc>
						<duration>4 minutes [D]</duration>
						<effect>As entangle, but plants have sickening sap.</effect>
						<target>Plants in a 40-ft.-radius spread</target>
						<saveinfo>Reflex partial and Fortitude negates (see text), Reflex partial; see text</saveinfo>
						<school>
							<school>Transmutation</school>
							<subschool></subschool>
							<descriptor>Poison</descriptor>
							<fullschool>Transmutation [Poison]</fullschool>
						</school>
						<source>
							<source>Paizo Inc. - Advanced Class Guide, p.192</source>
							<sourcelevel>Drd2</sourcelevel>
							<sourcelink>http://paizo.com/pathfinderRPG/prd/advancedClassGuide/spells/sickeningEntanglement.html</sourcelink>
							<sourcepage>p.192</sourcepage>
							<sourceshort>ACG</sourceshort>
						</source>
						<spell_resistance>no</spell_resistance>
						<description>As entangle, but plants have sickening sap.</description>
						<bonusspell></bonusspell>
				</spell>
				<spell>
						<name>Slipstream</name>
						<outputname>Slipstream</outputname>
						<times_memorized>1</times_memorized>
						<range>Touch</range>
						<components>V, S, M/DF</components>
						<castingtime>1 standard action</castingtime>
						<casterlevel>4</casterlevel>
						<concentration>+8</concentration>
						<dc>16</dc>
						<duration>40 minutes [D]</duration>
						<effect>Wave boosts creature&#39;s speed.</effect>
						<target>creature touched</target>
						<saveinfo>Reflex negates (harmless)</saveinfo>
						<school>
							<school>Conjuration, WaterSchool</school>
							<subschool>Creation</subschool>
							<descriptor>Water</descriptor>
							<fullschool>Conjuration, WaterSchool (Creation) [Water]</fullschool>
						</school>
						<source>
							<source>Paizo Inc. - Advanced Player&#39;s Guide, p.244</source>
							<sourcelevel>Drd2</sourcelevel>
							<sourcelink>http://paizo.com/pathfinderRPG/prd/advanced/spells/slipstream.html#_slipstream</sourcelink>
							<sourcepage>p.244</sourcepage>
							<sourceshort>APG</sourceshort>
						</source>
						<spell_resistance>No</spell_resistance>
						<description>Wave boosts creature&#39;s speed.</description>
						<bonusspell></bonusspell>
				</spell>
				<spell>
						<name>Soften Earth and Stone</name>
						<outputname>Soften Earth and Stone</outputname>
						<times_memorized>1</times_memorized>
						<range>Close (35 ft.)</range>
						<components>V, S, DF</components>
						<castingtime>1 standard action</castingtime>
						<casterlevel>4</casterlevel>
						<concentration>+8</concentration>
						<dc></dc>
						<duration>Instantaneous</duration>
						<effect>When this spell is cast, all natural, undressed earth or stone in the spell&#39;s area is softened.</effect>
						<target>4 10-ft. squares; see text</target>
						<saveinfo>None</saveinfo>
						<school>
							<school>Transmutation</school>
							<subschool></subschool>
							<descriptor>Earth</descriptor>
							<fullschool>Transmutation [Earth]</fullschool>
						</school>
						<source>
							<source>Paizo Inc. - Core Rulebook, p.345</source>
							<sourcelevel>Drd2</sourcelevel>
							<sourcelink>http://paizo.com/pathfinderRPG/prd/spells/softenEarthAndStone.html#_soften-earth-and-stone</sourcelink>
							<sourcepage>p.345</sourcepage>
							<sourceshort>CR</sourceshort>
						</source>
						<spell_resistance>No</spell_resistance>
						<description>When this spell is cast, all natural, undressed earth or stone in the spell&#39;s area is softened.</description>
						<bonusspell></bonusspell>
				</spell>
				<spell>
						<name>Spider Climb</name>
						<outputname>Spider Climb</outputname>
						<times_memorized>1</times_memorized>
						<range>Touch</range>
						<components>V, S, M</components>
						<castingtime>1 standard action</castingtime>
						<casterlevel>4</casterlevel>
						<concentration>+8</concentration>
						<dc>16</dc>
						<duration>40 minutes</duration>
						<effect>The subject can climb and travel on vertical surfaces or even traverse ceilings as well as a spider does.</effect>
						<target>Creature touched</target>
						<saveinfo>Will negates (harmless)</saveinfo>
						<school>
							<school>Transmutation</school>
							<subschool></subschool>
							<descriptor></descriptor>
							<fullschool>Transmutation</fullschool>
						</school>
						<source>
							<source>Paizo Inc. - Core Rulebook, p.347</source>
							<sourcelevel>Drd2</sourcelevel>
							<sourcelink>http://paizo.com/pathfinderRPG/prd/spells/spiderClimb.html#_spider-climb</sourcelink>
							<sourcepage>p.347</sourcepage>
							<sourceshort>CR</sourceshort>
						</source>
						<spell_resistance>Yes (harmless)</spell_resistance>
						<description>The subject can climb and travel on vertical surfaces or even traverse ceilings as well as a spider does.</description>
						<bonusspell></bonusspell>
				</spell>
				<spell>
						<name>Spindrift Spritz</name>
						<outputname>Spindrift Spritz</outputname>
						<times_memorized>1</times_memorized>
						<range>Close (35 ft.)</range>
						<components>V,S</components>
						<castingtime>1 immediate action</castingtime>
						<casterlevel>4</casterlevel>
						<concentration>+8</concentration>
						<dc>16</dc>
						<duration>Instantaneous</duration>
						<effect>Target takes the better of two rolls when attempting a saving throw against an effect that would cause the fatigued, shaken, sickened, or staggered conditions</effect>
						<target>One creature</target>
						<saveinfo>Will negates (harmless)</saveinfo>
						<school>
							<school>Conjuration, WaterSchool</school>
							<subschool>Healing</subschool>
							<descriptor>Water</descriptor>
							<fullschool>Conjuration, WaterSchool (Healing) [Water]</fullschool>
						</school>
						<source>
							<source>Paizo Inc. - Pathfinder Player Companion: Elemental Master&#39;s Handbook, p.14</source>
							<sourcelevel>Drd2</sourcelevel>
							<sourcelink></sourcelink>
							<sourcepage>p.14</sourcepage>
							<sourceshort>EMH</sourceshort>
						</source>
						<spell_resistance>Yes (harmless)</spell_resistance>
						<description>Target takes the better of two rolls when attempting a saving throw against an effect that would cause the fatigued, shaken, sickened, or staggered conditions</description>
						<bonusspell></bonusspell>
				</spell>
				<spell>
						<name>Stone Call</name>
						<outputname>Stone Call</outputname>
						<times_memorized>1</times_memorized>
						<range>Medium (140 ft.)</range>
						<components>V, S, DF</components>
						<castingtime>1 standard action</castingtime>
						<casterlevel>4</casterlevel>
						<concentration>+8</concentration>
						<dc></dc>
						<duration>4 rounds</duration>
						<effect>2d6 damage to all creatures in area.</effect>
						<target>cylinder 40</target>
						<saveinfo>None</saveinfo>
						<school>
							<school>Conjuration, EarthSchool</school>
							<subschool>Creation</subschool>
							<descriptor>Earth</descriptor>
							<fullschool>Conjuration, EarthSchool (Creation) [Earth]</fullschool>
						</school>
						<source>
							<source>Paizo Inc. - Advanced Player&#39;s Guide, p.247</source>
							<sourcelevel>Drd2</sourcelevel>
							<sourcelink>http://paizo.com/pathfinderRPG/prd/advanced/spells/stoneCall.html#_stone-call</sourcelink>
							<sourcepage>p.247</sourcepage>
							<sourceshort>APG</sourceshort>
						</source>
						<spell_resistance>No</spell_resistance>
						<description>2d6 damage to all creatures in area.</description>
						<bonusspell></bonusspell>
				</spell>
				<spell>
						<name>Stone Discus</name>
						<outputname>Stone Discus</outputname>
						<times_memorized>1</times_memorized>
						<range>Close (35 ft.)</range>
						<components>V, S, M</components>
						<castingtime>1 standard action</castingtime>
						<casterlevel>4</casterlevel>
						<concentration>+8</concentration>
						<dc>16</dc>
						<duration>Instantaneous</duration>
						<effect>Flying discus deals bludgeoning or slashing damage.</effect>
						<target>one or more stone discuses</target>
						<saveinfo>none</saveinfo>
						<school>
							<school>Conjuration</school>
							<subschool>Creation</subschool>
							<descriptor>Earth</descriptor>
							<fullschool>Conjuration (Creation) [Earth]</fullschool>
						</school>
						<source>
							<source>Paizo Inc. - Advanced Class Guide, p.194</source>
							<sourcelevel>Drd2</sourcelevel>
							<sourcelink>http://paizo.com/pathfinderRPG/prd/advancedClassGuide/spells/stoneDiscus.html</sourcelink>
							<sourcepage>p.194</sourcepage>
							<sourceshort>ACG</sourceshort>
						</source>
						<spell_resistance>no</spell_resistance>
						<description>Flying discus deals bludgeoning or slashing damage.</description>
						<bonusspell></bonusspell>
				</spell>
				<spell>
						<name>Summon Nature&#39;s Ally II</name>
						<outputname>Summon Nature&#39;s Ally II</outputname>
						<times_memorized>1</times_memorized>
						<range>Close (35 ft.)</range>
						<components>V, S, DF</components>
						<castingtime>1 round</castingtime>
						<casterlevel>4</casterlevel>
						<concentration>+8</concentration>
						<dc></dc>
						<duration>4 rounds [D]</duration>
						<effect>This spell functions as summon nature&#39;s ally I, except that you summon one 2nd-level creature or 1d3 1st-level creatures of the same kind.</effect>
						<target>One summoned creature</target>
						<saveinfo>None</saveinfo>
						<school>
							<school>Conjuration</school>
							<subschool>Summoning</subschool>
							<descriptor></descriptor>
							<fullschool>Conjuration (Summoning)</fullschool>
						</school>
						<source>
							<source>Paizo Inc. - Core Rulebook, p.354</source>
							<sourcelevel>Drd2</sourcelevel>
							<sourcelink>http://paizo.com/pathfinderRPG/prd/spells/summonNatureSAlly.html#_summon-nature-s-ally-ii</sourcelink>
							<sourcepage>p.354</sourcepage>
							<sourceshort>CR</sourceshort>
						</source>
						<spell_resistance>No</spell_resistance>
						<description>This spell functions as summon nature&#39;s ally I, except that you summon one 2nd-level creature or 1d3 1st-level creatures of the same kind.</description>
						<bonusspell></bonusspell>
				</spell>
				<spell>
						<name>Summon Swarm</name>
						<outputname>Summon Swarm</outputname>
						<times_memorized>1</times_memorized>
						<range>Close (35 ft.)</range>
						<components>V, S, M/DF</components>
						<castingtime>1 round</castingtime>
						<casterlevel>4</casterlevel>
						<concentration>+8</concentration>
						<dc></dc>
						<duration>Concentration + 2 rounds</duration>
						<effect>You summon a swarm of bats, rats, or spiders [your choice], which attacks all other creatures within its area.</effect>
						<target>One swarm of bats, rats, or spiders</target>
						<saveinfo>None</saveinfo>
						<school>
							<school>Conjuration</school>
							<subschool>Summoning</subschool>
							<descriptor></descriptor>
							<fullschool>Conjuration (Summoning)</fullschool>
						</school>
						<source>
							<source>Paizo Inc. - Core Rulebook, p.354</source>
							<sourcelevel>Drd2</sourcelevel>
							<sourcelink>http://paizo.com/pathfinderRPG/prd/spells/summonSwarm.html#_summon-swarm</sourcelink>
							<sourcepage>p.354</sourcepage>
							<sourceshort>CR</sourceshort>
						</source>
						<spell_resistance>No</spell_resistance>
						<description>You summon a swarm of bats, rats, or spiders (your choice), which attacks all other creatures within its area.</description>
						<bonusspell></bonusspell>
				</spell>
				<spell>
						<name>Tar Ball</name>
						<outputname>Tar Ball</outputname>
						<times_memorized>1</times_memorized>
						<range>Close (35 ft.)</range>
						<components>V, S, M</components>
						<castingtime>1 standard action</castingtime>
						<casterlevel>4</casterlevel>
						<concentration>+8</concentration>
						<dc></dc>
						<duration>Instantaneous</duration>
						<effect>Burning tar harms target and penalizes its Dex.</effect>
						<target>Ranged attack</target>
						<saveinfo>None</saveinfo>
						<school>
							<school>Transmutation</school>
							<subschool></subschool>
							<descriptor></descriptor>
							<fullschool>Transmutation</fullschool>
						</school>
						<source>
							<source>Paizo Inc. - Ultimate Magic, p.243</source>
							<sourcelevel>Drd2</sourcelevel>
							<sourcelink>http://paizo.com/pathfinderRPG/prd/ultimateMagic/spells/tarBall.html#_tar-ball</sourcelink>
							<sourcepage>p.243</sourcepage>
							<sourceshort>UM</sourceshort>
						</source>
						<spell_resistance>No</spell_resistance>
						<description>Burning tar harms target and penalizes its Dex.</description>
						<bonusspell></bonusspell>
				</spell>
				<spell>
						<name>Tree Shape</name>
						<outputname>Tree Shape</outputname>
						<times_memorized>1</times_memorized>
						<range>Personal</range>
						<components>V, S, DF</components>
						<castingtime>1 standard action</castingtime>
						<casterlevel>4</casterlevel>
						<concentration>+8</concentration>
						<dc></dc>
						<duration>4 hours [D]</duration>
						<effect>This spell allows you to assume the form of a Large living tree or shrub or a Large dead tree trunk with a small number of limbs.</effect>
						<target>You</target>
						<saveinfo></saveinfo>
						<school>
							<school>Transmutation</school>
							<subschool></subschool>
							<descriptor>WoodSchool</descriptor>
							<fullschool>Transmutation [WoodSchool]</fullschool>
						</school>
						<source>
							<source>Paizo Inc. - Core Rulebook, p.362</source>
							<sourcelevel>Drd2</sourcelevel>
							<sourcelink>http://paizo.com/pathfinderRPG/prd/spells/treeShape.html#_tree-shape</sourcelink>
							<sourcepage>p.362</sourcepage>
							<sourceshort>CR</sourceshort>
						</source>
						<spell_resistance></spell_resistance>
						<description>This spell allows you to assume the form of a Large living tree or shrub or a Large dead tree trunk with a small number of limbs.</description>
						<bonusspell></bonusspell>
				</spell>
				<spell>
						<name>Unshakable Chill</name>
						<outputname>Unshakable Chill</outputname>
						<times_memorized>1</times_memorized>
						<range>Close (35 ft.)</range>
						<components>V, S, M</components>
						<castingtime>1 standard action</castingtime>
						<casterlevel>4</casterlevel>
						<concentration>+8</concentration>
						<dc>16</dc>
						<duration>40 minutes; see text</duration>
						<effect>Target is afflicted with severe cold.</effect>
						<target>One creature</target>
						<saveinfo>Fortitude negates (see text)</saveinfo>
						<school>
							<school>Necromancy</school>
							<subschool></subschool>
							<descriptor>Cold</descriptor>
							<fullschool>Necromancy [Cold]</fullschool>
						</school>
						<source>
							<source>Paizo Inc. - Ultimate Magic, p.246</source>
							<sourcelevel>Drd2</sourcelevel>
							<sourcelink>http://paizo.com/pathfinderRPG/prd/ultimateMagic/spells/unshakableChill.html#_unshakable-chill</sourcelink>
							<sourcepage>p.246</sourcepage>
							<sourceshort>UM</sourceshort>
						</source>
						<spell_resistance>Yes</spell_resistance>
						<description>Target is afflicted with severe cold.</description>
						<bonusspell></bonusspell>
				</spell>
				<spell>
						<name>Vine Strike</name>
						<outputname>Vine Strike</outputname>
						<times_memorized>1</times_memorized>
						<range>Personal</range>
						<components>V,S</components>
						<castingtime>1 standard action</castingtime>
						<casterlevel>4</casterlevel>
						<concentration>+8</concentration>
						<dc>16</dc>
						<duration>4 minute [D]</duration>
						<effect>Enhance one of your natural or unarmed attacks with thorny vine growth.</effect>
						<target>You</target>
						<saveinfo>Reflex negates (see text)</saveinfo>
						<school>
							<school>Conjuration</school>
							<subschool>Creation</subschool>
							<descriptor></descriptor>
							<fullschool>Conjuration (Creation)</fullschool>
						</school>
						<source>
							<source>Paizo Inc. - Ultimate Wilderness, p.237</source>
							<sourcelevel>Drd2</sourcelevel>
							<sourcelink></sourcelink>
							<sourcepage>p.237</sourcepage>
							<sourceshort>UW</sourceshort>
						</source>
						<spell_resistance>Yes</spell_resistance>
						<description>Enhance one of your natural or unarmed attacks with thorny vine growth.</description>
						<bonusspell></bonusspell>
				</spell>
				<spell>
						<name>Warp Wood</name>
						<outputname>Warp Wood</outputname>
						<times_memorized>1</times_memorized>
						<range>Close (35 ft.)</range>
						<components>V, S</components>
						<castingtime>1 standard action</castingtime>
						<casterlevel>4</casterlevel>
						<concentration>+8</concentration>
						<dc>16</dc>
						<duration>Instantaneous</duration>
						<effect>You cause wood to bend and warp, permanently destroying its straightness, form, and strength.</effect>
						<target>4 Small wooden objects, all within a 20-ft. radius</target>
						<saveinfo>Will negates (object)</saveinfo>
						<school>
							<school>Transmutation</school>
							<subschool></subschool>
							<descriptor></descriptor>
							<fullschool>Transmutation</fullschool>
						</school>
						<source>
							<source>Paizo Inc. - Core Rulebook, p.368</source>
							<sourcelevel>Drd2</sourcelevel>
							<sourcelink>http://paizo.com/pathfinderRPG/prd/spells/warpWood.html#_warp-wood</sourcelink>
							<sourcepage>p.368</sourcepage>
							<sourceshort>CR</sourceshort>
						</source>
						<spell_resistance>Yes (object)</spell_resistance>
						<description>You cause wood to bend and warp, permanently destroying its straightness, form, and strength.</description>
						<bonusspell></bonusspell>
				</spell>
				<spell>
						<name>Wartrain Mount</name>
						<outputname>Wartrain Mount</outputname>
						<times_memorized>1</times_memorized>
						<range>Close (35 ft.)</range>
						<components>V, S, M</components>
						<castingtime>1 minute</castingtime>
						<casterlevel>4</casterlevel>
						<concentration>+8</concentration>
						<dc></dc>
						<duration>4 hours</duration>
						<effect>Animal gains combat training.</effect>
						<target>One indifferent or friendly animal</target>
						<saveinfo>None</saveinfo>
						<school>
							<school>Enchantment</school>
							<subschool>Compulsion</subschool>
							<descriptor>Mind-Affecting</descriptor>
							<fullschool>Enchantment (Compulsion) [Mind-Affecting]</fullschool>
						</school>
						<source>
							<source>Paizo Inc. - Ultimate Magic, p.248</source>
							<sourcelevel>Drd2</sourcelevel>
							<sourcelink>http://paizo.com/pathfinderRPG/prd/ultimateMagic/spells/wartrainMount.html#_wartrain-mount</sourcelink>
							<sourcepage>p.248</sourcepage>
							<sourceshort>UM</sourceshort>
						</source>
						<spell_resistance>Yes</spell_resistance>
						<description>Animal gains combat training.</description>
						<bonusspell></bonusspell>
				</spell>
				<spell>
						<name>Web Shelter</name>
						<outputname>Web Shelter</outputname>
						<times_memorized>1</times_memorized>
						<range>Close (35 ft.)</range>
						<components>V, S, DF</components>
						<castingtime>1 minute</castingtime>
						<casterlevel>4</casterlevel>
						<concentration>+8</concentration>
						<dc></dc>
						<duration>4 hours [D]</duration>
						<effect>Create a comfortable shelter made of webbing.</effect>
						<target>5 ft.-10 ft. diameter web sphere or 5 ft.-20 ft. hemisphere</target>
						<saveinfo>None</saveinfo>
						<school>
							<school>Conjuration</school>
							<subschool>Creation</subschool>
							<descriptor></descriptor>
							<fullschool>Conjuration (Creation)</fullschool>
						</school>
						<source>
							<source>Paizo Inc. - Ultimate Magic, p.249</source>
							<sourcelevel>Drd2</sourcelevel>
							<sourcelink>http://paizo.com/pathfinderRPG/prd/ultimateMagic/spells/webShelter.html#_web-shelter</sourcelink>
							<sourcepage>p.249</sourcepage>
							<sourceshort>UM</sourceshort>
						</source>
						<spell_resistance>No</spell_resistance>
						<description>Create a comfortable shelter made of webbing.</description>
						<bonusspell></bonusspell>
				</spell>
				<spell>
						<name>Whip of Spiders</name>
						<outputname>Whip of Spiders</outputname>
						<times_memorized>1</times_memorized>
						<range>0 Ft.</range>
						<components>V, S, M/DF</components>
						<castingtime>1 standard action</castingtime>
						<casterlevel>4</casterlevel>
						<concentration>+8</concentration>
						<dc>16</dc>
						<duration>4 rounds [D [see text]]</duration>
						<effect>Create a whip made of poisonous spiders.</effect>
						<target>whiplike swarm</target>
						<saveinfo>none</saveinfo>
						<school>
							<school>Conjuration</school>
							<subschool>Summoning</subschool>
							<descriptor></descriptor>
							<fullschool>Conjuration (Summoning)</fullschool>
						</school>
						<source>
							<source>Paizo Inc. - Advanced Class Guide, p.199</source>
							<sourcelevel>Drd2</sourcelevel>
							<sourcelink>http://paizo.com/pathfinderRPG/prd/advancedClassGuide/spells/whipOfSpiders.html</sourcelink>
							<sourcepage>p.199</sourcepage>
							<sourceshort>ACG</sourceshort>
						</source>
						<spell_resistance>yes</spell_resistance>
						<description>Create a whip made of poisonous spiders.</description>
						<bonusspell></bonusspell>
				</spell>
				<spell>
						<name>Wilderness Soldiers</name>
						<outputname>Wilderness Soldiers</outputname>
						<times_memorized>1</times_memorized>
						<range>30ft.</range>
						<components>V, S</components>
						<castingtime>1 standard action</castingtime>
						<casterlevel>4</casterlevel>
						<concentration>+8</concentration>
						<dc></dc>
						<duration>4 rounds</duration>
						<effect>Nearby plants aid you in combat.</effect>
						<target>30-ft.-radius emanation, centered on you</target>
						<saveinfo>None</saveinfo>
						<school>
							<school>Transmutation</school>
							<subschool></subschool>
							<descriptor></descriptor>
							<fullschool>Transmutation</fullschool>
						</school>
						<source>
							<source>Paizo Inc. - Ultimate Combat, p.249</source>
							<sourcelevel>Drd2</sourcelevel>
							<sourcelink>http://paizo.com/pathfinderRPG/prd/ultimateCombat/spells/wildernessSoldiers.html#_wilderness-soldiers</sourcelink>
							<sourcepage>p.249</sourcepage>
							<sourceshort>UC</sourceshort>
						</source>
						<spell_resistance>No</spell_resistance>
						<description>Nearby plants aid you in combat.</description>
						<bonusspell></bonusspell>
				</spell>
				<spell>
						<name>Winter Grasp</name>
						<outputname>Winter Grasp</outputname>
						<times_memorized>1</times_memorized>
						<range>Medium (140 ft.)</range>
						<components>V,S,M/DF</components>
						<castingtime>1 standard action</castingtime>
						<casterlevel>4</casterlevel>
						<concentration>+8</concentration>
						<dc></dc>
						<duration>4 rounds</duration>
						<effect>Create a slippery sheet of ice on the ground.</effect>
						<target>20-ft.-radius spread</target>
						<saveinfo>None</saveinfo>
						<school>
							<school>Conjuration</school>
							<subschool>Creation</subschool>
							<descriptor>Cold, Water</descriptor>
							<fullschool>Conjuration (Creation) [Cold, Water]</fullschool>
						</school>
						<source>
							<source>Paizo Inc. - Ultimate Wilderness, p.237</source>
							<sourcelevel>Drd2</sourcelevel>
							<sourcelink></sourcelink>
							<sourcepage>p.237</sourcepage>
							<sourceshort>UW</sourceshort>
						</source>
						<spell_resistance>No</spell_resistance>
						<description>Create a slippery sheet of ice on the ground.</description>
						<bonusspell></bonusspell>
				</spell>
				<spell>
						<name>With the Wind</name>
						<outputname>With the Wind</outputname>
						<times_memorized>1</times_memorized>
						<range>Close (35 ft.)</range>
						<components>V,S</components>
						<castingtime>1 standard action</castingtime>
						<casterlevel>4</casterlevel>
						<concentration>+8</concentration>
						<dc>16</dc>
						<duration>4 minutes</duration>
						<effect>Protect a target from being blown away by wind of less than windstorm force.</effect>
						<target>One creature</target>
						<saveinfo>Will negates (harmless)</saveinfo>
						<school>
							<school>Abjuration</school>
							<subschool></subschool>
							<descriptor>Air</descriptor>
							<fullschool>Abjuration [Air]</fullschool>
						</school>
						<source>
							<source>Paizo Inc. - Ultimate Wilderness, p.237</source>
							<sourcelevel>Drd2</sourcelevel>
							<sourcelink></sourcelink>
							<sourcepage>p.237</sourcepage>
							<sourceshort>UW</sourceshort>
						</source>
						<spell_resistance>Yes(harmless)</spell_resistance>
						<description>Protect a target from being blown away by wind of less than windstorm force.</description>
						<bonusspell></bonusspell>
				</spell>
				<spell>
						<name>Wood Shape</name>
						<outputname>Wood Shape</outputname>
						<times_memorized>1</times_memorized>
						<range>Touch</range>
						<components>V, S, DF</components>
						<castingtime>1 standard action</castingtime>
						<casterlevel>4</casterlevel>
						<concentration>+8</concentration>
						<dc>16</dc>
						<duration>Instantaneous</duration>
						<effect>Wood shape enables you to form one existing piece of wood into any shape that suits your purpose.</effect>
						<target>One touched piece of wood no larger than 14 cu. ft.</target>
						<saveinfo>Will negates (object)</saveinfo>
						<school>
							<school>Transmutation</school>
							<subschool></subschool>
							<descriptor></descriptor>
							<fullschool>Transmutation</fullschool>
						</school>
						<source>
							<source>Paizo Inc. - Core Rulebook, p.370</source>
							<sourcelevel>Drd2</sourcelevel>
							<sourcelink>http://paizo.com/pathfinderRPG/prd/spells/woodShape.html#_wood-shape</sourcelink>
							<sourcepage>p.370</sourcepage>
							<sourceshort>CR</sourceshort>
						</source>
						<spell_resistance>Yes (object)</spell_resistance>
						<description>Wood shape enables you to form one existing piece of wood into any shape that suits your purpose.</description>
						<bonusspell></bonusspell>
				</spell>
			</level>
			<level number="3" known="0" cast="0">
			</level>
			<level number="4" known="0" cast="0">
			</level>
			<level number="5" known="0" cast="0">
			</level>
			<level number="6" known="0" cast="0">
			</level>
			<level number="7" known="0" cast="0">
			</level>
			<level number="8" known="0" cast="0">
			</level>
			<level number="9" known="0" cast="0">
			</level>
		</class>
	</known_spells>
		<!-- ### END Known spells ### -->

		<!-- ### BEGIN memorized spells ### -->
	<memorized_spells/>
	<!-- ### END class Spellbook memorized spells ### -->
	</spells>
	<!-- ### Additional House Rules for Variables in the xsl:fo code ### -->
	<house_var>
		<spelldisplaydc>0.0</spelldisplaydc>
		<OldStyleAbilityStatBlockDisplay>0.0</OldStyleAbilityStatBlockDisplay>
	</house_var>
</character>
