<?xml version="1.0" encoding="UTF-8"?>
<!--
-->
<character>
	<export>
		<date>X</date>
		<time>X</time>
		<version>6.09.08.RC1</version>
		<paperinfo>
			<name>A4</name>
			<height>297mm</height>
			<width>210mm</width>
			<margins>
				<top>10mm</top>
				<bottom>15mm</bottom>
				<left>10mm</left>
				<right>10mm</right>
			</margins>
		</paperinfo>
		<directories>
			<pcgen>X</pcgen>
			<templates>X</templates>
			<pcg>X</pcg>
			<html>X</html>
			<temp>X</temp>
		</directories>
		<invalidtext>
			<tohit>N/A</tohit>
			<damage>N/A</damage>
		</invalidtext>
	</export>
	<unit_set>
		<name>Imperial</name>
		<height_unit>ftin</height_unit>
		<distance_unit> ft.</distance_unit>
		<weight_unit> lbs.</weight_unit>
	</unit_set>
	<!--
	  ====================================
	  ====================================
			BIO
	  ====================================
	  ====================================-->
	<basics>
		<bonuses></bonuses>
		<bonuses></bonuses>
		<bonuses></bonuses>
		<bonuses></bonuses>
		<name>PFRPG Cleric</name>
		<followerof></followerof>
		<playername></playername>
		<charactertype>PC</charactertype>
		<hero_points>0</hero_points>
		<age>22</age>
		<alignment>
			<long>Neutral Good</long>
			<short>NG</short>
		</alignment>
		<archetypes>
		</archetypes>
		<bab>+2</bab>
		<bio><para>Grew up on a farm, encouraged to the service of Sarenrae by the local priest.</para><para></para><para>Has adventured in service of the church for a year and now is looking to form an adventuring party to hunt through the Vericostial catacombs for undead that have been snatching citizens.</para></bio>
		<birthday></birthday>
		<birthplace>Farm</birthplace>
		<catchphrase>Get these spiders off me!</catchphrase>
		<classes>
			<class>
				<name>Cleric</name>
				<abbreviation>Clr</abbreviation>
				<level>3</level>
				<bonuslist>Cleric</bonuslist>
				<sequence>0</sequence>
				<sequence_shortform>Clr3</sequence_shortform>
			</class>
			<levels_total>3</levels_total>
			<levels_ecl>3</levels_ecl>
			<!-- shortform below should be removed - it can be derived from class info above -->
			<shortform>Clr3</shortform>
			<!-- CLASSLIST is not extracted because we can derive it from the information above -->
		</classes>
		<deity>
			<name>Sarenrae</name>
			<alignment>NG</alignment>
			<description>Goddess of the sun, redemption, honesty, healing</description>
			<domainlist>Agathion Subdomain, Day Subdomain, Fire, Glory, Good, Healing, Heroism Subdomain, Light Subdomain, Restoration Subdomain, Resurrection Subdomain, Sun</domainlist>
			<favoredweapon>Scimitar</favoredweapon>
			<holyitem></holyitem>
			<pantheonlist>Pathfinder Chronicles</pantheonlist>
			<source>Paizo Inc. - Advanced Player&#39;s Guide, p.91</source>
			<special_abilities></special_abilities>
			<appearance></appearance>
			<title></title>
			<worshippers></worshippers>
		</deity>
		<description></description>
		<experience>
			<current>5000</current>
			<next_level>9000</next_level>
			<factor>100%</factor>
			<penalty>0%</penalty>
		</experience>
		<eyes>
			<color>Blue</color>
		</eyes>
		<hair>
			<color>Blond</color>
			<length>Neat</length>
		</hair>
		<skin>
			<color>Pasty</color>
		</skin>
		<cr>2</cr>
		<face>
			<face>5 ft. by 5 ft.</face>
			<short>5 ft.</short>
			<squares>1 x 1</squares>
		</face>
		<favoredlist></favoredlist>
		<followerlist></followerlist>
		<gender>
			<long>Male</long>
			<short>Male</short>
		</gender>
		<handed>Right</handed>
		<height>
			<total>5&#39; 11&quot;</total>
			<feet>5</feet>
			<inches>11</inches>
		</height>
		<hitdice>(3d8)+1</hitdice>
		<image>file:C:\Users\USER\Documents\PCGen\characters/PFRPG Cleric.jpg</image>
		<interests>Folklore</interests>
		<languages>
			<language>Celestial</language>
			<language>Common</language>
			<language></language>
			<all>Celestial, Common</all>
		</languages>
		<location></location>
		<move>
			<move>
				<name>Walk</name>
				<rate>20 ft.</rate>
				<squares>4</squares>
			</move>
			<all>Walk 20 ft.</all>
		</move>
		<personality>
			<trait>Depressed</trait>
			<trait>Egoist</trait>
		</personality>
		<portrait>
			<portrait></portrait>
			<portrait_thumb></portrait_thumb>
		</portrait>
		<phobias>Sinning</phobias>
			<race>Human</race>
		<race>
			<racetype>Humanoid</racetype>
		</race>
		<reach>
			<reach>5 ft.</reach>
			<squares>1</squares>
		</reach>
		<region>None</region>
		<reputation>0</reputation>
		<residence></residence>
		<size>
			<long>Medium</long>
			<short>M</short>
		</size>
		<speechtendency>High-pitched</speechtendency>
		<type>Humanoid</type>
		<vision>
			<all></all>
		</vision>
		<wealth>0</wealth>
		<gold>41</gold>
		<weight>
			<weight_unit>185 lbs.</weight_unit>
			<weight_nounit>185</weight_nounit>
		</weight>
		<poolpoints>
			<cost>25</cost>
			<current>0</current>
		</poolpoints>
		<notes>
		</notes>
	</basics>

	<!-- Use ASPECT.NotesSection.x and ASPECT.Notes.y	-->
	<!--
	  ====================================
	  ====================================
			ABILITIES
	  ====================================
	  ====================================-->
	<abilities>
		<ability>
			<name>
				<long>Strength</long>
				<short>STR</short>
			</name>
			<score>10</score>
			<modifier>+0</modifier>
		<!--
		Old BASE tag does not give stats with racial, and other permentant adjustments.
		Use NOTEMP.NOEQUIP instead of BASE gives the correct results.

			<base>10</base>
			<basemod>+0</basemod>
		-->
			<base>10</base>
			<basemod>+0</basemod>

			<noequip>10</noequip>
			<noequip_mod>+0</noequip_mod>
			<no_temp_score>10</no_temp_score>
			<no_temp_modifier>+0</no_temp_modifier>
		</ability>
		<ability>
			<name>
				<long>Dexterity</long>
				<short>DEX</short>
			</name>
			<score>10</score>
			<modifier>+0</modifier>
		<!--
		Old BASE tag does not give stats with racial, and other permentant adjustments.
		Use NOTEMP.NOEQUIP instead of BASE gives the correct results.

			<base>10</base>
			<basemod>+0</basemod>
		-->
			<base>10</base>
			<basemod>+0</basemod>

			<noequip>10</noequip>
			<noequip_mod>+0</noequip_mod>
			<no_temp_score>10</no_temp_score>
			<no_temp_modifier>+0</no_temp_modifier>
		</ability>
		<ability>
			<name>
				<long>Constitution</long>
				<short>CON</short>
			</name>
			<score>11</score>
			<modifier>+0</modifier>
		<!--
		Old BASE tag does not give stats with racial, and other permentant adjustments.
		Use NOTEMP.NOEQUIP instead of BASE gives the correct results.

			<base>11</base>
			<basemod>+0</basemod>
		-->
			<base>11</base>
			<basemod>+0</basemod>

			<noequip>11</noequip>
			<noequip_mod>+0</noequip_mod>
			<no_temp_score>11</no_temp_score>
			<no_temp_modifier>+0</no_temp_modifier>
		</ability>
		<ability>
			<name>
				<long>Intelligence</long>
				<short>INT</short>
			</name>
			<score>10</score>
			<modifier>+0</modifier>
		<!--
		Old BASE tag does not give stats with racial, and other permentant adjustments.
		Use NOTEMP.NOEQUIP instead of BASE gives the correct results.

			<base>10</base>
			<basemod>+0</basemod>
		-->
			<base>10</base>
			<basemod>+0</basemod>

			<noequip>10</noequip>
			<noequip_mod>+0</noequip_mod>
			<no_temp_score>10</no_temp_score>
			<no_temp_modifier>+0</no_temp_modifier>
		</ability>
		<ability>
			<name>
				<long>Wisdom</long>
				<short>WIS</short>
			</name>
			<score>18</score>
			<modifier>+4</modifier>
		<!--
		Old BASE tag does not give stats with racial, and other permentant adjustments.
		Use NOTEMP.NOEQUIP instead of BASE gives the correct results.

			<base>18</base>
			<basemod>+4</basemod>
		-->
			<base>18</base>
			<basemod>+4</basemod>

			<noequip>18</noequip>
			<noequip_mod>+4</noequip_mod>
			<no_temp_score>18</no_temp_score>
			<no_temp_modifier>+4</no_temp_modifier>
		</ability>
		<ability>
			<name>
				<long>Charisma</long>
				<short>CHA</short>
			</name>
			<score>17</score>
			<modifier>+3</modifier>
		<!--
		Old BASE tag does not give stats with racial, and other permentant adjustments.
		Use NOTEMP.NOEQUIP instead of BASE gives the correct results.

			<base>15</base>
			<basemod>+2</basemod>
		-->
			<base>17</base>
			<basemod>+3</basemod>

			<noequip>17</noequip>
			<noequip_mod>+3</noequip_mod>
			<no_temp_score>17</no_temp_score>
			<no_temp_modifier>+3</no_temp_modifier>
		</ability>
	</abilities>
	<!--
	  ====================================
	  ====================================
			HIT POINTS
	  ====================================
	  ====================================-->
	<hit_points>
		<usealternatedamage>0</usealternatedamage>
		<points>25</points>
		<alternate>22</alternate>
		<die>(3d8)+1</die>
		<die_short>3</die_short>
		<current/>
		<subdual/>
		<damage_reduction></damage_reduction>
		<damage_threshold>0</damage_threshold>
		<history>
			<roll>
				<level>1</level>
				<roll>8</roll>
				<stat>0</stat>
				<total>8</total>
			</roll>
			<roll>
				<level>2</level>
				<roll>8</roll>
				<stat>0</stat>
				<total>8</total>
			</roll>
			<roll>
				<level>3</level>
				<roll>8</roll>
				<stat>0</stat>
				<total>8</total>
			</roll>
		</history>
	</hit_points>
	<!--
	  ====================================
	  ====================================
			ARMOR CLASS
	  ====================================
	  ====================================-->
	<armor_class>
		<total>16</total>
		<listing>ARMOR +5, BASE +10, SHIELD +1</listing>
		<flat>16</flat>
		<touch>10</touch>
		<base>10</base>
		<armor_bonus>5</armor_bonus>
		<shield_bonus>1</shield_bonus>
		<stat_mod>0</stat_mod>
		<size_mod>0</size_mod>
		<natural>0</natural>
		<deflection>0</deflection>
		<dodge>0</dodge>
		<dodge_bonus>0</dodge_bonus>
		<class_bonus>0</class_bonus>
		<misc>0</misc>
		<insight>0</insight>
		<morale>0</morale>
		<sacred>0</sacred>
		<profane>0</profane>
		<miss_chance/>
		<max_dex>+3</max_dex>
		<spell_failure>30</spell_failure>
		<check_penalty>-5</check_penalty>
		<spell_resistance>0</spell_resistance>
	</armor_class>
	<!--
	  ====================================
	  ====================================
			INITIATIVE
	  ====================================
	  ====================================-->
	<initiative>
		<total>+0</total>
		<dex_mod>+0</dex_mod>
		<misc_mod>+0</misc_mod>
		<spell_failure>30</spell_failure>
		<check_penalty>-5</check_penalty>
		<spell_resistance>0</spell_resistance>
		<hero_points>0</hero_points>
	</initiative>
	<!--
	  ====================================
	  ====================================
			SKILLS
	  ====================================
	  ====================================-->
	<skillinfo>
		<conditional_modifiers>
		</conditional_modifiers>
	</skillinfo>
	<skills>
		<conditional_modifiers>
		</conditional_modifiers>
		<skillpoints>
			<total>9</total>
			<used>8</used>
			<unused>1</unused>
			<eclipse_total>0</eclipse_total>
		</skillpoints>
		<list_mods>Diplomacy +10, Heal +10, Intimidate +5, Knowledge (Planes) +4, Knowledge (Religion) +4, Linguistics +4, Sense Motive +8, Spellcraft +4</list_mods>
			<max_class_skill_level>3</max_class_skill_level>
		<max_cross_class_skill_level>3.0</max_cross_class_skill_level>
		<skill>
			<name>Acrobatics</name>
			<ranks>0.0</ranks>
			<mod>-5<!-- Mods from abilities, equipment, etc -->
			</mod>
			<skill_mod>-5</skill_mod>
			<ability_mod>0<!-- Mod from the key ability -->
			</ability_mod>
			<misc_mod>-5<!-- This is a calc value of TOTAL-RANK-ABMOD -->
			</misc_mod>
			<ability>DEX</ability>
			<synergy>Acrobatics</synergy>
			<untrained>Y</untrained>
			<exclusive>N</exclusive>
			<trained_total>-5</trained_total>
			<exclusive_total>-5</exclusive_total>
			<classes></classes>
			<type>Dexterity.ACHECK.Base</type>
		</skill>
		<skill>
			<name>Acrobatics (When Jumping)</name>
			<ranks>0.0</ranks>
			<mod>-9<!-- Mods from abilities, equipment, etc -->
			</mod>
			<skill_mod>-9</skill_mod>
			<ability_mod>0<!-- Mod from the key ability -->
			</ability_mod>
			<misc_mod>-9<!-- This is a calc value of TOTAL-RANK-ABMOD -->
			</misc_mod>
			<ability>DEX</ability>
			<synergy>Acrobatics (When Jumping)</synergy>
			<untrained>Y</untrained>
			<exclusive>N</exclusive>
			<trained_total>-9</trained_total>
			<exclusive_total>-9</exclusive_total>
			<classes></classes>
			<type>Dexterity.ACHECK.Base</type>
		</skill>
		<skill>
			<name>Appraise</name>
			<ranks>0.0</ranks>
			<mod>0<!-- Mods from abilities, equipment, etc -->
			</mod>
			<skill_mod>0</skill_mod>
			<ability_mod>0<!-- Mod from the key ability -->
			</ability_mod>
			<misc_mod>0<!-- This is a calc value of TOTAL-RANK-ABMOD -->
			</misc_mod>
			<ability>INT</ability>
			<synergy>Appraise</synergy>
			<untrained>Y</untrained>
			<exclusive>N</exclusive>
			<trained_total>0</trained_total>
			<exclusive_total>0</exclusive_total>
			<classes>Cleric</classes>
			<type>Intelligence.Base</type>
		</skill>
		<skill>
			<name>Bluff</name>
			<ranks>0.0</ranks>
			<mod>3<!-- Mods from abilities, equipment, etc -->
			</mod>
			<skill_mod>3</skill_mod>
			<ability_mod>3<!-- Mod from the key ability -->
			</ability_mod>
			<misc_mod>0<!-- This is a calc value of TOTAL-RANK-ABMOD -->
			</misc_mod>
			<ability>CHA</ability>
			<synergy>Bluff</synergy>
			<untrained>Y</untrained>
			<exclusive>N</exclusive>
			<trained_total>3</trained_total>
			<exclusive_total>3</exclusive_total>
			<classes></classes>
			<type>Charisma.Base</type>
		</skill>
		<skill>
			<name>Climb</name>
			<ranks>0.0</ranks>
			<mod>-5<!-- Mods from abilities, equipment, etc -->
			</mod>
			<skill_mod>-5</skill_mod>
			<ability_mod>0<!-- Mod from the key ability -->
			</ability_mod>
			<misc_mod>-5<!-- This is a calc value of TOTAL-RANK-ABMOD -->
			</misc_mod>
			<ability>STR</ability>
			<synergy>Climb</synergy>
			<untrained>Y</untrained>
			<exclusive>N</exclusive>
			<trained_total>-5</trained_total>
			<exclusive_total>-5</exclusive_total>
			<classes></classes>
			<type>Strength.ACHECK.Base</type>
		</skill>
		<skill>
			<name>Craft (Untrained)</name>
			<ranks>0.0</ranks>
			<mod>0<!-- Mods from abilities, equipment, etc -->
			</mod>
			<skill_mod>0</skill_mod>
			<ability_mod>0<!-- Mod from the key ability -->
			</ability_mod>
			<misc_mod>0<!-- This is a calc value of TOTAL-RANK-ABMOD -->
			</misc_mod>
			<ability>INT</ability>
			<synergy>Craft (Untrained)</synergy>
			<untrained>Y</untrained>
			<exclusive>N</exclusive>
			<trained_total>0</trained_total>
			<exclusive_total>0</exclusive_total>
			<classes>Cleric</classes>
			<type>Intelligence.Craft</type>
		</skill>
		<skill>
			<name>Diplomacy</name>
			<ranks>2.0</ranks>
			<mod>8<!-- Mods from abilities, equipment, etc -->
			</mod>
			<skill_mod>10</skill_mod>
			<ability_mod>3<!-- Mod from the key ability -->
			</ability_mod>
			<misc_mod>5<!-- This is a calc value of TOTAL-RANK-ABMOD -->
			</misc_mod>
			<ability>CHA</ability>
			<synergy>Diplomacy</synergy>
			<untrained>Y</untrained>
			<exclusive>N</exclusive>
			<trained_total>10</trained_total>
			<exclusive_total>10</exclusive_total>
			<classes>Cleric</classes>
			<type>Charisma.Base</type>
		</skill>
		<skill>
			<name>Disguise</name>
			<ranks>0.0</ranks>
			<mod>3<!-- Mods from abilities, equipment, etc -->
			</mod>
			<skill_mod>3</skill_mod>
			<ability_mod>3<!-- Mod from the key ability -->
			</ability_mod>
			<misc_mod>0<!-- This is a calc value of TOTAL-RANK-ABMOD -->
			</misc_mod>
			<ability>CHA</ability>
			<synergy>Disguise</synergy>
			<untrained>Y</untrained>
			<exclusive>N</exclusive>
			<trained_total>3</trained_total>
			<exclusive_total>3</exclusive_total>
			<classes></classes>
			<type>Charisma.Base</type>
		</skill>
		<skill>
			<name>Escape Artist</name>
			<ranks>0.0</ranks>
			<mod>-5<!-- Mods from abilities, equipment, etc -->
			</mod>
			<skill_mod>-5</skill_mod>
			<ability_mod>0<!-- Mod from the key ability -->
			</ability_mod>
			<misc_mod>-5<!-- This is a calc value of TOTAL-RANK-ABMOD -->
			</misc_mod>
			<ability>DEX</ability>
			<synergy>Escape Artist</synergy>
			<untrained>Y</untrained>
			<exclusive>N</exclusive>
			<trained_total>-5</trained_total>
			<exclusive_total>-5</exclusive_total>
			<classes></classes>
			<type>Dexterity.ACHECK.Base</type>
		</skill>
		<skill>
			<name>Fly</name>
			<ranks>0.0</ranks>
			<mod>-5<!-- Mods from abilities, equipment, etc -->
			</mod>
			<skill_mod>-5</skill_mod>
			<ability_mod>0<!-- Mod from the key ability -->
			</ability_mod>
			<misc_mod>-5<!-- This is a calc value of TOTAL-RANK-ABMOD -->
			</misc_mod>
			<ability>DEX</ability>
			<synergy>Fly</synergy>
			<untrained>Y</untrained>
			<exclusive>N</exclusive>
			<trained_total>-5</trained_total>
			<exclusive_total>-5</exclusive_total>
			<classes></classes>
			<type>Dexterity.ACHECK.Base</type>
		</skill>
		<skill>
			<name>Heal</name>
			<ranks>3.0</ranks>
			<mod>7<!-- Mods from abilities, equipment, etc -->
			</mod>
			<skill_mod>10</skill_mod>
			<ability_mod>4<!-- Mod from the key ability -->
			</ability_mod>
			<misc_mod>3<!-- This is a calc value of TOTAL-RANK-ABMOD -->
			</misc_mod>
			<ability>WIS</ability>
			<synergy>Heal</synergy>
			<untrained>Y</untrained>
			<exclusive>N</exclusive>
			<trained_total>10</trained_total>
			<exclusive_total>10</exclusive_total>
			<classes>Cleric</classes>
			<type>Wisdom.Base</type>
		</skill>
		<skill>
			<name>Intimidate</name>
			<ranks>0.0</ranks>
			<mod>5<!-- Mods from abilities, equipment, etc -->
			</mod>
			<skill_mod>5</skill_mod>
			<ability_mod>3<!-- Mod from the key ability -->
			</ability_mod>
			<misc_mod>2<!-- This is a calc value of TOTAL-RANK-ABMOD -->
			</misc_mod>
			<ability>CHA</ability>
			<synergy>Intimidate</synergy>
			<untrained>Y</untrained>
			<exclusive>N</exclusive>
			<trained_total>5</trained_total>
			<exclusive_total>5</exclusive_total>
			<classes></classes>
			<type>Charisma.Base</type>
		</skill>
		<skill>
			<name>Knowledge (Planes)</name>
			<ranks>1.0</ranks>
			<mod>3<!-- Mods from abilities, equipment, etc -->
			</mod>
			<skill_mod>4</skill_mod>
			<ability_mod>0<!-- Mod from the key ability -->
			</ability_mod>
			<misc_mod>3<!-- This is a calc value of TOTAL-RANK-ABMOD -->
			</misc_mod>
			<ability>INT</ability>
			<synergy>Knowledge (Planes)</synergy>
			<untrained>NO</untrained>
			<exclusive>N</exclusive>
			<trained_total>4</trained_total>
			<exclusive_total>4</exclusive_total>
			<classes>Cleric</classes>
			<type>Intelligence.Knowledge.Base</type>
		</skill>
		<skill>
			<name>Knowledge (Religion)</name>
			<ranks>1.0</ranks>
			<mod>3<!-- Mods from abilities, equipment, etc -->
			</mod>
			<skill_mod>4</skill_mod>
			<ability_mod>0<!-- Mod from the key ability -->
			</ability_mod>
			<misc_mod>3<!-- This is a calc value of TOTAL-RANK-ABMOD -->
			</misc_mod>
			<ability>INT</ability>
			<synergy>Knowledge (Religion)</synergy>
			<untrained>NO</untrained>
			<exclusive>N</exclusive>
			<trained_total>4</trained_total>
			<exclusive_total>4</exclusive_total>
			<classes>Cleric</classes>
			<type>Intelligence.Knowledge.Base</type>
		</skill>
		<skill>
			<name>Linguistics(Celestial)</name>
			<ranks>1.0</ranks>
			<mod>3<!-- Mods from abilities, equipment, etc -->
			</mod>
			<skill_mod>4</skill_mod>
			<ability_mod>0<!-- Mod from the key ability -->
			</ability_mod>
			<misc_mod>3<!-- This is a calc value of TOTAL-RANK-ABMOD -->
			</misc_mod>
			<ability>INT</ability>
			<synergy>Linguistics(Celestial)</synergy>
			<untrained>NO</untrained>
			<exclusive>N</exclusive>
			<trained_total>4</trained_total>
			<exclusive_total>4</exclusive_total>
			<classes>Cleric</classes>
			<type>Intelligence.Base</type>
		</skill>
		<skill>
			<name>Perception</name>
			<ranks>0.0</ranks>
			<mod>4<!-- Mods from abilities, equipment, etc -->
			</mod>
			<skill_mod>4</skill_mod>
			<ability_mod>4<!-- Mod from the key ability -->
			</ability_mod>
			<misc_mod>0<!-- This is a calc value of TOTAL-RANK-ABMOD -->
			</misc_mod>
			<ability>WIS</ability>
			<synergy>Perception</synergy>
			<untrained>Y</untrained>
			<exclusive>N</exclusive>
			<trained_total>4</trained_total>
			<exclusive_total>4</exclusive_total>
			<classes></classes>
			<type>Wisdom.Base</type>
		</skill>
		<skill>
			<name>Perform (Untrained)</name>
			<ranks>0.0</ranks>
			<mod>3<!-- Mods from abilities, equipment, etc -->
			</mod>
			<skill_mod>3</skill_mod>
			<ability_mod>3<!-- Mod from the key ability -->
			</ability_mod>
			<misc_mod>0<!-- This is a calc value of TOTAL-RANK-ABMOD -->
			</misc_mod>
			<ability>CHA</ability>
			<synergy>Perform (Untrained)</synergy>
			<untrained>Y</untrained>
			<exclusive>N</exclusive>
			<trained_total>3</trained_total>
			<exclusive_total>3</exclusive_total>
			<classes></classes>
			<type>Charisma.Perform</type>
		</skill>
		<skill>
			<name>Ride</name>
			<ranks>0.0</ranks>
			<mod>-5<!-- Mods from abilities, equipment, etc -->
			</mod>
			<skill_mod>-5</skill_mod>
			<ability_mod>0<!-- Mod from the key ability -->
			</ability_mod>
			<misc_mod>-5<!-- This is a calc value of TOTAL-RANK-ABMOD -->
			</misc_mod>
			<ability>DEX</ability>
			<synergy>Ride</synergy>
			<untrained>Y</untrained>
			<exclusive>N</exclusive>
			<trained_total>-5</trained_total>
			<exclusive_total>-5</exclusive_total>
			<classes></classes>
			<type>Dexterity.ACHECK.Base</type>
		</skill>
		<skill>
			<name>Sense Motive</name>
			<ranks>1.0</ranks>
			<mod>7<!-- Mods from abilities, equipment, etc -->
			</mod>
			<skill_mod>8</skill_mod>
			<ability_mod>4<!-- Mod from the key ability -->
			</ability_mod>
			<misc_mod>3<!-- This is a calc value of TOTAL-RANK-ABMOD -->
			</misc_mod>
			<ability>WIS</ability>
			<synergy>Sense Motive</synergy>
			<untrained>Y</untrained>
			<exclusive>N</exclusive>
			<trained_total>8</trained_total>
			<exclusive_total>8</exclusive_total>
			<classes>Cleric</classes>
			<type>Wisdom.Base</type>
		</skill>
		<skill>
			<name>Spellcraft</name>
			<ranks>1.0</ranks>
			<mod>3<!-- Mods from abilities, equipment, etc -->
			</mod>
			<skill_mod>4</skill_mod>
			<ability_mod>0<!-- Mod from the key ability -->
			</ability_mod>
			<misc_mod>3<!-- This is a calc value of TOTAL-RANK-ABMOD -->
			</misc_mod>
			<ability>INT</ability>
			<synergy>Spellcraft</synergy>
			<untrained>NO</untrained>
			<exclusive>N</exclusive>
			<trained_total>4</trained_total>
			<exclusive_total>4</exclusive_total>
			<classes>Cleric</classes>
			<type>Intelligence.Base</type>
		</skill>
		<skill>
			<name>Stealth</name>
			<ranks>0.0</ranks>
			<mod>-5<!-- Mods from abilities, equipment, etc -->
			</mod>
			<skill_mod>-5</skill_mod>
			<ability_mod>0<!-- Mod from the key ability -->
			</ability_mod>
			<misc_mod>-5<!-- This is a calc value of TOTAL-RANK-ABMOD -->
			</misc_mod>
			<ability>DEX</ability>
			<synergy>Stealth</synergy>
			<untrained>Y</untrained>
			<exclusive>N</exclusive>
			<trained_total>-5</trained_total>
			<exclusive_total>-5</exclusive_total>
			<classes></classes>
			<type>Dexterity.ACHECK.Base</type>
		</skill>
		<skill>
			<name>Survival</name>
			<ranks>0.0</ranks>
			<mod>4<!-- Mods from abilities, equipment, etc -->
			</mod>
			<skill_mod>4</skill_mod>
			<ability_mod>4<!-- Mod from the key ability -->
			</ability_mod>
			<misc_mod>0<!-- This is a calc value of TOTAL-RANK-ABMOD -->
			</misc_mod>
			<ability>WIS</ability>
			<synergy>Survival</synergy>
			<untrained>Y</untrained>
			<exclusive>N</exclusive>
			<trained_total>4</trained_total>
			<exclusive_total>4</exclusive_total>
			<classes></classes>
			<type>Wisdom.Base</type>
		</skill>
		<skill>
			<name>Swim</name>
			<ranks>0.0</ranks>
			<mod>-5<!-- Mods from abilities, equipment, etc -->
			</mod>
			<skill_mod>-5</skill_mod>
			<ability_mod>0<!-- Mod from the key ability -->
			</ability_mod>
			<misc_mod>-5<!-- This is a calc value of TOTAL-RANK-ABMOD -->
			</misc_mod>
			<ability>STR</ability>
			<synergy>Swim</synergy>
			<untrained>Y</untrained>
			<exclusive>N</exclusive>
			<trained_total>-5</trained_total>
			<exclusive_total>-5</exclusive_total>
			<classes></classes>
			<type>Strength.ACHECK.Base</type>
		</skill>

	<!-- Skills -->
	</skills>
	<!--
	  ====================================
	  ====================================
			SAVING THROWS
	  ====================================
	  ====================================-->
	<saving_throws>
		<conditional_modifiers>
		</conditional_modifiers>
		<saving_throw>
			<name>
				<long>fortitude</long>
				<short>fort</short>
			</name>
				<ability>constitution</ability>
			<total>+3</total>
			<base>+3</base>
			<abil_mod>+0</abil_mod>
			<feats>+0</feats>
			<magic_mod>+0</magic_mod>
			<misc_mod>+0</misc_mod>
			<misc_w_magic_mod>+0</misc_w_magic_mod>
			<race>+0</race>
			<epic_mod>+0</epic_mod>
			<temp_mod/>
		</saving_throw>
		<saving_throw>
			<name>
				<long>reflex</long>
				<short>ref</short>
			</name>
				<ability>dexterity</ability>
			<total>+1</total>
			<base>+1</base>
			<abil_mod>+0</abil_mod>
			<feats>+0</feats>
			<magic_mod>+0</magic_mod>
			<misc_mod>+0</misc_mod>
			<misc_w_magic_mod>+0</misc_w_magic_mod>
			<race>+0</race>
			<epic_mod>+0</epic_mod>
			<temp_mod/>
		</saving_throw>
		<saving_throw>
			<name>
				<long>will</long>
				<short>will</short>
			</name>
				<ability>wisdom</ability>
			<total>+7</total>
			<base>+3</base>
			<abil_mod>+4</abil_mod>
			<feats>+0</feats>
			<magic_mod>+0</magic_mod>
			<misc_mod>+0</misc_mod>
			<misc_w_magic_mod>+0</misc_w_magic_mod>
			<race>+0</race>
			<epic_mod>+0</epic_mod>
			<temp_mod/>
		</saving_throw>
	</saving_throws>
	<!--
	  ====================================
	  ====================================
			ATTACK
	  ====================================
	  ====================================-->
	<attack>
			<conditional_modifiers>
			</conditional_modifiers>

		<melee>
			<total>+2</total>
			<total_short>+2</total_short>
			<bab>+2</bab>
			<!-- +2 -->
			<base_attack_bonus>+2</base_attack_bonus>
			<stat_mod>+0</stat_mod>
			<size_mod>+0</size_mod>
			<misc_mod>+0</misc_mod>
			<epic_mod>0</epic_mod>
			<!-- +0 -->
			<temp_mod/>
		</melee>
		<ranged>
			<total>+2</total>
			<bab>+2</bab>
			<!-- +2 -->
			<base_attack_bonus>+2</base_attack_bonus>
			<stat_mod>+0</stat_mod>
			<size_mod>+0</size_mod>
			<misc_mod>+0</misc_mod>
			<epic_mod>0</epic_mod>
			<!-- +0 -->
			<temp_mod/>
		</ranged>
			<!-- Either CMB block, or Grapple Block -->
			<cmb>
				<!-- Base stuff for standard block -->
				<title>CMB</title>
				<total>+2</total>
				<bab>+2</bab>
				<base_attack_bonus>+2</base_attack_bonus>
				<stat_mod>+0</stat_mod>
				<size_mod>+0</size_mod>
				<misc_mod></misc_mod>	
				<epic_mod/>
				<temp_mod/>
				<!-- Base values (not yet used) -->
				<grapple_base>+2</grapple_base>
				<trip_base>+2</trip_base>
				<disarm_base>+2</disarm_base>
				<sunder_base>+2</sunder_base>
				<bullrush_base>+0</bullrush_base>
				<overrun_base>+2</overrun_base>
				<!-- Defense values -->
				<!-- Pathfinder (final release) -->
				<!-- Attack values -->
				<grapple_attack>+2</grapple_attack>
				<trip_attack>+2</trip_attack>
				<disarm_attack>+2</disarm_attack>
				<sunder_attack>+2</sunder_attack>
				<bullrush_attack>+2</bullrush_attack>
				<overrun_attack>+2</overrun_attack>
				<!-- Defense values -->
				<defense>12</defense>
				<grapple_defense>12</grapple_defense>
				<trip_defense>
				12
				</trip_defense>
				<disarm_defense>12</disarm_defense>
				<sunder_defense>12</sunder_defense>
				<bullrush_defense>12</bullrush_defense>
				<overrun_defense>12</overrun_defense>

			</cmb>
		<!-- End CMB / Grapple Block -->
	</attack>
	<!--
	  ====================================
	  ====================================
			WEAPONS
	  ====================================
	  ====================================-->

	<weapons>
		<unarmed>
			<total>+2</total>
			<damage>1d3</damage>
			<critical>20/x2</critical>
			<!-- Should be changed to a variable due to improved crit -->
			<reach>5 ft.</reach>
						<!-- Commenting this out (will need a test as well)
			3.0 uses "Subdual", 3.5 uses "nonlethal".  We'll need a separate node for both.	-->
			<type>(nonlethal only)</type>
		</unarmed>
		<!-- Spirit Weapon - Melee -->

		<!-- Spirit Weapon - Ranged -->
	<!-- End Spirit Weapon - Ranged -->

	<!-- Blank Natural Attack -->

	<!-- Natural Attack -->

	<!--	Request to remove the Double Weapon Block OS-133		-->
		<weapon>
			<common>
				<name>
					<short>*Masterwork Morningstar</short>
					<long>*Masterwork Morningstar</long>
					<output>*Masterwork Morningstar</output>
				</name>
				<category>Simple-Melee</category>
				<critical>
					<range>20</range>
					<multiplier>2</multiplier>
				</critical>
				<to_hit>
					<hit>+3</hit>
					<magic_hit>+1</magic_hit>
					<total_hit>+3</total_hit>
				</to_hit>
				<feat>
					<hit>+0</hit>
					<damage>+0</damage>
				</feat>
				<magic>
					<hit>+1</hit>
					<damage>+0</damage>
				</magic>
				<template>
					<hit>+0</hit>
					<damage>+0</damage>
				</template>
				<hand>Primary</hand>
				<num_attacks>1</num_attacks>
				<reach>5</reach>
				<reachunit> ft.</reachunit>
				<size>M</size>
					<special_properties></special_properties>
				<type>BP</type>
				<weight>6</weight>
				<attacks>0</attacks>
				<heft>MEDIUM</heft>
				<range>0 ft.</range>
				<sizemod>+0</sizemod>
				<basehit>+3</basehit>
				<misc>+0</misc>
				<damage>1d8</damage>
				<damagebonus>+0</damagebonus>
				<basedamagebonus>+0</basedamagebonus>
				<thdamagebonus>+0</thdamagebonus>
				<ohdamagebonus>+0</ohdamagebonus>
				<rateoffire></rateoffire>
				<islight>FALSE</islight>
				<sequence>0</sequence>
			</common>
			<melee>
				<invalidtext>
					<tohit>N/A</tohit>
					<damage>N/A</damage>
				</invalidtext>
				<hand>Primary</hand>
				<w1_h1_p>
					<!-- One weapon, 1 hand, primary hand -->
					<to_hit>+3</to_hit>
					<damage>1d8</damage>
				</w1_h1_p>
				<w1_h1_o>
					<!-- One weapon, 1 handed, offhand -->
					<to_hit>-1</to_hit>
					<damage>1d8</damage>
				</w1_h1_o>
				<w1_h2>
					<!-- One weapon, 2 handed -->
					<to_hit>+3</to_hit>
					<damage>1d8</damage>
				</w1_h2>
				<w2_p_oh>
					<!-- Two weapons, this weapon in primary hand, other hand with heavy weapon -->
					<to_hit>-3</to_hit>
					<damage>1d8</damage>
				</w2_p_oh>
				<w2_p_ol>
					<!-- Two weapons, this weapon in primary hand, other hand with light weapon -->
					<to_hit>-1</to_hit>
					<damage>1d8</damage>
				</w2_p_ol>
				<w2_o>
					<!-- Two weapons, this weapon in off-hand -->
					<to_hit>-7</to_hit>
					<damage>1d8</damage>
				</w2_o>
			</melee>
		</weapon>
		<weapon>
			<common>
				<name>
					<short>Light Crossbow</short>
					<long>Crossbow, Light</long>
					<output>Light Crossbow</output>
				</name>
				<category>Simple-Ranged</category>
				<critical>
					<range>19-20</range>
					<multiplier>2</multiplier>
				</critical>
				<to_hit>
					<hit>+0</hit>
					<magic_hit>-2</magic_hit>
					<total_hit>+0</total_hit>
				</to_hit>
				<feat>
					<hit>+0</hit>
					<damage>+0</damage>
				</feat>
				<magic>
					<hit>-2</hit>
					<damage>+0</damage>
				</magic>
				<template>
					<hit>+0</hit>
					<damage>+0</damage>
				</template>
				<hand>Carried</hand>
				<num_attacks>1</num_attacks>
				<reach>5</reach>
				<reachunit> ft.</reachunit>
				<size>M</size>
					<special_properties>You draw a light crossbow back by pulling a lever. Loading a light crossbow is a move action that provokes attacks of opportunity.&amp;nl;Normally, operating a light crossbow requires two hands. However, you can shoot, but not load, a light crossbow with one hand at a -2 penalty on attack rolls. You can shoot a light crossbow with each hand, but you take a penalty on attack rolls as if attacking with two light weapons. This penalty is cumulative with the penalty for one-handed firing.</special_properties>
				<type>P</type>
				<weight>4</weight>
				<attacks>0</attacks>
				<heft>MEDIUM</heft>
				<range>80 ft.</range>
				<sizemod>+0</sizemod>
				<basehit>+0</basehit>
				<misc>+0</misc>
				<damage>1d8</damage>
				<damagebonus>+0</damagebonus>
				<basedamagebonus>+0</basedamagebonus>
				<thdamagebonus>+0</thdamagebonus>
				<ohdamagebonus>+0</ohdamagebonus>
				<rateoffire></rateoffire>
				<islight>FALSE</islight>
				<sequence>1</sequence>
			</common>
			<ranges>
				<rangetype>Ranged</rangetype><!-- ranged second -->
				<range>
					<distance>30 ft.</distance>
					<to_hit>+0</to_hit>
					<damage>1d8</damage>
					<basehit>+0</basehit>
					<tohit_offhand>-4</tohit_offhand>
					<tohit_twohand>+0</tohit_twohand>
					<tohit_2weap_heavy>-6</tohit_2weap_heavy>
					<tohit_2weap_light>-4</tohit_2weap_light>
					<tohit_2weap_offhand>-10</tohit_2weap_offhand>
				</range>
				<range>
					<distance>80 ft.</distance>
					<to_hit>+0</to_hit>
					<damage>1d8</damage>
					<basehit>+0</basehit>
					<tohit_offhand>-4</tohit_offhand>
					<tohit_twohand>+0</tohit_twohand>
					<tohit_2weap_heavy>-6</tohit_2weap_heavy>
					<tohit_2weap_light>-4</tohit_2weap_light>
					<tohit_2weap_offhand>-10</tohit_2weap_offhand>
				</range>
				<range>
					<distance>160 ft.</distance>
					<to_hit>-2</to_hit>
					<damage>1d8</damage>
					<basehit>-2</basehit>
					<tohit_offhand>-6</tohit_offhand>
					<tohit_twohand>-2</tohit_twohand>
					<tohit_2weap_heavy>-8</tohit_2weap_heavy>
					<tohit_2weap_light>-6</tohit_2weap_light>
					<tohit_2weap_offhand>-12</tohit_2weap_offhand>
				</range>
				<range>
					<distance>240 ft.</distance>
					<to_hit>-4</to_hit>
					<damage>1d8</damage>
					<basehit>-4</basehit>
					<tohit_offhand>-8</tohit_offhand>
					<tohit_twohand>-4</tohit_twohand>
					<tohit_2weap_heavy>-10</tohit_2weap_heavy>
					<tohit_2weap_light>-8</tohit_2weap_light>
					<tohit_2weap_offhand>-14</tohit_2weap_offhand>
				</range>
				<range>
					<distance>320 ft.</distance>
					<to_hit>-6</to_hit>
					<damage>1d8</damage>
					<basehit>-6</basehit>
					<tohit_offhand>-10</tohit_offhand>
					<tohit_twohand>-6</tohit_twohand>
					<tohit_2weap_heavy>-12</tohit_2weap_heavy>
					<tohit_2weap_light>-10</tohit_2weap_light>
					<tohit_2weap_offhand>-16</tohit_2weap_offhand>
				</range>
				<range>
					<distance>400 ft.</distance>
					<to_hit>-8</to_hit>
					<damage>1d8</damage>
					<basehit>-8</basehit>
					<tohit_offhand>-12</tohit_offhand>
					<tohit_twohand>-8</tohit_twohand>
					<tohit_2weap_heavy>-14</tohit_2weap_heavy>
					<tohit_2weap_light>-12</tohit_2weap_light>
					<tohit_2weap_offhand>-18</tohit_2weap_offhand>
				</range>
				<range>
					<distance>480 ft.</distance>
					<to_hit>-10</to_hit>
					<damage>1d8</damage>
					<basehit>-10</basehit>
					<tohit_offhand>-14</tohit_offhand>
					<tohit_twohand>-10</tohit_twohand>
					<tohit_2weap_heavy>-16</tohit_2weap_heavy>
					<tohit_2weap_light>-14</tohit_2weap_light>
					<tohit_2weap_offhand>-20</tohit_2weap_offhand>
				</range>
				<range>
					<distance>560 ft.</distance>
					<to_hit>-12</to_hit>
					<damage>1d8</damage>
					<basehit>-12</basehit>
					<tohit_offhand>-16</tohit_offhand>
					<tohit_twohand>-12</tohit_twohand>
					<tohit_2weap_heavy>-18</tohit_2weap_heavy>
					<tohit_2weap_light>-16</tohit_2weap_light>
					<tohit_2weap_offhand>-22</tohit_2weap_offhand>
				</range>
				<range>
					<distance>640 ft.</distance>
					<to_hit>-14</to_hit>
					<damage>1d8</damage>
					<basehit>-14</basehit>
					<tohit_offhand>-18</tohit_offhand>
					<tohit_twohand>-14</tohit_twohand>
					<tohit_2weap_heavy>-20</tohit_2weap_heavy>
					<tohit_2weap_light>-18</tohit_2weap_light>
					<tohit_2weap_offhand>-24</tohit_2weap_offhand>
				</range>
				<range>
					<distance>720 ft.</distance>
					<to_hit>-16</to_hit>
					<damage>1d8</damage>
					<basehit>-16</basehit>
					<tohit_offhand>-20</tohit_offhand>
					<tohit_twohand>-16</tohit_twohand>
					<tohit_2weap_heavy>-22</tohit_2weap_heavy>
					<tohit_2weap_light>-20</tohit_2weap_light>
					<tohit_2weap_offhand>-26</tohit_2weap_offhand>
				</range>
				<range>
					<distance>800 ft.</distance>
					<to_hit>-18</to_hit>
					<damage>1d8</damage>
					<basehit>-18</basehit>
					<tohit_offhand>-22</tohit_offhand>
					<tohit_twohand>-18</tohit_twohand>
					<tohit_2weap_heavy>-24</tohit_2weap_heavy>
					<tohit_2weap_light>-22</tohit_2weap_light>
					<tohit_2weap_offhand>-28</tohit_2weap_offhand>
				</range>
			</ranges>
		</weapon>

	<!--	Request to remove the Double Weapon Block OS-133		-->
		<weapon>
			<common>
				<name>
					<short>*Light Steel Shield</short>
					<long>*Shield, Light Steel</long>
					<output>*Light Steel Shield</output>
				</name>
				<category>Non-Standard-Melee</category>
				<critical>
					<range>20</range>
					<multiplier>2</multiplier>
				</critical>
				<to_hit>
					<hit>-2</hit>
					<magic_hit>+0</magic_hit>
					<total_hit>-2</total_hit>
				</to_hit>
				<feat>
					<hit>+0</hit>
					<damage>+0</damage>
				</feat>
				<magic>
					<hit>+0</hit>
					<damage>+0</damage>
				</magic>
				<template>
					<hit>+0</hit>
					<damage>+0</damage>
				</template>
				<hand>Equipped</hand>
				<num_attacks>1</num_attacks>
				<reach>5</reach>
				<reachunit> ft.</reachunit>
				<size>M</size>
					<special_properties></special_properties>
				<type></type>
				<weight>6</weight>
				<attacks>0</attacks>
				<heft>MEDIUM</heft>
				<range>0 ft.</range>
				<sizemod>+0</sizemod>
				<basehit>-2</basehit>
				<misc>+0</misc>
				<damage>1d3</damage>
				<damagebonus>+0</damagebonus>
				<basedamagebonus>+0</basedamagebonus>
				<thdamagebonus>+0</thdamagebonus>
				<ohdamagebonus>+0</ohdamagebonus>
				<rateoffire></rateoffire>
				<islight>TRUE</islight>
				<sequence>2</sequence>
			</common>
			<simple>
				<to_hit>-2</to_hit>
				<damage>1d3</damage>
				<range>0 ft.</range>
				<!-- This is an Addition by Itwally for the Monk Flurry of Blows Fix per DATA-73 -->
				<name>*Light Steel Shield</name>
				<class>Clr3</class>
		<!-- End DATA-73 Work Around-->
			</simple>
		</weapon>
	</weapons>
	<!--
	  ====================================
	  ====================================
			ARMOR
	  ====================================
	  ====================================-->
	<protection>
		<armor>
			<name>*Scale Mail</name>
			<acbonus>+5</acbonus>
			<accheck>-4</accheck>
			<baseac>+5</baseac>
			<edr>+0</edr>
			<maxdex>+3</maxdex>
			<move></move>
			<spellfail>25</spellfail>
			<special_properties></special_properties>
			<totalac>+5</totalac>
			<type>Medium</type>
			<wt>30</wt>
			<fulltype>ARMOR.MEDIUM.ARMORPROFMEDIUM.SUIT.METAL</fulltype>
			<location>Equipped</location>
		</armor>
		<shield>
			<name>*Light Steel Shield</name>
			<acbonus>+1</acbonus>
			<accheck>-1</accheck>
			<baseac>+1</baseac>
			<edr>+0</edr>
			<maxdex></maxdex>
			<move></move>
			<spellfail>5</spellfail>
			<special_properties></special_properties>
			<totalac>+1</totalac>
			<type>Light</type>
			<wt>6</wt>
		</shield>
	</protection>
	<!--
	  ====================================
	  ====================================
			CLASS-DEPENDANT FEATURES
	  ====================================
	  ====================================-->
	<class_features>
		<!-- D&D 3.0 -->
		<!-- D&D 3.5 -->
	<!-- Bard -->




	<!-- Pathfinder -->
		<!-- Character Rage -->
		<!-- Character Rage -->

	<!-- Turning ability -->


	<!-- Eclipse Channeling -->

	<!-- Channel Energy -->

	<!-- 3.0 stunning fist -->

	<!-- 3.0 stunning fist -->

	<!-- 3.5 stunning fist -->

	<!-- 3.0 wholeness of body -->

	<!-- 3.5 wholeness of body -->

			<!-- Psionics -->

		
		


	</class_features>

	<!-- Abilites with check lists - master/child abilities -->
	<checklists>
		<checklist>
			<name>Channel Positive Energy (Su)</name>
			<header>Channel Positive Energy</header>
			<description>You can unleash a wave of positive energy. You must choose to deal 2d6 points of positive energy damage to undead creatures or to heal living creatures of 2d6 points of damage. Creatures that take damage from channeled energy receive a DC 16 Will save to halve the damage. You can use this ability 6 times per day.</description>
			<type>CLERICCLASSFEATURES.SUPERNATURAL.SPECIALATTACK.CHANNELENERGYSELECTION.CHANNELENERGY.CHANNEL ENERGY.CHANNEL ENERGY POSITIVE.CHANNEL POSITIVE ENERGY</type>
			<source>Paizo Inc. - Core Rulebook, p.40</source>
			<check_count>6</check_count>
			<check_type>Uses per day</check_type>
			<master>Channel Energy</master>
		</checklist>
		<checklist>
			<name>Touch of Glory (Sp)</name>
			<header>Touch of Glory</header>
			<description>You can cause your hand to shimmer with divine radiance, allowing you to touch a creature as a standard action and give it a +3 bonus to a single Charisma-based skill check or Charisma ability check. This ability lasts for one hour or until the creature touched elects to apply the bonus to a roll. You can use this ability to grant the bonus 7 times per day.</description>
			<type>CLERICCLASSFEATURES.SPECIALQUALITY.SPELLLIKE.DOMAINPOWER.GLORY DOMAIN</type>
			<source>Paizo Inc. - Core Rulebook, p.44</source>
			<check_count>7</check_count>
			<check_type>Uses per Day</check_type>
		</checklist>
	</checklists>

	<!-- Proficiency lists -->
	<proficiency_specials>
	</proficiency_specials>

	<!--
	  ====================================
	  ====================================
			EQUIPMENT
	  ====================================
	  ====================================-->
	<equipment>
		<item>
			<longname>Masterwork Morningstar</longname>
			<id></id>
			<name>Masterwork Morningstar</name>
			<carried>1.0</carried>
			<charges></charges>
			<charges_used></charges_used>
			<contents></contents>
			<contents_num>0</contents_num>
			<content_weight>0</content_weight>
			<cost>308</cost>
			<equipped>Y</equipped>
			<location>Equipped</location>
			<locationId></locationId>
			<maxcharges>0</maxcharges>
			<note></note>
			<quantity>1</quantity>
			<checkbox>1</checkbox>
			<size>
				<long>Medium</long>
				<short>M</short>
			</size>
			<special_properties></special_properties>
			<type>WEAPON.RESIZABLE.MELEE.SIMPLE.ONEHANDED.BLUDGEONING.PIERCING.MACE.FLAIL.WEAPON GROUP FLAILS.CUSTOM.METAL.MASTERWORK</type>
			<weight>6</weight>
			<total_wt>6</total_wt>
			<total_weight>6</total_weight>
			<bonuslist></bonuslist>
			<acmod>0</acmod>
			<maxdex>100</maxdex>
			<accheck>0</accheck>
			<edr>0</edr>
			<move></move>
			<spell_failure>0</spell_failure>
			<damage>1d8</damage>
			<damage_alt></damage_alt>
			<crit_range>1</crit_range>
			<crit_mult>x2</crit_mult>
			<crit_range_alt></crit_range_alt>
			<crit_mult_alt></crit_mult_alt>
			<range>0 ft.</range>
			<attacks>0.0</attacks>
			<prof>Morningstar</prof>
			<source>Custom - Paizo Inc. - Core Rulebook, p.147</source>
			<quality></quality>
		</item>
		<item>
			<longname>Traveler&#39;s Outfit</longname>
			<id></id>
			<name>Traveler&#39;s Outfit</name>
			<carried>1.0</carried>
			<charges></charges>
			<charges_used></charges_used>
			<contents></contents>
			<contents_num>0</contents_num>
			<content_weight>0</content_weight>
			<cost>1</cost>
			<equipped>Y</equipped>
			<location>Equipped</location>
			<locationId></locationId>
			<maxcharges>0</maxcharges>
			<note></note>
			<quantity>1</quantity>
			<checkbox>1</checkbox>
			<size>
				<long>Medium</long>
				<short>M</short>
			</size>
			<special_properties></special_properties>
			<type>GOODS.CLOTHING.RESIZABLE.STARTING</type>
			<weight>5</weight>
			<total_wt>5</total_wt>
			<total_weight>5</total_weight>
			<bonuslist></bonuslist>
			<acmod>0</acmod>
			<maxdex>100</maxdex>
			<accheck>0</accheck>
			<edr>0</edr>
			<move></move>
			<spell_failure>0</spell_failure>
			<damage></damage>
			<damage_alt></damage_alt>
			<crit_range></crit_range>
			<crit_mult></crit_mult>
			<crit_range_alt></crit_range_alt>
			<crit_mult_alt></crit_mult_alt>
			<range>0 ft.</range>
			<attacks>0.0</attacks>
			<prof></prof>
			<source>Paizo Inc. - Core Rulebook, p.162</source>
			<quality></quality>
		</item>
		<item>
			<longname>Scale Mail</longname>
			<id></id>
			<name>Scale Mail</name>
			<carried>1.0</carried>
			<charges></charges>
			<charges_used></charges_used>
			<contents></contents>
			<contents_num>0</contents_num>
			<content_weight>0</content_weight>
			<cost>50</cost>
			<equipped>Y</equipped>
			<location>Equipped</location>
			<locationId></locationId>
			<maxcharges>0</maxcharges>
			<note></note>
			<quantity>1</quantity>
			<checkbox>1</checkbox>
			<size>
				<long>Medium</long>
				<short>M</short>
			</size>
			<special_properties></special_properties>
			<type>ARMOR.MEDIUM.ARMORPROFMEDIUM.SUIT.METAL</type>
			<weight>30</weight>
			<total_wt>30</total_wt>
			<total_weight>30</total_weight>
			<bonuslist></bonuslist>
			<acmod>5</acmod>
			<maxdex>3</maxdex>
			<accheck>-4</accheck>
			<edr>0</edr>
			<move></move>
			<spell_failure>25</spell_failure>
			<damage></damage>
			<damage_alt></damage_alt>
			<crit_range></crit_range>
			<crit_mult></crit_mult>
			<crit_range_alt></crit_range_alt>
			<crit_mult_alt></crit_mult_alt>
			<range>0 ft.</range>
			<attacks>0.0</attacks>
			<prof>Scale Mail</prof>
			<source>Paizo Inc. - Core Rulebook, p.151</source>
			<quality></quality>
		</item>
		<item>
			<longname>Amethyst</longname>
			<id></id>
			<name>Amethyst</name>
			<carried>2.0</carried>
			<charges></charges>
			<charges_used></charges_used>
			<contents></contents>
			<contents_num>0</contents_num>
			<content_weight>0</content_weight>
			<cost>100</cost>
			<equipped>N</equipped>
			<location>Backpack</location>
			<locationId></locationId>
			<maxcharges>0</maxcharges>
			<note></note>
			<quantity>2</quantity>
			<checkbox>2</checkbox>
			<size>
				<long>Medium</long>
				<short>M</short>
			</size>
			<special_properties></special_properties>
			<type>GEM</type>
			<weight>0</weight>
			<total_wt>0</total_wt>
			<total_weight>0</total_weight>
			<bonuslist></bonuslist>
			<acmod>0</acmod>
			<maxdex>100</maxdex>
			<accheck>0</accheck>
			<edr>0</edr>
			<move></move>
			<spell_failure>0</spell_failure>
			<damage></damage>
			<damage_alt></damage_alt>
			<crit_range></crit_range>
			<crit_mult></crit_mult>
			<crit_range_alt></crit_range_alt>
			<crit_mult_alt></crit_mult_alt>
			<range>0 ft.</range>
			<attacks>0.0</attacks>
			<prof></prof>
			<source>Paizo Inc. - Core Rulebook, p.400</source>
			<quality></quality>
		</item>
		<item>
			<longname>Backpack</longname>
			<id></id>
			<name>Backpack</name>
			<carried>1.0</carried>
			<charges></charges>
			<charges_used></charges_used>
			<contents>9.5 lbs., 2 Amethyst, 1 10 Bolts, 1 Citrine, 10 Gold Piece, 5 Platinum Piece, 10 Silver Piece, 1 Light Crossbow, 1 Potion of Cure Light Wounds, 4 Trail Ration</contents>
			<contents_num>9</contents_num>
			<content_weight>9.5</content_weight>
			<cost>2</cost>
			<equipped>N</equipped>
			<location>Carried</location>
			<locationId></locationId>
			<maxcharges>0</maxcharges>
			<note></note>
			<quantity>1</quantity>
			<checkbox>1</checkbox>
			<size>
				<long>Medium</long>
				<short>M</short>
			</size>
			<special_properties></special_properties>
			<type>GOODS.CONTAINER.GENERAL.RESIZABLE</type>
			<weight>2</weight>
			<total_wt>2</total_wt>
			<total_weight>11.5</total_weight>
			<bonuslist></bonuslist>
			<acmod>0</acmod>
			<maxdex>100</maxdex>
			<accheck>0</accheck>
			<edr>0</edr>
			<move></move>
			<spell_failure>0</spell_failure>
			<damage></damage>
			<damage_alt></damage_alt>
			<crit_range></crit_range>
			<crit_mult></crit_mult>
			<crit_range_alt></crit_range_alt>
			<crit_mult_alt></crit_mult_alt>
			<range>0 ft.</range>
			<attacks>0.0</attacks>
			<prof></prof>
			<source>Paizo Inc. - Core Rulebook, p.158</source>
			<quality></quality>
		</item>
		<item>
			<longname>Bedroll</longname>
			<id></id>
			<name>Bedroll</name>
			<carried>0.0</carried>
			<charges></charges>
			<charges_used></charges_used>
			<contents></contents>
			<contents_num>0</contents_num>
			<content_weight>0</content_weight>
			<cost>0.1</cost>
			<equipped>N</equipped>
			<location>Light Horse (Combat Trained)</location>
			<locationId></locationId>
			<maxcharges>0</maxcharges>
			<note></note>
			<quantity>1</quantity>
			<checkbox>1</checkbox>
			<size>
				<long>Medium</long>
				<short>M</short>
			</size>
			<special_properties></special_properties>
			<type>GOODS.GENERAL.RESIZABLE</type>
			<weight>5</weight>
			<total_wt>5</total_wt>
			<total_weight>5</total_weight>
			<bonuslist></bonuslist>
			<acmod>0</acmod>
			<maxdex>100</maxdex>
			<accheck>0</accheck>
			<edr>0</edr>
			<move></move>
			<spell_failure>0</spell_failure>
			<damage></damage>
			<damage_alt></damage_alt>
			<crit_range></crit_range>
			<crit_mult></crit_mult>
			<crit_range_alt></crit_range_alt>
			<crit_mult_alt></crit_mult_alt>
			<range>0 ft.</range>
			<attacks>0.0</attacks>
			<prof></prof>
			<source>Paizo Inc. - Core Rulebook, p.158</source>
			<quality></quality>
		</item>
		<item>
			<longname>Blanket, Winter</longname>
			<id></id>
			<name>Winter Blanket</name>
			<carried>0.0</carried>
			<charges></charges>
			<charges_used></charges_used>
			<contents></contents>
			<contents_num>0</contents_num>
			<content_weight>0</content_weight>
			<cost>0.5</cost>
			<equipped>N</equipped>
			<location>Light Horse (Combat Trained)</location>
			<locationId></locationId>
			<maxcharges>0</maxcharges>
			<note></note>
			<quantity>1</quantity>
			<checkbox>1</checkbox>
			<size>
				<long>Medium</long>
				<short>M</short>
			</size>
			<special_properties></special_properties>
			<type>GOODS.GENERAL.RESIZABLE</type>
			<weight>3</weight>
			<total_wt>3</total_wt>
			<total_weight>3</total_weight>
			<bonuslist></bonuslist>
			<acmod>0</acmod>
			<maxdex>100</maxdex>
			<accheck>0</accheck>
			<edr>0</edr>
			<move></move>
			<spell_failure>0</spell_failure>
			<damage></damage>
			<damage_alt></damage_alt>
			<crit_range></crit_range>
			<crit_mult></crit_mult>
			<crit_range_alt></crit_range_alt>
			<crit_mult_alt></crit_mult_alt>
			<range>0 ft.</range>
			<attacks>0.0</attacks>
			<prof></prof>
			<source>Paizo Inc. - Core Rulebook, p.158</source>
			<quality></quality>
		</item>
		<item>
			<longname>Bolts, Crossbow (10)</longname>
			<id></id>
			<name>10 Bolts</name>
			<carried>1.0</carried>
			<charges></charges>
			<charges_used></charges_used>
			<contents></contents>
			<contents_num>0</contents_num>
			<content_weight>0</content_weight>
			<cost>1</cost>
			<equipped>N</equipped>
			<location>Backpack</location>
			<locationId></locationId>
			<maxcharges>0</maxcharges>
			<note></note>
			<quantity>1</quantity>
			<checkbox>10</checkbox>
			<size>
				<long>Medium</long>
				<short>M</short>
			</size>
			<special_properties></special_properties>
			<type>AMMUNITION.RESIZABLE.BOLT.STACK.METAL.WOODEN</type>
			<weight>1</weight>
			<total_wt>1</total_wt>
			<total_weight>1</total_weight>
			<bonuslist></bonuslist>
			<acmod>0</acmod>
			<maxdex>100</maxdex>
			<accheck>0</accheck>
			<edr>0</edr>
			<move></move>
			<spell_failure>0</spell_failure>
			<damage></damage>
			<damage_alt></damage_alt>
			<crit_range></crit_range>
			<crit_mult></crit_mult>
			<crit_range_alt></crit_range_alt>
			<crit_mult_alt></crit_mult_alt>
			<range>0 ft.</range>
			<attacks>0.0</attacks>
			<prof></prof>
			<source>Paizo Inc. - Core Rulebook, p.145</source>
			<quality></quality>
		</item>
		<item>
			<longname>Bolts, Crossbow (10)</longname>
			<id></id>
			<name>10 Bolts</name>
			<carried>0.0</carried>
			<charges></charges>
			<charges_used></charges_used>
			<contents></contents>
			<contents_num>0</contents_num>
			<content_weight>0</content_weight>
			<cost>1</cost>
			<equipped>N</equipped>
			<location>Light Horse (Combat Trained)</location>
			<locationId></locationId>
			<maxcharges>0</maxcharges>
			<note></note>
			<quantity>1</quantity>
			<checkbox>10</checkbox>
			<size>
				<long>Medium</long>
				<short>M</short>
			</size>
			<special_properties></special_properties>
			<type>AMMUNITION.RESIZABLE.BOLT.STACK.METAL.WOODEN</type>
			<weight>1</weight>
			<total_wt>1</total_wt>
			<total_weight>1</total_weight>
			<bonuslist></bonuslist>
			<acmod>0</acmod>
			<maxdex>100</maxdex>
			<accheck>0</accheck>
			<edr>0</edr>
			<move></move>
			<spell_failure>0</spell_failure>
			<damage></damage>
			<damage_alt></damage_alt>
			<crit_range></crit_range>
			<crit_mult></crit_mult>
			<crit_range_alt></crit_range_alt>
			<crit_mult_alt></crit_mult_alt>
			<range>0 ft.</range>
			<attacks>0.0</attacks>
			<prof></prof>
			<source>Paizo Inc. - Core Rulebook, p.145</source>
			<quality></quality>
		</item>
		<item>
			<longname>Citrine</longname>
			<id></id>
			<name>Citrine</name>
			<carried>1.0</carried>
			<charges></charges>
			<charges_used></charges_used>
			<contents></contents>
			<contents_num>0</contents_num>
			<content_weight>0</content_weight>
			<cost>50</cost>
			<equipped>N</equipped>
			<location>Backpack</location>
			<locationId></locationId>
			<maxcharges>0</maxcharges>
			<note></note>
			<quantity>1</quantity>
			<checkbox>1</checkbox>
			<size>
				<long>Medium</long>
				<short>M</short>
			</size>
			<special_properties></special_properties>
			<type>GEM</type>
			<weight>0</weight>
			<total_wt>0</total_wt>
			<total_weight>0</total_weight>
			<bonuslist></bonuslist>
			<acmod>0</acmod>
			<maxdex>100</maxdex>
			<accheck>0</accheck>
			<edr>0</edr>
			<move></move>
			<spell_failure>0</spell_failure>
			<damage></damage>
			<damage_alt></damage_alt>
			<crit_range></crit_range>
			<crit_mult></crit_mult>
			<crit_range_alt></crit_range_alt>
			<crit_mult_alt></crit_mult_alt>
			<range>0 ft.</range>
			<attacks>0.0</attacks>
			<prof></prof>
			<source>Paizo Inc. - Core Rulebook, p.400</source>
			<quality></quality>
		</item>
		<item>
			<longname>Gold Piece</longname>
			<id></id>
			<name>Gold Piece</name>
			<carried>10.0</carried>
			<charges></charges>
			<charges_used></charges_used>
			<contents></contents>
			<contents_num>0</contents_num>
			<content_weight>0</content_weight>
			<cost>1</cost>
			<equipped>N</equipped>
			<location>Backpack</location>
			<locationId></locationId>
			<maxcharges>0</maxcharges>
			<note></note>
			<quantity>10</quantity>
			<checkbox>10</checkbox>
			<size>
				<long>Medium</long>
				<short>M</short>
			</size>
			<special_properties></special_properties>
			<type>COIN</type>
			<weight>0.02</weight>
			<total_wt>0.2</total_wt>
			<total_weight>0.02</total_weight>
			<bonuslist></bonuslist>
			<acmod>0</acmod>
			<maxdex>100</maxdex>
			<accheck>0</accheck>
			<edr>0</edr>
			<move></move>
			<spell_failure>0</spell_failure>
			<damage></damage>
			<damage_alt></damage_alt>
			<crit_range></crit_range>
			<crit_mult></crit_mult>
			<crit_range_alt></crit_range_alt>
			<crit_mult_alt></crit_mult_alt>
			<range>0 ft.</range>
			<attacks>0.0</attacks>
			<prof></prof>
			<source>Paizo Inc. - Core Rulebook, p.140</source>
			<quality>Abbreviation: gp</quality>
		</item>
		<item>
			<longname>Platinum Piece</longname>
			<id></id>
			<name>Platinum Piece</name>
			<carried>5.0</carried>
			<charges></charges>
			<charges_used></charges_used>
			<contents></contents>
			<contents_num>0</contents_num>
			<content_weight>0</content_weight>
			<cost>10</cost>
			<equipped>N</equipped>
			<location>Backpack</location>
			<locationId></locationId>
			<maxcharges>0</maxcharges>
			<note></note>
			<quantity>5</quantity>
			<checkbox>5</checkbox>
			<size>
				<long>Medium</long>
				<short>M</short>
			</size>
			<special_properties></special_properties>
			<type>COIN</type>
			<weight>0.02</weight>
			<total_wt>0.1</total_wt>
			<total_weight>0.02</total_weight>
			<bonuslist></bonuslist>
			<acmod>0</acmod>
			<maxdex>100</maxdex>
			<accheck>0</accheck>
			<edr>0</edr>
			<move></move>
			<spell_failure>0</spell_failure>
			<damage></damage>
			<damage_alt></damage_alt>
			<crit_range></crit_range>
			<crit_mult></crit_mult>
			<crit_range_alt></crit_range_alt>
			<crit_mult_alt></crit_mult_alt>
			<range>0 ft.</range>
			<attacks>0.0</attacks>
			<prof></prof>
			<source>Paizo Inc. - Core Rulebook, p.140</source>
			<quality>Abbreviation: pp</quality>
		</item>
		<item>
			<longname>Silver Piece</longname>
			<id></id>
			<name>Silver Piece</name>
			<carried>10.0</carried>
			<charges></charges>
			<charges_used></charges_used>
			<contents></contents>
			<contents_num>0</contents_num>
			<content_weight>0</content_weight>
			<cost>0.1</cost>
			<equipped>N</equipped>
			<location>Backpack</location>
			<locationId></locationId>
			<maxcharges>0</maxcharges>
			<note></note>
			<quantity>10</quantity>
			<checkbox>10</checkbox>
			<size>
				<long>Medium</long>
				<short>M</short>
			</size>
			<special_properties></special_properties>
			<type>COIN</type>
			<weight>0.02</weight>
			<total_wt>0.2</total_wt>
			<total_weight>0.02</total_weight>
			<bonuslist></bonuslist>
			<acmod>0</acmod>
			<maxdex>100</maxdex>
			<accheck>0</accheck>
			<edr>0</edr>
			<move></move>
			<spell_failure>0</spell_failure>
			<damage></damage>
			<damage_alt></damage_alt>
			<crit_range></crit_range>
			<crit_mult></crit_mult>
			<crit_range_alt></crit_range_alt>
			<crit_mult_alt></crit_mult_alt>
			<range>0 ft.</range>
			<attacks>0.0</attacks>
			<prof></prof>
			<source>Paizo Inc. - Core Rulebook, p.140</source>
			<quality>Abbreviation: sp</quality>
		</item>
		<item>
			<longname>Crossbow, Light</longname>
			<id></id>
			<name>Light Crossbow</name>
			<carried>1.0</carried>
			<charges></charges>
			<charges_used></charges_used>
			<contents>0 lbs.</contents>
			<contents_num>0</contents_num>
			<content_weight>0</content_weight>
			<cost>35</cost>
			<equipped>N</equipped>
			<location>Backpack</location>
			<locationId></locationId>
			<maxcharges>0</maxcharges>
			<note></note>
			<quantity>1</quantity>
			<checkbox>1</checkbox>
			<size>
				<long>Medium</long>
				<short>M</short>
			</size>
			<special_properties>You draw a light crossbow back by pulling a lever. Loading a light crossbow is a move action that provokes attacks of opportunity.&amp;nl;Normally, operating a light crossbow requires two hands. However, you can shoot, but not load, a light crossbow with one hand at a -2 penalty on attack rolls. You can shoot a light crossbow with each hand, but you take a penalty on attack rolls as if attacking with two light weapons. This penalty is cumulative with the penalty for one-handed firing.</special_properties>
			<type>WEAPON.RESIZABLE.RANGED.SIMPLE.CONTAINER.PROJECTILE.PIERCING.CROSSBOW.WEAPON GROUP CROSSBOWS.LIGHTCROSSBOW.WOODEN</type>
			<weight>4</weight>
			<total_wt>4</total_wt>
			<total_weight>4</total_weight>
			<bonuslist></bonuslist>
			<acmod>0</acmod>
			<maxdex>100</maxdex>
			<accheck>0</accheck>
			<edr>0</edr>
			<move></move>
			<spell_failure>0</spell_failure>
			<damage>1d8</damage>
			<damage_alt></damage_alt>
			<crit_range>2</crit_range>
			<crit_mult>x2</crit_mult>
			<crit_range_alt></crit_range_alt>
			<crit_mult_alt></crit_mult_alt>
			<range>80 ft.</range>
			<attacks>0.0</attacks>
			<prof>Crossbow (Light)</prof>
			<source>Paizo Inc. - Core Rulebook, p.145</source>
			<quality></quality>
		</item>
		<item>
			<longname>Holy Symbol, Silver</longname>
			<id></id>
			<name>Silver Holy Symbol</name>
			<carried>1.0</carried>
			<charges></charges>
			<charges_used></charges_used>
			<contents></contents>
			<contents_num>0</contents_num>
			<content_weight>0</content_weight>
			<cost>25</cost>
			<equipped>Y</equipped>
			<location>Equipped</location>
			<locationId></locationId>
			<maxcharges>0</maxcharges>
			<note></note>
			<quantity>1</quantity>
			<checkbox>1</checkbox>
			<size>
				<long>Medium</long>
				<short>M</short>
			</size>
			<special_properties></special_properties>
			<type>GOODS.TOOLS.SPELL COMPONENT.DIVINE FOCUS.HOLY SYMBOL</type>
			<weight>1</weight>
			<total_wt>1</total_wt>
			<total_weight>1</total_weight>
			<bonuslist></bonuslist>
			<acmod>0</acmod>
			<maxdex>100</maxdex>
			<accheck>0</accheck>
			<edr>0</edr>
			<move></move>
			<spell_failure>0</spell_failure>
			<damage></damage>
			<damage_alt></damage_alt>
			<crit_range></crit_range>
			<crit_mult></crit_mult>
			<crit_range_alt></crit_range_alt>
			<crit_mult_alt></crit_mult_alt>
			<range>0 ft.</range>
			<attacks>0.0</attacks>
			<prof></prof>
			<source>Paizo Inc. - Core Rulebook, p.161</source>
			<quality></quality>
		</item>
		<item>
			<longname>Light Horse (Combat Trained)</longname>
			<id></id>
			<name>Light Horse (Combat Trained)</name>
			<carried>0.0</carried>
			<charges></charges>
			<charges_used></charges_used>
			<contents>43 lbs., 1 Military Saddle, 1 Waterskin, 1 Bedroll, 1 Winter Blanket, 1 10 Bolts</contents>
			<contents_num>5</contents_num>
			<content_weight>43</content_weight>
			<cost>110</cost>
			<equipped>N</equipped>
			<location></location>
			<locationId></locationId>
			<maxcharges>0</maxcharges>
			<note></note>
			<quantity>1</quantity>
			<checkbox>1</checkbox>
			<size>
				<long>Large</long>
				<short>L</short>
			</size>
			<special_properties></special_properties>
			<type>MOUNT.GOODS.TRANSPORTATION.CONTAINER</type>
			<weight>0</weight>
			<total_wt>0</total_wt>
			<total_weight>43</total_weight>
			<bonuslist></bonuslist>
			<acmod>0</acmod>
			<maxdex>100</maxdex>
			<accheck>0</accheck>
			<edr>0</edr>
			<move></move>
			<spell_failure>0</spell_failure>
			<damage></damage>
			<damage_alt></damage_alt>
			<crit_range></crit_range>
			<crit_mult></crit_mult>
			<crit_range_alt></crit_range_alt>
			<crit_mult_alt></crit_mult_alt>
			<range>0 ft.</range>
			<attacks>0.0</attacks>
			<prof></prof>
			<source>Paizo Inc. - Core Rulebook, p.162</source>
			<quality></quality>
		</item>
		<item>
			<longname>Potion of Cure Light Wounds</longname>
			<id></id>
			<name>Potion of Cure Light Wounds</name>
			<carried>1.0</carried>
			<charges></charges>
			<charges_used></charges_used>
			<contents></contents>
			<contents_num>0</contents_num>
			<content_weight>0</content_weight>
			<cost>50</cost>
			<equipped>N</equipped>
			<location>Backpack</location>
			<locationId></locationId>
			<maxcharges>0</maxcharges>
			<note></note>
			<quantity>1</quantity>
			<checkbox>1</checkbox>
			<size>
				<long>Medium</long>
				<short>M</short>
			</size>
			<special_properties>Cures 1d8+1 points of damage</special_properties>
			<type>MAGIC.POTION.CONSUMABLE.COMBAT GEAR.ENHANCEMENT</type>
			<weight>0</weight>
			<total_wt>0</total_wt>
			<total_weight>0</total_weight>
			<bonuslist></bonuslist>
			<acmod>0</acmod>
			<maxdex>100</maxdex>
			<accheck>0</accheck>
			<edr>0</edr>
			<move></move>
			<spell_failure>0</spell_failure>
			<damage></damage>
			<damage_alt></damage_alt>
			<crit_range></crit_range>
			<crit_mult></crit_mult>
			<crit_range_alt></crit_range_alt>
			<crit_mult_alt></crit_mult_alt>
			<range>0 ft.</range>
			<attacks>0.0</attacks>
			<prof></prof>
			<source>Paizo Inc. - Core Rulebook, p.477</source>
			<quality>Aura: faint conjuration (healing), Caster Level: 1st, Construction Cost: 25 gp, Construction Requirements: Brew Potion, cure light wounds, Slot: none</quality>
		</item>
		<item>
			<longname>Rations, Trail</longname>
			<id></id>
			<name>Trail Ration</name>
			<carried>4.0</carried>
			<charges></charges>
			<charges_used></charges_used>
			<contents></contents>
			<contents_num>0</contents_num>
			<content_weight>0</content_weight>
			<cost>0.5</cost>
			<equipped>N</equipped>
			<location>Backpack</location>
			<locationId></locationId>
			<maxcharges>0</maxcharges>
			<note></note>
			<quantity>4</quantity>
			<checkbox>4</checkbox>
			<size>
				<long>Medium</long>
				<short>M</short>
			</size>
			<special_properties></special_properties>
			<type>GOODS.FOOD.RESIZABLE.CONSUMABLE</type>
			<weight>1</weight>
			<total_wt>4</total_wt>
			<total_weight>1</total_weight>
			<bonuslist></bonuslist>
			<acmod>0</acmod>
			<maxdex>100</maxdex>
			<accheck>0</accheck>
			<edr>0</edr>
			<move></move>
			<spell_failure>0</spell_failure>
			<damage></damage>
			<damage_alt></damage_alt>
			<crit_range></crit_range>
			<crit_mult></crit_mult>
			<crit_range_alt></crit_range_alt>
			<crit_mult_alt></crit_mult_alt>
			<range>0 ft.</range>
			<attacks>0.0</attacks>
			<prof></prof>
			<source>Paizo Inc. - Core Rulebook, p.158</source>
			<quality></quality>
		</item>
		<item>
			<longname>Saddle, Military</longname>
			<id></id>
			<name>Military Saddle</name>
			<carried>0.0</carried>
			<charges></charges>
			<charges_used></charges_used>
			<contents></contents>
			<contents_num>0</contents_num>
			<content_weight>0</content_weight>
			<cost>20</cost>
			<equipped>N</equipped>
			<location>Light Horse (Combat Trained)</location>
			<locationId></locationId>
			<maxcharges>0</maxcharges>
			<note></note>
			<quantity>1</quantity>
			<checkbox>1</checkbox>
			<size>
				<long>Medium</long>
				<short>M</short>
			</size>
			<special_properties>+2 circumstance bonus on Ride checks related to staying in the saddle</special_properties>
			<type>GOODS.MOUNT.SADDLE.MILITARY.RESIZABLE</type>
			<weight>30</weight>
			<total_wt>30</total_wt>
			<total_weight>30</total_weight>
			<bonuslist></bonuslist>
			<acmod>0</acmod>
			<maxdex>100</maxdex>
			<accheck>0</accheck>
			<edr>0</edr>
			<move></move>
			<spell_failure>0</spell_failure>
			<damage></damage>
			<damage_alt></damage_alt>
			<crit_range></crit_range>
			<crit_mult></crit_mult>
			<crit_range_alt></crit_range_alt>
			<crit_mult_alt></crit_mult_alt>
			<range>0 ft.</range>
			<attacks>0.0</attacks>
			<prof></prof>
			<source>Paizo Inc. - Core Rulebook, p.162</source>
			<quality></quality>
		</item>
		<item>
			<longname>Shield, Light Steel</longname>
			<id></id>
			<name>Light Steel Shield</name>
			<carried>1.0</carried>
			<charges></charges>
			<charges_used></charges_used>
			<contents></contents>
			<contents_num>0</contents_num>
			<content_weight>0</content_weight>
			<cost>9</cost>
			<equipped>Y</equipped>
			<location>Equipped</location>
			<locationId></locationId>
			<maxcharges>0</maxcharges>
			<note></note>
			<quantity>1</quantity>
			<checkbox>1</checkbox>
			<size>
				<long>Medium</long>
				<short>M</short>
			</size>
			<special_properties></special_properties>
			<type>SHIELD.LIGHT.WEAPON.RESIZABLE.MELEE.SHIELDBASH.CLOSE.WEAPON GROUP CLOSE.METAL</type>
			<weight>6</weight>
			<total_wt>6</total_wt>
			<total_weight>6</total_weight>
			<bonuslist></bonuslist>
			<acmod>1</acmod>
			<maxdex>100</maxdex>
			<accheck>-1</accheck>
			<edr>0</edr>
			<move></move>
			<spell_failure>5</spell_failure>
			<damage>1d3</damage>
			<damage_alt></damage_alt>
			<crit_range>1</crit_range>
			<crit_mult>x2</crit_mult>
			<crit_range_alt></crit_range_alt>
			<crit_mult_alt></crit_mult_alt>
			<range>0 ft.</range>
			<attacks>0.0</attacks>
			<prof></prof>
			<source>Paizo Inc. - Core Rulebook, p.152</source>
			<quality></quality>
		</item>
		<item>
			<longname>Waterskin, Filled</longname>
			<id></id>
			<name>Waterskin</name>
			<carried>0.0</carried>
			<charges></charges>
			<charges_used></charges_used>
			<contents></contents>
			<contents_num>0</contents_num>
			<content_weight>0</content_weight>
			<cost>1</cost>
			<equipped>N</equipped>
			<location>Light Horse (Combat Trained)</location>
			<locationId></locationId>
			<maxcharges>0</maxcharges>
			<note></note>
			<quantity>1</quantity>
			<checkbox>1</checkbox>
			<size>
				<long>Medium</long>
				<short>M</short>
			</size>
			<special_properties></special_properties>
			<type>GOODS.GENERAL.RESIZABLE</type>
			<weight>4</weight>
			<total_wt>4</total_wt>
			<total_weight>4</total_weight>
			<bonuslist></bonuslist>
			<acmod>0</acmod>
			<maxdex>100</maxdex>
			<accheck>0</accheck>
			<edr>0</edr>
			<move></move>
			<spell_failure>0</spell_failure>
			<damage></damage>
			<damage_alt></damage_alt>
			<crit_range></crit_range>
			<crit_mult></crit_mult>
			<crit_range_alt></crit_range_alt>
			<crit_mult_alt></crit_mult_alt>
			<range>0 ft.</range>
			<attacks>0.0</attacks>
			<prof></prof>
			<source>Paizo Inc. - Core Rulebook, p.158</source>
			<quality></quality>
		</item>
		<total>
			<weight>59.5 lbs.</weight>
			<value>926.6 gp</value>
			<load>Medium</load>
			<capacity>100</capacity>
		</total>
		<equipmentsets>
		<equipmentset name="Default Set">
				<item>
					<longname>Masterwork Morningstar</longname>
					<name>Masterwork Morningstar</name>
					<carried>1.0</carried>
					<charges></charges>
					<charges_used></charges_used>
					<contents></contents>
					<contents_num>0</contents_num>
					<content_weight>0</content_weight>
					<cost>308</cost>
					<equipped>Y</equipped>
					<location>Equipped</location>
					<maxcharges>0</maxcharges>
					<note></note>
					<quantity>1</quantity>
					<checkbox>1</checkbox>
					<size>
						<long>Medium</long>
						<short>M</short>
					</size>
					<special_properties></special_properties>
					<type>WEAPON.RESIZABLE.MELEE.SIMPLE.ONEHANDED.BLUDGEONING.PIERCING.MACE.FLAIL.WEAPON GROUP FLAILS.CUSTOM.METAL.MASTERWORK</type>
					<weight>6</weight>
					<total_wt>6</total_wt>
					<total_weight>6</total_weight>
					<bonuslist></bonuslist>
					<acmod>0</acmod>
					<maxdex>100</maxdex>
					<accheck>0</accheck>
					<edr>0</edr>
					<move></move>
					<spell_failure>0</spell_failure>
					<damage>1d8</damage>
					<damage_alt></damage_alt>
					<crit_range>1</crit_range>
					<crit_mult>x2</crit_mult>
					<crit_range_alt></crit_range_alt>
					<crit_mult_alt></crit_mult_alt>
					<range>0 ft.</range>
					<attacks>0.0</attacks>
					<prof>Morningstar</prof>
					<source>Custom - Paizo Inc. - Core Rulebook, p.147</source>
					<quality>EQ.0.QUALITY</quality>
				</item>
				<item>
					<longname>Traveler&#39;s Outfit</longname>
					<name>Traveler&#39;s Outfit</name>
					<carried>1.0</carried>
					<charges></charges>
					<charges_used></charges_used>
					<contents></contents>
					<contents_num>0</contents_num>
					<content_weight>0</content_weight>
					<cost>1</cost>
					<equipped>Y</equipped>
					<location>Equipped</location>
					<maxcharges>0</maxcharges>
					<note></note>
					<quantity>1</quantity>
					<checkbox>1</checkbox>
					<size>
						<long>Medium</long>
						<short>M</short>
					</size>
					<special_properties></special_properties>
					<type>GOODS.CLOTHING.RESIZABLE.STARTING</type>
					<weight>5</weight>
					<total_wt>5</total_wt>
					<total_weight>5</total_weight>
					<bonuslist></bonuslist>
					<acmod>0</acmod>
					<maxdex>100</maxdex>
					<accheck>0</accheck>
					<edr>0</edr>
					<move></move>
					<spell_failure>0</spell_failure>
					<damage></damage>
					<damage_alt></damage_alt>
					<crit_range></crit_range>
					<crit_mult></crit_mult>
					<crit_range_alt></crit_range_alt>
					<crit_mult_alt></crit_mult_alt>
					<range>0 ft.</range>
					<attacks>0.0</attacks>
					<prof></prof>
					<source>Paizo Inc. - Core Rulebook, p.162</source>
					<quality>EQ.0.QUALITY</quality>
				</item>
				<item>
					<longname>Scale Mail</longname>
					<name>Scale Mail</name>
					<carried>1.0</carried>
					<charges></charges>
					<charges_used></charges_used>
					<contents></contents>
					<contents_num>0</contents_num>
					<content_weight>0</content_weight>
					<cost>50</cost>
					<equipped>Y</equipped>
					<location>Equipped</location>
					<maxcharges>0</maxcharges>
					<note></note>
					<quantity>1</quantity>
					<checkbox>1</checkbox>
					<size>
						<long>Medium</long>
						<short>M</short>
					</size>
					<special_properties></special_properties>
					<type>ARMOR.MEDIUM.ARMORPROFMEDIUM.SUIT.METAL</type>
					<weight>30</weight>
					<total_wt>30</total_wt>
					<total_weight>30</total_weight>
					<bonuslist></bonuslist>
					<acmod>5</acmod>
					<maxdex>3</maxdex>
					<accheck>-4</accheck>
					<edr>0</edr>
					<move></move>
					<spell_failure>25</spell_failure>
					<damage></damage>
					<damage_alt></damage_alt>
					<crit_range></crit_range>
					<crit_mult></crit_mult>
					<crit_range_alt></crit_range_alt>
					<crit_mult_alt></crit_mult_alt>
					<range>0 ft.</range>
					<attacks>0.0</attacks>
					<prof>Scale Mail</prof>
					<source>Paizo Inc. - Core Rulebook, p.151</source>
					<quality>EQ.0.QUALITY</quality>
				</item>
				<item>
					<longname>Amethyst</longname>
					<name>Amethyst</name>
					<carried>2.0</carried>
					<charges></charges>
					<charges_used></charges_used>
					<contents></contents>
					<contents_num>0</contents_num>
					<content_weight>0</content_weight>
					<cost>100</cost>
					<equipped>N</equipped>
					<location>Backpack</location>
					<maxcharges>0</maxcharges>
					<note></note>
					<quantity>2</quantity>
					<checkbox>2</checkbox>
					<size>
						<long>Medium</long>
						<short>M</short>
					</size>
					<special_properties></special_properties>
					<type>GEM</type>
					<weight>0</weight>
					<total_wt>0</total_wt>
					<total_weight>0</total_weight>
					<bonuslist></bonuslist>
					<acmod>0</acmod>
					<maxdex>100</maxdex>
					<accheck>0</accheck>
					<edr>0</edr>
					<move></move>
					<spell_failure>0</spell_failure>
					<damage></damage>
					<damage_alt></damage_alt>
					<crit_range></crit_range>
					<crit_mult></crit_mult>
					<crit_range_alt></crit_range_alt>
					<crit_mult_alt></crit_mult_alt>
					<range>0 ft.</range>
					<attacks>0.0</attacks>
					<prof></prof>
					<source>Paizo Inc. - Core Rulebook, p.400</source>
					<quality>EQ.0.QUALITY</quality>
				</item>
				<item>
					<longname>Backpack</longname>
					<name>Backpack</name>
					<carried>1.0</carried>
					<charges></charges>
					<charges_used></charges_used>
					<contents>9.5 lbs., 2 Amethyst, 1 10 Bolts, 1 Citrine, 10 Gold Piece, 5 Platinum Piece, 10 Silver Piece, 1 Light Crossbow, 1 Potion of Cure Light Wounds, 4 Trail Ration</contents>
					<contents_num>9</contents_num>
					<content_weight>9.5</content_weight>
					<cost>2</cost>
					<equipped>N</equipped>
					<location>Carried</location>
					<maxcharges>0</maxcharges>
					<note></note>
					<quantity>1</quantity>
					<checkbox>1</checkbox>
					<size>
						<long>Medium</long>
						<short>M</short>
					</size>
					<special_properties></special_properties>
					<type>GOODS.CONTAINER.GENERAL.RESIZABLE</type>
					<weight>2</weight>
					<total_wt>2</total_wt>
					<total_weight>11.5</total_weight>
					<bonuslist></bonuslist>
					<acmod>0</acmod>
					<maxdex>100</maxdex>
					<accheck>0</accheck>
					<edr>0</edr>
					<move></move>
					<spell_failure>0</spell_failure>
					<damage></damage>
					<damage_alt></damage_alt>
					<crit_range></crit_range>
					<crit_mult></crit_mult>
					<crit_range_alt></crit_range_alt>
					<crit_mult_alt></crit_mult_alt>
					<range>0 ft.</range>
					<attacks>0.0</attacks>
					<prof></prof>
					<source>Paizo Inc. - Core Rulebook, p.158</source>
					<quality>EQ.0.QUALITY</quality>
				</item>
				<item>
					<longname>Bedroll</longname>
					<name>Bedroll</name>
					<carried>0.0</carried>
					<charges></charges>
					<charges_used></charges_used>
					<contents></contents>
					<contents_num>0</contents_num>
					<content_weight>0</content_weight>
					<cost>0.1</cost>
					<equipped>N</equipped>
					<location>Light Horse (Combat Trained)</location>
					<maxcharges>0</maxcharges>
					<note></note>
					<quantity>1</quantity>
					<checkbox>1</checkbox>
					<size>
						<long>Medium</long>
						<short>M</short>
					</size>
					<special_properties></special_properties>
					<type>GOODS.GENERAL.RESIZABLE</type>
					<weight>5</weight>
					<total_wt>5</total_wt>
					<total_weight>5</total_weight>
					<bonuslist></bonuslist>
					<acmod>0</acmod>
					<maxdex>100</maxdex>
					<accheck>0</accheck>
					<edr>0</edr>
					<move></move>
					<spell_failure>0</spell_failure>
					<damage></damage>
					<damage_alt></damage_alt>
					<crit_range></crit_range>
					<crit_mult></crit_mult>
					<crit_range_alt></crit_range_alt>
					<crit_mult_alt></crit_mult_alt>
					<range>0 ft.</range>
					<attacks>0.0</attacks>
					<prof></prof>
					<source>Paizo Inc. - Core Rulebook, p.158</source>
					<quality>EQ.0.QUALITY</quality>
				</item>
				<item>
					<longname>Blanket, Winter</longname>
					<name>Winter Blanket</name>
					<carried>0.0</carried>
					<charges></charges>
					<charges_used></charges_used>
					<contents></contents>
					<contents_num>0</contents_num>
					<content_weight>0</content_weight>
					<cost>0.5</cost>
					<equipped>N</equipped>
					<location>Light Horse (Combat Trained)</location>
					<maxcharges>0</maxcharges>
					<note></note>
					<quantity>1</quantity>
					<checkbox>1</checkbox>
					<size>
						<long>Medium</long>
						<short>M</short>
					</size>
					<special_properties></special_properties>
					<type>GOODS.GENERAL.RESIZABLE</type>
					<weight>3</weight>
					<total_wt>3</total_wt>
					<total_weight>3</total_weight>
					<bonuslist></bonuslist>
					<acmod>0</acmod>
					<maxdex>100</maxdex>
					<accheck>0</accheck>
					<edr>0</edr>
					<move></move>
					<spell_failure>0</spell_failure>
					<damage></damage>
					<damage_alt></damage_alt>
					<crit_range></crit_range>
					<crit_mult></crit_mult>
					<crit_range_alt></crit_range_alt>
					<crit_mult_alt></crit_mult_alt>
					<range>0 ft.</range>
					<attacks>0.0</attacks>
					<prof></prof>
					<source>Paizo Inc. - Core Rulebook, p.158</source>
					<quality>EQ.0.QUALITY</quality>
				</item>
				<item>
					<longname>Bolts, Crossbow (10)</longname>
					<name>10 Bolts</name>
					<carried>1.0</carried>
					<charges></charges>
					<charges_used></charges_used>
					<contents></contents>
					<contents_num>0</contents_num>
					<content_weight>0</content_weight>
					<cost>1</cost>
					<equipped>N</equipped>
					<location>Backpack</location>
					<maxcharges>0</maxcharges>
					<note></note>
					<quantity>1</quantity>
					<checkbox>10</checkbox>
					<size>
						<long>Medium</long>
						<short>M</short>
					</size>
					<special_properties></special_properties>
					<type>AMMUNITION.RESIZABLE.BOLT.STACK.METAL.WOODEN</type>
					<weight>1</weight>
					<total_wt>1</total_wt>
					<total_weight>1</total_weight>
					<bonuslist></bonuslist>
					<acmod>0</acmod>
					<maxdex>100</maxdex>
					<accheck>0</accheck>
					<edr>0</edr>
					<move></move>
					<spell_failure>0</spell_failure>
					<damage></damage>
					<damage_alt></damage_alt>
					<crit_range></crit_range>
					<crit_mult></crit_mult>
					<crit_range_alt></crit_range_alt>
					<crit_mult_alt></crit_mult_alt>
					<range>0 ft.</range>
					<attacks>0.0</attacks>
					<prof></prof>
					<source>Paizo Inc. - Core Rulebook, p.145</source>
					<quality>EQ.0.QUALITY</quality>
				</item>
				<item>
					<longname>Bolts, Crossbow (10)</longname>
					<name>10 Bolts</name>
					<carried>0.0</carried>
					<charges></charges>
					<charges_used></charges_used>
					<contents></contents>
					<contents_num>0</contents_num>
					<content_weight>0</content_weight>
					<cost>1</cost>
					<equipped>N</equipped>
					<location>Light Horse (Combat Trained)</location>
					<maxcharges>0</maxcharges>
					<note></note>
					<quantity>1</quantity>
					<checkbox>10</checkbox>
					<size>
						<long>Medium</long>
						<short>M</short>
					</size>
					<special_properties></special_properties>
					<type>AMMUNITION.RESIZABLE.BOLT.STACK.METAL.WOODEN</type>
					<weight>1</weight>
					<total_wt>1</total_wt>
					<total_weight>1</total_weight>
					<bonuslist></bonuslist>
					<acmod>0</acmod>
					<maxdex>100</maxdex>
					<accheck>0</accheck>
					<edr>0</edr>
					<move></move>
					<spell_failure>0</spell_failure>
					<damage></damage>
					<damage_alt></damage_alt>
					<crit_range></crit_range>
					<crit_mult></crit_mult>
					<crit_range_alt></crit_range_alt>
					<crit_mult_alt></crit_mult_alt>
					<range>0 ft.</range>
					<attacks>0.0</attacks>
					<prof></prof>
					<source>Paizo Inc. - Core Rulebook, p.145</source>
					<quality>EQ.0.QUALITY</quality>
				</item>
				<item>
					<longname>Citrine</longname>
					<name>Citrine</name>
					<carried>1.0</carried>
					<charges></charges>
					<charges_used></charges_used>
					<contents></contents>
					<contents_num>0</contents_num>
					<content_weight>0</content_weight>
					<cost>50</cost>
					<equipped>N</equipped>
					<location>Backpack</location>
					<maxcharges>0</maxcharges>
					<note></note>
					<quantity>1</quantity>
					<checkbox>1</checkbox>
					<size>
						<long>Medium</long>
						<short>M</short>
					</size>
					<special_properties></special_properties>
					<type>GEM</type>
					<weight>0</weight>
					<total_wt>0</total_wt>
					<total_weight>0</total_weight>
					<bonuslist></bonuslist>
					<acmod>0</acmod>
					<maxdex>100</maxdex>
					<accheck>0</accheck>
					<edr>0</edr>
					<move></move>
					<spell_failure>0</spell_failure>
					<damage></damage>
					<damage_alt></damage_alt>
					<crit_range></crit_range>
					<crit_mult></crit_mult>
					<crit_range_alt></crit_range_alt>
					<crit_mult_alt></crit_mult_alt>
					<range>0 ft.</range>
					<attacks>0.0</attacks>
					<prof></prof>
					<source>Paizo Inc. - Core Rulebook, p.400</source>
					<quality>EQ.0.QUALITY</quality>
				</item>
				<item>
					<longname>Gold Piece</longname>
					<name>Gold Piece</name>
					<carried>10.0</carried>
					<charges></charges>
					<charges_used></charges_used>
					<contents></contents>
					<contents_num>0</contents_num>
					<content_weight>0</content_weight>
					<cost>1</cost>
					<equipped>N</equipped>
					<location>Backpack</location>
					<maxcharges>0</maxcharges>
					<note></note>
					<quantity>10</quantity>
					<checkbox>10</checkbox>
					<size>
						<long>Medium</long>
						<short>M</short>
					</size>
					<special_properties></special_properties>
					<type>COIN</type>
					<weight>0.02</weight>
					<total_wt>0.2</total_wt>
					<total_weight>0.02</total_weight>
					<bonuslist></bonuslist>
					<acmod>0</acmod>
					<maxdex>100</maxdex>
					<accheck>0</accheck>
					<edr>0</edr>
					<move></move>
					<spell_failure>0</spell_failure>
					<damage></damage>
					<damage_alt></damage_alt>
					<crit_range></crit_range>
					<crit_mult></crit_mult>
					<crit_range_alt></crit_range_alt>
					<crit_mult_alt></crit_mult_alt>
					<range>0 ft.</range>
					<attacks>0.0</attacks>
					<prof></prof>
					<source>Paizo Inc. - Core Rulebook, p.140</source>
					<quality>EQ.0.QUALITY</quality>
				</item>
				<item>
					<longname>Platinum Piece</longname>
					<name>Platinum Piece</name>
					<carried>5.0</carried>
					<charges></charges>
					<charges_used></charges_used>
					<contents></contents>
					<contents_num>0</contents_num>
					<content_weight>0</content_weight>
					<cost>10</cost>
					<equipped>N</equipped>
					<location>Backpack</location>
					<maxcharges>0</maxcharges>
					<note></note>
					<quantity>5</quantity>
					<checkbox>5</checkbox>
					<size>
						<long>Medium</long>
						<short>M</short>
					</size>
					<special_properties></special_properties>
					<type>COIN</type>
					<weight>0.02</weight>
					<total_wt>0.1</total_wt>
					<total_weight>0.02</total_weight>
					<bonuslist></bonuslist>
					<acmod>0</acmod>
					<maxdex>100</maxdex>
					<accheck>0</accheck>
					<edr>0</edr>
					<move></move>
					<spell_failure>0</spell_failure>
					<damage></damage>
					<damage_alt></damage_alt>
					<crit_range></crit_range>
					<crit_mult></crit_mult>
					<crit_range_alt></crit_range_alt>
					<crit_mult_alt></crit_mult_alt>
					<range>0 ft.</range>
					<attacks>0.0</attacks>
					<prof></prof>
					<source>Paizo Inc. - Core Rulebook, p.140</source>
					<quality>EQ.0.QUALITY</quality>
				</item>
				<item>
					<longname>Silver Piece</longname>
					<name>Silver Piece</name>
					<carried>10.0</carried>
					<charges></charges>
					<charges_used></charges_used>
					<contents></contents>
					<contents_num>0</contents_num>
					<content_weight>0</content_weight>
					<cost>0.1</cost>
					<equipped>N</equipped>
					<location>Backpack</location>
					<maxcharges>0</maxcharges>
					<note></note>
					<quantity>10</quantity>
					<checkbox>10</checkbox>
					<size>
						<long>Medium</long>
						<short>M</short>
					</size>
					<special_properties></special_properties>
					<type>COIN</type>
					<weight>0.02</weight>
					<total_wt>0.2</total_wt>
					<total_weight>0.02</total_weight>
					<bonuslist></bonuslist>
					<acmod>0</acmod>
					<maxdex>100</maxdex>
					<accheck>0</accheck>
					<edr>0</edr>
					<move></move>
					<spell_failure>0</spell_failure>
					<damage></damage>
					<damage_alt></damage_alt>
					<crit_range></crit_range>
					<crit_mult></crit_mult>
					<crit_range_alt></crit_range_alt>
					<crit_mult_alt></crit_mult_alt>
					<range>0 ft.</range>
					<attacks>0.0</attacks>
					<prof></prof>
					<source>Paizo Inc. - Core Rulebook, p.140</source>
					<quality>EQ.0.QUALITY</quality>
				</item>
				<item>
					<longname>Crossbow, Light</longname>
					<name>Light Crossbow</name>
					<carried>1.0</carried>
					<charges></charges>
					<charges_used></charges_used>
					<contents>0 lbs.</contents>
					<contents_num>0</contents_num>
					<content_weight>0</content_weight>
					<cost>35</cost>
					<equipped>N</equipped>
					<location>Backpack</location>
					<maxcharges>0</maxcharges>
					<note></note>
					<quantity>1</quantity>
					<checkbox>1</checkbox>
					<size>
						<long>Medium</long>
						<short>M</short>
					</size>
					<special_properties>You draw a light crossbow back by pulling a lever. Loading a light crossbow is a move action that provokes attacks of opportunity.&amp;nl;Normally, operating a light crossbow requires two hands. However, you can shoot, but not load, a light crossbow with one hand at a -2 penalty on attack rolls. You can shoot a light crossbow with each hand, but you take a penalty on attack rolls as if attacking with two light weapons. This penalty is cumulative with the penalty for one-handed firing.</special_properties>
					<type>WEAPON.RESIZABLE.RANGED.SIMPLE.CONTAINER.PROJECTILE.PIERCING.CROSSBOW.WEAPON GROUP CROSSBOWS.LIGHTCROSSBOW.WOODEN</type>
					<weight>4</weight>
					<total_wt>4</total_wt>
					<total_weight>4</total_weight>
					<bonuslist></bonuslist>
					<acmod>0</acmod>
					<maxdex>100</maxdex>
					<accheck>0</accheck>
					<edr>0</edr>
					<move></move>
					<spell_failure>0</spell_failure>
					<damage>1d8</damage>
					<damage_alt></damage_alt>
					<crit_range>2</crit_range>
					<crit_mult>x2</crit_mult>
					<crit_range_alt></crit_range_alt>
					<crit_mult_alt></crit_mult_alt>
					<range>80 ft.</range>
					<attacks>0.0</attacks>
					<prof>Crossbow (Light)</prof>
					<source>Paizo Inc. - Core Rulebook, p.145</source>
					<quality>EQ.0.QUALITY</quality>
				</item>
				<item>
					<longname>Holy Symbol, Silver</longname>
					<name>Silver Holy Symbol</name>
					<carried>1.0</carried>
					<charges></charges>
					<charges_used></charges_used>
					<contents></contents>
					<contents_num>0</contents_num>
					<content_weight>0</content_weight>
					<cost>25</cost>
					<equipped>Y</equipped>
					<location>Equipped</location>
					<maxcharges>0</maxcharges>
					<note></note>
					<quantity>1</quantity>
					<checkbox>1</checkbox>
					<size>
						<long>Medium</long>
						<short>M</short>
					</size>
					<special_properties></special_properties>
					<type>GOODS.TOOLS.SPELL COMPONENT.DIVINE FOCUS.HOLY SYMBOL</type>
					<weight>1</weight>
					<total_wt>1</total_wt>
					<total_weight>1</total_weight>
					<bonuslist></bonuslist>
					<acmod>0</acmod>
					<maxdex>100</maxdex>
					<accheck>0</accheck>
					<edr>0</edr>
					<move></move>
					<spell_failure>0</spell_failure>
					<damage></damage>
					<damage_alt></damage_alt>
					<crit_range></crit_range>
					<crit_mult></crit_mult>
					<crit_range_alt></crit_range_alt>
					<crit_mult_alt></crit_mult_alt>
					<range>0 ft.</range>
					<attacks>0.0</attacks>
					<prof></prof>
					<source>Paizo Inc. - Core Rulebook, p.161</source>
					<quality>EQ.0.QUALITY</quality>
				</item>
				<item>
					<longname>Light Horse (Combat Trained)</longname>
					<name>Light Horse (Combat Trained)</name>
					<carried>0.0</carried>
					<charges></charges>
					<charges_used></charges_used>
					<contents>43 lbs., 1 Military Saddle, 1 Waterskin, 1 Bedroll, 1 Winter Blanket, 1 10 Bolts</contents>
					<contents_num>5</contents_num>
					<content_weight>43</content_weight>
					<cost>110</cost>
					<equipped>N</equipped>
					<location></location>
					<maxcharges>0</maxcharges>
					<note></note>
					<quantity>1</quantity>
					<checkbox>1</checkbox>
					<size>
						<long>Large</long>
						<short>L</short>
					</size>
					<special_properties></special_properties>
					<type>MOUNT.GOODS.TRANSPORTATION.CONTAINER</type>
					<weight>0</weight>
					<total_wt>0</total_wt>
					<total_weight>43</total_weight>
					<bonuslist></bonuslist>
					<acmod>0</acmod>
					<maxdex>100</maxdex>
					<accheck>0</accheck>
					<edr>0</edr>
					<move></move>
					<spell_failure>0</spell_failure>
					<damage></damage>
					<damage_alt></damage_alt>
					<crit_range></crit_range>
					<crit_mult></crit_mult>
					<crit_range_alt></crit_range_alt>
					<crit_mult_alt></crit_mult_alt>
					<range>0 ft.</range>
					<attacks>0.0</attacks>
					<prof></prof>
					<source>Paizo Inc. - Core Rulebook, p.162</source>
					<quality>EQ.0.QUALITY</quality>
				</item>
				<item>
					<longname>Potion of Cure Light Wounds</longname>
					<name>Potion of Cure Light Wounds</name>
					<carried>1.0</carried>
					<charges></charges>
					<charges_used></charges_used>
					<contents></contents>
					<contents_num>0</contents_num>
					<content_weight>0</content_weight>
					<cost>50</cost>
					<equipped>N</equipped>
					<location>Backpack</location>
					<maxcharges>0</maxcharges>
					<note></note>
					<quantity>1</quantity>
					<checkbox>1</checkbox>
					<size>
						<long>Medium</long>
						<short>M</short>
					</size>
					<special_properties>Cures 1d8+1 points of damage</special_properties>
					<type>MAGIC.POTION.CONSUMABLE.COMBAT GEAR.ENHANCEMENT</type>
					<weight>0</weight>
					<total_wt>0</total_wt>
					<total_weight>0</total_weight>
					<bonuslist></bonuslist>
					<acmod>0</acmod>
					<maxdex>100</maxdex>
					<accheck>0</accheck>
					<edr>0</edr>
					<move></move>
					<spell_failure>0</spell_failure>
					<damage></damage>
					<damage_alt></damage_alt>
					<crit_range></crit_range>
					<crit_mult></crit_mult>
					<crit_range_alt></crit_range_alt>
					<crit_mult_alt></crit_mult_alt>
					<range>0 ft.</range>
					<attacks>0.0</attacks>
					<prof></prof>
					<source>Paizo Inc. - Core Rulebook, p.477</source>
					<quality>EQ.0.QUALITY</quality>
				</item>
				<item>
					<longname>Rations, Trail</longname>
					<name>Trail Ration</name>
					<carried>4.0</carried>
					<charges></charges>
					<charges_used></charges_used>
					<contents></contents>
					<contents_num>0</contents_num>
					<content_weight>0</content_weight>
					<cost>0.5</cost>
					<equipped>N</equipped>
					<location>Backpack</location>
					<maxcharges>0</maxcharges>
					<note></note>
					<quantity>4</quantity>
					<checkbox>4</checkbox>
					<size>
						<long>Medium</long>
						<short>M</short>
					</size>
					<special_properties></special_properties>
					<type>GOODS.FOOD.RESIZABLE.CONSUMABLE</type>
					<weight>1</weight>
					<total_wt>4</total_wt>
					<total_weight>1</total_weight>
					<bonuslist></bonuslist>
					<acmod>0</acmod>
					<maxdex>100</maxdex>
					<accheck>0</accheck>
					<edr>0</edr>
					<move></move>
					<spell_failure>0</spell_failure>
					<damage></damage>
					<damage_alt></damage_alt>
					<crit_range></crit_range>
					<crit_mult></crit_mult>
					<crit_range_alt></crit_range_alt>
					<crit_mult_alt></crit_mult_alt>
					<range>0 ft.</range>
					<attacks>0.0</attacks>
					<prof></prof>
					<source>Paizo Inc. - Core Rulebook, p.158</source>
					<quality>EQ.0.QUALITY</quality>
				</item>
				<item>
					<longname>Saddle, Military</longname>
					<name>Military Saddle</name>
					<carried>0.0</carried>
					<charges></charges>
					<charges_used></charges_used>
					<contents></contents>
					<contents_num>0</contents_num>
					<content_weight>0</content_weight>
					<cost>20</cost>
					<equipped>N</equipped>
					<location>Light Horse (Combat Trained)</location>
					<maxcharges>0</maxcharges>
					<note></note>
					<quantity>1</quantity>
					<checkbox>1</checkbox>
					<size>
						<long>Medium</long>
						<short>M</short>
					</size>
					<special_properties>+2 circumstance bonus on Ride checks related to staying in the saddle</special_properties>
					<type>GOODS.MOUNT.SADDLE.MILITARY.RESIZABLE</type>
					<weight>30</weight>
					<total_wt>30</total_wt>
					<total_weight>30</total_weight>
					<bonuslist></bonuslist>
					<acmod>0</acmod>
					<maxdex>100</maxdex>
					<accheck>0</accheck>
					<edr>0</edr>
					<move></move>
					<spell_failure>0</spell_failure>
					<damage></damage>
					<damage_alt></damage_alt>
					<crit_range></crit_range>
					<crit_mult></crit_mult>
					<crit_range_alt></crit_range_alt>
					<crit_mult_alt></crit_mult_alt>
					<range>0 ft.</range>
					<attacks>0.0</attacks>
					<prof></prof>
					<source>Paizo Inc. - Core Rulebook, p.162</source>
					<quality>EQ.0.QUALITY</quality>
				</item>
				<item>
					<longname>Shield, Light Steel</longname>
					<name>Light Steel Shield</name>
					<carried>1.0</carried>
					<charges></charges>
					<charges_used></charges_used>
					<contents></contents>
					<contents_num>0</contents_num>
					<content_weight>0</content_weight>
					<cost>9</cost>
					<equipped>Y</equipped>
					<location>Equipped</location>
					<maxcharges>0</maxcharges>
					<note></note>
					<quantity>1</quantity>
					<checkbox>1</checkbox>
					<size>
						<long>Medium</long>
						<short>M</short>
					</size>
					<special_properties></special_properties>
					<type>SHIELD.LIGHT.WEAPON.RESIZABLE.MELEE.SHIELDBASH.CLOSE.WEAPON GROUP CLOSE.METAL</type>
					<weight>6</weight>
					<total_wt>6</total_wt>
					<total_weight>6</total_weight>
					<bonuslist></bonuslist>
					<acmod>1</acmod>
					<maxdex>100</maxdex>
					<accheck>-1</accheck>
					<edr>0</edr>
					<move></move>
					<spell_failure>5</spell_failure>
					<damage>1d3</damage>
					<damage_alt></damage_alt>
					<crit_range>1</crit_range>
					<crit_mult>x2</crit_mult>
					<crit_range_alt></crit_range_alt>
					<crit_mult_alt></crit_mult_alt>
					<range>0 ft.</range>
					<attacks>0.0</attacks>
					<prof></prof>
					<source>Paizo Inc. - Core Rulebook, p.152</source>
					<quality>EQ.0.QUALITY</quality>
				</item>
				<item>
					<longname>Waterskin, Filled</longname>
					<name>Waterskin</name>
					<carried>0.0</carried>
					<charges></charges>
					<charges_used></charges_used>
					<contents></contents>
					<contents_num>0</contents_num>
					<content_weight>0</content_weight>
					<cost>1</cost>
					<equipped>N</equipped>
					<location>Light Horse (Combat Trained)</location>
					<maxcharges>0</maxcharges>
					<note></note>
					<quantity>1</quantity>
					<checkbox>1</checkbox>
					<size>
						<long>Medium</long>
						<short>M</short>
					</size>
					<special_properties></special_properties>
					<type>GOODS.GENERAL.RESIZABLE</type>
					<weight>4</weight>
					<total_wt>4</total_wt>
					<total_weight>4</total_weight>
					<bonuslist></bonuslist>
					<acmod>0</acmod>
					<maxdex>100</maxdex>
					<accheck>0</accheck>
					<edr>0</edr>
					<move></move>
					<spell_failure>0</spell_failure>
					<damage></damage>
					<damage_alt></damage_alt>
					<crit_range></crit_range>
					<crit_mult></crit_mult>
					<crit_range_alt></crit_range_alt>
					<crit_mult_alt></crit_mult_alt>
					<range>0 ft.</range>
					<attacks>0.0</attacks>
					<prof></prof>
					<source>Paizo Inc. - Core Rulebook, p.158</source>
					<quality>EQ.0.QUALITY</quality>
				</item>
			</equipmentset>
		</equipmentsets>
	</equipment>
	<weight_allowance>
		<light>33</light>
		<medium>66</medium>
		<heavy>100</heavy>
		<lift_over_head>100</lift_over_head>
		<lift_off_ground>200</lift_off_ground>
		<!-- And loses Dex bonus to AC and can only move 5 feet per round as a full-round action -->
		<push_drag>500</push_drag>
	</weight_allowance>
	<!--
	  ====================================
	  ====================================
			SPECIAL ABILITIES
	  ====================================
	  ====================================-->
	<special_abilities>
		<race></race>
		<class>
			<class>Cleric</class>
			<ability></ability>
		</class>
	</special_abilities>
	<!--
	  ====================================
	  ====================================
			FEATS
	  ====================================
	  ====================================-->
	<feats>
		<!-- Visible standard feats (not including the auto feats) -->
		<feat>
			<name>Persuasive</name>
			<description>You are skilled at swaying attitudes and intimidating others into your way of thinking.</description>
			<benefit>You get a +2 bonus on Diplomacy and Intimidate skill checks. If you have 10 or more ranks in one of these skills, the bonus increases to +4 for that skill.</benefit>
			<type>GENERAL</type>
			<associated></associated>
			<count>0</count>
			<auto>F</auto>
			<hidden>F</hidden>
			<virtual>F</virtual>
			<source>Paizo Inc. - Core Rulebook, p.131</source>
		</feat>
		<feat>
			<name>Selective Channeling</name>
			<description>You can choose whom to affect when you channel energy.</description>
			<benefit>When you channel energy, you can choose 3 targets in the area. These targets are not affected by your channeled energy.</benefit>
			<type>GENERAL</type>
			<associated></associated>
			<count>0</count>
			<auto>F</auto>
			<hidden>F</hidden>
			<virtual>F</virtual>
			<source>Paizo Inc. - Core Rulebook, p.132</source>
		</feat>
		<feat>
			<name>Spell Focus (Enchantment)</name>
			<description>Any spells you cast of your chosen school of magic are more difficult to resist.</description>
			<benefit>Add +1 to the Difficulty Class for all saving throws against spells from the school of magic you select.</benefit>
			<type>GENERAL</type>
			<associated>Enchantment</associated>
			<count>1</count>
			<auto>F</auto>
			<hidden>F</hidden>
			<virtual>F</virtual>
			<source>Paizo Inc. - Core Rulebook, p.134</source>
		</feat>

		<!-- Auto feats -->

		<!-- Virtual Feats -->
		<!-- End Virtual Feats -->
		<!-- Hidden feats (all feats less the virtual, automatic and visible ones) -->
		<!-- Hidden VFEATS -->
		<!-- END Hidden VFEATS -->
		<feat>
			<name>CMB Output</name>
			<description></description>
			<benefit></benefit>
			<type>INTERNAL</type>
			<associated></associated>
			<count>0</count>
			<auto>T</auto>
			<hidden>T</hidden>
			<virtual>F</virtual>
			<source>Paizo Inc. - Core Rulebook</source>
		</feat>
	</feats>

	<!--
	  ====================================
	  ====================================
			ARCHETYPES
	  ====================================
	  ====================================-->
	<archetypes>
	</archetypes>
	<!--
	  ====================================
	  ====================================
			SPECIAL QUALITIES
	  ====================================
	  ====================================-->
	<special_qualities>
		<!-- Visible All "Special Ability" Ability Objects -->
		<special_quality>
			<name>Aura (Ex)</name>
			<description>A cleric of a chaotic, evil, good, or lawful deity has a particularly powerful aura corresponding to the deity&#39;s alignment (see the detect evil spell for details).</description>
			<type>EXTRAORDINARY.CLASSFEATURES.CLERICCLASSFEATURES.SPECIALQUALITY</type>
			<associated></associated>
			<count>0</count>
			<aspect></aspect>
			<auto>F</auto>
			<hidden>F</hidden>
			<virtual>F</virtual>
			<category>Special Ability</category>
			<source>Paizo Inc. - Core Rulebook, p.</source>
		</special_quality>
		<special_quality>
			<name>Aura of Good (Ex)</name>
			<description>You project a moderate good aura.</description>
			<type>SPECIALQUALITY.EXTRAORDINARY.AURA.CLERICCLASSFEATURES.PALADINCLASSFEATURES</type>
			<associated></associated>
			<count>0</count>
			<aspect></aspect>
			<auto>F</auto>
			<hidden>F</hidden>
			<virtual>F</virtual>
			<category>Special Ability</category>
			<source>Paizo Inc. - Core Rulebook</source>
		</special_quality>
		<special_quality>
			<name>Bonus Feat</name>
			<description>Humans select one extra feat at 1st level.</description>
			<type>RACIALTRAITS.HUMAN RACIAL TRAIT.HUMAN RACIAL DEFAULT.SPECIALQUALITY</type>
			<associated></associated>
			<count>0</count>
			<aspect></aspect>
			<auto>F</auto>
			<hidden>F</hidden>
			<virtual>F</virtual>
			<category>Special Ability</category>
			<source>Paizo Inc. - Core Rulebook, p.27</source>
		</special_quality>
		<special_quality>
			<name>Bonus Hit Point</name>
			<description></description>
			<type>FAVOREDCLASSBONUS.SPECIALQUALITY</type>
			<associated></associated>
			<count>1</count>
			<aspect></aspect>
			<auto>F</auto>
			<hidden>F</hidden>
			<virtual>F</virtual>
			<category>Special Ability</category>
			<source>Paizo Inc. - Core Rulebook</source>
		</special_quality>
		<special_quality>
			<name>Bonus Skill Rank (Knowledge (Planes), Knowledge (Religion))</name>
			<description></description>
			<type>FAVOREDCLASSBONUS.SPECIALQUALITY</type>
			<associated>Knowledge (Planes),Knowledge (Religion)</associated>
			<count>2</count>
			<aspect></aspect>
			<auto>F</auto>
			<hidden>F</hidden>
			<virtual>F</virtual>
			<category>Special Ability</category>
			<source>Paizo Inc. - Core Rulebook</source>
		</special_quality>
		<special_quality>
			<name>Orisons</name>
			<description>You can prepare a number of orisons, or 0-level spells. These spells are cast like any other spells, but they are not expended when used and may be used again.</description>
			<type>CLERICCLASSFEATURES.SPECIALQUALITY</type>
			<associated></associated>
			<count>0</count>
			<aspect></aspect>
			<auto>F</auto>
			<hidden>F</hidden>
			<virtual>F</virtual>
			<category>Special Ability</category>
			<source>Paizo Inc. - Core Rulebook, p.41</source>
		</special_quality>
		<special_quality>
			<name>Skilled</name>
			<description>Humans gain an additional skill rank at 1st level and one additional rank whenever they gain a level.</description>
			<type>RACIALTRAITS.HUMAN RACIAL TRAIT.HUMAN RACIAL DEFAULT.SPECIALQUALITY</type>
			<associated></associated>
			<count>0</count>
			<aspect></aspect>
			<auto>F</auto>
			<hidden>F</hidden>
			<virtual>F</virtual>
			<category>Special Ability</category>
			<source>Paizo Inc. - Core Rulebook, p.27</source>
		</special_quality>
		<special_quality>
			<name>Spontaneous Casting</name>
			<description>You can channel stored spell energy into healing spells that you did not prepare ahead of time. You can &quot;lose&quot; any prepared spell that is not an orison or domain spell in order to cast any cure spell of the same spell level or lower (a cure spell is any spell with &quot;Cure&quot; in its name).</description>
			<type>CLERICCLASSFEATURES.SPECIALQUALITY</type>
			<associated></associated>
			<count>0</count>
			<aspect></aspect>
			<auto>F</auto>
			<hidden>F</hidden>
			<virtual>F</virtual>
			<category>Special Ability</category>
			<source>Paizo Inc. - Core Rulebook, p.41</source>
		</special_quality>
		<special_quality>
			<name>Touch of Glory (Sp)</name>
			<description>You can cause your hand to shimmer with divine radiance, allowing you to touch a creature as a standard action and give it a +3 bonus to a single Charisma-based skill check or Charisma ability check. This ability lasts for one hour or until the creature touched elects to apply the bonus to a roll. You can use this ability to grant the bonus 7 times per day.</description>
			<type>CLERICCLASSFEATURES.SPECIALQUALITY.SPELLLIKE.DOMAINPOWER.GLORY DOMAIN</type>
			<associated></associated>
			<count>0</count>
			<aspect>Ability Benefit: (7/day), CheckCount: 7, CheckType: Uses per Day</aspect>
			<auto>F</auto>
			<hidden>F</hidden>
			<virtual>F</virtual>
			<category>Special Ability</category>
			<source>Paizo Inc. - Core Rulebook, p.44</source>
		</special_quality>
	</special_qualities>
	<!--
	  ====================================
	  ====================================
			SPECIAL ATTACKS
	  ====================================
	  ====================================-->
	<special_attacks>
		<!-- Visible All "Special Ability" Ability Objects -->
		<special_attack>
			<name>Channel Positive Energy (Su)</name>
			<description>You can unleash a wave of positive energy. You must choose to deal 2d6 points of positive energy damage to undead creatures or to heal living creatures of 2d6 points of damage. Creatures that take damage from channeled energy receive a DC 16 Will save to halve the damage. You can use this ability 6 times per day.</description>
			<type>CLERICCLASSFEATURES.SUPERNATURAL.SPECIALATTACK.CHANNELENERGYSELECTION.CHANNELENERGY.CHANNEL ENERGY.CHANNEL ENERGY POSITIVE.CHANNEL POSITIVE ENERGY</type>
			<associated></associated>
			<count>0</count>
			<aspect>Ability Benefit: (2d6, DC 16, 6/day), CheckCount: 6, CheckType: Uses per day, MasterAbility: Channel Energy</aspect>
			<auto>F</auto>
			<hidden>F</hidden>
			<virtual>F</virtual>
			<category>Special Ability</category>
			<source>Paizo Inc. - Core Rulebook, p.40</source>
		</special_attack>
		<special_attack>
			<name>Sun&#39;s Blessing (Su)</name>
			<description>Whenever you channel positive energy to harm undead creatures, add a +3 bonus to the damage dealt. Undead do not add their channel resistance to their saves when you channel positive energy.</description>
			<type>CLERICCLASSFEATURES.SPECIALATTACK.SUPERNATURAL.DOMAINPOWER.SUN DOMAIN</type>
			<associated></associated>
			<count>0</count>
			<aspect></aspect>
			<auto>F</auto>
			<hidden>F</hidden>
			<virtual>F</virtual>
			<category>Special Ability</category>
			<source>Paizo Inc. - Core Rulebook, p.47</source>
		</special_attack>
	</special_attacks>

		<!--
	  ====================================
	  ====================================
			Resistance Table
	  ====================================
	  ====================================-->
		<resistances>
		</resistances>

		<!--
	  ====================================
	  ====================================
			Racial Traits
	  ====================================
	  ====================================-->

	<racial_traits>
	</racial_traits>

		<!--
	  ====================================
	  ====================================
			Animal Trick
	  ====================================
	  ====================================-->
	<animal_tricks>
	</animal_tricks>

	<!--
	  ====================================
	  ====================================
			TALENTS
	  ====================================
	  ====================================-->
	<talents>
	</talents>

	<!--
	  ====================================
	  ====================================
			Intelligent Item
	  ====================================
	  ====================================-->
	<intelligent_items>
	</intelligent_items>

	<!--
	  ====================================
	  ====================================
			Words of Power
	  ====================================
	  ====================================-->
	<words_of_powers>
	</words_of_powers>

	<!--
	  ====================================
	  ====================================
			SALIENT DIVINE ABILITIES
	  ====================================
	  ====================================-->
	<salient_divine_abilities>
	</salient_divine_abilities>
	<!--
	  ====================================
	  ====================================
			Occupations
	  ====================================
	  ====================================-->
	<occupations>
	</occupations>


	<!-- Eclipse Section -->
		<!--
	  ====================================
	  ====================================
			Eclipse Recurring Bonuses
	  ====================================
	  ====================================-->
	<charcreations>
	</charcreations>
		<!--
	  ====================================
	  ====================================
			DISADVANTAGES
	  ====================================
	  ====================================-->
	<disadvantages>
	</disadvantages>
	<!--
	  ====================================
	  ====================================
			Eclipse Abilities
	  ====================================
	  ====================================-->
	<eclipse_abilities>
	</eclipse_abilities>
	<!--
	  ====================================
	  ====================================
			Spell Caster Output
	  ====================================
	  ====================================-->
	<spellcasteroutputs>
	</spellcasteroutputs>
	<!--
	  ====================================
	  ====================================
			Martial Arts
	  ====================================
	  ====================================-->
	<martial_arts>
	</martial_arts>
	<!--
	  ====================================
	  ====================================
			Mystic Artist
	  ====================================
	  ====================================-->
	<mystic_artists>
	</mystic_artists>
	<!--
	  ====================================
	  ====================================
			Witchcraft Abilities
	  ====================================
	  ====================================-->
	<witchcrafts>
	</witchcrafts>
	<!--
	  ====================================
	  ====================================
			The Path of the Dragon
	  ====================================
	  ====================================-->
	<path_dragons>
	</path_dragons>
		<!--
	  ====================================
	  ====================================
			Dominion and Advanced Dominion
	  ====================================
	  ====================================-->
	<dominions>
	</dominions>
	<!--
	  ====================================
	  ====================================
			Channeling
	  ====================================
	  ====================================-->
	<channelings>
	</channelings>
	<!-- END ECLIPSE SECION -->

	<!--
	  ====================================
	  ====================================
			POWERS - CLASSFEATURES
	  ====================================
	  ====================================-->
	<powers_classfeatures>
	</powers_classfeatures>

		<!--
	  ====================================
	  ====================================
			POWERS - CLASSFEATURES
	  ====================================
	  ====================================-->
	<powers_classfeatures>
	</powers_classfeatures><!--
	  ====================================
	  ====================================
			POWERS - FEATPOWERS
	  ====================================
	  ====================================-->
	<powers_featpowers>
	</powers_featpowers>

	<!--
	  ====================================
	  ====================================
			4e Powers - At-Will
	  ====================================
	  ====================================-->
	<powers_atwills>
	</powers_atwills>

	<!--
	  ====================================
	  ====================================
			4e Powers - At-Will
	  ====================================
	  ====================================-->
	<powers_atwills>
	</powers_atwills>

	<!--
	  ====================================
	  ====================================
			4e Powers - Encounter
	  ====================================
	  ====================================-->

	<powers_encounters>
	</powers_encounters>
	<!--
	  ====================================
	  ====================================
			4e Powers - Daily
	  ====================================
	  ====================================-->
	<powers_dailies>
	</powers_dailies>
	<!--
	  ====================================
	  ====================================
			4e Powers - Utility
	  ====================================
	  ====================================-->

	<powers_utilities>
	</powers_utilities>

	<!--
	  ====================================
	  ====================================
			Demon Cant
	  ====================================
	  ====================================-->
	<demon_cants>
	</demon_cants>
	<!--
	  ====================================
	  ====================================
			Mage Gnosis
	  ====================================
	  ====================================-->
	<mage_gnosises>
	</mage_gnosises>
	<!--
	  ====================================
	  ====================================
			Vampire Disciplines
	  ====================================
	  ====================================-->
	<vampire_disciplines>
	</vampire_disciplines>
	<!--
	  ====================================
	  ====================================
			Werewolf Rites
	  ====================================
	  ====================================-->
	<werewolf_rites>
	</werewolf_rites>

	<!--
	  ====================================
	  ====================================
			Force Powers
	  ====================================
	  ====================================-->
	<force_powers>
	</force_powers>
	<!--
	  ====================================
	  ====================================
			Force Techniques
	  ====================================
	  ====================================-->
	<force_techniques>
	</force_techniques>
	<!--
	  ====================================
	  ====================================
			Force Secrets
	  ====================================
	  ====================================-->
	<force_secrets>
	</force_secrets>

	<!--
	====================================
	====================================
			MUTATIONS
	====================================
	====================================	-->
	<mutations>
	</mutations>




	<!--
	  ====================================
	  ====================================
			TRAITS
	  ====================================
	  ====================================-->
	<traits>
	</traits>

	<!--
	  ====================================
	  ====================================
			Afflictions
	  ====================================
	  ====================================-->
	<afflictions>
	</afflictions>

	<!--
	  ====================================
	  ====================================
			PFS Chronicles
	  ====================================
	  ====================================-->
	<pfs_chronicles>
	</pfs_chronicles>
	<!--
	  ====================================
	  ====================================
			PFS Boons
	  ====================================
	  ====================================-->
	<pfs_boons>
	</pfs_boons>
	<!--
	====================================
	  ====================================
			Temporary Bonus
	  ====================================
	  ====================================-->
	<tempbonuses>
	</tempbonuses>

	<!--
	  ====================================
	  ====================================
			MISCELLANEOUS
	  ====================================
	  ====================================-->


	<domains>
		<domain>
			<name>Glory</name>
			<power>You are infused with the glory of the divine, and are a true foe of the undead. In addition, when you channel positive energy to harm undead creatures, the save DC to halve the damage is increased by 2.</power>
		</domain>
			<domain>
			<name>Sun</name>
			<power>You see truth in the pure and burning light of the sun, and can call upon its blessing or wrath to work great deeds.</power>
		</domain>
		<!-- Domains -->
	</domains>
		<!-- Domains -->
	<weapon_proficiencies>Bayonet, Blowgun, Cestus, Club, Heavy Crossbow, Light Crossbow, Dagger, Punching Dagger, Dart, Gauntlet, Spiked Gauntlet, Grapple, Javelin, Longspear, Heavy Mace, Light Mace, Mere Club, Morningstar, Quarterstaff, Rock, Scimitar, Shortspear, Sickle, Sling, Spear, Boar Spear, Ray Spells, Touch Spells, Splash Weapon, Stake, Unarmed Strike</weapon_proficiencies>
	<languages>Celestial, Common</languages>


	<misc>
			<gold>41</gold>

		<funds>
			<fund></fund>
		</funds>
		<companions>
			<companion></companion>
		</companions>
<!--	This doesn't work - AM
		-->
		<magics>
			<magic></magic>
		</magics>
	</misc>
	<!--
	  ====================================
	  ====================================
			COMPANIONS
	  ====================================
	  ====================================-->
	<companions>


	</companions>
	<!--
	  ====================================
	  ====================================
			SPELLS
	  ====================================
	  ====================================-->
	<spells>
		<!-- ### BEGIN Innate spells ### -->
	<spells_innate number="none"/>
		<!-- ### END Innate spells ### -->
		<!-- ### BEGIN Known spells ### -->
		<known_spells>
		<class number="0" spelllistclass="Cleric" spellcasterlevel="3" spellcastertype="Divine" memorize="true" concentration="+7">
			<level number="0" known="0" cast="4">
				<spell>
						<name>Bleed</name>
						<outputname>Bleed</outputname>
						<times_memorized>1</times_memorized>
						<range>Close (30 ft.)</range>
						<components>V, S</components>
						<castingtime>1 standard action</castingtime>
						<casterlevel>3</casterlevel>
						<concentration>+7</concentration>
						<dc>14</dc>
						<duration>Instantaneous</duration>
						<effect>You cause a living creature that is below 0 hit points but stabilized to resume dying.</effect>
						<target>One living creature</target>
						<saveinfo>Will negates</saveinfo>
						<school>
							<school>Necromancy</school>
							<subschool></subschool>
							<descriptor></descriptor>
							<fullschool>Necromancy</fullschool>
						</school>
						<source>
							<source>Paizo Inc. - Core Rulebook, p.249</source>
							<sourcelevel>Clr0</sourcelevel>
							<sourcelink>http://paizo.com/pathfinderRPG/prd/spells/bleed.html#_bleed</sourcelink>
							<sourcepage>p.249</sourcepage>
							<sourceshort>CR</sourceshort>
						</source>
						<spell_resistance>Yes</spell_resistance>
						<description>You cause a living creature that is below 0 hit points but stabilized to resume dying.</description>
						<bonusspell></bonusspell>
				</spell>
				<spell>
						<name>Create Water</name>
						<outputname>Create Water</outputname>
						<times_memorized>1</times_memorized>
						<range>Close (30 ft.)</range>
						<components>V, S</components>
						<castingtime>1 standard action</castingtime>
						<casterlevel>3</casterlevel>
						<concentration>+7</concentration>
						<dc></dc>
						<duration>Instantaneous</duration>
						<effect>This spell generates wholesome, drinkable water, just like clean rain water.</effect>
						<target>Up to 6 gallons of water</target>
						<saveinfo>None</saveinfo>
						<school>
							<school>Conjuration</school>
							<subschool>Creation</subschool>
							<descriptor>Water</descriptor>
							<fullschool>Conjuration (Creation) [Water]</fullschool>
						</school>
						<source>
							<source>Paizo Inc. - Core Rulebook, p.262</source>
							<sourcelevel>Clr0</sourcelevel>
							<sourcelink>http://paizo.com/pathfinderRPG/prd/spells/createWater.html#_create-water</sourcelink>
							<sourcepage>p.262</sourcepage>
							<sourceshort>CR</sourceshort>
						</source>
						<spell_resistance>No</spell_resistance>
						<description>This spell generates wholesome, drinkable water, just like clean rain water.</description>
						<bonusspell></bonusspell>
				</spell>
				<spell>
						<name>Detect Magic</name>
						<outputname>Detect Magic</outputname>
						<times_memorized>1</times_memorized>
						<range>60 ft.</range>
						<components>V, S</components>
						<castingtime>1 standard action</castingtime>
						<casterlevel>3</casterlevel>
						<concentration>+7</concentration>
						<dc></dc>
						<duration>Concentration, up to 3 minutes [D]</duration>
						<effect>You detect magical auras.</effect>
						<target>Cone-shaped emanation</target>
						<saveinfo>None</saveinfo>
						<school>
							<school>Divination</school>
							<subschool></subschool>
							<descriptor></descriptor>
							<fullschool>Divination</fullschool>
						</school>
						<source>
							<source>Paizo Inc. - Core Rulebook, p.267</source>
							<sourcelevel>Clr0</sourcelevel>
							<sourcelink>http://paizo.com/pathfinderRPG/prd/spells/detectMagic.html#_detect-magic</sourcelink>
							<sourcepage>p.267</sourcepage>
							<sourceshort>CR</sourceshort>
						</source>
						<spell_resistance>No</spell_resistance>
						<description>You detect magical auras.</description>
						<bonusspell></bonusspell>
				</spell>
				<spell>
						<name>Detect Poison</name>
						<outputname>Detect Poison</outputname>
						<times_memorized>1</times_memorized>
						<range>Close (30 ft.)</range>
						<components>V, S</components>
						<castingtime>1 standard action</castingtime>
						<casterlevel>3</casterlevel>
						<concentration>+7</concentration>
						<dc></dc>
						<duration>Instantaneous</duration>
						<effect>You determine whether a creature, object, or area has been poisoned or is poisonous.</effect>
						<target>Or Area one creature, one object, or a 5-ft. cube</target>
						<saveinfo>None</saveinfo>
						<school>
							<school>Divination</school>
							<subschool></subschool>
							<descriptor></descriptor>
							<fullschool>Divination</fullschool>
						</school>
						<source>
							<source>Paizo Inc. - Core Rulebook, p.268</source>
							<sourcelevel>Clr0</sourcelevel>
							<sourcelink>http://paizo.com/pathfinderRPG/prd/spells/detectPoison.html#_detect-poison</sourcelink>
							<sourcepage>p.268</sourcepage>
							<sourceshort>CR</sourceshort>
						</source>
						<spell_resistance>No</spell_resistance>
						<description>You determine whether a creature, object, or area has been poisoned or is poisonous.</description>
						<bonusspell></bonusspell>
				</spell>
				<spell>
						<name>Guidance</name>
						<outputname>Guidance</outputname>
						<times_memorized>1</times_memorized>
						<range>Touch</range>
						<components>V, S</components>
						<castingtime>1 standard action</castingtime>
						<casterlevel>3</casterlevel>
						<concentration>+7</concentration>
						<dc>14</dc>
						<duration>1 minute or until discharged</duration>
						<effect>This spell imbues the subject with a touch of divine guidance.</effect>
						<target>Creature touched</target>
						<saveinfo>Will negates (harmless)</saveinfo>
						<school>
							<school>Divination</school>
							<subschool></subschool>
							<descriptor></descriptor>
							<fullschool>Divination</fullschool>
						</school>
						<source>
							<source>Paizo Inc. - Core Rulebook, p.292</source>
							<sourcelevel>Clr0</sourcelevel>
							<sourcelink>http://paizo.com/pathfinderRPG/prd/spells/guidance.html#_guidance</sourcelink>
							<sourcepage>p.292</sourcepage>
							<sourceshort>CR</sourceshort>
						</source>
						<spell_resistance>Yes</spell_resistance>
						<description>This spell imbues the subject with a touch of divine guidance.</description>
						<bonusspell></bonusspell>
				</spell>
				<spell>
						<name>Light</name>
						<outputname>Light</outputname>
						<times_memorized>1</times_memorized>
						<range>Touch</range>
						<components>V, M/DF</components>
						<castingtime>1 standard action</castingtime>
						<casterlevel>3</casterlevel>
						<concentration>+7</concentration>
						<dc></dc>
						<duration>30 minutes</duration>
						<effect>This spell causes a touched object to glow like a torch.</effect>
						<target>Object touched</target>
						<saveinfo>None</saveinfo>
						<school>
							<school>Evocation</school>
							<subschool></subschool>
							<descriptor>Light</descriptor>
							<fullschool>Evocation [Light]</fullschool>
						</school>
						<source>
							<source>Paizo Inc. - Core Rulebook, p.304</source>
							<sourcelevel>Clr0</sourcelevel>
							<sourcelink>http://paizo.com/pathfinderRPG/prd/spells/light.html#_light</sourcelink>
							<sourcepage>p.304</sourcepage>
							<sourceshort>CR</sourceshort>
						</source>
						<spell_resistance>No</spell_resistance>
						<description>This spell causes a touched object to glow like a torch.</description>
						<bonusspell></bonusspell>
				</spell>
				<spell>
						<name>Mending</name>
						<outputname>Mending</outputname>
						<times_memorized>1</times_memorized>
						<range>10 ft.</range>
						<components>V, S</components>
						<castingtime>10 minutes</castingtime>
						<casterlevel>3</casterlevel>
						<concentration>+7</concentration>
						<dc>14</dc>
						<duration>Instantaneous</duration>
						<effect>This spell repairs damaged objects, restoring 1d4 hit points to the object.</effect>
						<target>One object of up to 3 lb.</target>
						<saveinfo>Will negates (harmless, object)</saveinfo>
						<school>
							<school>Transmutation</school>
							<subschool></subschool>
							<descriptor></descriptor>
							<fullschool>Transmutation</fullschool>
						</school>
						<source>
							<source>Paizo Inc. - Core Rulebook, p.312</source>
							<sourcelevel>Clr0</sourcelevel>
							<sourcelink>http://paizo.com/pathfinderRPG/prd/spells/mending.html#_mending</sourcelink>
							<sourcepage>p.312</sourcepage>
							<sourceshort>CR</sourceshort>
						</source>
						<spell_resistance>Yes (harmless, object)</spell_resistance>
						<description>This spell repairs damaged objects, restoring 1d4 hit points to the object.</description>
						<bonusspell></bonusspell>
				</spell>
				<spell>
						<name>Purify Food and Drink</name>
						<outputname>Purify Food and Drink</outputname>
						<times_memorized>1</times_memorized>
						<range>10 ft.</range>
						<components>V, S</components>
						<castingtime>1 standard action</castingtime>
						<casterlevel>3</casterlevel>
						<concentration>+7</concentration>
						<dc>14</dc>
						<duration>Instantaneous</duration>
						<effect>This spell makes spoiled, rotten, diseased, poisonous, or otherwise contaminated food and water pure and suitable for eating and drinking.</effect>
						<target>3 cu. ft. of contaminated food and water</target>
						<saveinfo>Will negates (object)</saveinfo>
						<school>
							<school>Transmutation</school>
							<subschool></subschool>
							<descriptor></descriptor>
							<fullschool>Transmutation</fullschool>
						</school>
						<source>
							<source>Paizo Inc. - Core Rulebook, p.328</source>
							<sourcelevel>Clr0</sourcelevel>
							<sourcelink>http://paizo.com/pathfinderRPG/prd/spells/purifyFoodAndDrink.html#_purify-food-and-drink</sourcelink>
							<sourcepage>p.328</sourcepage>
							<sourceshort>CR</sourceshort>
						</source>
						<spell_resistance>Yes (object)</spell_resistance>
						<description>This spell makes spoiled, rotten, diseased, poisonous, or otherwise contaminated food and water pure and suitable for eating and drinking.</description>
						<bonusspell></bonusspell>
				</spell>
				<spell>
						<name>Read Magic</name>
						<outputname>Read Magic</outputname>
						<times_memorized>1</times_memorized>
						<range>Personal</range>
						<components>V, S, F</components>
						<castingtime>1 standard action</castingtime>
						<casterlevel>3</casterlevel>
						<concentration>+7</concentration>
						<dc></dc>
						<duration>30 minutes</duration>
						<effect>You can decipher magical inscriptions on objects--books, scrolls, weapons, and the like--that would otherwise be unintelligible.</effect>
						<target>You</target>
						<saveinfo></saveinfo>
						<school>
							<school>Divination</school>
							<subschool></subschool>
							<descriptor></descriptor>
							<fullschool>Divination</fullschool>
						</school>
						<source>
							<source>Paizo Inc. - Core Rulebook, p.330</source>
							<sourcelevel>Clr0</sourcelevel>
							<sourcelink>http://paizo.com/pathfinderRPG/prd/spells/readMagic.html#_read-magic</sourcelink>
							<sourcepage>p.330</sourcepage>
							<sourceshort>CR</sourceshort>
						</source>
						<spell_resistance></spell_resistance>
						<description>You can decipher magical inscriptions on objects--books, scrolls, weapons, and the like--that would otherwise be unintelligible.</description>
						<bonusspell></bonusspell>
				</spell>
				<spell>
						<name>Resistance</name>
						<outputname>Resistance</outputname>
						<times_memorized>1</times_memorized>
						<range>Touch</range>
						<components>V, S, M/DF</components>
						<castingtime>1 standard action</castingtime>
						<casterlevel>3</casterlevel>
						<concentration>+7</concentration>
						<dc>14</dc>
						<duration>1 minute</duration>
						<effect>You imbue the subject with magical energy that protects it from harm, granting it a +1 resistance bonus on saves.</effect>
						<target>Creature touched</target>
						<saveinfo>Will negates (harmless)</saveinfo>
						<school>
							<school>Abjuration</school>
							<subschool></subschool>
							<descriptor></descriptor>
							<fullschool>Abjuration</fullschool>
						</school>
						<source>
							<source>Paizo Inc. - Core Rulebook, p.334</source>
							<sourcelevel>Clr0</sourcelevel>
							<sourcelink>http://paizo.com/pathfinderRPG/prd/spells/resistance.html#_resistance</sourcelink>
							<sourcepage>p.334</sourcepage>
							<sourceshort>CR</sourceshort>
						</source>
						<spell_resistance>Yes (harmless)</spell_resistance>
						<description>You imbue the subject with magical energy that protects it from harm, granting it a +1 resistance bonus on saves.</description>
						<bonusspell></bonusspell>
				</spell>
				<spell>
						<name>Spark</name>
						<outputname>Spark</outputname>
						<times_memorized>1</times_memorized>
						<range>Close (30 ft.)</range>
						<components>V or S</components>
						<castingtime>1 standard action</castingtime>
						<casterlevel>3</casterlevel>
						<concentration>+7</concentration>
						<dc>14</dc>
						<duration>Instantaneous</duration>
						<effect>Ignites flammable objects.</effect>
						<target>one Fine object</target>
						<saveinfo>Fortitude negates (object)</saveinfo>
						<school>
							<school>Evocation, FireSchool</school>
							<subschool></subschool>
							<descriptor>Fire</descriptor>
							<fullschool>Evocation, FireSchool [Fire]</fullschool>
						</school>
						<source>
							<source>Paizo Inc. - Advanced Player&#39;s Guide, p.246</source>
							<sourcelevel>Clr0</sourcelevel>
							<sourcelink>http://paizo.com/pathfinderRPG/prd/advanced/spells/spark.html#_spark-</sourcelink>
							<sourcepage>p.246</sourcepage>
							<sourceshort>APG</sourceshort>
						</source>
						<spell_resistance>Yes (object)</spell_resistance>
						<description>Ignites flammable objects.</description>
						<bonusspell></bonusspell>
				</spell>
				<spell>
						<name>Stabilize</name>
						<outputname>Stabilize</outputname>
						<times_memorized>1</times_memorized>
						<range>Close (30 ft.)</range>
						<components>V, S</components>
						<castingtime>1 standard action</castingtime>
						<casterlevel>3</casterlevel>
						<concentration>+7</concentration>
						<dc>14</dc>
						<duration>Instantaneous</duration>
						<effect>Upon casting this spell, you target a living creature that has -1 or fewer hit points.</effect>
						<target>One living creature</target>
						<saveinfo>Will negates (harmless)</saveinfo>
						<school>
							<school>Conjuration</school>
							<subschool>Healing</subschool>
							<descriptor></descriptor>
							<fullschool>Conjuration (Healing)</fullschool>
						</school>
						<source>
							<source>Paizo Inc. - Core Rulebook, p.348</source>
							<sourcelevel>Clr0</sourcelevel>
							<sourcelink>http://paizo.com/pathfinderRPG/prd/spells/stabilize.html#_stabilize</sourcelink>
							<sourcepage>p.348</sourcepage>
							<sourceshort>CR</sourceshort>
						</source>
						<spell_resistance>Yes (harmless)</spell_resistance>
						<description>Upon casting this spell, you target a living creature that has -1 or fewer hit points.</description>
						<bonusspell></bonusspell>
				</spell>
				<spell>
						<name>Virtue</name>
						<outputname>Virtue</outputname>
						<times_memorized>1</times_memorized>
						<range>Touch</range>
						<components>V, S, DF</components>
						<castingtime>1 standard action</castingtime>
						<casterlevel>3</casterlevel>
						<concentration>+7</concentration>
						<dc></dc>
						<duration>1 min.</duration>
						<effect>With a touch, you infuse a creature with a tiny surge of life, granting the subject 1 temporary hit point.</effect>
						<target>Creature touched</target>
						<saveinfo>None</saveinfo>
						<school>
							<school>Transmutation</school>
							<subschool></subschool>
							<descriptor></descriptor>
							<fullschool>Transmutation</fullschool>
						</school>
						<source>
							<source>Paizo Inc. - Core Rulebook, p.365</source>
							<sourcelevel>Clr0</sourcelevel>
							<sourcelink>http://paizo.com/pathfinderRPG/prd/spells/virtue.html#_virtue</sourcelink>
							<sourcepage>p.365</sourcepage>
							<sourceshort>CR</sourceshort>
						</source>
						<spell_resistance>Yes (harmless)</spell_resistance>
						<description>With a touch, you infuse a creature with a tiny surge of life, granting the subject 1 temporary hit point.</description>
						<bonusspell></bonusspell>
				</spell>
			</level>
			<level number="1" known="0" cast="3+1">
				<spell>
						<name>Ant Haul</name>
						<outputname>Ant Haul</outputname>
						<times_memorized>1</times_memorized>
						<range>Touch</range>
						<components>V, S, M/DF</components>
						<castingtime>1 standard action</castingtime>
						<casterlevel>3</casterlevel>
						<concentration>+7</concentration>
						<dc>15</dc>
						<duration>6 hours</duration>
						<effect>Triples carrying capacity of a creature.</effect>
						<target>creature touched</target>
						<saveinfo>Fortitude negates (harmless)</saveinfo>
						<school>
							<school>Transmutation</school>
							<subschool></subschool>
							<descriptor></descriptor>
							<fullschool>Transmutation</fullschool>
						</school>
						<source>
							<source>Paizo Inc. - Advanced Player&#39;s Guide, p.202</source>
							<sourcelevel>Clr1</sourcelevel>
							<sourcelink>http://paizo.com/pathfinderRPG/prd/advanced/spells/antHaul.html#_ant-haul-</sourcelink>
							<sourcepage>p.202</sourcepage>
							<sourceshort>APG</sourceshort>
						</source>
						<spell_resistance>Yes (harmless)</spell_resistance>
						<description>Triples carrying capacity of a creature.</description>
						<bonusspell></bonusspell>
				</spell>
				<spell>
						<name>Bane</name>
						<outputname>Bane</outputname>
						<times_memorized>1</times_memorized>
						<range>50 ft.</range>
						<components>V, S, DF</components>
						<castingtime>1 standard action</castingtime>
						<casterlevel>3</casterlevel>
						<concentration>+7</concentration>
						<dc>16</dc>
						<duration>3 minutes</duration>
						<effect>Bane fills your enemies with fear and doubt.</effect>
						<target>50-ft.-radius burst, centered on you</target>
						<saveinfo>Will negates</saveinfo>
						<school>
							<school>Enchantment</school>
							<subschool>Compulsion</subschool>
							<descriptor>Fear, Mind-Affecting</descriptor>
							<fullschool>Enchantment (Compulsion) [Fear, Mind-Affecting]</fullschool>
						</school>
						<source>
							<source>Paizo Inc. - Core Rulebook, p.246</source>
							<sourcelevel>Clr1</sourcelevel>
							<sourcelink>http://paizo.com/pathfinderRPG/prd/spells/bane.html#_bane</sourcelink>
							<sourcepage>p.246</sourcepage>
							<sourceshort>CR</sourceshort>
						</source>
						<spell_resistance>Yes</spell_resistance>
						<description>Bane fills your enemies with fear and doubt.</description>
						<bonusspell></bonusspell>
				</spell>
				<spell>
						<name>Bless</name>
						<outputname>Bless</outputname>
						<times_memorized>1</times_memorized>
						<range>50 ft.</range>
						<components>V, S, DF</components>
						<castingtime>1 standard action</castingtime>
						<casterlevel>3</casterlevel>
						<concentration>+7</concentration>
						<dc></dc>
						<duration>3 minutes</duration>
						<effect>Bless fills your allies with courage.</effect>
						<target>The caster and all allies within a 50-ft. burst, centered on the caster</target>
						<saveinfo>None</saveinfo>
						<school>
							<school>Enchantment</school>
							<subschool>Compulsion</subschool>
							<descriptor>Mind-Affecting</descriptor>
							<fullschool>Enchantment (Compulsion) [Mind-Affecting]</fullschool>
						</school>
						<source>
							<source>Paizo Inc. - Core Rulebook, p.249</source>
							<sourcelevel>Clr1</sourcelevel>
							<sourcelink>http://paizo.com/pathfinderRPG/prd/spells/bless.html#_bless</sourcelink>
							<sourcepage>p.249</sourcepage>
							<sourceshort>CR</sourceshort>
						</source>
						<spell_resistance>Yes (harmless)</spell_resistance>
						<description>Bless fills your allies with courage.</description>
						<bonusspell></bonusspell>
				</spell>
				<spell>
						<name>Bless Water</name>
						<outputname>Bless Water</outputname>
						<times_memorized>1</times_memorized>
						<range>Touch</range>
						<components>V, S, M</components>
						<castingtime>1 minute</castingtime>
						<casterlevel>3</casterlevel>
						<concentration>+7</concentration>
						<dc>15</dc>
						<duration>Instantaneous</duration>
						<effect>This transmutation imbues a flask of water with positive energy, turning it into holy water.</effect>
						<target>Flask of water touched</target>
						<saveinfo>Will negates (object)</saveinfo>
						<school>
							<school>Transmutation</school>
							<subschool></subschool>
							<descriptor>Good</descriptor>
							<fullschool>Transmutation [Good]</fullschool>
						</school>
						<source>
							<source>Paizo Inc. - Core Rulebook, p.249</source>
							<sourcelevel>Clr1</sourcelevel>
							<sourcelink>http://paizo.com/pathfinderRPG/prd/spells/blessWater.html#_bless-water</sourcelink>
							<sourcepage>p.249</sourcepage>
							<sourceshort>CR</sourceshort>
						</source>
						<spell_resistance>Yes (object)</spell_resistance>
						<description>This transmutation imbues a flask of water with positive energy, turning it into holy water.</description>
						<bonusspell></bonusspell>
				</spell>
				<spell>
						<name>Cause Fear</name>
						<outputname>Cause Fear</outputname>
						<times_memorized>1</times_memorized>
						<range>Close (30 ft.)</range>
						<components>V, S</components>
						<castingtime>1 standard action</castingtime>
						<casterlevel>3</casterlevel>
						<concentration>+7</concentration>
						<dc>15</dc>
						<duration>1d4 rounds or 1 round; see text</duration>
						<effect>The affected creature becomes frightened.</effect>
						<target>One living creature with 5 or fewer HD</target>
						<saveinfo>Will partial</saveinfo>
						<school>
							<school>Necromancy</school>
							<subschool></subschool>
							<descriptor>Fear, Mind-Affecting</descriptor>
							<fullschool>Necromancy [Fear, Mind-Affecting]</fullschool>
						</school>
						<source>
							<source>Paizo Inc. - Core Rulebook, p.252</source>
							<sourcelevel>Clr1</sourcelevel>
							<sourcelink>http://paizo.com/pathfinderRPG/prd/spells/causeFear.html#_cause-fear</sourcelink>
							<sourcepage>p.252</sourcepage>
							<sourceshort>CR</sourceshort>
						</source>
						<spell_resistance>Yes</spell_resistance>
						<description>The affected creature becomes frightened.</description>
						<bonusspell></bonusspell>
				</spell>
				<spell>
						<name>Command</name>
						<outputname>Command</outputname>
						<times_memorized>1</times_memorized>
						<range>Close (30 ft.)</range>
						<components>V</components>
						<castingtime>1 standard action</castingtime>
						<casterlevel>3</casterlevel>
						<concentration>+7</concentration>
						<dc>16</dc>
						<duration>1 round</duration>
						<effect>You give the subject a single command, which it obeys to the best of its ability at its earliest opportunity.</effect>
						<target>One living creature</target>
						<saveinfo>Will negates</saveinfo>
						<school>
							<school>Enchantment</school>
							<subschool>Compulsion</subschool>
							<descriptor>Language-Dependent, Mind-Affecting</descriptor>
							<fullschool>Enchantment (Compulsion) [Language-Dependent, Mind-Affecting]</fullschool>
						</school>
						<source>
							<source>Paizo Inc. - Core Rulebook, p.256</source>
							<sourcelevel>Clr1</sourcelevel>
							<sourcelink>http://paizo.com/pathfinderRPG/prd/spells/command.html#_command</sourcelink>
							<sourcepage>p.256</sourcepage>
							<sourceshort>CR</sourceshort>
						</source>
						<spell_resistance>Yes</spell_resistance>
						<description>You give the subject a single command, which it obeys to the best of its ability at its earliest opportunity.</description>
						<bonusspell></bonusspell>
				</spell>
				<spell>
						<name>Comprehend Languages</name>
						<outputname>Comprehend Languages</outputname>
						<times_memorized>1</times_memorized>
						<range>Personal</range>
						<components>V, S, M/DF</components>
						<castingtime>1 standard action</castingtime>
						<casterlevel>3</casterlevel>
						<concentration>+7</concentration>
						<dc></dc>
						<duration>30 minutes</duration>
						<effect>You can understand the spoken words of creatures or read otherwise incomprehensible written messages.</effect>
						<target>You</target>
						<saveinfo></saveinfo>
						<school>
							<school>Divination</school>
							<subschool></subschool>
							<descriptor></descriptor>
							<fullschool>Divination</fullschool>
						</school>
						<source>
							<source>Paizo Inc. - Core Rulebook, p.258</source>
							<sourcelevel>Clr1</sourcelevel>
							<sourcelink>http://paizo.com/pathfinderRPG/prd/spells/comprehendLanguages.html#_comprehend-languages</sourcelink>
							<sourcepage>p.258</sourcepage>
							<sourceshort>CR</sourceshort>
						</source>
						<spell_resistance></spell_resistance>
						<description>You can understand the spoken words of creatures or read otherwise incomprehensible written messages.</description>
						<bonusspell></bonusspell>
				</spell>
				<spell>
						<name>Cure Light Wounds</name>
						<outputname>Cure Light Wounds</outputname>
						<times_memorized>1</times_memorized>
						<range>Touch</range>
						<components>V, S</components>
						<castingtime>1 standard action</castingtime>
						<casterlevel>3</casterlevel>
						<concentration>+7</concentration>
						<dc>15</dc>
						<duration>Instantaneous</duration>
						<effect>When laying your hand upon a living creature, you channel positive energy that cures 1d8+3 points of damage.</effect>
						<target>Creature touched</target>
						<saveinfo>Will half (harmless); see text</saveinfo>
						<school>
							<school>Conjuration</school>
							<subschool>Healing</subschool>
							<descriptor></descriptor>
							<fullschool>Conjuration (Healing)</fullschool>
						</school>
						<source>
							<source>Paizo Inc. - Core Rulebook, p.263</source>
							<sourcelevel>Clr1</sourcelevel>
							<sourcelink>http://paizo.com/pathfinderRPG/prd/spells/cureLightWounds.html#_cure-light-wounds</sourcelink>
							<sourcepage>p.263</sourcepage>
							<sourceshort>CR</sourceshort>
						</source>
						<spell_resistance>Yes (harmless); see text</spell_resistance>
						<description>When laying your hand upon a living creature, you channel positive energy that cures 1d8+(min(5,CASTERLEVEL)) points of damage.</description>
						<bonusspell></bonusspell>
				</spell>
				<spell>
						<name>Dancing Lantern</name>
						<outputname>Dancing Lantern</outputname>
						<times_memorized>1</times_memorized>
						<range>Touch</range>
						<components>V, S, F</components>
						<castingtime>1 standard action</castingtime>
						<casterlevel>3</casterlevel>
						<concentration>+7</concentration>
						<dc></dc>
						<duration>3 hours [D]</duration>
						<effect>Animates a lantern that follows you.</effect>
						<target>Animates one lantern</target>
						<saveinfo>None</saveinfo>
						<school>
							<school>Transmutation, FireSchool</school>
							<subschool></subschool>
							<descriptor>Fire, Light</descriptor>
							<fullschool>Transmutation, FireSchool [Fire, Light]</fullschool>
						</school>
						<source>
							<source>Paizo Inc. - Advanced Player&#39;s Guide, p.214</source>
							<sourcelevel>Clr1</sourcelevel>
							<sourcelink>http://paizo.com/pathfinderRPG/prd/advanced/spells/dancingLantern.html#_dancing-lantern-</sourcelink>
							<sourcepage>p.214</sourcepage>
							<sourceshort>APG</sourceshort>
						</source>
						<spell_resistance>No</spell_resistance>
						<description>Animates a lantern that follows you.</description>
						<bonusspell></bonusspell>
				</spell>
				<spell>
						<name>Deathwatch</name>
						<outputname>Deathwatch</outputname>
						<times_memorized>1</times_memorized>
						<range>30 ft.</range>
						<components>V, S</components>
						<castingtime>1 standard action</castingtime>
						<casterlevel>3</casterlevel>
						<concentration>+7</concentration>
						<dc></dc>
						<duration>30 minutes</duration>
						<effect>Using the powers of necromancy, you can determine the condition of creatures near death within the spell&#39;s range.</effect>
						<target>Cone-shaped emanation</target>
						<saveinfo>None</saveinfo>
						<school>
							<school>Necromancy</school>
							<subschool></subschool>
							<descriptor></descriptor>
							<fullschool>Necromancy</fullschool>
						</school>
						<source>
							<source>Paizo Inc. - Core Rulebook, p.265</source>
							<sourcelevel>Clr1</sourcelevel>
							<sourcelink>http://paizo.com/pathfinderRPG/prd/spells/deathwatch.html#_deathwatch</sourcelink>
							<sourcepage>p.265</sourcepage>
							<sourceshort>CR</sourceshort>
						</source>
						<spell_resistance>No</spell_resistance>
						<description>Using the powers of necromancy, you can determine the condition of creatures near death within the spell&#39;s range.</description>
						<bonusspell></bonusspell>
				</spell>
				<spell>
						<name>Detect Chaos</name>
						<outputname>Detect Chaos</outputname>
						<times_memorized>1</times_memorized>
						<range>60 ft.</range>
						<components>V, S, DF</components>
						<castingtime>1 standard action</castingtime>
						<casterlevel>3</casterlevel>
						<concentration>+7</concentration>
						<dc></dc>
						<duration>Concentration, up to 30 minutes [D]</duration>
						<effect>You can sense the auras of chaotic creatures.</effect>
						<target>Cone-shaped emanation</target>
						<saveinfo>None</saveinfo>
						<school>
							<school>Divination</school>
							<subschool></subschool>
							<descriptor></descriptor>
							<fullschool>Divination</fullschool>
						</school>
						<source>
							<source>Paizo Inc. - Core Rulebook, p.266</source>
							<sourcelevel>Clr1</sourcelevel>
							<sourcelink>http://paizo.com/pathfinderRPG/prd/spells/detectChaos.html#_detect-chaos</sourcelink>
							<sourcepage>p.266</sourcepage>
							<sourceshort>CR</sourceshort>
						</source>
						<spell_resistance>No</spell_resistance>
						<description>You can sense the auras of chaotic creatures.</description>
						<bonusspell></bonusspell>
				</spell>
				<spell>
						<name>Detect Evil</name>
						<outputname>Detect Evil</outputname>
						<times_memorized>1</times_memorized>
						<range>60 ft.</range>
						<components>V, S, DF</components>
						<castingtime>1 standard action</castingtime>
						<casterlevel>3</casterlevel>
						<concentration>+7</concentration>
						<dc></dc>
						<duration>Concentration, up to 30 minutes [D]</duration>
						<effect>You can sense the presence of evil.</effect>
						<target>Cone-shaped emanation</target>
						<saveinfo>None</saveinfo>
						<school>
							<school>Divination</school>
							<subschool></subschool>
							<descriptor></descriptor>
							<fullschool>Divination</fullschool>
						</school>
						<source>
							<source>Paizo Inc. - Core Rulebook, p.266</source>
							<sourcelevel>Clr1</sourcelevel>
							<sourcelink>http://paizo.com/pathfinderRPG/prd/spells/detectEvil.html#_detect-evil</sourcelink>
							<sourcepage>p.266</sourcepage>
							<sourceshort>CR</sourceshort>
						</source>
						<spell_resistance>No</spell_resistance>
						<description>You can sense the presence of evil.</description>
						<bonusspell></bonusspell>
				</spell>
				<spell>
						<name>Detect Good</name>
						<outputname>Detect Good</outputname>
						<times_memorized>1</times_memorized>
						<range>60 ft.</range>
						<components>V, S, DF</components>
						<castingtime>1 standard action</castingtime>
						<casterlevel>3</casterlevel>
						<concentration>+7</concentration>
						<dc></dc>
						<duration>Concentration, up to 30 minutes [D]</duration>
						<effect>You can sense the presence of good.</effect>
						<target>Cone-shaped emanation</target>
						<saveinfo>None</saveinfo>
						<school>
							<school>Divination</school>
							<subschool></subschool>
							<descriptor></descriptor>
							<fullschool>Divination</fullschool>
						</school>
						<source>
							<source>Paizo Inc. - Core Rulebook, p.267</source>
							<sourcelevel>Clr1</sourcelevel>
							<sourcelink>http://paizo.com/pathfinderRPG/prd/spells/detectGood.html#_detect-good</sourcelink>
							<sourcepage>p.267</sourcepage>
							<sourceshort>CR</sourceshort>
						</source>
						<spell_resistance>No</spell_resistance>
						<description>You can sense the presence of good.</description>
						<bonusspell></bonusspell>
				</spell>
				<spell>
						<name>Detect Law</name>
						<outputname>Detect Law</outputname>
						<times_memorized>1</times_memorized>
						<range>60 ft.</range>
						<components>V, S, DF</components>
						<castingtime>1 standard action</castingtime>
						<casterlevel>3</casterlevel>
						<concentration>+7</concentration>
						<dc></dc>
						<duration>Concentration, up to 30 minutes [D]</duration>
						<effect>You can sense the auras of lawful creatures.</effect>
						<target>Cone-shaped emanation</target>
						<saveinfo>None</saveinfo>
						<school>
							<school>Divination</school>
							<subschool></subschool>
							<descriptor></descriptor>
							<fullschool>Divination</fullschool>
						</school>
						<source>
							<source>Paizo Inc. - Core Rulebook, p.267</source>
							<sourcelevel>Clr1</sourcelevel>
							<sourcelink>http://paizo.com/pathfinderRPG/prd/spells/detectLaw.html#_detect-law</sourcelink>
							<sourcepage>p.267</sourcepage>
							<sourceshort>CR</sourceshort>
						</source>
						<spell_resistance>No</spell_resistance>
						<description>You can sense the auras of lawful creatures.</description>
						<bonusspell></bonusspell>
				</spell>
				<spell>
						<name>Detect Undead</name>
						<outputname>Detect Undead</outputname>
						<times_memorized>1</times_memorized>
						<range>60 ft.</range>
						<components>V, S, M/DF</components>
						<castingtime>1 standard action</castingtime>
						<casterlevel>3</casterlevel>
						<concentration>+7</concentration>
						<dc></dc>
						<duration>Concentration, up to 3 minutes [D]</duration>
						<effect>You can detect the aura that surrounds undead creatures.</effect>
						<target>Cone-shaped emanation</target>
						<saveinfo>None</saveinfo>
						<school>
							<school>Divination</school>
							<subschool></subschool>
							<descriptor></descriptor>
							<fullschool>Divination</fullschool>
						</school>
						<source>
							<source>Paizo Inc. - Core Rulebook, p.269</source>
							<sourcelevel>Clr1</sourcelevel>
							<sourcelink>http://paizo.com/pathfinderRPG/prd/spells/detectUndead.html#_detect-undead</sourcelink>
							<sourcepage>p.269</sourcepage>
							<sourceshort>CR</sourceshort>
						</source>
						<spell_resistance>No</spell_resistance>
						<description>You can detect the aura that surrounds undead creatures.</description>
						<bonusspell></bonusspell>
				</spell>
				<spell>
						<name>Divine Favor</name>
						<outputname>Divine Favor</outputname>
						<times_memorized>1</times_memorized>
						<range>Personal</range>
						<components>V, S, DF</components>
						<castingtime>1 standard action</castingtime>
						<casterlevel>3</casterlevel>
						<concentration>+7</concentration>
						<dc></dc>
						<duration>1 minute</duration>
						<effect>Calling upon the strength and wisdom of a deity, you gain a +1 luck bonus on attack and weapon damage rolls.</effect>
						<target>You</target>
						<saveinfo></saveinfo>
						<school>
							<school>Evocation</school>
							<subschool></subschool>
							<descriptor></descriptor>
							<fullschool>Evocation</fullschool>
						</school>
						<source>
							<source>Paizo Inc. - Core Rulebook, p.273</source>
							<sourcelevel>Clr1</sourcelevel>
							<sourcelink>http://paizo.com/pathfinderRPG/prd/spells/divineFavor.html#_divine-favor</sourcelink>
							<sourcepage>p.273</sourcepage>
							<sourceshort>CR</sourceshort>
						</source>
						<spell_resistance></spell_resistance>
						<description>Calling upon the strength and wisdom of a deity, you gain a +(max(1,min(3,floor(CASTERLEVEL/3)))) luck bonus on attack and weapon damage rolls.</description>
						<bonusspell></bonusspell>
				</spell>
				<spell>
						<name>Doom</name>
						<outputname>Doom</outputname>
						<times_memorized>1</times_memorized>
						<range>Medium (130 ft.)</range>
						<components>V, S, DF</components>
						<castingtime>1 standard action</castingtime>
						<casterlevel>3</casterlevel>
						<concentration>+7</concentration>
						<dc>15</dc>
						<duration>3 minutes</duration>
						<effect>This spell fills a single subject with a feeling of horrible dread that causes it to become shaken.</effect>
						<target>One living creature</target>
						<saveinfo>Will negates</saveinfo>
						<school>
							<school>Necromancy</school>
							<subschool></subschool>
							<descriptor>Fear, Mind-Affecting</descriptor>
							<fullschool>Necromancy [Fear, Mind-Affecting]</fullschool>
						</school>
						<source>
							<source>Paizo Inc. - Core Rulebook, p.274</source>
							<sourcelevel>Clr1</sourcelevel>
							<sourcelink>http://paizo.com/pathfinderRPG/prd/spells/doom.html#_doom</sourcelink>
							<sourcepage>p.274</sourcepage>
							<sourceshort>CR</sourceshort>
						</source>
						<spell_resistance>Yes</spell_resistance>
						<description>This spell fills a single subject with a feeling of horrible dread that causes it to become shaken.</description>
						<bonusspell></bonusspell>
				</spell>
				<spell>
						<name>Endure Elements</name>
						<outputname>Endure Elements</outputname>
						<times_memorized>1</times_memorized>
						<range>Touch</range>
						<components>V, S</components>
						<castingtime>1 standard action</castingtime>
						<casterlevel>3</casterlevel>
						<concentration>+7</concentration>
						<dc>15</dc>
						<duration>24 hours</duration>
						<effect>A creature protected by endure elements suffers no harm from being in a hot or cold environment.</effect>
						<target>Creature touched</target>
						<saveinfo>Will negates (harmless)</saveinfo>
						<school>
							<school>Abjuration</school>
							<subschool></subschool>
							<descriptor></descriptor>
							<fullschool>Abjuration</fullschool>
						</school>
						<source>
							<source>Paizo Inc. - Core Rulebook, p.277</source>
							<sourcelevel>Clr1, Sun1</sourcelevel>
							<sourcelink>http://paizo.com/pathfinderRPG/prd/spells/endureElements.html#_endure-elements</sourcelink>
							<sourcepage>p.277</sourcepage>
							<sourceshort>CR</sourceshort>
						</source>
						<spell_resistance>Yes (harmless)</spell_resistance>
						<description>A creature protected by endure elements suffers no harm from being in a hot or cold environment.</description>
						<bonusspell>**</bonusspell>
				</spell>
				<spell>
						<name>Endure Elements</name>
						<outputname>Endure Elements</outputname>
						<times_memorized>1</times_memorized>
						<range>Touch</range>
						<components>V, S</components>
						<castingtime>1 standard action</castingtime>
						<casterlevel>3</casterlevel>
						<concentration>+7</concentration>
						<dc>15</dc>
						<duration>24 hours</duration>
						<effect>A creature protected by endure elements suffers no harm from being in a hot or cold environment.</effect>
						<target>Creature touched</target>
						<saveinfo>Will negates (harmless)</saveinfo>
						<school>
							<school>Abjuration</school>
							<subschool></subschool>
							<descriptor></descriptor>
							<fullschool>Abjuration</fullschool>
						</school>
						<source>
							<source>Paizo Inc. - Core Rulebook, p.277</source>
							<sourcelevel>Clr1, Sun1</sourcelevel>
							<sourcelink>http://paizo.com/pathfinderRPG/prd/spells/endureElements.html#_endure-elements</sourcelink>
							<sourcepage>p.277</sourcepage>
							<sourceshort>CR</sourceshort>
						</source>
						<spell_resistance>Yes (harmless)</spell_resistance>
						<description>A creature protected by endure elements suffers no harm from being in a hot or cold environment.</description>
						<bonusspell></bonusspell>
				</spell>
				<spell>
						<name>Entropic Shield</name>
						<outputname>Entropic Shield</outputname>
						<times_memorized>1</times_memorized>
						<range>Personal</range>
						<components>V, S</components>
						<castingtime>1 standard action</castingtime>
						<casterlevel>3</casterlevel>
						<concentration>+7</concentration>
						<dc></dc>
						<duration>3 minutes [D]</duration>
						<effect>A magical field appears around you, glowing with a chaotic blast of multicolored hues deflecting incoming arrows, rays, and other ranged attacks.</effect>
						<target>You</target>
						<saveinfo></saveinfo>
						<school>
							<school>Abjuration</school>
							<subschool></subschool>
							<descriptor></descriptor>
							<fullschool>Abjuration</fullschool>
						</school>
						<source>
							<source>Paizo Inc. - Core Rulebook, p.278</source>
							<sourcelevel>Clr1</sourcelevel>
							<sourcelink>http://paizo.com/pathfinderRPG/prd/spells/entropicShield.html#_entropic-shield</sourcelink>
							<sourcepage>p.278</sourcepage>
							<sourceshort>CR</sourceshort>
						</source>
						<spell_resistance></spell_resistance>
						<description>A magical field appears around you, glowing with a chaotic blast of multicolored hues deflecting incoming arrows, rays, and other ranged attacks.</description>
						<bonusspell></bonusspell>
				</spell>
				<spell>
						<name>Hide from Undead</name>
						<outputname>Hide from Undead</outputname>
						<times_memorized>1</times_memorized>
						<range>Touch</range>
						<components>V, S, DF</components>
						<castingtime>1 standard action</castingtime>
						<casterlevel>3</casterlevel>
						<concentration>+7</concentration>
						<dc>15</dc>
						<duration>30 minutes [D]</duration>
						<effect>Undead cannot see, hear, or smell creatures warded by this spell.</effect>
						<target>3 creatures touched</target>
						<saveinfo>Will negates (harmless); see text</saveinfo>
						<school>
							<school>Abjuration</school>
							<subschool></subschool>
							<descriptor></descriptor>
							<fullschool>Abjuration</fullschool>
						</school>
						<source>
							<source>Paizo Inc. - Core Rulebook, p.296</source>
							<sourcelevel>Clr1</sourcelevel>
							<sourcelink>http://paizo.com/pathfinderRPG/prd/spells/hideFromUndead.html#_hide-from-undead</sourcelink>
							<sourcepage>p.296</sourcepage>
							<sourceshort>CR</sourceshort>
						</source>
						<spell_resistance>Yes</spell_resistance>
						<description>Undead cannot see, hear, or smell creatures warded by this spell.</description>
						<bonusspell></bonusspell>
				</spell>
				<spell>
						<name>Inflict Light Wounds</name>
						<outputname>Inflict Light Wounds</outputname>
						<times_memorized>1</times_memorized>
						<range>Touch</range>
						<components>V, S</components>
						<castingtime>1 standard action</castingtime>
						<casterlevel>3</casterlevel>
						<concentration>+7</concentration>
						<dc>15</dc>
						<duration>Instantaneous</duration>
						<effect>When laying your hand upon a creature, you channel negative energy that deals 1d8+3 points of damage.</effect>
						<target>Creature touched</target>
						<saveinfo>Will half</saveinfo>
						<school>
							<school>Necromancy</school>
							<subschool></subschool>
							<descriptor></descriptor>
							<fullschool>Necromancy</fullschool>
						</school>
						<source>
							<source>Paizo Inc. - Core Rulebook, p.300</source>
							<sourcelevel>Clr1</sourcelevel>
							<sourcelink>http://paizo.com/pathfinderRPG/prd/spells/inflictLightWounds.html#_inflict-light-wounds</sourcelink>
							<sourcepage>p.300</sourcepage>
							<sourceshort>CR</sourceshort>
						</source>
						<spell_resistance>Yes</spell_resistance>
						<description>When laying your hand upon a creature, you channel negative energy that deals 1d8+(min(5,CASTERLEVEL)) points of damage.</description>
						<bonusspell></bonusspell>
				</spell>
				<spell>
						<name>Magic Stone</name>
						<outputname>Magic Stone</outputname>
						<times_memorized>1</times_memorized>
						<range>Touch</range>
						<components>V, S, DF</components>
						<castingtime>1 standard action</castingtime>
						<casterlevel>3</casterlevel>
						<concentration>+7</concentration>
						<dc>15</dc>
						<duration>30 minutes or until discharged</duration>
						<effect>You transmute as many as three pebbles, which can be no larger than sling bullets, so that they strike with great force when thrown or slung.</effect>
						<target>Up to three pebbles touched</target>
						<saveinfo>Will negates (harmless, object)</saveinfo>
						<school>
							<school>Transmutation</school>
							<subschool></subschool>
							<descriptor></descriptor>
							<fullschool>Transmutation</fullschool>
						</school>
						<source>
							<source>Paizo Inc. - Core Rulebook, p.310</source>
							<sourcelevel>Clr1</sourcelevel>
							<sourcelink>http://paizo.com/pathfinderRPG/prd/spells/magicStone.html#_magic-stone</sourcelink>
							<sourcepage>p.310</sourcepage>
							<sourceshort>CR</sourceshort>
						</source>
						<spell_resistance>Yes (harmless, object)</spell_resistance>
						<description>You transmute as many as three pebbles, which can be no larger than sling bullets, so that they strike with great force when thrown or slung.</description>
						<bonusspell></bonusspell>
				</spell>
				<spell>
						<name>Magic Weapon</name>
						<outputname>Magic Weapon</outputname>
						<times_memorized>1</times_memorized>
						<range>Touch</range>
						<components>V, S, DF</components>
						<castingtime>1 standard action</castingtime>
						<casterlevel>3</casterlevel>
						<concentration>+7</concentration>
						<dc>15</dc>
						<duration>3 minutes</duration>
						<effect>Magic weapon gives a weapon a +1 enhancement bonus on attack and damage rolls.</effect>
						<target>Weapon touched</target>
						<saveinfo>Will negates (harmless, object)</saveinfo>
						<school>
							<school>Transmutation</school>
							<subschool></subschool>
							<descriptor></descriptor>
							<fullschool>Transmutation</fullschool>
						</school>
						<source>
							<source>Paizo Inc. - Core Rulebook, p.310</source>
							<sourcelevel>Clr1</sourcelevel>
							<sourcelink>http://paizo.com/pathfinderRPG/prd/spells/magicWeapon.html#_magic-weapon</sourcelink>
							<sourcepage>p.310</sourcepage>
							<sourceshort>CR</sourceshort>
						</source>
						<spell_resistance>Yes (harmless, object)</spell_resistance>
						<description>Magic weapon gives a weapon a +1 enhancement bonus on attack and damage rolls.</description>
						<bonusspell></bonusspell>
				</spell>
				<spell>
						<name>Obscuring Mist</name>
						<outputname>Obscuring Mist</outputname>
						<times_memorized>1</times_memorized>
						<range>20 ft.</range>
						<components>V, S</components>
						<castingtime>1 standard action</castingtime>
						<casterlevel>3</casterlevel>
						<concentration>+7</concentration>
						<dc></dc>
						<duration>3 minutes [D]</duration>
						<effect>A misty, stationary vapor arises around you obscuring all sight, including darkvision, beyond 5 feet.</effect>
						<target>Cloud spreads in 20-ft. radius from you, 20 ft. high</target>
						<saveinfo>None</saveinfo>
						<school>
							<school>Conjuration, WaterSchool</school>
							<subschool>Creation</subschool>
							<descriptor></descriptor>
							<fullschool>Conjuration, WaterSchool (Creation)</fullschool>
						</school>
						<source>
							<source>Paizo Inc. - Core Rulebook, p.317</source>
							<sourcelevel>Clr1</sourcelevel>
							<sourcelink>http://paizo.com/pathfinderRPG/prd/spells/obscuringMist.html#_obscuring-mist</sourcelink>
							<sourcepage>p.317</sourcepage>
							<sourceshort>CR</sourceshort>
						</source>
						<spell_resistance>No</spell_resistance>
						<description>A misty, stationary vapor arises around you obscuring all sight, including darkvision, beyond 5 feet.</description>
						<bonusspell></bonusspell>
				</spell>
				<spell>
						<name>Protection from Chaos</name>
						<outputname>Protection from Chaos</outputname>
						<times_memorized>1</times_memorized>
						<range>Touch</range>
						<components>V, S, M/DF</components>
						<castingtime>1 standard action</castingtime>
						<casterlevel>3</casterlevel>
						<concentration>+7</concentration>
						<dc>15</dc>
						<duration>3 minutes [D]</duration>
						<effect>This spell wards a creature from attacks by chaotic creatures, from mental control, and from summoned creatures.</effect>
						<target>Creature touched</target>
						<saveinfo>Will negates (harmless)</saveinfo>
						<school>
							<school>Abjuration</school>
							<subschool></subschool>
							<descriptor>Lawful</descriptor>
							<fullschool>Abjuration [Lawful]</fullschool>
						</school>
						<source>
							<source>Paizo Inc. - Core Rulebook, p.327</source>
							<sourcelevel>Clr1</sourcelevel>
							<sourcelink>http://paizo.com/pathfinderRPG/prd/spells/protectionFromChaos.html#_protection-from-chaos</sourcelink>
							<sourcepage>p.327</sourcepage>
							<sourceshort>CR</sourceshort>
						</source>
						<spell_resistance>No; see text</spell_resistance>
						<description>This spell wards a creature from attacks by chaotic creatures, from mental control, and from summoned creatures.</description>
						<bonusspell></bonusspell>
				</spell>
				<spell>
						<name>Protection from Evil</name>
						<outputname>Protection from Evil</outputname>
						<times_memorized>1</times_memorized>
						<range>Touch</range>
						<components>V, S, M/DF</components>
						<castingtime>1 standard action</castingtime>
						<casterlevel>3</casterlevel>
						<concentration>+7</concentration>
						<dc>15</dc>
						<duration>3 minutes [D]</duration>
						<effect>This spell wards a creature from attacks by evil creatures, from mental control, and from summoned creatures.</effect>
						<target>Creature touched</target>
						<saveinfo>Will negates (harmless)</saveinfo>
						<school>
							<school>Abjuration</school>
							<subschool></subschool>
							<descriptor>Good</descriptor>
							<fullschool>Abjuration [Good]</fullschool>
						</school>
						<source>
							<source>Paizo Inc. - Core Rulebook, p.327</source>
							<sourcelevel>Clr1</sourcelevel>
							<sourcelink>http://paizo.com/pathfinderRPG/prd/spells/protectionFromEvil.html#_protection-from-evil</sourcelink>
							<sourcepage>p.327</sourcepage>
							<sourceshort>CR</sourceshort>
						</source>
						<spell_resistance>No; see text</spell_resistance>
						<description>This spell wards a creature from attacks by evil creatures, from mental control, and from summoned creatures.</description>
						<bonusspell></bonusspell>
				</spell>
				<spell>
						<name>Protection from Law</name>
						<outputname>Protection from Law</outputname>
						<times_memorized>1</times_memorized>
						<range>Touch</range>
						<components>V, S, M/DF</components>
						<castingtime>1 standard action</castingtime>
						<casterlevel>3</casterlevel>
						<concentration>+7</concentration>
						<dc>15</dc>
						<duration>3 minutes [D]</duration>
						<effect>This spell wards a creature from attacks by lawful creatures, from mental control, and from summoned creatures.</effect>
						<target>Creature touched</target>
						<saveinfo>Will negates (harmless)</saveinfo>
						<school>
							<school>Abjuration</school>
							<subschool></subschool>
							<descriptor>Chaotic</descriptor>
							<fullschool>Abjuration [Chaotic]</fullschool>
						</school>
						<source>
							<source>Paizo Inc. - Core Rulebook, p.328</source>
							<sourcelevel>Clr1</sourcelevel>
							<sourcelink>http://paizo.com/pathfinderRPG/prd/spells/protectionFromLaw.html#_protection-from-law</sourcelink>
							<sourcepage>p.328</sourcepage>
							<sourceshort>CR</sourceshort>
						</source>
						<spell_resistance>No; see text</spell_resistance>
						<description>This spell wards a creature from attacks by lawful creatures, from mental control, and from summoned creatures.</description>
						<bonusspell></bonusspell>
				</spell>
				<spell>
						<name>Remove Fear</name>
						<outputname>Remove Fear</outputname>
						<times_memorized>1</times_memorized>
						<range>Close (30 ft.)</range>
						<components>V, S</components>
						<castingtime>1 standard action</castingtime>
						<casterlevel>3</casterlevel>
						<concentration>+7</concentration>
						<dc>15</dc>
						<duration>10 minutes; see text</duration>
						<effect>You instill courage in the subject, granting it a +4 morale bonus against fear effects for 10 minutes.</effect>
						<target>1 creatures, no two of which can be more than 30 ft. apart</target>
						<saveinfo>Will negates (harmless)</saveinfo>
						<school>
							<school>Abjuration</school>
							<subschool></subschool>
							<descriptor></descriptor>
							<fullschool>Abjuration</fullschool>
						</school>
						<source>
							<source>Paizo Inc. - Core Rulebook, p.332</source>
							<sourcelevel>Clr1</sourcelevel>
							<sourcelink>http://paizo.com/pathfinderRPG/prd/spells/removeFear.html#_remove-fear</sourcelink>
							<sourcepage>p.332</sourcepage>
							<sourceshort>CR</sourceshort>
						</source>
						<spell_resistance>Yes (harmless)</spell_resistance>
						<description>You instill courage in the subject, granting it a +4 morale bonus against fear effects for 10 minutes.</description>
						<bonusspell></bonusspell>
				</spell>
				<spell>
						<name>Sanctuary</name>
						<outputname>Sanctuary</outputname>
						<times_memorized>1</times_memorized>
						<range>Touch</range>
						<components>V, S, DF</components>
						<castingtime>1 standard action</castingtime>
						<casterlevel>3</casterlevel>
						<concentration>+7</concentration>
						<dc>15</dc>
						<duration>3 rounds</duration>
						<effect>Any opponent attempting to directly attack the warded creature, even with a targeted spell, must attempt a Will save.</effect>
						<target>Creature touched</target>
						<saveinfo>Will negates</saveinfo>
						<school>
							<school>Abjuration</school>
							<subschool></subschool>
							<descriptor></descriptor>
							<fullschool>Abjuration</fullschool>
						</school>
						<source>
							<source>Paizo Inc. - Core Rulebook, p.336</source>
							<sourcelevel>Clr1</sourcelevel>
							<sourcelink>http://paizo.com/pathfinderRPG/prd/spells/sanctuary.html#_sanctuary</sourcelink>
							<sourcepage>p.336</sourcepage>
							<sourceshort>CR</sourceshort>
						</source>
						<spell_resistance>No</spell_resistance>
						<description>Any opponent attempting to directly attack the warded creature, even with a targeted spell, must attempt a Will save.</description>
						<bonusspell></bonusspell>
				</spell>
				<spell>
						<name>Shield of Faith</name>
						<outputname>Shield of Faith</outputname>
						<times_memorized>1</times_memorized>
						<range>Touch</range>
						<components>V, S, M</components>
						<castingtime>1 standard action</castingtime>
						<casterlevel>3</casterlevel>
						<concentration>+7</concentration>
						<dc>15</dc>
						<duration>3 minutes</duration>
						<effect>This spell creates a shimmering, magical field around the target that averts and deflects attacks.</effect>
						<target>Creature touched</target>
						<saveinfo>Will negates (harmless)</saveinfo>
						<school>
							<school>Abjuration</school>
							<subschool></subschool>
							<descriptor></descriptor>
							<fullschool>Abjuration</fullschool>
						</school>
						<source>
							<source>Paizo Inc. - Core Rulebook, p.342</source>
							<sourcelevel>Clr1, Glory1</sourcelevel>
							<sourcelink>http://paizo.com/pathfinderRPG/prd/spells/shieldOfFaith.html#_shield-of-faith</sourcelink>
							<sourcepage>p.342</sourcepage>
							<sourceshort>CR</sourceshort>
						</source>
						<spell_resistance>Yes (harmless)</spell_resistance>
						<description>This spell creates a shimmering, magical field around the target that averts and deflects attacks.</description>
						<bonusspell>**</bonusspell>
				</spell>
				<spell>
						<name>Shield of Faith</name>
						<outputname>Shield of Faith</outputname>
						<times_memorized>1</times_memorized>
						<range>Touch</range>
						<components>V, S, M</components>
						<castingtime>1 standard action</castingtime>
						<casterlevel>3</casterlevel>
						<concentration>+7</concentration>
						<dc>15</dc>
						<duration>3 minutes</duration>
						<effect>This spell creates a shimmering, magical field around the target that averts and deflects attacks.</effect>
						<target>Creature touched</target>
						<saveinfo>Will negates (harmless)</saveinfo>
						<school>
							<school>Abjuration</school>
							<subschool></subschool>
							<descriptor></descriptor>
							<fullschool>Abjuration</fullschool>
						</school>
						<source>
							<source>Paizo Inc. - Core Rulebook, p.342</source>
							<sourcelevel>Clr1, Glory1</sourcelevel>
							<sourcelink>http://paizo.com/pathfinderRPG/prd/spells/shieldOfFaith.html#_shield-of-faith</sourcelink>
							<sourcepage>p.342</sourcepage>
							<sourceshort>CR</sourceshort>
						</source>
						<spell_resistance>Yes (harmless)</spell_resistance>
						<description>This spell creates a shimmering, magical field around the target that averts and deflects attacks.</description>
						<bonusspell></bonusspell>
				</spell>
				<spell>
						<name>Summon Monster I</name>
						<outputname>Summon Monster I</outputname>
						<times_memorized>1</times_memorized>
						<range>Close (30 ft.)</range>
						<components>V, S, F/DF</components>
						<castingtime>1 round</castingtime>
						<casterlevel>3</casterlevel>
						<concentration>+7</concentration>
						<dc></dc>
						<duration>3 rounds [D]</duration>
						<effect>This spell summons an extraplanar creature.</effect>
						<target>One summoned creature</target>
						<saveinfo>None</saveinfo>
						<school>
							<school>Conjuration</school>
							<subschool>Summoning</subschool>
							<descriptor></descriptor>
							<fullschool>Conjuration (Summoning)</fullschool>
						</school>
						<source>
							<source>Paizo Inc. - Core Rulebook, p.350</source>
							<sourcelevel>Clr1</sourcelevel>
							<sourcelink>http://paizo.com/pathfinderRPG/prd/spells/summonMonster.html#_summon-monster-i</sourcelink>
							<sourcepage>p.350</sourcepage>
							<sourceshort>CR</sourceshort>
						</source>
						<spell_resistance>No</spell_resistance>
						<description>This spell summons an extraplanar creature.</description>
						<bonusspell></bonusspell>
				</spell>
			</level>
			<level number="2" known="0" cast="2+1">
				<spell>
						<name>Aid</name>
						<outputname>Aid</outputname>
						<times_memorized>1</times_memorized>
						<range>Touch</range>
						<components>V, S, DF</components>
						<castingtime>1 standard action</castingtime>
						<casterlevel>3</casterlevel>
						<concentration>+7</concentration>
						<dc></dc>
						<duration>3 minutes</duration>
						<effect>Aid grants +1 morale bonus on attack rolls and saves vs fear effects, plus 1d8 + 3 temporary hit points.</effect>
						<target>Living creature touched</target>
						<saveinfo>None</saveinfo>
						<school>
							<school>Enchantment</school>
							<subschool>Compulsion</subschool>
							<descriptor>Mind-Affecting</descriptor>
							<fullschool>Enchantment (Compulsion) [Mind-Affecting]</fullschool>
						</school>
						<source>
							<source>Paizo Inc. - Core Rulebook, p.239</source>
							<sourcelevel>Clr2</sourcelevel>
							<sourcelink>http://paizo.com/pathfinderRPG/prd/spells/aid.html#_aid</sourcelink>
							<sourcepage>p.239</sourcepage>
							<sourceshort>CR</sourceshort>
						</source>
						<spell_resistance>Yes (harmless)</spell_resistance>
						<description>Aid grants +1 morale bonus on attack rolls and saves vs fear effects, plus 1d8 + (min(CASTERLEVEL,10)) temporary hit points.</description>
						<bonusspell></bonusspell>
				</spell>
				<spell>
						<name>Align Weapon</name>
						<outputname>Align Weapon</outputname>
						<times_memorized>1</times_memorized>
						<range>Touch</range>
						<components>V, S, DF</components>
						<castingtime>1 standard action</castingtime>
						<casterlevel>3</casterlevel>
						<concentration>+7</concentration>
						<dc>16</dc>
						<duration>3 minutes</duration>
						<effect>Align weapon makes a weapon chaotic, evil, good, or lawful, as you choose.</effect>
						<target>Weapon touched or 50 projectiles [all of which must be together at the time of casting]</target>
						<saveinfo>Will negates (harmless, object)</saveinfo>
						<school>
							<school>Transmutation</school>
							<subschool></subschool>
							<descriptor></descriptor>
							<fullschool>Transmutation</fullschool>
						</school>
						<source>
							<source>Paizo Inc. - Core Rulebook, p.240</source>
							<sourcelevel>Clr2</sourcelevel>
							<sourcelink>http://paizo.com/pathfinderRPG/prd/spells/alignWeapon.html#_align-weapon</sourcelink>
							<sourcepage>p.240</sourcepage>
							<sourceshort>CR</sourceshort>
						</source>
						<spell_resistance>Yes (harmless, object)</spell_resistance>
						<description>Align weapon makes a weapon chaotic, evil, good, or lawful, as you choose.</description>
						<bonusspell></bonusspell>
				</spell>
				<spell>
						<name>Augury</name>
						<outputname>Augury</outputname>
						<times_memorized>1</times_memorized>
						<range>Personal</range>
						<components>V, S, M, F</components>
						<castingtime>1 minute</castingtime>
						<casterlevel>3</casterlevel>
						<concentration>+7</concentration>
						<dc></dc>
						<duration>Instantaneous</duration>
						<effect>An augury can tell you whether a particular action will bring good or bad results for you in the immediate future.</effect>
						<target>You</target>
						<saveinfo></saveinfo>
						<school>
							<school>Divination</school>
							<subschool></subschool>
							<descriptor></descriptor>
							<fullschool>Divination</fullschool>
						</school>
						<source>
							<source>Paizo Inc. - Core Rulebook, p.245</source>
							<sourcelevel>Clr2</sourcelevel>
							<sourcelink>http://paizo.com/pathfinderRPG/prd/spells/augury.html#_augury</sourcelink>
							<sourcepage>p.245</sourcepage>
							<sourceshort>CR</sourceshort>
						</source>
						<spell_resistance></spell_resistance>
						<description>An augury can tell you whether a particular action will bring good or bad results for you in the immediate future.</description>
						<bonusspell></bonusspell>
				</spell>
				<spell>
						<name>Bear&#39;s Endurance</name>
						<outputname>Bear&#39;s Endurance</outputname>
						<times_memorized>1</times_memorized>
						<range>Touch</range>
						<components>V, S, M/DF</components>
						<castingtime>1 standard action</castingtime>
						<casterlevel>3</casterlevel>
						<concentration>+7</concentration>
						<dc>16</dc>
						<duration>3 minutes</duration>
						<effect>The affected creature gains greater vitality and stamina granting the subject a +4 enhancement bonus to Constitution.</effect>
						<target>Creature touched</target>
						<saveinfo>Will negates (harmless)</saveinfo>
						<school>
							<school>Transmutation</school>
							<subschool></subschool>
							<descriptor></descriptor>
							<fullschool>Transmutation</fullschool>
						</school>
						<source>
							<source>Paizo Inc. - Core Rulebook, p.246</source>
							<sourcelevel>Clr2</sourcelevel>
							<sourcelink>http://paizo.com/pathfinderRPG/prd/spells/bearSEndurance.html#_bear-s-endurance</sourcelink>
							<sourcepage>p.246</sourcepage>
							<sourceshort>CR</sourceshort>
						</source>
						<spell_resistance>Yes</spell_resistance>
						<description>The affected creature gains greater vitality and stamina granting the subject a +4 enhancement bonus to Constitution.</description>
						<bonusspell></bonusspell>
				</spell>
				<spell>
						<name>Bless Weapon</name>
						<outputname>Bless Weapon</outputname>
						<times_memorized>1</times_memorized>
						<range>Touch</range>
						<components>V, S</components>
						<castingtime>1 standard action</castingtime>
						<casterlevel>3</casterlevel>
						<concentration>+7</concentration>
						<dc></dc>
						<duration>3 minutes</duration>
						<effect>This transmutation makes a weapon strike true against evil foes.</effect>
						<target>Weapon touched</target>
						<saveinfo>None</saveinfo>
						<school>
							<school>Transmutation</school>
							<subschool></subschool>
							<descriptor></descriptor>
							<fullschool>Transmutation</fullschool>
						</school>
						<source>
							<source>Paizo Inc. - Core Rulebook, p.250</source>
							<sourcelevel>Glory2</sourcelevel>
							<sourcelink>http://paizo.com/pathfinderRPG/prd/spells/blessWeapon.html#_bless-weapon</sourcelink>
							<sourcepage>p.250</sourcepage>
							<sourceshort>CR</sourceshort>
						</source>
						<spell_resistance>No</spell_resistance>
						<description>This transmutation makes a weapon strike true against evil foes.</description>
						<bonusspell>*</bonusspell>
				</spell>
				<spell>
						<name>Blessing of Courage and Life</name>
						<outputname>Blessing of Courage and Life</outputname>
						<times_memorized>1</times_memorized>
						<range>Close (30 ft.)</range>
						<components>V, S, DF</components>
						<castingtime>1 standard action</castingtime>
						<casterlevel>3</casterlevel>
						<concentration>+7</concentration>
						<dc>16</dc>
						<duration>3 minutes [see below]</duration>
						<effect>Grants a +2 bonus on saves vs. fear and death.</effect>
						<target>one living creature</target>
						<saveinfo>Will negates (harmless)</saveinfo>
						<school>
							<school>Conjuration</school>
							<subschool>Healing</subschool>
							<descriptor></descriptor>
							<fullschool>Conjuration (Healing)</fullschool>
						</school>
						<source>
							<source>Paizo Inc. - Advanced Player&#39;s Guide, p.205</source>
							<sourcelevel>Clr2</sourcelevel>
							<sourcelink>http://paizo.com/pathfinderRPG/prd/advanced/spells/blessingOfCourageAndLife.html#_blessing-of-courage-and-life</sourcelink>
							<sourcepage>p.205</sourcepage>
							<sourceshort>APG</sourceshort>
						</source>
						<spell_resistance>Yes (harmless)</spell_resistance>
						<description>Grants a +2 bonus on saves vs. fear and death.</description>
						<bonusspell></bonusspell>
				</spell>
				<spell>
						<name>Bull&#39;s Strength</name>
						<outputname>Bull&#39;s Strength</outputname>
						<times_memorized>1</times_memorized>
						<range>Touch</range>
						<components>V, S, M/DF</components>
						<castingtime>1 standard action</castingtime>
						<casterlevel>3</casterlevel>
						<concentration>+7</concentration>
						<dc>16</dc>
						<duration>3 minutes</duration>
						<effect>The subject becomes stronger granting a +4 enhancement bonus to Strength.</effect>
						<target>Creature touched</target>
						<saveinfo>Will negates (harmless)</saveinfo>
						<school>
							<school>Transmutation</school>
							<subschool></subschool>
							<descriptor></descriptor>
							<fullschool>Transmutation</fullschool>
						</school>
						<source>
							<source>Paizo Inc. - Core Rulebook, p.251</source>
							<sourcelevel>Clr2</sourcelevel>
							<sourcelink>http://paizo.com/pathfinderRPG/prd/spells/bullSStrength.html#_bull-s-strength</sourcelink>
							<sourcepage>p.251</sourcepage>
							<sourceshort>CR</sourceshort>
						</source>
						<spell_resistance>Yes (harmless)</spell_resistance>
						<description>The subject becomes stronger granting a +4 enhancement bonus to Strength.</description>
						<bonusspell></bonusspell>
				</spell>
				<spell>
						<name>Calm Emotions</name>
						<outputname>Calm Emotions</outputname>
						<times_memorized>1</times_memorized>
						<range>Medium (130 ft.)</range>
						<components>V, S, DF</components>
						<castingtime>1 standard action</castingtime>
						<casterlevel>3</casterlevel>
						<concentration>+7</concentration>
						<dc>17</dc>
						<duration>Concentration, up to 3 rounds [D]</duration>
						<effect>This spell calms agitated creatures.</effect>
						<target>Creatures in a 20-ft.-radius spread</target>
						<saveinfo>Will negates</saveinfo>
						<school>
							<school>Enchantment</school>
							<subschool>Compulsion</subschool>
							<descriptor>Mind-Affecting</descriptor>
							<fullschool>Enchantment (Compulsion) [Mind-Affecting]</fullschool>
						</school>
						<source>
							<source>Paizo Inc. - Core Rulebook, p.252</source>
							<sourcelevel>Clr2</sourcelevel>
							<sourcelink>http://paizo.com/pathfinderRPG/prd/spells/calmEmotions.html#_calm-emotions</sourcelink>
							<sourcepage>p.252</sourcepage>
							<sourceshort>CR</sourceshort>
						</source>
						<spell_resistance>Yes</spell_resistance>
						<description>This spell calms agitated creatures.</description>
						<bonusspell></bonusspell>
				</spell>
				<spell>
						<name>Consecrate</name>
						<outputname>Consecrate</outputname>
						<times_memorized>1</times_memorized>
						<range>Close (30 ft.)</range>
						<components>V, S, M, DF</components>
						<castingtime>1 standard action</castingtime>
						<casterlevel>3</casterlevel>
						<concentration>+7</concentration>
						<dc></dc>
						<duration>6 hours</duration>
						<effect>This spell blesses an area with positive energy.</effect>
						<target>20-ft.-radius emanation</target>
						<saveinfo>None</saveinfo>
						<school>
							<school>Evocation</school>
							<subschool></subschool>
							<descriptor>Good</descriptor>
							<fullschool>Evocation [Good]</fullschool>
						</school>
						<source>
							<source>Paizo Inc. - Core Rulebook, p.258</source>
							<sourcelevel>Clr2</sourcelevel>
							<sourcelink>http://paizo.com/pathfinderRPG/prd/spells/consecrate.html#_consecrate</sourcelink>
							<sourcepage>p.258</sourcepage>
							<sourceshort>CR</sourceshort>
						</source>
						<spell_resistance>No</spell_resistance>
						<description>This spell blesses an area with positive energy.</description>
						<bonusspell></bonusspell>
				</spell>
				<spell>
						<name>Cure Moderate Wounds</name>
						<outputname>Cure Moderate Wounds</outputname>
						<times_memorized>1</times_memorized>
						<range>Touch</range>
						<components>V, S</components>
						<castingtime>1 standard action</castingtime>
						<casterlevel>3</casterlevel>
						<concentration>+7</concentration>
						<dc>16</dc>
						<duration>Instantaneous</duration>
						<effect>When laying your hand upon a living creature, you channel positive energy that cures 2d8+3 points of damage.</effect>
						<target>Creature touched</target>
						<saveinfo>Will half (harmless) or Will half; see text</saveinfo>
						<school>
							<school>Conjuration</school>
							<subschool>Healing</subschool>
							<descriptor></descriptor>
							<fullschool>Conjuration (Healing)</fullschool>
						</school>
						<source>
							<source>Paizo Inc. - Core Rulebook, p.263</source>
							<sourcelevel>Clr2</sourcelevel>
							<sourcelink>http://paizo.com/pathfinderRPG/prd/spells/cureModerateWounds.html#_cure-moderate-wounds</sourcelink>
							<sourcepage>p.263</sourcepage>
							<sourceshort>CR</sourceshort>
						</source>
						<spell_resistance>Yes (harmless) or yes; see text</spell_resistance>
						<description>When laying your hand upon a living creature, you channel positive energy that cures 2d8+(min(10,CASTERLEVEL)) points of damage.</description>
						<bonusspell></bonusspell>
				</spell>
				<spell>
						<name>Darkness</name>
						<outputname>Darkness</outputname>
						<times_memorized>1</times_memorized>
						<range>Touch</range>
						<components>V, M/DF</components>
						<castingtime>1 standard action</castingtime>
						<casterlevel>3</casterlevel>
						<concentration>+7</concentration>
						<dc></dc>
						<duration>3 minutes [D]</duration>
						<effect>This spell causes an object to radiate darkness out to a 20-foot radius.</effect>
						<target>Object touched</target>
						<saveinfo>None</saveinfo>
						<school>
							<school>Evocation</school>
							<subschool></subschool>
							<descriptor>Darkness</descriptor>
							<fullschool>Evocation [Darkness]</fullschool>
						</school>
						<source>
							<source>Paizo Inc. - Core Rulebook, p.263</source>
							<sourcelevel>Clr2</sourcelevel>
							<sourcelink>http://paizo.com/pathfinderRPG/prd/spells/darkness.html#_darkness</sourcelink>
							<sourcepage>p.263</sourcepage>
							<sourceshort>CR</sourceshort>
						</source>
						<spell_resistance>No</spell_resistance>
						<description>This spell causes an object to radiate darkness out to a 20-foot radius.</description>
						<bonusspell></bonusspell>
				</spell>
				<spell>
						<name>Delay Poison</name>
						<outputname>Delay Poison</outputname>
						<times_memorized>1</times_memorized>
						<range>Touch</range>
						<components>V, S, DF</components>
						<castingtime>1 standard action</castingtime>
						<casterlevel>3</casterlevel>
						<concentration>+7</concentration>
						<dc>16</dc>
						<duration>3 hours</duration>
						<effect>The subject becomes temporarily immune to poison.</effect>
						<target>Creature touched</target>
						<saveinfo>Fortitude negates (harmless)</saveinfo>
						<school>
							<school>Conjuration</school>
							<subschool>Healing</subschool>
							<descriptor></descriptor>
							<fullschool>Conjuration (Healing)</fullschool>
						</school>
						<source>
							<source>Paizo Inc. - Core Rulebook, p.265</source>
							<sourcelevel>Clr2</sourcelevel>
							<sourcelink>http://paizo.com/pathfinderRPG/prd/spells/delayPoison.html#_delay-poison</sourcelink>
							<sourcepage>p.265</sourcepage>
							<sourceshort>CR</sourceshort>
						</source>
						<spell_resistance>Yes (harmless)</spell_resistance>
						<description>The subject becomes temporarily immune to poison.</description>
						<bonusspell></bonusspell>
				</spell>
				<spell>
						<name>Eagle&#39;s Splendor</name>
						<outputname>Eagle&#39;s Splendor</outputname>
						<times_memorized>1</times_memorized>
						<range>Touch</range>
						<components>V, S, M/DF</components>
						<castingtime>1 standard action</castingtime>
						<casterlevel>3</casterlevel>
						<concentration>+7</concentration>
						<dc>16</dc>
						<duration>3 minutes</duration>
						<effect>The transmuted creature becomes more poised, articulate, and personally forceful gaining a +4 enhancement bonus to Charisma.</effect>
						<target>Creature touched</target>
						<saveinfo>Will negates (harmless)</saveinfo>
						<school>
							<school>Transmutation</school>
							<subschool></subschool>
							<descriptor></descriptor>
							<fullschool>Transmutation</fullschool>
						</school>
						<source>
							<source>Paizo Inc. - Core Rulebook, p.275</source>
							<sourcelevel>Clr2</sourcelevel>
							<sourcelink>http://paizo.com/pathfinderRPG/prd/spells/eagleSSplendor.html#_eagle-s-splendor</sourcelink>
							<sourcepage>p.275</sourcepage>
							<sourceshort>CR</sourceshort>
						</source>
						<spell_resistance>Yes</spell_resistance>
						<description>The transmuted creature becomes more poised, articulate, and personally forceful gaining a +4 enhancement bonus to Charisma.</description>
						<bonusspell></bonusspell>
				</spell>
				<spell>
						<name>Enthrall</name>
						<outputname>Enthrall</outputname>
						<times_memorized>1</times_memorized>
						<range>Medium (130 ft.)</range>
						<components>V, S</components>
						<castingtime>1 round</castingtime>
						<casterlevel>3</casterlevel>
						<concentration>+7</concentration>
						<dc>17</dc>
						<duration>1 hour or less</duration>
						<effect>If you have the attention of a group of creatures, you can use this spell to hold them enthralled.</effect>
						<target>Any number of creatures</target>
						<saveinfo>Will negates; see text</saveinfo>
						<school>
							<school>Enchantment</school>
							<subschool>Charm</subschool>
							<descriptor>Language-Dependent, Mind-Affecting, Sonic</descriptor>
							<fullschool>Enchantment (Charm) [Language-Dependent, Mind-Affecting, Sonic]</fullschool>
						</school>
						<source>
							<source>Paizo Inc. - Core Rulebook, p.278</source>
							<sourcelevel>Clr2</sourcelevel>
							<sourcelink>http://paizo.com/pathfinderRPG/prd/spells/enthrall.html#_enthrall</sourcelink>
							<sourcepage>p.278</sourcepage>
							<sourceshort>CR</sourceshort>
						</source>
						<spell_resistance>Yes</spell_resistance>
						<description>If you have the attention of a group of creatures, you can use this spell to hold them enthralled.</description>
						<bonusspell></bonusspell>
				</spell>
				<spell>
						<name>Find Traps</name>
						<outputname>Find Traps</outputname>
						<times_memorized>1</times_memorized>
						<range>Personal</range>
						<components>V, S</components>
						<castingtime>1 standard action</castingtime>
						<casterlevel>3</casterlevel>
						<concentration>+7</concentration>
						<dc></dc>
						<duration>3 minutes</duration>
						<effect>You gain intuitive insight into the workings of traps.</effect>
						<target>You</target>
						<saveinfo></saveinfo>
						<school>
							<school>Divination</school>
							<subschool></subschool>
							<descriptor></descriptor>
							<fullschool>Divination</fullschool>
						</school>
						<source>
							<source>Paizo Inc. - Core Rulebook, p.281</source>
							<sourcelevel>Clr2</sourcelevel>
							<sourcelink>http://paizo.com/pathfinderRPG/prd/spells/findTraps.html#_find-traps</sourcelink>
							<sourcepage>p.281</sourcepage>
							<sourceshort>CR</sourceshort>
						</source>
						<spell_resistance></spell_resistance>
						<description>You gain intuitive insight into the workings of traps.</description>
						<bonusspell></bonusspell>
				</spell>
				<spell>
						<name>Gentle Repose</name>
						<outputname>Gentle Repose</outputname>
						<times_memorized>1</times_memorized>
						<range>Touch</range>
						<components>V, S, M/DF</components>
						<castingtime>1 standard action</castingtime>
						<casterlevel>3</casterlevel>
						<concentration>+7</concentration>
						<dc>16</dc>
						<duration>3 days</duration>
						<effect>You preserve the remains of a dead creature so that they do not decay.</effect>
						<target>Corpse touched</target>
						<saveinfo>Will negates (object)</saveinfo>
						<school>
							<school>Necromancy</school>
							<subschool></subschool>
							<descriptor></descriptor>
							<fullschool>Necromancy</fullschool>
						</school>
						<source>
							<source>Paizo Inc. - Core Rulebook, p.289</source>
							<sourcelevel>Clr2</sourcelevel>
							<sourcelink>http://paizo.com/pathfinderRPG/prd/spells/gentleRepose.html#_gentle-repose</sourcelink>
							<sourcepage>p.289</sourcepage>
							<sourceshort>CR</sourceshort>
						</source>
						<spell_resistance>Yes (object)</spell_resistance>
						<description>You preserve the remains of a dead creature so that they do not decay.</description>
						<bonusspell></bonusspell>
				</spell>
				<spell>
						<name>Ghostbane Dirge</name>
						<outputname>Ghostbane Dirge</outputname>
						<times_memorized>1</times_memorized>
						<range>Close (30 ft.)</range>
						<components>V, S, M/DF</components>
						<castingtime>1 standard action</castingtime>
						<casterlevel>3</casterlevel>
						<concentration>+7</concentration>
						<dc>16</dc>
						<duration>3 rounds</duration>
						<effect>Incorporeal creature takes half damage from nonmagical weapons.</effect>
						<target>one incorporeal creature</target>
						<saveinfo>Will negates</saveinfo>
						<school>
							<school>Transmutation</school>
							<subschool></subschool>
							<descriptor></descriptor>
							<fullschool>Transmutation</fullschool>
						</school>
						<source>
							<source>Paizo Inc. - Advanced Player&#39;s Guide, p.225</source>
							<sourcelevel>Clr2</sourcelevel>
							<sourcelink>http://paizo.com/pathfinderRPG/prd/advanced/spells/ghostbaneDirge.html#_ghostbane-dirge</sourcelink>
							<sourcepage>p.225</sourcepage>
							<sourceshort>APG</sourceshort>
						</source>
						<spell_resistance>Yes</spell_resistance>
						<description>Incorporeal creature takes half damage from nonmagical weapons.</description>
						<bonusspell></bonusspell>
				</spell>
				<spell>
						<name>Grace</name>
						<outputname>Grace</outputname>
						<times_memorized>1</times_memorized>
						<range>Personal</range>
						<components>V</components>
						<castingtime>1 swift action</castingtime>
						<casterlevel>3</casterlevel>
						<concentration>+7</concentration>
						<dc></dc>
						<duration>see text</duration>
						<effect>Movement doesn&#39;t provoke attacks of opportunity.</effect>
						<target>You</target>
						<saveinfo></saveinfo>
						<school>
							<school>Abjuration</school>
							<subschool></subschool>
							<descriptor></descriptor>
							<fullschool>Abjuration</fullschool>
						</school>
						<source>
							<source>Paizo Inc. - Advanced Player&#39;s Guide, p.226</source>
							<sourcelevel>Clr2</sourcelevel>
							<sourcelink>http://paizo.com/pathfinderRPG/prd/advanced/spells/grace.html#_grace</sourcelink>
							<sourcepage>p.226</sourcepage>
							<sourceshort>APG</sourceshort>
						</source>
						<spell_resistance></spell_resistance>
						<description>Movement doesn&#39;t provoke attacks of opportunity.</description>
						<bonusspell></bonusspell>
				</spell>
				<spell>
						<name>Heat Metal</name>
						<outputname>Heat Metal</outputname>
						<times_memorized>1</times_memorized>
						<range>Close (30 ft.)</range>
						<components>V, S, DF</components>
						<castingtime>1 standard action</castingtime>
						<casterlevel>3</casterlevel>
						<concentration>+7</concentration>
						<dc>16</dc>
						<duration>7 rounds</duration>
						<effect>Heat metal causes metal objects to become red-hot.</effect>
						<target>Metal equipment of one creature per two levels, no two of which can be more than 30 ft. apart; or 75 lbs. of metal, all of which must be within a 30-ft. circle</target>
						<saveinfo>Will negates (object)</saveinfo>
						<school>
							<school>Transmutation</school>
							<subschool></subschool>
							<descriptor>Fire</descriptor>
							<fullschool>Transmutation [Fire]</fullschool>
						</school>
						<source>
							<source>Paizo Inc. - Core Rulebook, p.294</source>
							<sourcelevel>Sun2</sourcelevel>
							<sourcelink>http://paizo.com/pathfinderRPG/prd/spells/heatMetal.html#_heat-metal</sourcelink>
							<sourcepage>p.294</sourcepage>
							<sourceshort>CR</sourceshort>
						</source>
						<spell_resistance>Yes (object)</spell_resistance>
						<description>Heat metal causes metal objects to become red-hot.</description>
						<bonusspell>*</bonusspell>
				</spell>
				<spell>
						<name>Hold Person</name>
						<outputname>Hold Person</outputname>
						<times_memorized>1</times_memorized>
						<range>Medium (130 ft.)</range>
						<components>V, S, F/DF</components>
						<castingtime>1 standard action</castingtime>
						<casterlevel>3</casterlevel>
						<concentration>+7</concentration>
						<dc>17</dc>
						<duration>3 rounds [D]; see text</duration>
						<effect>The subject becomes paralyzed and freezes in place.</effect>
						<target>One humanoid creature</target>
						<saveinfo>Will negates; see text</saveinfo>
						<school>
							<school>Enchantment</school>
							<subschool>Compulsion</subschool>
							<descriptor>Mind-Affecting</descriptor>
							<fullschool>Enchantment (Compulsion) [Mind-Affecting]</fullschool>
						</school>
						<source>
							<source>Paizo Inc. - Core Rulebook, p.296</source>
							<sourcelevel>Clr2</sourcelevel>
							<sourcelink>http://paizo.com/pathfinderRPG/prd/spells/holdPerson.html#_hold-person</sourcelink>
							<sourcepage>p.296</sourcepage>
							<sourceshort>CR</sourceshort>
						</source>
						<spell_resistance>Yes</spell_resistance>
						<description>The subject becomes paralyzed and freezes in place.</description>
						<bonusspell></bonusspell>
				</spell>
				<spell>
						<name>Inflict Moderate Wounds</name>
						<outputname>Inflict Moderate Wounds</outputname>
						<times_memorized>1</times_memorized>
						<range>Touch</range>
						<components>V, S</components>
						<castingtime>1 standard action</castingtime>
						<casterlevel>3</casterlevel>
						<concentration>+7</concentration>
						<dc>16</dc>
						<duration>Instantaneous</duration>
						<effect>When laying your hand upon a creature, you channel negative energy that deals 2d8+3 points of damage.</effect>
						<target>Creature touched</target>
						<saveinfo>Will half</saveinfo>
						<school>
							<school>Necromancy</school>
							<subschool></subschool>
							<descriptor></descriptor>
							<fullschool>Necromancy</fullschool>
						</school>
						<source>
							<source>Paizo Inc. - Core Rulebook, p.300</source>
							<sourcelevel>Clr2</sourcelevel>
							<sourcelink>http://paizo.com/pathfinderRPG/prd/spells/inflictModerateWounds.html#_inflict-moderate-wounds</sourcelink>
							<sourcepage>p.300</sourcepage>
							<sourceshort>CR</sourceshort>
						</source>
						<spell_resistance>Yes</spell_resistance>
						<description>When laying your hand upon a creature, you channel negative energy that deals 2d8+(min(10,CASTERLEVEL)) points of damage.</description>
						<bonusspell></bonusspell>
				</spell>
				<spell>
						<name>Instant Armor</name>
						<outputname>Instant Armor</outputname>
						<times_memorized>1</times_memorized>
						<range>Personal</range>
						<components>V, S, DF</components>
						<castingtime>1 standard action</castingtime>
						<casterlevel>3</casterlevel>
						<concentration>+7</concentration>
						<dc></dc>
						<duration>3 minutes [D]</duration>
						<effect>Summon armor temporarily replacing your current attire.</effect>
						<target>You</target>
						<saveinfo></saveinfo>
						<school>
							<school>Conjuration</school>
							<subschool>Creation</subschool>
							<descriptor>Force</descriptor>
							<fullschool>Conjuration (Creation) [Force]</fullschool>
						</school>
						<source>
							<source>Paizo Inc. - Advanced Player&#39;s Guide, p.229</source>
							<sourcelevel>Clr2</sourcelevel>
							<sourcelink>http://paizo.com/pathfinderRPG/prd/advanced/spells/instantArmor.html#_instant-armor-</sourcelink>
							<sourcepage>p.229</sourcepage>
							<sourceshort>APG</sourceshort>
						</source>
						<spell_resistance></spell_resistance>
						<description>Summon armor temporarily replacing your current attire.</description>
						<bonusspell></bonusspell>
				</spell>
				<spell>
						<name>Make Whole</name>
						<outputname>Make Whole</outputname>
						<times_memorized>1</times_memorized>
						<range>Close (30 ft.)</range>
						<components>V, S</components>
						<castingtime>10 minutes</castingtime>
						<casterlevel>3</casterlevel>
						<concentration>+7</concentration>
						<dc>16</dc>
						<duration>Instantaneous</duration>
						<effect>This spell functions as mending, except that it repairs 3d6 points of damage when cast on a construct creature.</effect>
						<target>One object of up to 30 cu. ft. or one construct creature of any size</target>
						<saveinfo>Will negates (harmless, object)</saveinfo>
						<school>
							<school>Transmutation</school>
							<subschool></subschool>
							<descriptor></descriptor>
							<fullschool>Transmutation</fullschool>
						</school>
						<source>
							<source>Paizo Inc. - Core Rulebook, p.311</source>
							<sourcelevel>Clr2</sourcelevel>
							<sourcelink>http://paizo.com/pathfinderRPG/prd/spells/makeWhole.html#_make-whole</sourcelink>
							<sourcepage>p.311</sourcepage>
							<sourceshort>CR</sourceshort>
						</source>
						<spell_resistance>Yes (harmless, object)</spell_resistance>
						<description>This spell functions as mending, except that it repairs (min(5,CASTERLEVEL))d6 points of damage when cast on a construct creature.</description>
						<bonusspell></bonusspell>
				</spell>
				<spell>
						<name>Owl&#39;s Wisdom</name>
						<outputname>Owl&#39;s Wisdom</outputname>
						<times_memorized>1</times_memorized>
						<range>Touch</range>
						<components>V, S, M/DF</components>
						<castingtime>1 standard action</castingtime>
						<casterlevel>3</casterlevel>
						<concentration>+7</concentration>
						<dc>16</dc>
						<duration>3 minutes</duration>
						<effect>The transmuted creature becomes wiser gaining a +4 enhancement bonus to Wisdom.</effect>
						<target>Creature touched</target>
						<saveinfo>Will negates (harmless)</saveinfo>
						<school>
							<school>Transmutation</school>
							<subschool></subschool>
							<descriptor></descriptor>
							<fullschool>Transmutation</fullschool>
						</school>
						<source>
							<source>Paizo Inc. - Core Rulebook, p.318</source>
							<sourcelevel>Clr2</sourcelevel>
							<sourcelink>http://paizo.com/pathfinderRPG/prd/spells/owlSWisdom.html#_owl-s-wisdom</sourcelink>
							<sourcepage>p.318</sourcepage>
							<sourceshort>CR</sourceshort>
						</source>
						<spell_resistance>Yes</spell_resistance>
						<description>The transmuted creature becomes wiser gaining a +4 enhancement bonus to Wisdom.</description>
						<bonusspell></bonusspell>
				</spell>
				<spell>
						<name>Remove Paralysis</name>
						<outputname>Remove Paralysis</outputname>
						<times_memorized>1</times_memorized>
						<range>Close (30 ft.)</range>
						<components>V, S</components>
						<castingtime>1 standard action</castingtime>
						<casterlevel>3</casterlevel>
						<concentration>+7</concentration>
						<dc>16</dc>
						<duration>Instantaneous</duration>
						<effect>You can free one or more creatures from the effects of temporary paralysis or related magic.</effect>
						<target>Up to four creatures, no two of which can be more than 30 ft. apart</target>
						<saveinfo>Will negates (harmless)</saveinfo>
						<school>
							<school>Conjuration</school>
							<subschool>Healing</subschool>
							<descriptor></descriptor>
							<fullschool>Conjuration (Healing)</fullschool>
						</school>
						<source>
							<source>Paizo Inc. - Core Rulebook, p.332</source>
							<sourcelevel>Clr2</sourcelevel>
							<sourcelink>http://paizo.com/pathfinderRPG/prd/spells/removeParalysis.html#_remove-paralysis</sourcelink>
							<sourcepage>p.332</sourcepage>
							<sourceshort>CR</sourceshort>
						</source>
						<spell_resistance>Yes (harmless)</spell_resistance>
						<description>You can free one or more creatures from the effects of temporary paralysis or related magic.</description>
						<bonusspell></bonusspell>
				</spell>
				<spell>
						<name>Resist Energy</name>
						<outputname>Resist Energy</outputname>
						<times_memorized>1</times_memorized>
						<range>Touch</range>
						<components>V, S, DF</components>
						<castingtime>1 standard action</castingtime>
						<casterlevel>3</casterlevel>
						<concentration>+7</concentration>
						<dc>16</dc>
						<duration>30 minutes</duration>
						<effect>This abjuration grants a creature limited protection from damage of whichever one of five energy types you select.</effect>
						<target>Creature touched</target>
						<saveinfo>Fortitude negates (harmless)</saveinfo>
						<school>
							<school>Abjuration, AirSchool, EarthSchool, FireSchool, WaterSchool</school>
							<subschool></subschool>
							<descriptor></descriptor>
							<fullschool>Abjuration, AirSchool, EarthSchool, FireSchool, WaterSchool</fullschool>
						</school>
						<source>
							<source>Paizo Inc. - Core Rulebook, p.334</source>
							<sourcelevel>Clr2</sourcelevel>
							<sourcelink>http://paizo.com/pathfinderRPG/prd/spells/resistEnergy.html#_resist-energy</sourcelink>
							<sourcepage>p.334</sourcepage>
							<sourceshort>CR</sourceshort>
						</source>
						<spell_resistance>Yes (harmless)</spell_resistance>
						<description>This abjuration grants a creature limited protection from damage of whichever one of five energy types you select.</description>
						<bonusspell></bonusspell>
				</spell>
				<spell>
						<name>Restoration (Lesser)</name>
						<outputname>Restoration (Lesser)</outputname>
						<times_memorized>1</times_memorized>
						<range>Touch</range>
						<components>V, S</components>
						<castingtime>3 rounds</castingtime>
						<casterlevel>3</casterlevel>
						<concentration>+7</concentration>
						<dc>16</dc>
						<duration>Instantaneous</duration>
						<effect>Lesser restoration dispels any magical effects reducing one of the subject&#39;s ability scores or cures 1d4 points of temporary ability damage to one of the subject&#39;s ability scores.</effect>
						<target>Creature touched</target>
						<saveinfo>Will negates (harmless)</saveinfo>
						<school>
							<school>Conjuration</school>
							<subschool>Healing</subschool>
							<descriptor></descriptor>
							<fullschool>Conjuration (Healing)</fullschool>
						</school>
						<source>
							<source>Paizo Inc. - Core Rulebook, p.334</source>
							<sourcelevel>Clr2</sourcelevel>
							<sourcelink>http://paizo.com/pathfinderRPG/prd/spells/restoration.html#_restoration-lesser</sourcelink>
							<sourcepage>p.334</sourcepage>
							<sourceshort>CR</sourceshort>
						</source>
						<spell_resistance>Yes (harmless)</spell_resistance>
						<description>Lesser restoration dispels any magical effects reducing one of the subject&#39;s ability scores or cures 1d4 points of temporary ability damage to one of the subject&#39;s ability scores.</description>
						<bonusspell></bonusspell>
				</spell>
				<spell>
						<name>Share Language</name>
						<outputname>Share Language</outputname>
						<times_memorized>1</times_memorized>
						<range>Touch</range>
						<components>V, S, M</components>
						<castingtime>1 standard action</castingtime>
						<casterlevel>3</casterlevel>
						<concentration>+7</concentration>
						<dc>16</dc>
						<duration>24 hours</duration>
						<effect>Subject understands chosen language.</effect>
						<target>creature touched</target>
						<saveinfo>Will negates (harmless)</saveinfo>
						<school>
							<school>Divination</school>
							<subschool></subschool>
							<descriptor></descriptor>
							<fullschool>Divination</fullschool>
						</school>
						<source>
							<source>Paizo Inc. - Advanced Player&#39;s Guide, p.243</source>
							<sourcelevel>Clr2</sourcelevel>
							<sourcelink>http://paizo.com/pathfinderRPG/prd/advanced/spells/shareLanguage.html#_share-language-</sourcelink>
							<sourcepage>p.243</sourcepage>
							<sourceshort>APG</sourceshort>
						</source>
						<spell_resistance>Yes (harmless)</spell_resistance>
						<description>Subject understands chosen language.</description>
						<bonusspell></bonusspell>
				</spell>
				<spell>
						<name>Shatter</name>
						<outputname>Shatter</outputname>
						<times_memorized>1</times_memorized>
						<range>Close (30 ft.)</range>
						<components>V, S, M/DF</components>
						<castingtime>1 standard action</castingtime>
						<casterlevel>3</casterlevel>
						<concentration>+7</concentration>
						<dc>16</dc>
						<duration>Instantaneous</duration>
						<effect>Shatter creates a loud, ringing noise that breaks brittle, nonmagical objects; sunders a single solid, nonmagical object; or damages a crystalline creature.</effect>
						<target>Or Target 5-ft.-radius spread; or one solid object or one crystalline creature</target>
						<saveinfo>Will negates (object); Will negates (object) or Fortitude half; see text</saveinfo>
						<school>
							<school>Evocation, EarthSchool</school>
							<subschool></subschool>
							<descriptor>Sonic</descriptor>
							<fullschool>Evocation, EarthSchool [Sonic]</fullschool>
						</school>
						<source>
							<source>Paizo Inc. - Core Rulebook, p.341</source>
							<sourcelevel>Clr2</sourcelevel>
							<sourcelink>http://paizo.com/pathfinderRPG/prd/spells/shatter.html#_shatter</sourcelink>
							<sourcepage>p.341</sourcepage>
							<sourceshort>CR</sourceshort>
						</source>
						<spell_resistance>Yes</spell_resistance>
						<description>Shatter creates a loud, ringing noise that breaks brittle, nonmagical objects; sunders a single solid, nonmagical object; or damages a crystalline creature.</description>
						<bonusspell></bonusspell>
				</spell>
				<spell>
						<name>Shield Other</name>
						<outputname>Shield Other</outputname>
						<times_memorized>1</times_memorized>
						<range>Close (30 ft.)</range>
						<components>V, S, F</components>
						<castingtime>1 standard action</castingtime>
						<casterlevel>3</casterlevel>
						<concentration>+7</concentration>
						<dc>16</dc>
						<duration>3 hours [D]</duration>
						<effect>This spell wards the subject and creates a mystic connection between you and the subject so that some of its wounds are transferred to you.</effect>
						<target>One creature</target>
						<saveinfo>Will negates (harmless)</saveinfo>
						<school>
							<school>Abjuration</school>
							<subschool></subschool>
							<descriptor></descriptor>
							<fullschool>Abjuration</fullschool>
						</school>
						<source>
							<source>Paizo Inc. - Core Rulebook, p.342</source>
							<sourcelevel>Clr2</sourcelevel>
							<sourcelink>http://paizo.com/pathfinderRPG/prd/spells/shieldOther.html#_shield-other</sourcelink>
							<sourcepage>p.342</sourcepage>
							<sourceshort>CR</sourceshort>
						</source>
						<spell_resistance>Yes (harmless)</spell_resistance>
						<description>This spell wards the subject and creates a mystic connection between you and the subject so that some of its wounds are transferred to you.</description>
						<bonusspell></bonusspell>
				</spell>
				<spell>
						<name>Silence</name>
						<outputname>Silence</outputname>
						<times_memorized>1</times_memorized>
						<range>Long (520 ft.)</range>
						<components>V, S</components>
						<castingtime>1 round</castingtime>
						<casterlevel>3</casterlevel>
						<concentration>+7</concentration>
						<dc>16</dc>
						<duration>3 rounds [D]</duration>
						<effect>Upon the casting of this spell, complete silence prevails in the affected area.</effect>
						<target>20-ft.-radius emanation centered on a creature, object, or point in space</target>
						<saveinfo>Will negates; see text or none (object)</saveinfo>
						<school>
							<school>Illusion</school>
							<subschool>Glamer</subschool>
							<descriptor></descriptor>
							<fullschool>Illusion (Glamer)</fullschool>
						</school>
						<source>
							<source>Paizo Inc. - Core Rulebook, p.343</source>
							<sourcelevel>Clr2</sourcelevel>
							<sourcelink>http://paizo.com/pathfinderRPG/prd/spells/silence.html#_silence</sourcelink>
							<sourcepage>p.343</sourcepage>
							<sourceshort>CR</sourceshort>
						</source>
						<spell_resistance>Yes; see text or no (object)</spell_resistance>
						<description>Upon the casting of this spell, complete silence prevails in the affected area.</description>
						<bonusspell></bonusspell>
				</spell>
				<spell>
						<name>Sound Burst</name>
						<outputname>Sound Burst</outputname>
						<times_memorized>1</times_memorized>
						<range>Close (30 ft.)</range>
						<components>V, S, F/DF</components>
						<castingtime>1 standard action</castingtime>
						<casterlevel>3</casterlevel>
						<concentration>+7</concentration>
						<dc>16</dc>
						<duration>Instantaneous</duration>
						<effect>You blast an area with a tremendous cacophony.</effect>
						<target>10-ft.-radius spread</target>
						<saveinfo>Fortitude partial</saveinfo>
						<school>
							<school>Evocation</school>
							<subschool></subschool>
							<descriptor>Sonic</descriptor>
							<fullschool>Evocation [Sonic]</fullschool>
						</school>
						<source>
							<source>Paizo Inc. - Core Rulebook, p.346</source>
							<sourcelevel>Clr2</sourcelevel>
							<sourcelink>http://paizo.com/pathfinderRPG/prd/spells/soundBurst.html#_sound-burst</sourcelink>
							<sourcepage>p.346</sourcepage>
							<sourceshort>CR</sourceshort>
						</source>
						<spell_resistance>Yes</spell_resistance>
						<description>You blast an area with a tremendous cacophony.</description>
						<bonusspell></bonusspell>
				</spell>
				<spell>
						<name>Spiritual Weapon</name>
						<outputname>Spiritual Weapon</outputname>
						<times_memorized>1</times_memorized>
						<range>Medium (130 ft.)</range>
						<components>V, S, DF</components>
						<castingtime>1 standard action</castingtime>
						<casterlevel>3</casterlevel>
						<concentration>+7</concentration>
						<dc></dc>
						<duration>3 rounds [D]</duration>
						<effect>A weapon made of force appears and attacks foes at a distance, as you direct it, dealing 1d8+1 force damage per hit.</effect>
						<target>Magic weapon of force</target>
						<saveinfo>None</saveinfo>
						<school>
							<school>Evocation</school>
							<subschool></subschool>
							<descriptor>Force</descriptor>
							<fullschool>Evocation [Force]</fullschool>
						</school>
						<source>
							<source>Paizo Inc. - Core Rulebook, p.348</source>
							<sourcelevel>Clr2</sourcelevel>
							<sourcelink>http://paizo.com/pathfinderRPG/prd/spells/spiritualWeapon.html#_spiritual-weapon</sourcelink>
							<sourcepage>p.348</sourcepage>
							<sourceshort>CR</sourceshort>
						</source>
						<spell_resistance>Yes</spell_resistance>
						<description>A weapon made of force appears and attacks foes at a distance, as you direct it, dealing 1d8+(min(5,floor(CASTERLEVEL/3))) force damage per hit.</description>
						<bonusspell></bonusspell>
				</spell>
				<spell>
						<name>Status</name>
						<outputname>Status</outputname>
						<times_memorized>1</times_memorized>
						<range>Touch</range>
						<components>V, S</components>
						<castingtime>1 standard action</castingtime>
						<casterlevel>3</casterlevel>
						<concentration>+7</concentration>
						<dc>16</dc>
						<duration>3 hours</duration>
						<effect>When you need to keep track of comrades who may get separated, status allows you to mentally monitor their relative positions and general condition.</effect>
						<target>1 living creatures</target>
						<saveinfo>Will negates (harmless)</saveinfo>
						<school>
							<school>Divination</school>
							<subschool></subschool>
							<descriptor></descriptor>
							<fullschool>Divination</fullschool>
						</school>
						<source>
							<source>Paizo Inc. - Core Rulebook, p.349</source>
							<sourcelevel>Clr2</sourcelevel>
							<sourcelink>http://paizo.com/pathfinderRPG/prd/spells/status.html#_status</sourcelink>
							<sourcepage>p.349</sourcepage>
							<sourceshort>CR</sourceshort>
						</source>
						<spell_resistance>Yes (harmless)</spell_resistance>
						<description>When you need to keep track of comrades who may get separated, status allows you to mentally monitor their relative positions and general condition.</description>
						<bonusspell></bonusspell>
				</spell>
				<spell>
						<name>Summon Monster II</name>
						<outputname>Summon Monster II</outputname>
						<times_memorized>1</times_memorized>
						<range>Close (30 ft.)</range>
						<components>V, S, F/DF</components>
						<castingtime>1 round</castingtime>
						<casterlevel>3</casterlevel>
						<concentration>+7</concentration>
						<dc></dc>
						<duration>3 rounds [D]</duration>
						<effect>This spell functions like summon monster I, except that you can summon one creature from the 2nd-level list or 1d3 creatures of the same kind from the 1st-level list.</effect>
						<target>One summoned creature</target>
						<saveinfo>None</saveinfo>
						<school>
							<school>Conjuration, AirSchool, EarthSchool, FireSchool, WaterSchool</school>
							<subschool>Summoning</subschool>
							<descriptor></descriptor>
							<fullschool>Conjuration, AirSchool, EarthSchool, FireSchool, WaterSchool (Summoning)</fullschool>
						</school>
						<source>
							<source>Paizo Inc. - Core Rulebook, p.352</source>
							<sourcelevel>Clr2</sourcelevel>
							<sourcelink>http://paizo.com/pathfinderRPG/prd/spells/summonMonster.html#_summon-monster-ii</sourcelink>
							<sourcepage>p.352</sourcepage>
							<sourceshort>CR</sourceshort>
						</source>
						<spell_resistance>No</spell_resistance>
						<description>This spell functions like summon monster I, except that you can summon one creature from the 2nd-level list or 1d3 creatures of the same kind from the 1st-level list.</description>
						<bonusspell></bonusspell>
				</spell>
				<spell>
						<name>Undetectable Alignment</name>
						<outputname>Undetectable Alignment</outputname>
						<times_memorized>1</times_memorized>
						<range>Close (30 ft.)</range>
						<components>V, S</components>
						<castingtime>1 standard action</castingtime>
						<casterlevel>3</casterlevel>
						<concentration>+7</concentration>
						<dc>16</dc>
						<duration>24 hours</duration>
						<effect>An undetectable alignment spell conceals the alignment of an object or a creature from all forms of divination.</effect>
						<target>One creature or object</target>
						<saveinfo>Will negates (object)</saveinfo>
						<school>
							<school>Abjuration</school>
							<subschool></subschool>
							<descriptor></descriptor>
							<fullschool>Abjuration</fullschool>
						</school>
						<source>
							<source>Paizo Inc. - Core Rulebook, p.363</source>
							<sourcelevel>Clr2</sourcelevel>
							<sourcelink>http://paizo.com/pathfinderRPG/prd/spells/undetectableAlignment.html#_undetectable-alignment</sourcelink>
							<sourcepage>p.363</sourcepage>
							<sourceshort>CR</sourceshort>
						</source>
						<spell_resistance>Yes (object)</spell_resistance>
						<description>An undetectable alignment spell conceals the alignment of an object or a creature from all forms of divination.</description>
						<bonusspell></bonusspell>
				</spell>
				<spell>
						<name>Weapon of Awe</name>
						<outputname>Weapon of Awe</outputname>
						<times_memorized>1</times_memorized>
						<range>Touch</range>
						<components>V, S, DF</components>
						<castingtime>1 standard action</castingtime>
						<casterlevel>3</casterlevel>
						<concentration>+7</concentration>
						<dc>16</dc>
						<duration>3 minutes</duration>
						<effect>Weapon gets +2 on damage rolls.</effect>
						<target>weapon touched</target>
						<saveinfo>Will negates (harmless, object)</saveinfo>
						<school>
							<school>Transmutation</school>
							<subschool></subschool>
							<descriptor></descriptor>
							<fullschool>Transmutation</fullschool>
						</school>
						<source>
							<source>Paizo Inc. - Advanced Player&#39;s Guide, p.256</source>
							<sourcelevel>Clr2</sourcelevel>
							<sourcelink>http://paizo.com/pathfinderRPG/prd/advanced/spells/weaponOfAwe.html#_weapon-of-awe</sourcelink>
							<sourcepage>p.256</sourcepage>
							<sourceshort>APG</sourceshort>
						</source>
						<spell_resistance>Yes (harmless, object)</spell_resistance>
						<description>Weapon gets +2 on damage rolls.</description>
						<bonusspell></bonusspell>
				</spell>
				<spell>
						<name>Zone of Truth</name>
						<outputname>Zone of Truth</outputname>
						<times_memorized>1</times_memorized>
						<range>Close (30 ft.)</range>
						<components>V, S, DF</components>
						<castingtime>1 standard action</castingtime>
						<casterlevel>3</casterlevel>
						<concentration>+7</concentration>
						<dc>17</dc>
						<duration>3 minutes</duration>
						<effect>Creatures within the emanation area [or those who enter it] can&#39;t speak any deliberate and intentional lies.</effect>
						<target>20-ft.-radius emanation</target>
						<saveinfo>Will negates</saveinfo>
						<school>
							<school>Enchantment</school>
							<subschool>Compulsion</subschool>
							<descriptor>Mind-Affecting</descriptor>
							<fullschool>Enchantment (Compulsion) [Mind-Affecting]</fullschool>
						</school>
						<source>
							<source>Paizo Inc. - Core Rulebook, p.371</source>
							<sourcelevel>Clr2</sourcelevel>
							<sourcelink>http://paizo.com/pathfinderRPG/prd/spells/zoneOfTruth.html#_zone-of-truth</sourcelink>
							<sourcepage>p.371</sourcepage>
							<sourceshort>CR</sourceshort>
						</source>
						<spell_resistance>Yes</spell_resistance>
						<description>Creatures within the emanation area (or those who enter it) can&#39;t speak any deliberate and intentional lies.</description>
						<bonusspell></bonusspell>
				</spell>
			</level>
			<level number="3" known="0" cast="0">
			</level>
			<level number="4" known="0" cast="0">
			</level>
			<level number="5" known="0" cast="0">
			</level>
			<level number="6" known="0" cast="0">
			</level>
			<level number="7" known="0" cast="0">
			</level>
			<level number="8" known="0" cast="0">
			</level>
			<level number="9" known="0" cast="0">
			</level>
		</class>
	</known_spells>
		<!-- ### END Known spells ### -->

		<!-- ### BEGIN memorized spells ### -->
	<memorized_spells/>
	<!-- ### END class Spellbook memorized spells ### -->
	</spells>
	<!-- ### Additional House Rules for Variables in the xsl:fo code ### -->
	<house_var>
		<spelldisplaydc>0.0</spelldisplaydc>
		<OldStyleAbilityStatBlockDisplay>0.0</OldStyleAbilityStatBlockDisplay>
	</house_var>
</character>
