<?xml version="1.0" encoding="UTF-8"?>
<!--
-->
<character>
	<export>
		<date>X</date>
		<time>X</time>
		<version>6.09.08.RC1</version>
		<paperinfo>
			<name>A4</name>
			<height>297mm</height>
			<width>210mm</width>
			<margins>
				<top>10mm</top>
				<bottom>15mm</bottom>
				<left>10mm</left>
				<right>10mm</right>
			</margins>
		</paperinfo>
		<directories>
			<pcgen>X</pcgen>
			<templates>X</templates>
			<pcg>X</pcg>
			<html>X</html>
			<temp>X</temp>
		</directories>
		<invalidtext>
			<tohit>N/A</tohit>
			<damage>N/A</damage>
		</invalidtext>
	</export>
	<unit_set>
		<name>Imperial</name>
		<height_unit>ftin</height_unit>
		<distance_unit> ft.</distance_unit>
		<weight_unit> lbs.</weight_unit>
	</unit_set>
	<!--
	  ====================================
	  ====================================
			BIO
	  ====================================
	  ====================================-->
	<basics>
		<bonuses></bonuses>
		<bonuses></bonuses>
		<bonuses></bonuses>
		<bonuses></bonuses>
		<name>pf_goldielocks</name>
		<followerof></followerof>
		<playername>Test Monkey</playername>
		<charactertype>Monster</charactertype>
		<hero_points>0</hero_points>
		<age>5000</age>
		<alignment>
			<long>Lawful Good</long>
			<short>LG</short>
		</alignment>
		<archetypes>
		</archetypes>
		<bab>+30</bab>
		<bio></bio>
		<birthday></birthday>
		<birthplace></birthplace>
		<catchphrase></catchphrase>
		<classes>
			<class>
				<name>Dragon</name>
				<abbreviation>Dra</abbreviation>
				<level>30</level>
				<bonuslist>Dragon</bonuslist>
				<sequence>1</sequence>
				<sequence_shortform>Dra30</sequence_shortform>
			</class>
			<levels_total>30</levels_total>
			<levels_ecl>30</levels_ecl>
			<!-- shortform below should be removed - it can be derived from class info above -->
			<shortform>Sor Dra30</shortform>
			<!-- CLASSLIST is not extracted because we can derive it from the information above -->
		</classes>
		<deity>
			<name>Torag</name>
			<alignment>LG</alignment>
			<description>God of the forge, protection, strategy</description>
			<domainlist>Artifice, Earth, Good, Law, Protection</domainlist>
			<favoredweapon>Warhammer</favoredweapon>
			<holyitem></holyitem>
			<pantheonlist>Pathfinder Chronicles</pantheonlist>
			<source>Paizo Inc. - Core Rulebook, p.45</source>
			<special_abilities></special_abilities>
			<appearance></appearance>
			<title></title>
			<worshippers></worshippers>
		</deity>
		<description></description>
		<experience>
			<current>0</current>
			<next_level>3600011</next_level>
			<factor>100%</factor>
			<penalty>0%</penalty>
		</experience>
		<eyes>
			<color>Amber</color>
		</eyes>
		<hair>
			<color></color>
			<length></length>
		</hair>
		<skin>
			<color></color>
		</skin>
		<cr>23</cr>
		<face>
			<face>30 ft. by 30 ft.</face>
			<short>30 ft.</short>
			<squares>6 x 6</squares>
		</face>
		<favoredlist></favoredlist>
		<followerlist></followerlist>
		<gender>
			<long>Female</long>
			<short>Female</short>
		</gender>
		<handed>Right</handed>
		<height>
			<total>75&#39; 0&quot;</total>
			<feet>75</feet>
			<inches>0</inches>
		</height>
		<hitdice>(30d12)+270</hitdice>
		<image>file:C:\Users\USER\Documents\PCGen\characters/pf_goldielocks.jpg</image>
		<interests></interests>
		<languages>
			<language>Draconic</language>
			<language></language>
			<all>Draconic</all>
		</languages>
		<location></location>
		<move>
			<move>
				<name>Walk</name>
				<rate>60 ft.</rate>
				<squares>12</squares>
			</move>
			<move>
				<name>Fly</name>
				<rate>250 ft.</rate>
				<squares>50</squares>
				<maneuverability>(Clumsy)</maneuverability>
			</move>
			<move>
				<name>Swim</name>
				<rate>60 ft.</rate>
				<squares>12</squares>
			</move>
			<all>Walk 60 ft., Fly 250 ft., Swim 60 ft.</all>
		</move>
		<personality>
			<trait></trait>
			<trait></trait>
		</personality>
		<portrait>
			<portrait></portrait>
			<portrait_thumb></portrait_thumb>
		</portrait>
		<phobias></phobias>
			<race>Dragon (Gold) (Great Wyrm)</race>
		<race>
			<racetype>Dragon</racetype>
		</race>
		<reach>
			<reach>20 ft.</reach>
			<squares>4</squares>
		</reach>
		<region>None</region>
		<reputation>0</reputation>
		<residence></residence>
		<size>
			<long>Colossal</long>
			<short>C</short>
		</size>
		<speechtendency></speechtendency>
		<type>Dragon</type>
		<vision>
			<vision>Blindsense (60 ft.)</vision>
			<vision>Darkvision (120 ft.)</vision>
			<vision>Low-Light Vision</vision>
			<all>Blindsense (60 ft.), Darkvision (120 ft.), Low-Light Vision</all>
		</vision>
		<wealth>0</wealth>
		<gold>0</gold>
		<weight>
			<weight_unit>10000 lbs.</weight_unit>
			<weight_nounit>10000</weight_nounit>
		</weight>
		<poolpoints>
			<cost>0</cost>
			<current>0</current>
		</poolpoints>
		<notes>
		</notes>
	</basics>

	<!-- Use ASPECT.NotesSection.x and ASPECT.Notes.y	-->
	<!--
	  ====================================
	  ====================================
			ABILITIES
	  ====================================
	  ====================================-->
	<abilities>
		<ability>
			<name>
				<long>Strength</long>
				<short>STR</short>
			</name>
			<score>42</score>
			<modifier>+16</modifier>
		<!--
		Old BASE tag does not give stats with racial, and other permentant adjustments.
		Use NOTEMP.NOEQUIP instead of BASE gives the correct results.

			<base>10</base>
			<basemod>+0</basemod>
		-->
			<base>42</base>
			<basemod>+16</basemod>

			<noequip>42</noequip>
			<noequip_mod>+16</noequip_mod>
			<no_temp_score>42</no_temp_score>
			<no_temp_modifier>+16</no_temp_modifier>
		</ability>
		<ability>
			<name>
				<long>Dexterity</long>
				<short>DEX</short>
			</name>
			<score>6</score>
			<modifier>-2</modifier>
		<!--
		Old BASE tag does not give stats with racial, and other permentant adjustments.
		Use NOTEMP.NOEQUIP instead of BASE gives the correct results.

			<base>10</base>
			<basemod>+0</basemod>
		-->
			<base>6</base>
			<basemod>-2</basemod>

			<noequip>6</noequip>
			<noequip_mod>-2</noequip_mod>
			<no_temp_score>6</no_temp_score>
			<no_temp_modifier>-2</no_temp_modifier>
		</ability>
		<ability>
			<name>
				<long>Constitution</long>
				<short>CON</short>
			</name>
			<score>28</score>
			<modifier>+9</modifier>
		<!--
		Old BASE tag does not give stats with racial, and other permentant adjustments.
		Use NOTEMP.NOEQUIP instead of BASE gives the correct results.

			<base>10</base>
			<basemod>+0</basemod>
		-->
			<base>28</base>
			<basemod>+9</basemod>

			<noequip>28</noequip>
			<noequip_mod>+9</noequip_mod>
			<no_temp_score>28</no_temp_score>
			<no_temp_modifier>+9</no_temp_modifier>
		</ability>
		<ability>
			<name>
				<long>Intelligence</long>
				<short>INT</short>
			</name>
			<score>26</score>
			<modifier>+8</modifier>
		<!--
		Old BASE tag does not give stats with racial, and other permentant adjustments.
		Use NOTEMP.NOEQUIP instead of BASE gives the correct results.

			<base>10</base>
			<basemod>+0</basemod>
		-->
			<base>26</base>
			<basemod>+8</basemod>

			<noequip>26</noequip>
			<noequip_mod>+8</noequip_mod>
			<no_temp_score>26</no_temp_score>
			<no_temp_modifier>+8</no_temp_modifier>
		</ability>
		<ability>
			<name>
				<long>Wisdom</long>
				<short>WIS</short>
			</name>
			<score>26</score>
			<modifier>+8</modifier>
		<!--
		Old BASE tag does not give stats with racial, and other permentant adjustments.
		Use NOTEMP.NOEQUIP instead of BASE gives the correct results.

			<base>10</base>
			<basemod>+0</basemod>
		-->
			<base>26</base>
			<basemod>+8</basemod>

			<noequip>26</noequip>
			<noequip_mod>+8</noequip_mod>
			<no_temp_score>26</no_temp_score>
			<no_temp_modifier>+8</no_temp_modifier>
		</ability>
		<ability>
			<name>
				<long>Charisma</long>
				<short>CHA</short>
			</name>
			<score>26</score>
			<modifier>+8</modifier>
		<!--
		Old BASE tag does not give stats with racial, and other permentant adjustments.
		Use NOTEMP.NOEQUIP instead of BASE gives the correct results.

			<base>10</base>
			<basemod>+0</basemod>
		-->
			<base>26</base>
			<basemod>+8</basemod>

			<noequip>26</noequip>
			<noequip_mod>+8</noequip_mod>
			<no_temp_score>26</no_temp_score>
			<no_temp_modifier>+8</no_temp_modifier>
		</ability>
	</abilities>
	<!--
	  ====================================
	  ====================================
			HIT POINTS
	  ====================================
	  ====================================-->
	<hit_points>
		<usealternatedamage>0</usealternatedamage>
		<points>570</points>
		<alternate>56</alternate>
		<die>(30d12)+270</die>
		<die_short>30</die_short>
		<current/>
		<subdual/>
		<damage_reduction>20/Magic</damage_reduction>
		<damage_threshold>0</damage_threshold>
		<history>
			<roll>
				<level>1</level>
				<roll>10</roll>
				<stat>9</stat>
				<total>19</total>
			</roll>
			<roll>
				<level>2</level>
				<roll>10</roll>
				<stat>9</stat>
				<total>19</total>
			</roll>
			<roll>
				<level>3</level>
				<roll>10</roll>
				<stat>9</stat>
				<total>19</total>
			</roll>
			<roll>
				<level>4</level>
				<roll>10</roll>
				<stat>9</stat>
				<total>19</total>
			</roll>
			<roll>
				<level>5</level>
				<roll>10</roll>
				<stat>9</stat>
				<total>19</total>
			</roll>
			<roll>
				<level>6</level>
				<roll>10</roll>
				<stat>9</stat>
				<total>19</total>
			</roll>
			<roll>
				<level>7</level>
				<roll>10</roll>
				<stat>9</stat>
				<total>19</total>
			</roll>
			<roll>
				<level>8</level>
				<roll>10</roll>
				<stat>9</stat>
				<total>19</total>
			</roll>
			<roll>
				<level>9</level>
				<roll>10</roll>
				<stat>9</stat>
				<total>19</total>
			</roll>
			<roll>
				<level>10</level>
				<roll>10</roll>
				<stat>9</stat>
				<total>19</total>
			</roll>
			<roll>
				<level>11</level>
				<roll>10</roll>
				<stat>9</stat>
				<total>19</total>
			</roll>
			<roll>
				<level>12</level>
				<roll>10</roll>
				<stat>9</stat>
				<total>19</total>
			</roll>
			<roll>
				<level>13</level>
				<roll>10</roll>
				<stat>9</stat>
				<total>19</total>
			</roll>
			<roll>
				<level>14</level>
				<roll>10</roll>
				<stat>9</stat>
				<total>19</total>
			</roll>
			<roll>
				<level>15</level>
				<roll>10</roll>
				<stat>9</stat>
				<total>19</total>
			</roll>
			<roll>
				<level>16</level>
				<roll>10</roll>
				<stat>9</stat>
				<total>19</total>
			</roll>
			<roll>
				<level>17</level>
				<roll>10</roll>
				<stat>9</stat>
				<total>19</total>
			</roll>
			<roll>
				<level>18</level>
				<roll>10</roll>
				<stat>9</stat>
				<total>19</total>
			</roll>
			<roll>
				<level>19</level>
				<roll>10</roll>
				<stat>9</stat>
				<total>19</total>
			</roll>
			<roll>
				<level>20</level>
				<roll>10</roll>
				<stat>9</stat>
				<total>19</total>
			</roll>
			<roll>
				<level>21</level>
				<roll>10</roll>
				<stat>9</stat>
				<total>19</total>
			</roll>
			<roll>
				<level>22</level>
				<roll>10</roll>
				<stat>9</stat>
				<total>19</total>
			</roll>
			<roll>
				<level>23</level>
				<roll>10</roll>
				<stat>9</stat>
				<total>19</total>
			</roll>
			<roll>
				<level>24</level>
				<roll>10</roll>
				<stat>9</stat>
				<total>19</total>
			</roll>
			<roll>
				<level>25</level>
				<roll>10</roll>
				<stat>9</stat>
				<total>19</total>
			</roll>
			<roll>
				<level>26</level>
				<roll>10</roll>
				<stat>9</stat>
				<total>19</total>
			</roll>
			<roll>
				<level>27</level>
				<roll>10</roll>
				<stat>9</stat>
				<total>19</total>
			</roll>
			<roll>
				<level>28</level>
				<roll>10</roll>
				<stat>9</stat>
				<total>19</total>
			</roll>
			<roll>
				<level>29</level>
				<roll>10</roll>
				<stat>9</stat>
				<total>19</total>
			</roll>
			<roll>
				<level>30</level>
				<roll>10</roll>
				<stat>9</stat>
				<total>19</total>
			</roll>
		</history>
	</hit_points>
	<!--
	  ====================================
	  ====================================
			ARMOR CLASS
	  ====================================
	  ====================================-->
	<armor_class>
		<total>40</total>
		<listing>ABILITY -2, BASE +10, NATURALARMOR +40, SIZE -8</listing>
		<flat>40</flat>
		<touch>0</touch>
		<base>10</base>
		<armor_bonus>0</armor_bonus>
		<shield_bonus>0</shield_bonus>
		<stat_mod>-2</stat_mod>
		<size_mod>-8</size_mod>
		<natural>40</natural>
		<deflection>0</deflection>
		<dodge>0</dodge>
		<dodge_bonus>0</dodge_bonus>
		<class_bonus>0</class_bonus>
		<misc>0</misc>
		<insight>0</insight>
		<morale>0</morale>
		<sacred>0</sacred>
		<profane>0</profane>
		<miss_chance/>
		<max_dex></max_dex>
		<spell_failure>0</spell_failure>
		<check_penalty>+0</check_penalty>
		<spell_resistance>34</spell_resistance>
	</armor_class>
	<!--
	  ====================================
	  ====================================
			INITIATIVE
	  ====================================
	  ====================================-->
	<initiative>
		<total>-2</total>
		<dex_mod>-2</dex_mod>
		<misc_mod>+0</misc_mod>
		<spell_failure>0</spell_failure>
		<check_penalty>+0</check_penalty>
		<spell_resistance>34</spell_resistance>
		<hero_points>0</hero_points>
	</initiative>
	<!--
	  ====================================
	  ====================================
			SKILLS
	  ====================================
	  ====================================-->
	<skillinfo>
		<conditional_modifiers>
		</conditional_modifiers>
	</skillinfo>
	<skills>
		<conditional_modifiers>
		</conditional_modifiers>
		<skillpoints>
			<total>420</total>
			<used>74</used>
			<unused>346</unused>
			<eclipse_total>0</eclipse_total>
		</skillpoints>
		<list_mods>Acrobatics +0, Appraise +14, Bluff +13, Climb +22, Diplomacy +15, Fly +19, Heal +18, Intimidate +15, Knowledge (Arcana) +13, Sense Motive +13, Survival +28, Swim +24</list_mods>
			<max_class_skill_level>30</max_class_skill_level>
		<max_cross_class_skill_level>30.0</max_cross_class_skill_level>
		<skill>
			<name>Acrobatics</name>
			<ranks>0.0</ranks>
			<mod>0<!-- Mods from abilities, equipment, etc -->
			</mod>
			<skill_mod>0</skill_mod>
			<ability_mod>-2<!-- Mod from the key ability -->
			</ability_mod>
			<misc_mod>2<!-- This is a calc value of TOTAL-RANK-ABMOD -->
			</misc_mod>
			<ability>DEX</ability>
			<synergy>Acrobatics</synergy>
			<untrained>Y</untrained>
			<exclusive>N</exclusive>
			<trained_total>0</trained_total>
			<exclusive_total>0</exclusive_total>
			<classes></classes>
			<type>Dexterity.ACHECK.Base</type>
		</skill>
		<skill>
			<name>Acrobatics (When Jumping)</name>
			<ranks>0.0</ranks>
			<mod>12<!-- Mods from abilities, equipment, etc -->
			</mod>
			<skill_mod>12</skill_mod>
			<ability_mod>-2<!-- Mod from the key ability -->
			</ability_mod>
			<misc_mod>14<!-- This is a calc value of TOTAL-RANK-ABMOD -->
			</misc_mod>
			<ability>DEX</ability>
			<synergy>Acrobatics (When Jumping)</synergy>
			<untrained>Y</untrained>
			<exclusive>N</exclusive>
			<trained_total>12</trained_total>
			<exclusive_total>12</exclusive_total>
			<classes></classes>
			<type>Dexterity.ACHECK.Base</type>
		</skill>
		<skill>
			<name>Appraise</name>
			<ranks>3.0</ranks>
			<mod>11<!-- Mods from abilities, equipment, etc -->
			</mod>
			<skill_mod>14</skill_mod>
			<ability_mod>8<!-- Mod from the key ability -->
			</ability_mod>
			<misc_mod>3<!-- This is a calc value of TOTAL-RANK-ABMOD -->
			</misc_mod>
			<ability>INT</ability>
			<synergy>Appraise</synergy>
			<untrained>Y</untrained>
			<exclusive>N</exclusive>
			<trained_total>14</trained_total>
			<exclusive_total>14</exclusive_total>
			<classes>Dragon</classes>
			<type>Intelligence.Base</type>
		</skill>
		<skill>
			<name>Bluff</name>
			<ranks>2.0</ranks>
			<mod>11<!-- Mods from abilities, equipment, etc -->
			</mod>
			<skill_mod>13</skill_mod>
			<ability_mod>8<!-- Mod from the key ability -->
			</ability_mod>
			<misc_mod>3<!-- This is a calc value of TOTAL-RANK-ABMOD -->
			</misc_mod>
			<ability>CHA</ability>
			<synergy>Bluff</synergy>
			<untrained>Y</untrained>
			<exclusive>N</exclusive>
			<trained_total>13</trained_total>
			<exclusive_total>13</exclusive_total>
			<classes>Dragon</classes>
			<type>Charisma.Base</type>
		</skill>
		<skill>
			<name>Climb</name>
			<ranks>3.0</ranks>
			<mod>19<!-- Mods from abilities, equipment, etc -->
			</mod>
			<skill_mod>22</skill_mod>
			<ability_mod>16<!-- Mod from the key ability -->
			</ability_mod>
			<misc_mod>3<!-- This is a calc value of TOTAL-RANK-ABMOD -->
			</misc_mod>
			<ability>STR</ability>
			<synergy>Climb</synergy>
			<untrained>Y</untrained>
			<exclusive>N</exclusive>
			<trained_total>22</trained_total>
			<exclusive_total>22</exclusive_total>
			<classes>Dragon</classes>
			<type>Strength.ACHECK.Base</type>
		</skill>
		<skill>
			<name>Craft (Untrained)</name>
			<ranks>0.0</ranks>
			<mod>8<!-- Mods from abilities, equipment, etc -->
			</mod>
			<skill_mod>8</skill_mod>
			<ability_mod>8<!-- Mod from the key ability -->
			</ability_mod>
			<misc_mod>0<!-- This is a calc value of TOTAL-RANK-ABMOD -->
			</misc_mod>
			<ability>INT</ability>
			<synergy>Craft (Untrained)</synergy>
			<untrained>Y</untrained>
			<exclusive>N</exclusive>
			<trained_total>8</trained_total>
			<exclusive_total>8</exclusive_total>
			<classes>Dragon</classes>
			<type>Intelligence.Craft</type>
		</skill>
		<skill>
			<name>Diplomacy</name>
			<ranks>4.0</ranks>
			<mod>11<!-- Mods from abilities, equipment, etc -->
			</mod>
			<skill_mod>15</skill_mod>
			<ability_mod>8<!-- Mod from the key ability -->
			</ability_mod>
			<misc_mod>3<!-- This is a calc value of TOTAL-RANK-ABMOD -->
			</misc_mod>
			<ability>CHA</ability>
			<synergy>Diplomacy</synergy>
			<untrained>Y</untrained>
			<exclusive>N</exclusive>
			<trained_total>15</trained_total>
			<exclusive_total>15</exclusive_total>
			<classes>Dragon</classes>
			<type>Charisma.Base</type>
		</skill>
		<skill>
			<name>Disguise</name>
			<ranks>0.0</ranks>
			<mod>8<!-- Mods from abilities, equipment, etc -->
			</mod>
			<skill_mod>8</skill_mod>
			<ability_mod>8<!-- Mod from the key ability -->
			</ability_mod>
			<misc_mod>0<!-- This is a calc value of TOTAL-RANK-ABMOD -->
			</misc_mod>
			<ability>CHA</ability>
			<synergy>Disguise</synergy>
			<untrained>Y</untrained>
			<exclusive>N</exclusive>
			<trained_total>8</trained_total>
			<exclusive_total>8</exclusive_total>
			<classes></classes>
			<type>Charisma.Base</type>
		</skill>
		<skill>
			<name>Escape Artist</name>
			<ranks>0.0</ranks>
			<mod>-2<!-- Mods from abilities, equipment, etc -->
			</mod>
			<skill_mod>-2</skill_mod>
			<ability_mod>-2<!-- Mod from the key ability -->
			</ability_mod>
			<misc_mod>0<!-- This is a calc value of TOTAL-RANK-ABMOD -->
			</misc_mod>
			<ability>DEX</ability>
			<synergy>Escape Artist</synergy>
			<untrained>Y</untrained>
			<exclusive>N</exclusive>
			<trained_total>-2</trained_total>
			<exclusive_total>-2</exclusive_total>
			<classes></classes>
			<type>Dexterity.ACHECK.Base</type>
		</skill>
		<skill>
			<name>Fly</name>
			<ranks>30.0</ranks>
			<mod>-11<!-- Mods from abilities, equipment, etc -->
			</mod>
			<skill_mod>19</skill_mod>
			<ability_mod>-2<!-- Mod from the key ability -->
			</ability_mod>
			<misc_mod>-9<!-- This is a calc value of TOTAL-RANK-ABMOD -->
			</misc_mod>
			<ability>DEX</ability>
			<synergy>Fly</synergy>
			<untrained>Y</untrained>
			<exclusive>N</exclusive>
			<trained_total>19</trained_total>
			<exclusive_total>19</exclusive_total>
			<classes>Sorcerer/Cleric (Arcane).Dragon</classes>
			<type>Dexterity.ACHECK.Base</type>
		</skill>
		<skill>
			<name>Heal</name>
			<ranks>7.0</ranks>
			<mod>11<!-- Mods from abilities, equipment, etc -->
			</mod>
			<skill_mod>18</skill_mod>
			<ability_mod>8<!-- Mod from the key ability -->
			</ability_mod>
			<misc_mod>3<!-- This is a calc value of TOTAL-RANK-ABMOD -->
			</misc_mod>
			<ability>WIS</ability>
			<synergy>Heal</synergy>
			<untrained>Y</untrained>
			<exclusive>N</exclusive>
			<trained_total>18</trained_total>
			<exclusive_total>18</exclusive_total>
			<classes>Dragon</classes>
			<type>Wisdom.Base</type>
		</skill>
		<skill>
			<name>Intimidate</name>
			<ranks>4.0</ranks>
			<mod>11<!-- Mods from abilities, equipment, etc -->
			</mod>
			<skill_mod>15</skill_mod>
			<ability_mod>8<!-- Mod from the key ability -->
			</ability_mod>
			<misc_mod>3<!-- This is a calc value of TOTAL-RANK-ABMOD -->
			</misc_mod>
			<ability>CHA</ability>
			<synergy>Intimidate</synergy>
			<untrained>Y</untrained>
			<exclusive>N</exclusive>
			<trained_total>15</trained_total>
			<exclusive_total>15</exclusive_total>
			<classes>Dragon</classes>
			<type>Charisma.Base</type>
		</skill>
		<skill>
			<name>Knowledge (Arcana)</name>
			<ranks>2.0</ranks>
			<mod>11<!-- Mods from abilities, equipment, etc -->
			</mod>
			<skill_mod>13</skill_mod>
			<ability_mod>8<!-- Mod from the key ability -->
			</ability_mod>
			<misc_mod>3<!-- This is a calc value of TOTAL-RANK-ABMOD -->
			</misc_mod>
			<ability>INT</ability>
			<synergy>Knowledge (Arcana)</synergy>
			<untrained>NO</untrained>
			<exclusive>N</exclusive>
			<trained_total>13</trained_total>
			<exclusive_total>13</exclusive_total>
			<classes>Dragon</classes>
			<type>Intelligence.Knowledge.Base</type>
		</skill>
		<skill>
			<name>Perception</name>
			<ranks>0.0</ranks>
			<mod>8<!-- Mods from abilities, equipment, etc -->
			</mod>
			<skill_mod>8</skill_mod>
			<ability_mod>8<!-- Mod from the key ability -->
			</ability_mod>
			<misc_mod>0<!-- This is a calc value of TOTAL-RANK-ABMOD -->
			</misc_mod>
			<ability>WIS</ability>
			<synergy>Perception</synergy>
			<untrained>Y</untrained>
			<exclusive>N</exclusive>
			<trained_total>8</trained_total>
			<exclusive_total>8</exclusive_total>
			<classes>Dragon</classes>
			<type>Wisdom.Base</type>
		</skill>
		<skill>
			<name>Perform (Untrained)</name>
			<ranks>0.0</ranks>
			<mod>8<!-- Mods from abilities, equipment, etc -->
			</mod>
			<skill_mod>8</skill_mod>
			<ability_mod>8<!-- Mod from the key ability -->
			</ability_mod>
			<misc_mod>0<!-- This is a calc value of TOTAL-RANK-ABMOD -->
			</misc_mod>
			<ability>CHA</ability>
			<synergy>Perform (Untrained)</synergy>
			<untrained>Y</untrained>
			<exclusive>N</exclusive>
			<trained_total>8</trained_total>
			<exclusive_total>8</exclusive_total>
			<classes></classes>
			<type>Charisma.Perform</type>
		</skill>
		<skill>
			<name>Ride</name>
			<ranks>0.0</ranks>
			<mod>-2<!-- Mods from abilities, equipment, etc -->
			</mod>
			<skill_mod>-2</skill_mod>
			<ability_mod>-2<!-- Mod from the key ability -->
			</ability_mod>
			<misc_mod>0<!-- This is a calc value of TOTAL-RANK-ABMOD -->
			</misc_mod>
			<ability>DEX</ability>
			<synergy>Ride</synergy>
			<untrained>Y</untrained>
			<exclusive>N</exclusive>
			<trained_total>-2</trained_total>
			<exclusive_total>-2</exclusive_total>
			<classes></classes>
			<type>Dexterity.ACHECK.Base</type>
		</skill>
		<skill>
			<name>Sense Motive</name>
			<ranks>2.0</ranks>
			<mod>11<!-- Mods from abilities, equipment, etc -->
			</mod>
			<skill_mod>13</skill_mod>
			<ability_mod>8<!-- Mod from the key ability -->
			</ability_mod>
			<misc_mod>3<!-- This is a calc value of TOTAL-RANK-ABMOD -->
			</misc_mod>
			<ability>WIS</ability>
			<synergy>Sense Motive</synergy>
			<untrained>Y</untrained>
			<exclusive>N</exclusive>
			<trained_total>13</trained_total>
			<exclusive_total>13</exclusive_total>
			<classes>Dragon</classes>
			<type>Wisdom.Base</type>
		</skill>
		<skill>
			<name>Stealth</name>
			<ranks>0.0</ranks>
			<mod>-18<!-- Mods from abilities, equipment, etc -->
			</mod>
			<skill_mod>-18</skill_mod>
			<ability_mod>-2<!-- Mod from the key ability -->
			</ability_mod>
			<misc_mod>-16<!-- This is a calc value of TOTAL-RANK-ABMOD -->
			</misc_mod>
			<ability>DEX</ability>
			<synergy>Stealth</synergy>
			<untrained>Y</untrained>
			<exclusive>N</exclusive>
			<trained_total>-18</trained_total>
			<exclusive_total>-18</exclusive_total>
			<classes>Dragon</classes>
			<type>Dexterity.ACHECK.Base</type>
		</skill>
		<skill>
			<name>Survival</name>
			<ranks>17.0</ranks>
			<mod>11<!-- Mods from abilities, equipment, etc -->
			</mod>
			<skill_mod>28</skill_mod>
			<ability_mod>8<!-- Mod from the key ability -->
			</ability_mod>
			<misc_mod>3<!-- This is a calc value of TOTAL-RANK-ABMOD -->
			</misc_mod>
			<ability>WIS</ability>
			<synergy>Survival</synergy>
			<untrained>Y</untrained>
			<exclusive>N</exclusive>
			<trained_total>28</trained_total>
			<exclusive_total>28</exclusive_total>
			<classes>Dragon</classes>
			<type>Wisdom.Base</type>
		</skill>
		<skill>
			<name>Swim</name>
			<ranks>0.0</ranks>
			<mod>24<!-- Mods from abilities, equipment, etc -->
			</mod>
			<skill_mod>24</skill_mod>
			<ability_mod>16<!-- Mod from the key ability -->
			</ability_mod>
			<misc_mod>8<!-- This is a calc value of TOTAL-RANK-ABMOD -->
			</misc_mod>
			<ability>STR</ability>
			<synergy>Swim</synergy>
			<untrained>Y</untrained>
			<exclusive>N</exclusive>
			<trained_total>24</trained_total>
			<exclusive_total>24</exclusive_total>
			<classes>Dragon</classes>
			<type>Strength.ACHECK.Base</type>
		</skill>

	<!-- Skills -->
	</skills>
	<!--
	  ====================================
	  ====================================
			SAVING THROWS
	  ====================================
	  ====================================-->
	<saving_throws>
		<conditional_modifiers>
		</conditional_modifiers>
		<saving_throw>
			<name>
				<long>fortitude</long>
				<short>fort</short>
			</name>
				<ability>constitution</ability>
			<total>+26</total>
			<base>+17</base>
			<abil_mod>+9</abil_mod>
			<feats>+0</feats>
			<magic_mod>+0</magic_mod>
			<misc_mod>+0</misc_mod>
			<misc_w_magic_mod>+0</misc_w_magic_mod>
			<race>+0</race>
			<epic_mod>+0</epic_mod>
			<temp_mod/>
		</saving_throw>
		<saving_throw>
			<name>
				<long>reflex</long>
				<short>ref</short>
			</name>
				<ability>dexterity</ability>
			<total>+15</total>
			<base>+17</base>
			<abil_mod>-2</abil_mod>
			<feats>+0</feats>
			<magic_mod>+0</magic_mod>
			<misc_mod>+0</misc_mod>
			<misc_w_magic_mod>+0</misc_w_magic_mod>
			<race>+0</race>
			<epic_mod>+0</epic_mod>
			<temp_mod/>
		</saving_throw>
		<saving_throw>
			<name>
				<long>will</long>
				<short>will</short>
			</name>
				<ability>wisdom</ability>
			<total>+25</total>
			<base>+17</base>
			<abil_mod>+8</abil_mod>
			<feats>+0</feats>
			<magic_mod>+0</magic_mod>
			<misc_mod>+0</misc_mod>
			<misc_w_magic_mod>+0</misc_w_magic_mod>
			<race>+0</race>
			<epic_mod>+0</epic_mod>
			<temp_mod/>
		</saving_throw>
	</saving_throws>
	<!--
	  ====================================
	  ====================================
			ATTACK
	  ====================================
	  ====================================-->
	<attack>
			<conditional_modifiers>
			</conditional_modifiers>

		<melee>
			<total>+38/+33/+28/+23</total>
			<total_short>+38</total_short>
			<bab>+30</bab>
			<!-- +30 -->
			<base_attack_bonus>+30/+25/+20/+15</base_attack_bonus>
			<stat_mod>+16</stat_mod>
			<size_mod>-8</size_mod>
			<misc_mod>+0</misc_mod>
			<epic_mod>0</epic_mod>
			<!-- +0 -->
			<temp_mod/>
		</melee>
		<ranged>
			<total>+20/+15/+10/+5</total>
			<bab>+30</bab>
			<!-- +30 -->
			<base_attack_bonus>+30/+25/+20/+15</base_attack_bonus>
			<stat_mod>-2</stat_mod>
			<size_mod>-8</size_mod>
			<misc_mod>+0</misc_mod>
			<epic_mod>0</epic_mod>
			<!-- +0 -->
			<temp_mod/>
		</ranged>
			<!-- Either CMB block, or Grapple Block -->
			<cmb>
				<!-- Base stuff for standard block -->
				<title>CMB</title>
				<total>+54</total>
				<bab>+30</bab>
				<base_attack_bonus>+30/+25/+20/+15</base_attack_bonus>
				<stat_mod>+16</stat_mod>
				<size_mod>+8</size_mod>
				<misc_mod></misc_mod>	
				<epic_mod/>
				<temp_mod/>
				<!-- Base values (not yet used) -->
				<grapple_base>+54</grapple_base>
				<trip_base>+54</trip_base>
				<disarm_base>+54</disarm_base>
				<sunder_base>+54</sunder_base>
				<bullrush_base>+0</bullrush_base>
				<overrun_base>+54</overrun_base>
				<!-- Defense values -->
				<!-- Pathfinder (final release) -->
				<!-- Attack values -->
				<grapple_attack>+54</grapple_attack>
				<trip_attack>+54</trip_attack>
				<disarm_attack>+54</disarm_attack>
				<sunder_attack>+54</sunder_attack>
				<bullrush_attack>+54</bullrush_attack>
				<overrun_attack>+54</overrun_attack>
				<!-- Defense values -->
				<defense>62</defense>
				<grapple_defense>62</grapple_defense>
				<trip_defense>
				66
				</trip_defense>
				<disarm_defense>62</disarm_defense>
				<sunder_defense>62</sunder_defense>
				<bullrush_defense>62</bullrush_defense>
				<overrun_defense>62</overrun_defense>

			</cmb>
		<!-- End CMB / Grapple Block -->
	</attack>
	<!--
	  ====================================
	  ====================================
			WEAPONS
	  ====================================
	  ====================================-->

	<weapons>
		<unarmed>
			<total>+34/+29/+24/+19</total>
			<damage>2d6+16</damage>
			<critical>20/x2</critical>
			<!-- Should be changed to a variable due to improved crit -->
			<reach>20 ft.</reach>
						<!-- Commenting this out (will need a test as well)
			3.0 uses "Subdual", 3.5 uses "nonlethal".  We'll need a separate node for both.	-->
			<type>(nonlethal only)</type>
		</unarmed>
		<!-- Spirit Weapon - Melee -->

		<!-- Spirit Weapon - Ranged -->
	<!-- End Spirit Weapon - Ranged -->

	<!-- Blank Natural Attack -->

	<!-- Natural Attack -->

	<!--	Request to remove the Double Weapon Block OS-133		-->
		<weapon>
			<common>
				<name>
					<short>*Bite</short>
					<long>*Bite (Natural/Primary)</long>
					<output>*Bite</output>
				</name>
				<category>Natural-Natural,Melee</category>
				<critical>
					<range>20</range>
					<multiplier>2</multiplier>
				</critical>
				<to_hit>
					<hit>+38</hit>
					<magic_hit>+0</magic_hit>
					<total_hit>+38</total_hit>
				</to_hit>
				<feat>
					<hit>+0</hit>
					<damage>+0</damage>
				</feat>
				<magic>
					<hit>+0</hit>
					<damage>+0</damage>
				</magic>
				<template>
					<hit>+0</hit>
					<damage>+0</damage>
				</template>
				<hand>Primary</hand>
				<num_attacks>1</num_attacks>
				<reach>30</reach>
				<reachunit> ft.</reachunit>
				<size>M</size>
					<special_properties></special_properties>
				<type>BPS</type>
				<weight>0</weight>
				<attacks>0</attacks>
				<heft>LIGHT</heft>
				<range>0 ft.</range>
				<sizemod>+0</sizemod>
				<basehit>+38</basehit>
				<misc>+0</misc>
				<damage>4d8+24</damage>
				<damagebonus>+24</damagebonus>
				<basedamagebonus>+0</basedamagebonus>
				<thdamagebonus>+24</thdamagebonus>
				<ohdamagebonus>+16</ohdamagebonus>
				<rateoffire></rateoffire>
				<islight>TRUE</islight>
				<sequence>0</sequence>
			</common>
			<simple>
				<to_hit>+38</to_hit>
				<damage>4d8+24</damage>
				<range>0 ft.</range>
				<!-- This is an Addition by Itwally for the Monk Flurry of Blows Fix per DATA-73 -->
				<name>*Bite</name>
				<class>Sor Dra30</class>
		<!-- End DATA-73 Work Around-->
			</simple>
		</weapon>
	<!--	Request to remove the Double Weapon Block OS-133		-->
		<weapon>
			<common>
				<name>
					<short>*Claws</short>
					<long>*Claws (Natural/Primary)</long>
					<output>*Claws</output>
				</name>
				<category>Natural-Natural,Melee</category>
				<critical>
					<range>20</range>
					<multiplier>2</multiplier>
				</critical>
				<to_hit>
					<hit>+38/+38</hit>
					<magic_hit>+0</magic_hit>
					<total_hit>+38/+38</total_hit>
				</to_hit>
				<feat>
					<hit>+0</hit>
					<damage>+0</damage>
				</feat>
				<magic>
					<hit>+0</hit>
					<damage>+0</damage>
				</magic>
				<template>
					<hit>+0</hit>
					<damage>+0</damage>
				</template>
				<hand>Primary</hand>
				<num_attacks>2</num_attacks>
				<reach>20</reach>
				<reachunit> ft.</reachunit>
				<size>M</size>
					<special_properties></special_properties>
				<type>PS</type>
				<weight>0</weight>
				<attacks>1</attacks>
				<heft>LIGHT</heft>
				<range>0 ft.</range>
				<sizemod>+0</sizemod>
				<basehit>+38/+38</basehit>
				<misc>+0</misc>
				<damage>4d6+16</damage>
				<damagebonus>+16</damagebonus>
				<basedamagebonus>+0</basedamagebonus>
				<thdamagebonus>+16</thdamagebonus>
				<ohdamagebonus>+8</ohdamagebonus>
				<rateoffire></rateoffire>
				<islight>TRUE</islight>
				<sequence>1</sequence>
			</common>
			<simple>
				<to_hit>+38/+38</to_hit>
				<damage>4d6+16</damage>
				<range>0 ft.</range>
				<!-- This is an Addition by Itwally for the Monk Flurry of Blows Fix per DATA-73 -->
				<name>*Claws</name>
				<class>Sor Dra30</class>
		<!-- End DATA-73 Work Around-->
			</simple>
		</weapon>
	<!--	Request to remove the Double Weapon Block OS-133		-->
		<weapon>
			<common>
				<name>
					<short>*Tail Slap</short>
					<long>*Tail Slap (Natural/Primary)</long>
					<output>*Tail Slap</output>
				</name>
				<category>Natural-Natural,Melee</category>
				<critical>
					<range>20</range>
					<multiplier>2</multiplier>
				</critical>
				<to_hit>
					<hit>+36</hit>
					<magic_hit>+0</magic_hit>
					<total_hit>+36</total_hit>
				</to_hit>
				<feat>
					<hit>+0</hit>
					<damage>+0</damage>
				</feat>
				<magic>
					<hit>+0</hit>
					<damage>+0</damage>
				</magic>
				<template>
					<hit>+0</hit>
					<damage>+0</damage>
				</template>
				<hand>Primary</hand>
				<num_attacks>1</num_attacks>
				<reach>20</reach>
				<reachunit> ft.</reachunit>
				<size>M</size>
					<special_properties></special_properties>
				<type>B</type>
				<weight>0</weight>
				<attacks>0</attacks>
				<heft>LIGHT</heft>
				<range>0 ft.</range>
				<sizemod>+0</sizemod>
				<basehit>+36</basehit>
				<misc>-5</misc>
				<damage>4d6+24</damage>
				<damagebonus>+24</damagebonus>
				<basedamagebonus>+0</basedamagebonus>
				<thdamagebonus>+24</thdamagebonus>
				<ohdamagebonus>+16</ohdamagebonus>
				<rateoffire></rateoffire>
				<islight>TRUE</islight>
				<sequence>2</sequence>
			</common>
			<simple>
				<to_hit>+36</to_hit>
				<damage>4d6+24</damage>
				<range>0 ft.</range>
				<!-- This is an Addition by Itwally for the Monk Flurry of Blows Fix per DATA-73 -->
				<name>*Tail Slap</name>
				<class>Sor Dra30</class>
		<!-- End DATA-73 Work Around-->
			</simple>
		</weapon>
	<!--	Request to remove the Double Weapon Block OS-133		-->
		<weapon>
			<common>
				<name>
					<short>*Wing</short>
					<long>*Wing (Natural/Primary)</long>
					<output>*Wing</output>
				</name>
				<category>Natural-Natural,Melee</category>
				<critical>
					<range>20</range>
					<multiplier>2</multiplier>
				</critical>
				<to_hit>
					<hit>+36/+36</hit>
					<magic_hit>+0</magic_hit>
					<total_hit>+36/+36</total_hit>
				</to_hit>
				<feat>
					<hit>+0</hit>
					<damage>+0</damage>
				</feat>
				<magic>
					<hit>+0</hit>
					<damage>+0</damage>
				</magic>
				<template>
					<hit>+0</hit>
					<damage>+0</damage>
				</template>
				<hand>Primary</hand>
				<num_attacks>2</num_attacks>
				<reach>20</reach>
				<reachunit> ft.</reachunit>
				<size>M</size>
					<special_properties></special_properties>
				<type>B</type>
				<weight>0</weight>
				<attacks>1</attacks>
				<heft>LIGHT</heft>
				<range>0 ft.</range>
				<sizemod>+0</sizemod>
				<basehit>+36/+36</basehit>
				<misc>-5</misc>
				<damage>2d8+8</damage>
				<damagebonus>+8</damagebonus>
				<basedamagebonus>+0</basedamagebonus>
				<thdamagebonus>+8</thdamagebonus>
				<ohdamagebonus>+0</ohdamagebonus>
				<rateoffire></rateoffire>
				<islight>TRUE</islight>
				<sequence>3</sequence>
			</common>
			<simple>
				<to_hit>+36/+36</to_hit>
				<damage>2d8+8</damage>
				<range>0 ft.</range>
				<!-- This is an Addition by Itwally for the Monk Flurry of Blows Fix per DATA-73 -->
				<name>*Wing</name>
				<class>Sor Dra30</class>
		<!-- End DATA-73 Work Around-->
			</simple>
		</weapon>
	</weapons>
	<!--
	  ====================================
	  ====================================
			ARMOR
	  ====================================
	  ====================================-->
	<protection>
	</protection>
	<!--
	  ====================================
	  ====================================
			CLASS-DEPENDANT FEATURES
	  ====================================
	  ====================================-->
	<class_features>
		<!-- D&D 3.0 -->
		<!-- D&D 3.5 -->
	<!-- Bard -->




	<!-- Pathfinder -->
		<!-- Character Rage -->
		<!-- Character Rage -->

	<!-- Turning ability -->


	<!-- Eclipse Channeling -->

	<!-- Channel Energy -->

	<!-- 3.0 stunning fist -->

	<!-- 3.0 stunning fist -->

	<!-- 3.5 stunning fist -->

	<!-- 3.0 wholeness of body -->

	<!-- 3.5 wholeness of body -->

			<!-- Psionics -->

		
		


	</class_features>

	<!-- Abilites with check lists - master/child abilities -->
	<checklists>
	</checklists>

	<!-- Proficiency lists -->
	<proficiency_specials>
	</proficiency_specials>

	<!--
	  ====================================
	  ====================================
			EQUIPMENT
	  ====================================
	  ====================================-->
	<equipment>
		<item>
			<longname>Bite (Natural/Primary)</longname>
			<id></id>
			<name>Bite</name>
			<carried>1.0</carried>
			<charges></charges>
			<charges_used></charges_used>
			<contents></contents>
			<contents_num>0</contents_num>
			<content_weight>0</content_weight>
			<cost>0</cost>
			<equipped>Y</equipped>
			<location>Equipped</location>
			<locationId></locationId>
			<maxcharges>0</maxcharges>
			<note></note>
			<quantity>1</quantity>
			<checkbox>1</checkbox>
			<size>
				<long>Medium</long>
				<short>M</short>
			</size>
			<special_properties></special_properties>
			<type>WEAPON.NATURAL.NATURALPRIMARY.WEAPON GROUP NATURAL.MELEE.FINESSEABLE.BLUDGEONING.PIERCING.SLASHING</type>
			<weight>0</weight>
			<total_wt>0</total_wt>
			<total_weight>0</total_weight>
			<bonuslist></bonuslist>
			<acmod>0</acmod>
			<maxdex>100</maxdex>
			<accheck>0</accheck>
			<edr>0</edr>
			<move></move>
			<spell_failure>0</spell_failure>
			<damage>4d8</damage>
			<damage_alt></damage_alt>
			<crit_range>1</crit_range>
			<crit_mult>x2</crit_mult>
			<crit_range_alt></crit_range_alt>
			<crit_mult_alt></crit_mult_alt>
			<range>0 ft.</range>
			<attacks>0.0</attacks>
			<prof>Bite</prof>
			<source></source>
			<quality></quality>
		</item>
		<item>
			<longname>Claws (Natural/Primary)</longname>
			<id></id>
			<name>Claws</name>
			<carried>1.0</carried>
			<charges></charges>
			<charges_used></charges_used>
			<contents></contents>
			<contents_num>0</contents_num>
			<content_weight>0</content_weight>
			<cost>0</cost>
			<equipped>Y</equipped>
			<location>Equipped</location>
			<locationId></locationId>
			<maxcharges>0</maxcharges>
			<note></note>
			<quantity>1</quantity>
			<checkbox>1</checkbox>
			<size>
				<long>Medium</long>
				<short>M</short>
			</size>
			<special_properties></special_properties>
			<type>WEAPON.NATURAL.NATURALPRIMARY.WEAPON GROUP NATURAL.MELEE.FINESSEABLE.PIERCING.SLASHING</type>
			<weight>0</weight>
			<total_wt>0</total_wt>
			<total_weight>0</total_weight>
			<bonuslist></bonuslist>
			<acmod>0</acmod>
			<maxdex>100</maxdex>
			<accheck>0</accheck>
			<edr>0</edr>
			<move></move>
			<spell_failure>0</spell_failure>
			<damage>4d6</damage>
			<damage_alt></damage_alt>
			<crit_range>1</crit_range>
			<crit_mult>x2</crit_mult>
			<crit_range_alt></crit_range_alt>
			<crit_mult_alt></crit_mult_alt>
			<range>0 ft.</range>
			<attacks>0.0</attacks>
			<prof>Claws</prof>
			<source></source>
			<quality></quality>
		</item>
		<item>
			<longname>Tail Slap (Natural/Primary)</longname>
			<id></id>
			<name>Tail Slap</name>
			<carried>1.0</carried>
			<charges></charges>
			<charges_used></charges_used>
			<contents></contents>
			<contents_num>0</contents_num>
			<content_weight>0</content_weight>
			<cost>0</cost>
			<equipped>Y</equipped>
			<location>Equipped</location>
			<locationId></locationId>
			<maxcharges>0</maxcharges>
			<note></note>
			<quantity>1</quantity>
			<checkbox>1</checkbox>
			<size>
				<long>Medium</long>
				<short>M</short>
			</size>
			<special_properties></special_properties>
			<type>WEAPON.NATURAL.NATURALSECONDARY.WEAPON GROUP NATURAL.MELEE.FINESSEABLE.BLUDGEONING</type>
			<weight>0</weight>
			<total_wt>0</total_wt>
			<total_weight>0</total_weight>
			<bonuslist></bonuslist>
			<acmod>0</acmod>
			<maxdex>100</maxdex>
			<accheck>0</accheck>
			<edr>0</edr>
			<move></move>
			<spell_failure>0</spell_failure>
			<damage>4d6</damage>
			<damage_alt></damage_alt>
			<crit_range>1</crit_range>
			<crit_mult>x2</crit_mult>
			<crit_range_alt></crit_range_alt>
			<crit_mult_alt></crit_mult_alt>
			<range>0 ft.</range>
			<attacks>0.0</attacks>
			<prof>Tail Slap</prof>
			<source></source>
			<quality></quality>
		</item>
		<item>
			<longname>Wing (Natural/Primary)</longname>
			<id></id>
			<name>Wing</name>
			<carried>1.0</carried>
			<charges></charges>
			<charges_used></charges_used>
			<contents></contents>
			<contents_num>0</contents_num>
			<content_weight>0</content_weight>
			<cost>0</cost>
			<equipped>Y</equipped>
			<location>Equipped</location>
			<locationId></locationId>
			<maxcharges>0</maxcharges>
			<note></note>
			<quantity>1</quantity>
			<checkbox>1</checkbox>
			<size>
				<long>Medium</long>
				<short>M</short>
			</size>
			<special_properties></special_properties>
			<type>WEAPON.NATURAL.NATURALSECONDARY.WEAPON GROUP NATURAL.MELEE.FINESSEABLE.BLUDGEONING</type>
			<weight>0</weight>
			<total_wt>0</total_wt>
			<total_weight>0</total_weight>
			<bonuslist></bonuslist>
			<acmod>0</acmod>
			<maxdex>100</maxdex>
			<accheck>0</accheck>
			<edr>0</edr>
			<move></move>
			<spell_failure>0</spell_failure>
			<damage>2d8</damage>
			<damage_alt></damage_alt>
			<crit_range>1</crit_range>
			<crit_mult>x2</crit_mult>
			<crit_range_alt></crit_range_alt>
			<crit_mult_alt></crit_mult_alt>
			<range>0 ft.</range>
			<attacks>0.0</attacks>
			<prof>Wing</prof>
			<source></source>
			<quality></quality>
		</item>
		<total>
			<weight>0 lbs.</weight>
			<value>0 gp</value>
			<load>Light</load>
			<capacity>199680</capacity>
		</total>
		<equipmentsets>
		<equipmentset name="Default Set">
				<item>
					<longname>Bite (Natural/Primary)</longname>
					<name>Bite</name>
					<carried>1.0</carried>
					<charges></charges>
					<charges_used></charges_used>
					<contents></contents>
					<contents_num>0</contents_num>
					<content_weight>0</content_weight>
					<cost>0</cost>
					<equipped>Y</equipped>
					<location>Equipped</location>
					<maxcharges>0</maxcharges>
					<note></note>
					<quantity>1</quantity>
					<checkbox>1</checkbox>
					<size>
						<long>Medium</long>
						<short>M</short>
					</size>
					<special_properties></special_properties>
					<type>WEAPON.NATURAL.NATURALPRIMARY.WEAPON GROUP NATURAL.MELEE.FINESSEABLE.BLUDGEONING.PIERCING.SLASHING</type>
					<weight>0</weight>
					<total_wt>0</total_wt>
					<total_weight>0</total_weight>
					<bonuslist></bonuslist>
					<acmod>0</acmod>
					<maxdex>100</maxdex>
					<accheck>0</accheck>
					<edr>0</edr>
					<move></move>
					<spell_failure>0</spell_failure>
					<damage>4d8</damage>
					<damage_alt></damage_alt>
					<crit_range>1</crit_range>
					<crit_mult>x2</crit_mult>
					<crit_range_alt></crit_range_alt>
					<crit_mult_alt></crit_mult_alt>
					<range>0 ft.</range>
					<attacks>0.0</attacks>
					<prof>Bite</prof>
					<source></source>
					<quality>EQ.0.QUALITY</quality>
				</item>
				<item>
					<longname>Claws (Natural/Primary)</longname>
					<name>Claws</name>
					<carried>1.0</carried>
					<charges></charges>
					<charges_used></charges_used>
					<contents></contents>
					<contents_num>0</contents_num>
					<content_weight>0</content_weight>
					<cost>0</cost>
					<equipped>Y</equipped>
					<location>Equipped</location>
					<maxcharges>0</maxcharges>
					<note></note>
					<quantity>1</quantity>
					<checkbox>1</checkbox>
					<size>
						<long>Medium</long>
						<short>M</short>
					</size>
					<special_properties></special_properties>
					<type>WEAPON.NATURAL.NATURALPRIMARY.WEAPON GROUP NATURAL.MELEE.FINESSEABLE.PIERCING.SLASHING</type>
					<weight>0</weight>
					<total_wt>0</total_wt>
					<total_weight>0</total_weight>
					<bonuslist></bonuslist>
					<acmod>0</acmod>
					<maxdex>100</maxdex>
					<accheck>0</accheck>
					<edr>0</edr>
					<move></move>
					<spell_failure>0</spell_failure>
					<damage>4d6</damage>
					<damage_alt></damage_alt>
					<crit_range>1</crit_range>
					<crit_mult>x2</crit_mult>
					<crit_range_alt></crit_range_alt>
					<crit_mult_alt></crit_mult_alt>
					<range>0 ft.</range>
					<attacks>0.0</attacks>
					<prof>Claws</prof>
					<source></source>
					<quality>EQ.0.QUALITY</quality>
				</item>
				<item>
					<longname>Tail Slap (Natural/Primary)</longname>
					<name>Tail Slap</name>
					<carried>1.0</carried>
					<charges></charges>
					<charges_used></charges_used>
					<contents></contents>
					<contents_num>0</contents_num>
					<content_weight>0</content_weight>
					<cost>0</cost>
					<equipped>Y</equipped>
					<location>Equipped</location>
					<maxcharges>0</maxcharges>
					<note></note>
					<quantity>1</quantity>
					<checkbox>1</checkbox>
					<size>
						<long>Medium</long>
						<short>M</short>
					</size>
					<special_properties></special_properties>
					<type>WEAPON.NATURAL.NATURALSECONDARY.WEAPON GROUP NATURAL.MELEE.FINESSEABLE.BLUDGEONING</type>
					<weight>0</weight>
					<total_wt>0</total_wt>
					<total_weight>0</total_weight>
					<bonuslist></bonuslist>
					<acmod>0</acmod>
					<maxdex>100</maxdex>
					<accheck>0</accheck>
					<edr>0</edr>
					<move></move>
					<spell_failure>0</spell_failure>
					<damage>4d6</damage>
					<damage_alt></damage_alt>
					<crit_range>1</crit_range>
					<crit_mult>x2</crit_mult>
					<crit_range_alt></crit_range_alt>
					<crit_mult_alt></crit_mult_alt>
					<range>0 ft.</range>
					<attacks>0.0</attacks>
					<prof>Tail Slap</prof>
					<source></source>
					<quality>EQ.0.QUALITY</quality>
				</item>
				<item>
					<longname>Wing (Natural/Primary)</longname>
					<name>Wing</name>
					<carried>1.0</carried>
					<charges></charges>
					<charges_used></charges_used>
					<contents></contents>
					<contents_num>0</contents_num>
					<content_weight>0</content_weight>
					<cost>0</cost>
					<equipped>Y</equipped>
					<location>Equipped</location>
					<maxcharges>0</maxcharges>
					<note></note>
					<quantity>1</quantity>
					<checkbox>1</checkbox>
					<size>
						<long>Medium</long>
						<short>M</short>
					</size>
					<special_properties></special_properties>
					<type>WEAPON.NATURAL.NATURALSECONDARY.WEAPON GROUP NATURAL.MELEE.FINESSEABLE.BLUDGEONING</type>
					<weight>0</weight>
					<total_wt>0</total_wt>
					<total_weight>0</total_weight>
					<bonuslist></bonuslist>
					<acmod>0</acmod>
					<maxdex>100</maxdex>
					<accheck>0</accheck>
					<edr>0</edr>
					<move></move>
					<spell_failure>0</spell_failure>
					<damage>2d8</damage>
					<damage_alt></damage_alt>
					<crit_range>1</crit_range>
					<crit_mult>x2</crit_mult>
					<crit_range_alt></crit_range_alt>
					<crit_mult_alt></crit_mult_alt>
					<range>0 ft.</range>
					<attacks>0.0</attacks>
					<prof>Wing</prof>
					<source></source>
					<quality>EQ.0.QUALITY</quality>
				</item>
			</equipmentset>
		</equipmentsets>
	</equipment>
	<weight_allowance>
		<light>66560</light>
		<medium>133120</medium>
		<heavy>199680</heavy>
		<lift_over_head>199680</lift_over_head>
		<lift_off_ground>399360</lift_off_ground>
		<!-- And loses Dex bonus to AC and can only move 5 feet per round as a full-round action -->
		<push_drag>998400</push_drag>
	</weight_allowance>
	<!--
	  ====================================
	  ====================================
			SPECIAL ABILITIES
	  ====================================
	  ====================================-->
	<special_abilities>
		<race></race>
		<class>
			<class>Sorcerer/Cleric (Arcane)</class>
			<ability></ability>
		</class>
		<class>
			<class>Dragon</class>
			<ability></ability>
		</class>
	</special_abilities>
	<!--
	  ====================================
	  ====================================
			FEATS
	  ====================================
	  ====================================-->
	<feats>
		<!-- Visible standard feats (not including the auto feats) -->
		<feat>
			<name>Acrobatic</name>
			<description>You are skilled at leaping, jumping, and flying.</description>
			<benefit>You get a +2 bonus on all Acrobatics and Fly skill checks. If you have 10 or more ranks in one of these skills, the bonus increases to +4 for that skill.</benefit>
			<type>GENERAL</type>
			<associated></associated>
			<count>0</count>
			<auto>F</auto>
			<hidden>F</hidden>
			<virtual>F</virtual>
			<source>Paizo Inc. - Core Rulebook, p.113</source>
		</feat>
		<feat>
			<name>Combat Casting</name>
			<description>You are adept at spellcasting when threatened or distracted.</description>
			<benefit>You get a +4 bonus on concentration checks made to cast a spell or use a spell-like ability when casting on the defensive or while grappled.</benefit>
			<type>GENERAL</type>
			<associated></associated>
			<count>0</count>
			<auto>F</auto>
			<hidden>F</hidden>
			<virtual>F</virtual>
			<source>Paizo Inc. - Core Rulebook, p.119</source>
		</feat>
		<feat>
			<name>Craft Magic Arms and Armor</name>
			<description>You can create magic armor, shields, or weapons.</description>
			<benefit>You can create magic weapons, armor, or shields. Enhancing a weapon, suit of armor, or shield takes 1 day for each 1,000 gp in the price of its magical features. To enhance a weapon, suit of armor, or shield, you must use up raw materials costing half of this total price. See the magic item creation rules in Chapter 15 for more information. The weapon, armor, or shield to be enhanced must be a masterwork item that you provide. Its cost is not included in the above cost. You can also mend a broken magic weapon, suit of armor, or shield if it is one that you could make. Doing so costs half the raw materials and half the time it would take to craft that item in the first place.</benefit>
			<type>ITEMCREATION</type>
			<associated></associated>
			<count>0</count>
			<auto>F</auto>
			<hidden>F</hidden>
			<virtual>F</virtual>
			<source>Paizo Inc. - Core Rulebook, p.120</source>
		</feat>
		<feat>
			<name>Craft Rod</name>
			<description>You can create magic rods.</description>
			<benefit>You can create magic rods. Crafting a rod takes 1 day for each 1,000 gp in its base price. To craft a rod, you must use up raw materials costing half of its base price. See the magic</benefit>
			<type>ITEMCREATION</type>
			<associated></associated>
			<count>0</count>
			<auto>F</auto>
			<hidden>F</hidden>
			<virtual>F</virtual>
			<source>Paizo Inc. - Core Rulebook, p.120</source>
		</feat>
		<feat>
			<name>Craft Staff</name>
			<description>You can create magic staves.</description>
			<benefit>You can create any staff whose prerequisites you meet. Crafting a staff takes 1 day for each 1,000 gp in its base price. To craft a staff, you must use up raw materials costing half of its base price. A newly created staff has 10 charges. See the magic item creation rules in Chapter 15 for more information.</benefit>
			<type>ITEMCREATION</type>
			<associated></associated>
			<count>0</count>
			<auto>F</auto>
			<hidden>F</hidden>
			<virtual>F</virtual>
			<source>Paizo Inc. - Core Rulebook, p.120</source>
		</feat>
		<feat>
			<name>Craft Wand</name>
			<description>You can create magic wands.</description>
			<benefit>You can create a wand of any 4th-level or lower spell that you know. Crafting a wand takes 1 day for each 1,000 gp in its base price. To craft a wand, you must use up raw materials costing half of this base price. A newly created wand has 50 charges. See the magic item creation rules in Chapter 15 for more information.</benefit>
			<type>ITEMCREATION</type>
			<associated></associated>
			<count>0</count>
			<auto>F</auto>
			<hidden>F</hidden>
			<virtual>F</virtual>
			<source>Paizo Inc. - Core Rulebook, p.120</source>
		</feat>
		<feat>
			<name>Craft Wondrous Item</name>
			<description>You can create wondrous items, a type of magic item.</description>
			<benefit>You can create a wide variety of magic wondrous items. Crafting a wondrous item takes 1 day for each 1,000 gp in its price. To create a wondrous item, you must use up raw materials costing half of its base price. See the magic item creation rules in Chapter 15 for more information. You can also mend a broken wondrous item if it is one that you could make. Doing so costs half the raw materials and half the time it would take to craft that item.</benefit>
			<type>ITEMCREATION</type>
			<associated></associated>
			<count>0</count>
			<auto>F</auto>
			<hidden>F</hidden>
			<virtual>F</virtual>
			<source>Paizo Inc. - Core Rulebook, p.120</source>
		</feat>
		<feat>
			<name>Eschew Materials</name>
			<description>You can cast many spells without needing to utilize minor material components.</description>
			<benefit>You can cast any spell with a material component costing 1 gp or less without needing that component. The casting of the spell still provokes attacks of opportunity as normal. If the spell requires a material component that costs more than 1 gp, you must have the material component on hand to cast the spell, as normal.</benefit>
			<type>GENERAL</type>
			<associated></associated>
			<count>0</count>
			<auto>F</auto>
			<hidden>F</hidden>
			<virtual>F</virtual>
			<source>Paizo Inc. - Core Rulebook, p.123</source>
		</feat>
		<feat>
			<name>Extend Spell</name>
			<description>You can make your spells last twice as long.</description>
			<benefit>An extended spell lasts twice as long as normal. A spell with a duration of concentration, instantaneous, or permanent is not affected by this feat. An extended spell uses up a spell slot one level higher than the spell&#39;s actual level.</benefit>
			<type>METAMAGIC</type>
			<associated></associated>
			<count>0</count>
			<auto>F</auto>
			<hidden>F</hidden>
			<virtual>F</virtual>
			<source>Paizo Inc. - Core Rulebook, p.123</source>
		</feat>
		<feat>
			<name>Flyby Attack</name>
			<description>This creature can make an attack before and after it moves while flying.</description>
			<benefit>When flying, the creature can take a move action and another standard action at any point during the move. The creature cannot take a second move action during a round when it makes a flyby attack. Normal: Without this feat, the creature takes a standard action either before or after its move.</benefit>
			<type>GENERAL</type>
			<associated></associated>
			<count>0</count>
			<auto>F</auto>
			<hidden>F</hidden>
			<virtual>F</virtual>
			<source>Paizo Inc. - Bestiary, p.315</source>
		</feat>
		<feat>
			<name>Forge Ring</name>
			<description>You can create magic rings.</description>
			<benefit>You can create magic rings. Crafting a ring takes 1 day for each 1,000 gp in its base price. To craft a ring, you must use up raw materials costing half of the base price. See the magic item creation rules in Chapter 15 for more information. You can also mend a broken ring if it is one that you could make. Doing so costs half the raw materials and half the time it would take to forge that ring in the first place.</benefit>
			<type>ITEMCREATION</type>
			<associated></associated>
			<count>0</count>
			<auto>F</auto>
			<hidden>F</hidden>
			<virtual>F</virtual>
			<source>Paizo Inc. - Core Rulebook, p.124</source>
		</feat>
		<feat>
			<name>Hover</name>
			<description>This creature can hover in place with ease and can kick up clouds of dust and debris.</description>
			<benefit>A creature with this feat can halt its movement while flying, allowing it to hover without needing to make a Fly skill check. If a creature of size Large or larger with this feat hovers within 20 feet of the ground in an area with lots of loose debris, the draft from its wings creates a hemispherical cloud with a radius of 60 feet. The winds generated can snuff torches, small campfires, exposed lanterns, and other small, open flames of non-magical origin. Clear vision within the cloud is limited to 10 feet. Creatures have concealment at 15 to 20 feet (20% miss chance). At 25 feet or more, creatures have total concealment (50% miss chance, and opponents cannot use sight to locate the creature). Normal: Without this feat, a creature must make a Fly skill check to hover and the creature does not create a cloud of debris while hovering.</benefit>
			<type>GENERAL</type>
			<associated></associated>
			<count>0</count>
			<auto>F</auto>
			<hidden>F</hidden>
			<virtual>F</virtual>
			<source>Paizo Inc. - Bestiary, p.315</source>
		</feat>
		<feat>
			<name>Multiattack</name>
			<description>This creature is particularly skilled at making attacks with its natural weapons.</description>
			<benefit>The creature&#39;s secondary attacks with natural weapons take only a -2 penalty. Normal: Without this feat, the creature&#39;s secondary attacks with natural weapons take a -5 penalty.</benefit>
			<type>GENERAL.COMBAT</type>
			<associated></associated>
			<count>0</count>
			<auto>F</auto>
			<hidden>F</hidden>
			<virtual>F</virtual>
			<source>Paizo Inc. - Bestiary, p.315</source>
		</feat>

		<!-- Auto feats -->

		<!-- Virtual Feats -->
		<!-- End Virtual Feats -->
		<!-- Hidden feats (all feats less the virtual, automatic and visible ones) -->
		<!-- Hidden VFEATS -->
		<!-- END Hidden VFEATS -->
		<feat>
			<name>CMB Output</name>
			<description></description>
			<benefit></benefit>
			<type>INTERNAL</type>
			<associated></associated>
			<count>0</count>
			<auto>T</auto>
			<hidden>T</hidden>
			<virtual>F</virtual>
			<source>Paizo Inc. - Core Rulebook</source>
		</feat>
	</feats>

	<!--
	  ====================================
	  ====================================
			ARCHETYPES
	  ====================================
	  ====================================-->
	<archetypes>
	</archetypes>
	<!--
	  ====================================
	  ====================================
			SPECIAL QUALITIES
	  ====================================
	  ====================================-->
	<special_qualities>
		<!-- Visible All "Special Ability" Ability Objects -->
		<special_quality>
			<name>Dragon Age Category - Great Wyrm</name>
			<description></description>
			<type>SPECIALQUALITY</type>
			<associated></associated>
			<count>0</count>
			<aspect>NAME: Dragon Age Category - Great Wyrm</aspect>
			<auto>F</auto>
			<hidden>F</hidden>
			<virtual>F</virtual>
			<category>Special Ability</category>
			<source>Paizo Inc. - </source>
		</special_quality>
		<special_quality>
			<name>Bite</name>
			<description>This is a primary attack that deals the indicated damage plus 1-1/2 times the dragon&#39;s Strength bonus (even though it has more than one attack). A dragon&#39;s bite attack has reach as if the creature were one size category larger (+10 feet for Colossal dragons).</description>
			<type>RACEABILITY.SPECIALQUALITY</type>
			<associated></associated>
			<count>0</count>
			<aspect></aspect>
			<auto>F</auto>
			<hidden>F</hidden>
			<virtual>F</virtual>
			<category>Special Ability</category>
			<source>Paizo Inc. - </source>
		</special_quality>
		<special_quality>
			<name>Blindsense (Ex)</name>
			<description>Range 60 ft.; Other creatures have blindsense, a lesser ability that lets the creature notice things it cannot see, but without the precision of blindsight. The creature with blindsense usually does not need to make Spot or Listen checks to notice and locate creatures within range of its blindsense ability, provided that it has line of effect to that creature. Any opponent the creature cannot see has total concealment (50% miss chance) against the creature with blindsense, and the blindsensing creature still has the normal miss chance when attacking foes that have concealment. Visibility still affects the movement of a creature with blindsense. A creature with blindsense is still denied its Dexterity bonus to Armor Class against attacks from creatures it cannot see.</description>
			<type>SPECIALQUALITY.EXTRAORDINARY.VISION</type>
			<associated></associated>
			<count>0</count>
			<aspect>Vision: Blindsense 60 ft.</aspect>
			<auto>F</auto>
			<hidden>F</hidden>
			<virtual>F</virtual>
			<category>Special Ability</category>
			<source>Paizo Inc. - </source>
		</special_quality>
		<special_quality>
			<name>Breath Weapon (Su)</name>
			<description>Using a breath weapon is a standard action. A dragon can use its breath weapon once every 1d4 rounds, even if it possesses more than one breath weapon. A breath weapon always starts at an intersection adjacent to the dragon and extends in a direction of the dragon&#39;s choice. Breath weapons come in two shapes, lines and cones, whose areas vary with the dragon&#39;s size. If a breath weapon deals damage, those caught in the area can attempt Reflex saves to take half damage. The save DC against a breath weapon is 10 + 1/2 dragon&#39;s HD + dragon&#39;s Con modifier. Saves against various breath weapons use the same DC; the type of saving throw is noted in the variety descriptions. A dragon can use its breath weapon when it is grappling or being grappled.</description>
			<type>RACEABILITY.SPECIALQUALITY.SUPERNATURAL</type>
			<associated></associated>
			<count>0</count>
			<aspect></aspect>
			<auto>F</auto>
			<hidden>F</hidden>
			<virtual>F</virtual>
			<category>Special Ability</category>
			<source>Paizo Inc. - </source>
		</special_quality>
		<special_quality>
			<name>Change Shape (Su)</name>
			<description>A very young or older gold dragon can assume any animal or humanoid form three times per day as if using polymorph.</description>
			<type>SPECIALQUALITY.SUPERNATURAL</type>
			<associated></associated>
			<count>0</count>
			<aspect></aspect>
			<auto>F</auto>
			<hidden>F</hidden>
			<virtual>F</virtual>
			<category>Special Ability</category>
			<source>Paizo Inc. - Bestiary, p.108</source>
		</special_quality>
		<special_quality>
			<name>Claw</name>
			<description>These primary attacks deal the indicated damage plus the dragon&#39;s Strength bonus.</description>
			<type>RACEABILITY.SPECIALQUALITY</type>
			<associated></associated>
			<count>0</count>
			<aspect></aspect>
			<auto>F</auto>
			<hidden>F</hidden>
			<virtual>F</virtual>
			<category>Special Ability</category>
			<source>Paizo Inc. - </source>
		</special_quality>
		<special_quality>
			<name>Damage Reduction</name>
			<description>Dragons gain damage reduction as they age, as indicated on each dragon&#39;s specific entry. Their natural weapons are treated as magic weapons for the purpose of overcoming damage reduction.</description>
			<type>RACEABILITY.SPECIALQUALITY</type>
			<associated></associated>
			<count>0</count>
			<aspect></aspect>
			<auto>F</auto>
			<hidden>F</hidden>
			<virtual>F</virtual>
			<category>Special Ability</category>
			<source>Paizo Inc. - </source>
		</special_quality>
		<special_quality>
			<name>Darkvision (Ex)</name>
			<description>Range 120 ft.; Darkvision is the extraordinary ability to see with no light source at all, out to a range specified for the creature. Darkvision is black and white only (colors cannot be discerned). It does not allow characters to see anything that they could not see otherwise-invisible objects are still invisible, and illusions are still visible as what they seem to be. Likewise, darkvision subjects a creature to gaze attacks normally. The presence of light does not spoil darkvision.</description>
			<type>SPECIALQUALITY.EXTRAORDINARY.VISION</type>
			<associated></associated>
			<count>0</count>
			<aspect>Vision: Darkvision 120 ft.</aspect>
			<auto>F</auto>
			<hidden>F</hidden>
			<virtual>F</virtual>
			<category>Special Ability</category>
			<source>Paizo Inc. - </source>
		</special_quality>
		<special_quality>
			<name>Detect Gems (Sp)</name>
			<description>A young or older gold dragon can detect gems three times per day. This functions as locate object, but can only be used to locate gemstones.</description>
			<type>SPECIALQUALITY.SPELLLIKE.SENSE</type>
			<associated></associated>
			<count>0</count>
			<aspect></aspect>
			<auto>F</auto>
			<hidden>F</hidden>
			<virtual>F</virtual>
			<category>Special Ability</category>
			<source>Paizo Inc. - Bestiary, p.108</source>
		</special_quality>
		<special_quality>
			<name>Divine Aid (Sp)</name>
			<description>Once a week, a great wyrm gold dragon can call upon celestial powers for aid. This functions as a miracle.</description>
			<type>SPECIALQUALITY.SPELLLIKE</type>
			<associated></associated>
			<count>0</count>
			<aspect></aspect>
			<auto>F</auto>
			<hidden>F</hidden>
			<virtual>F</virtual>
			<category>Special Ability</category>
			<source>Paizo Inc. - Bestiary, p.108</source>
		</special_quality>
		<special_quality>
			<name>Dragon Senses (Ex)</name>
			<description>Dragons have darkvision 120 ft. and blindsense 60 ft. They see four times as well as a human in dim light and twice as well in normal light.</description>
			<type>RACEABILITY.SPECIALQUALITY.EXTRAORDINARY</type>
			<associated></associated>
			<count>0</count>
			<aspect></aspect>
			<auto>F</auto>
			<hidden>F</hidden>
			<virtual>F</virtual>
			<category>Special Ability</category>
			<source>Paizo Inc. - </source>
		</special_quality>
		<special_quality>
			<name>Dragon Senses (Ex)</name>
			<description>Dragons have darkvision 120 ft. and blindsense 60 ft. They see four times as well as a human in dim light and twice as well in normal light.</description>
			<type>SPECIALQUALITY.EXTRAORDINARY</type>
			<associated></associated>
			<count>0</count>
			<aspect></aspect>
			<auto>F</auto>
			<hidden>F</hidden>
			<virtual>F</virtual>
			<category>Special Ability</category>
			<source>Paizo Inc. - </source>
		</special_quality>
		<special_quality>
			<name>Fast Flight (Ex)</name>
			<description>A young or older gold dragon is treated as one size category larger when determining his fly speed.</description>
			<type>SPECIALQUALITY.EXTRAORDINARY.MODIFYMOVEMENT</type>
			<associated></associated>
			<count>0</count>
			<aspect></aspect>
			<auto>F</auto>
			<hidden>F</hidden>
			<virtual>F</virtual>
			<category>Special Ability</category>
			<source>Paizo Inc. - Bestiary, p.108</source>
		</special_quality>
		<special_quality>
			<name>Fire Aura (Su)</name>
			<description>An old or older gold dragon is surrounded by an aura of fire. All creatures within 10 feet of the dragon take 2d6 points of fire damage at the beginning of the dragon&#39;s turn. The dragon can activate or suppress this aura as a free action.</description>
			<type>SPECIALQUALITY.SUPERNATURAL.AURA</type>
			<associated></associated>
			<count>0</count>
			<aspect>Ability Benefit: (10 ft., 2d6 fire damage)</aspect>
			<auto>F</auto>
			<hidden>F</hidden>
			<virtual>F</virtual>
			<category>Special Ability</category>
			<source>Paizo Inc. - Bestiary, p.108</source>
		</special_quality>
		<special_quality>
			<name>Frightful Presence (Ex)</name>
			<description>A dragon&#39;s frightful presence has a range equal to 30 feet x the dragon&#39;s age category [360&#39;], but otherwise functions as detailed on page 300.</description>
			<type>RACEABILITY.SPECIALQUALITY.EXTRAORDINARY</type>
			<associated></associated>
			<count>0</count>
			<aspect></aspect>
			<auto>F</auto>
			<hidden>F</hidden>
			<virtual>F</virtual>
			<category>Special Ability</category>
			<source>Paizo Inc. - </source>
		</special_quality>
		<special_quality>
			<name>Immunities (Ex)</name>
			<description>Every dragon is immune to sleep and paralysis. In addition, a dragon is immune to one or two additional forms of attack no matter what its age, as given in its description.</description>
			<type>RACEABILITY.SPECIALQUALITY.EXTRAORDINARY</type>
			<associated></associated>
			<count>0</count>
			<aspect></aspect>
			<auto>F</auto>
			<hidden>F</hidden>
			<virtual>F</virtual>
			<category>Special Ability</category>
			<source>Paizo Inc. - </source>
		</special_quality>
		<special_quality>
			<name>Immunity to Fire (Ex)</name>
			<description>You never take fire damage.</description>
			<type>SPECIALQUALITY.EXTRAORDINARY.IMMUNITY</type>
			<associated></associated>
			<count>0</count>
			<aspect>Immunity: Fire</aspect>
			<auto>F</auto>
			<hidden>F</hidden>
			<virtual>F</virtual>
			<category>Special Ability</category>
			<source>Paizo Inc. - Bestiary, p.301</source>
		</special_quality>
		<special_quality>
			<name>Immunity to Magical Sleep (Ex)</name>
			<description>You are never subject to magic sleep effects.</description>
			<type>SPECIALQUALITY.EXTRAORDINARY.IMMUNITY</type>
			<associated></associated>
			<count>0</count>
			<aspect>Immunity: Magical Sleep</aspect>
			<auto>F</auto>
			<hidden>F</hidden>
			<virtual>F</virtual>
			<category>Special Ability</category>
			<source>Paizo Inc. - Bestiary, p.301</source>
		</special_quality>
		<special_quality>
			<name>Immunity to Paralysis (Ex)</name>
			<description>You can never be paralyzed.</description>
			<type>SPECIALQUALITY.EXTRAORDINARY.IMMUNITY</type>
			<associated></associated>
			<count>0</count>
			<aspect>Immunity: Paralysis</aspect>
			<auto>F</auto>
			<hidden>F</hidden>
			<virtual>F</virtual>
			<category>Special Ability</category>
			<source>Paizo Inc. - Bestiary, p.301</source>
		</special_quality>
		<special_quality>
			<name>Low-Light Vision (Ex)</name>
			<description>You can see x4 as far as humans in low illumination. Characters with low-light vision have eyes that are so sensitive to light that they can see twice as far as normal in dim light. Low-Light Vision is color vision. A spellcaster with low-light vision can read a scroll as long as even the tiniest candle flame is next to her as a source of light. Characters with low-light vision can see outdoors on a moonlit night as well as they can during the day.</description>
			<type>SPECIALQUALITY.EXTRAORDINARY.VISION</type>
			<associated></associated>
			<count>0</count>
			<aspect>Vision: Low-Light Vision</aspect>
			<auto>F</auto>
			<hidden>F</hidden>
			<virtual>F</virtual>
			<category>Special Ability</category>
			<source>Paizo Inc. - </source>
		</special_quality>
		<special_quality>
			<name>Luck (Sp)</name>
			<description>Once per day an adult or older gold dragon can touch a gem, usually one embedded in the dragon&#39;s hide, and enspell it to bring good luck. As long as the dragon carries the gem, it and every good creature within a given radius of it (120 ft.) receives a +1 luck bonus on all saving throws. If the dragon gives an enspelled gem to another creature, only that bearer gets the bonus. The effect lasts 1d3+12 hours. This ability is the equivalent of a 2nd-level spell.</description>
			<type>SPECIALQUALITY.SPELLLIKE.AURA</type>
			<associated></associated>
			<count>0</count>
			<aspect></aspect>
			<auto>F</auto>
			<hidden>F</hidden>
			<virtual>F</virtual>
			<category>Special Ability</category>
			<source>Paizo Inc. - Bestiary, p.108</source>
		</special_quality>
		<special_quality>
			<name>Spell-Like Abilities</name>
			<description>A dragon&#39;s caster level for its spelllike abilities is equal to its total Hit Dice.</description>
			<type>RACEABILITY.SPECIALQUALITY</type>
			<associated></associated>
			<count>0</count>
			<aspect></aspect>
			<auto>F</auto>
			<hidden>F</hidden>
			<virtual>F</virtual>
			<category>Special Ability</category>
			<source>Paizo Inc. - </source>
		</special_quality>
		<special_quality>
			<name>Spell Resistance (Ex)</name>
			<description>As dragons grow older, they become more resistant to spells and spell-like abilities, as indicated in the dragon descriptions. A dragon&#39;s SR is equal to 11 + its CR.</description>
			<type>RACEABILITY.SPECIALQUALITY.EXTRAORDINARY</type>
			<associated></associated>
			<count>0</count>
			<aspect></aspect>
			<auto>F</auto>
			<hidden>F</hidden>
			<virtual>F</virtual>
			<category>Special Ability</category>
			<source>Paizo Inc. - </source>
		</special_quality>
		<special_quality>
			<name>Spells</name>
			<description>A dragon knows and casts arcane spells as a sorcerer of the level indicated in its specific description. Its caster level depends on its age, as shown for each type.</description>
			<type>RACEABILITY.SPECIALQUALITY</type>
			<associated></associated>
			<count>0</count>
			<aspect></aspect>
			<auto>F</auto>
			<hidden>F</hidden>
			<virtual>F</virtual>
			<category>Special Ability</category>
			<source>Paizo Inc. - </source>
		</special_quality>
		<special_quality>
			<name>Tail Slap</name>
			<description>The dragon can slap one foe each round with its tail. A tail slap is a secondary attack that deals the indicated damage plus 1-1/2 times the dragon&#39;s Strength bonus (this is an exception to the normal secondary attack rules).</description>
			<type>RACEABILITY.SPECIALQUALITY</type>
			<associated></associated>
			<count>0</count>
			<aspect></aspect>
			<auto>F</auto>
			<hidden>F</hidden>
			<virtual>F</virtual>
			<category>Special Ability</category>
			<source>Paizo Inc. - </source>
		</special_quality>
		<special_quality>
			<name>Vulnerability to Cold (Ex)</name>
			<description>You take half again as much (+50%) damage as normal from Cold, regardless of whether a saving throw is allowed, or if the save is a success or failure</description>
			<type>SPECIALQUALITY.EXTRAORDINARY.WEAKNESS.VULNERABILITYENERGY</type>
			<associated></associated>
			<count>0</count>
			<aspect></aspect>
			<auto>F</auto>
			<hidden>F</hidden>
			<virtual>F</virtual>
			<category>Special Ability</category>
			<source>Paizo Inc. - Bestiary, p.305</source>
		</special_quality>
		<special_quality>
			<name>Wing</name>
			<description>The dragon can slam foes with its wings, even when flying. Wing attacks are secondary attacks that deal the indicated damage plus 1/2 the dragon&#39;s Strength bonus.</description>
			<type>RACEABILITY.SPECIALQUALITY</type>
			<associated></associated>
			<count>0</count>
			<aspect></aspect>
			<auto>F</auto>
			<hidden>F</hidden>
			<virtual>F</virtual>
			<category>Special Ability</category>
			<source>Paizo Inc. - </source>
		</special_quality>
	</special_qualities>
	<!--
	  ====================================
	  ====================================
			SPECIAL ATTACKS
	  ====================================
	  ====================================-->
	<special_attacks>
		<!-- Visible All "Special Ability" Ability Objects -->
		<special_attack>
			<name>Breath Weapon (Su)</name>
			<description>70&#39; Cone of Fire 24d10 Fire, DC 34, usable every 1d4 rounds. Breath weapons allow a Reflex save for half damage. You are immune to your own breath weapon.</description>
			<type>SPECIALATTACK.SUPERNATURAL.BREATHWEAPON</type>
			<associated></associated>
			<count>0</count>
			<aspect>Ability Benefit: (70&#39; Cone of Fire 24d10 Fire, DC 34)</aspect>
			<auto>F</auto>
			<hidden>F</hidden>
			<virtual>F</virtual>
			<category>Special Ability</category>
			<source>Paizo Inc. - Bestiary, p.298</source>
		</special_attack>
		<special_attack>
			<name>Breath Weapon (Su)</name>
			<description>70&#39; Cone of Weakening Gas, DC 34 or -12 STR, usable every 1d4 rounds. Breath weapons allow a Reflex save for half damage. You are immune to your own breath weapon.</description>
			<type>SPECIALATTACK.SUPERNATURAL.BREATHWEAPON</type>
			<associated></associated>
			<count>0</count>
			<aspect>Ability Benefit: (70&#39; Cone of Weakening Gas, DC 34 or -12 STR)</aspect>
			<auto>F</auto>
			<hidden>F</hidden>
			<virtual>F</virtual>
			<category>Special Ability</category>
			<source>Paizo Inc. - Bestiary, p.298</source>
		</special_attack>
		<special_attack>
			<name>Crush (Ex)</name>
			<description>A flying or jumping Huge or larger dragon can land on foes as a standard action, using its whole body to crush them. Crush attacks are effective only against opponents three or more size categories smaller than the dragon. A crush attack affects as many creatures as fit in the dragon&#39;s space. Creatures in the affected area must succeed on a Reflex save (DC 34) or be pinned, automatically taking bludgeoning damage during the next round unless the dragon moves off them. If the dragon chooses to maintain the pin, it must succeed at a combat maneuver check as normal. Pinned foes take damage from the crush each round if they don&#39;t escape. A crush attack deals 4d8+24.</description>
			<type>RACEABILITY.SPECIALATTACK.EXTRAORDINARY</type>
			<associated></associated>
			<count>0</count>
			<aspect>Ability Benefit: (4d8+24, DC 34)</aspect>
			<auto>F</auto>
			<hidden>F</hidden>
			<virtual>F</virtual>
			<category>Special Ability</category>
			<source>Paizo Inc. - , p.90</source>
		</special_attack>
		<special_attack>
			<name>Tail Sweep (Ex)</name>
			<description>This allows a Gargantuan or larger dragon to sweep with its tail as a standard action. The sweep affects a half-circle with a radius of 30 feet (or 40 feet for a Colossal dragon), extending from an intersection on the edge of the dragon&#39;s space in any direction. Creatures within the swept area are affected if they are four or more size categories smaller than the dragon. A tail sweep automatically deals 2d8+24. Affected creatures can attempt Reflex saves to take half damage (DC 34).</description>
			<type>RACEABILITY.SPECIALATTACK.EXTRAORDINARY</type>
			<associated></associated>
			<count>0</count>
			<aspect>Ability Benefit: (2d8+24, DC 34)</aspect>
			<auto>F</auto>
			<hidden>F</hidden>
			<virtual>F</virtual>
			<category>Special Ability</category>
			<source>Paizo Inc. - , p.92</source>
		</special_attack>
	</special_attacks>

		<!--
	  ====================================
	  ====================================
			Resistance Table
	  ====================================
	  ====================================-->
		<resistances>
		</resistances>

		<!--
	  ====================================
	  ====================================
			Racial Traits
	  ====================================
	  ====================================-->

	<racial_traits>
	</racial_traits>

		<!--
	  ====================================
	  ====================================
			Animal Trick
	  ====================================
	  ====================================-->
	<animal_tricks>
	</animal_tricks>

	<!--
	  ====================================
	  ====================================
			TALENTS
	  ====================================
	  ====================================-->
	<talents>
	</talents>

	<!--
	  ====================================
	  ====================================
			Intelligent Item
	  ====================================
	  ====================================-->
	<intelligent_items>
	</intelligent_items>

	<!--
	  ====================================
	  ====================================
			Words of Power
	  ====================================
	  ====================================-->
	<words_of_powers>
	</words_of_powers>

	<!--
	  ====================================
	  ====================================
			SALIENT DIVINE ABILITIES
	  ====================================
	  ====================================-->
	<salient_divine_abilities>
	</salient_divine_abilities>
	<!--
	  ====================================
	  ====================================
			Occupations
	  ====================================
	  ====================================-->
	<occupations>
	</occupations>


	<!-- Eclipse Section -->
		<!--
	  ====================================
	  ====================================
			Eclipse Recurring Bonuses
	  ====================================
	  ====================================-->
	<charcreations>
	</charcreations>
		<!--
	  ====================================
	  ====================================
			DISADVANTAGES
	  ====================================
	  ====================================-->
	<disadvantages>
	</disadvantages>
	<!--
	  ====================================
	  ====================================
			Eclipse Abilities
	  ====================================
	  ====================================-->
	<eclipse_abilities>
	</eclipse_abilities>
	<!--
	  ====================================
	  ====================================
			Spell Caster Output
	  ====================================
	  ====================================-->
	<spellcasteroutputs>
	</spellcasteroutputs>
	<!--
	  ====================================
	  ====================================
			Martial Arts
	  ====================================
	  ====================================-->
	<martial_arts>
	</martial_arts>
	<!--
	  ====================================
	  ====================================
			Mystic Artist
	  ====================================
	  ====================================-->
	<mystic_artists>
	</mystic_artists>
	<!--
	  ====================================
	  ====================================
			Witchcraft Abilities
	  ====================================
	  ====================================-->
	<witchcrafts>
	</witchcrafts>
	<!--
	  ====================================
	  ====================================
			The Path of the Dragon
	  ====================================
	  ====================================-->
	<path_dragons>
	</path_dragons>
		<!--
	  ====================================
	  ====================================
			Dominion and Advanced Dominion
	  ====================================
	  ====================================-->
	<dominions>
	</dominions>
	<!--
	  ====================================
	  ====================================
			Channeling
	  ====================================
	  ====================================-->
	<channelings>
	</channelings>
	<!-- END ECLIPSE SECION -->

	<!--
	  ====================================
	  ====================================
			POWERS - CLASSFEATURES
	  ====================================
	  ====================================-->
	<powers_classfeatures>
	</powers_classfeatures>

		<!--
	  ====================================
	  ====================================
			POWERS - CLASSFEATURES
	  ====================================
	  ====================================-->
	<powers_classfeatures>
	</powers_classfeatures><!--
	  ====================================
	  ====================================
			POWERS - FEATPOWERS
	  ====================================
	  ====================================-->
	<powers_featpowers>
	</powers_featpowers>

	<!--
	  ====================================
	  ====================================
			4e Powers - At-Will
	  ====================================
	  ====================================-->
	<powers_atwills>
	</powers_atwills>

	<!--
	  ====================================
	  ====================================
			4e Powers - At-Will
	  ====================================
	  ====================================-->
	<powers_atwills>
	</powers_atwills>

	<!--
	  ====================================
	  ====================================
			4e Powers - Encounter
	  ====================================
	  ====================================-->

	<powers_encounters>
	</powers_encounters>
	<!--
	  ====================================
	  ====================================
			4e Powers - Daily
	  ====================================
	  ====================================-->
	<powers_dailies>
	</powers_dailies>
	<!--
	  ====================================
	  ====================================
			4e Powers - Utility
	  ====================================
	  ====================================-->

	<powers_utilities>
	</powers_utilities>

	<!--
	  ====================================
	  ====================================
			Demon Cant
	  ====================================
	  ====================================-->
	<demon_cants>
	</demon_cants>
	<!--
	  ====================================
	  ====================================
			Mage Gnosis
	  ====================================
	  ====================================-->
	<mage_gnosises>
	</mage_gnosises>
	<!--
	  ====================================
	  ====================================
			Vampire Disciplines
	  ====================================
	  ====================================-->
	<vampire_disciplines>
	</vampire_disciplines>
	<!--
	  ====================================
	  ====================================
			Werewolf Rites
	  ====================================
	  ====================================-->
	<werewolf_rites>
	</werewolf_rites>

	<!--
	  ====================================
	  ====================================
			Force Powers
	  ====================================
	  ====================================-->
	<force_powers>
	</force_powers>
	<!--
	  ====================================
	  ====================================
			Force Techniques
	  ====================================
	  ====================================-->
	<force_techniques>
	</force_techniques>
	<!--
	  ====================================
	  ====================================
			Force Secrets
	  ====================================
	  ====================================-->
	<force_secrets>
	</force_secrets>

	<!--
	====================================
	====================================
			MUTATIONS
	====================================
	====================================	-->
	<mutations>
	</mutations>




	<!--
	  ====================================
	  ====================================
			TRAITS
	  ====================================
	  ====================================-->
	<traits>
	</traits>

	<!--
	  ====================================
	  ====================================
			Afflictions
	  ====================================
	  ====================================-->
	<afflictions>
	</afflictions>

	<!--
	  ====================================
	  ====================================
			PFS Chronicles
	  ====================================
	  ====================================-->
	<pfs_chronicles>
	</pfs_chronicles>
	<!--
	  ====================================
	  ====================================
			PFS Boons
	  ====================================
	  ====================================-->
	<pfs_boons>
	</pfs_boons>
	<!--
	====================================
	  ====================================
			Temporary Bonus
	  ====================================
	  ====================================-->
	<tempbonuses>
	</tempbonuses>

	<!--
	  ====================================
	  ====================================
			MISCELLANEOUS
	  ====================================
	  ====================================-->


	<!-- Domains -->
	<weapon_proficiencies>Bite, Claws, Tail Slap, Wing</weapon_proficiencies>
	<languages>Draconic</languages>
	<templates>
		<list>Base Dragon HD (8), Dragon (Colossal), Dragon Attacks HD (8), Dragon Size HD (8)</list>
		<template>
			<name>Base Dragon HD (8)</name>
			<strmod>0</strmod>
			<dexmod>0</dexmod>
			<conmod>0</conmod>
			<intmod>0</intmod>
			<wismod>0</wismod>
			<chamod>0</chamod>
			<cr>0</cr>
			<dr>20/Magic</dr>
			<feat></feat>
			<sa></sa>
			<sr>0</sr>
			<bonuslist></bonuslist>
		</template>
		<template>
			<name>Dragon (Colossal)</name>
			<strmod>0</strmod>
			<dexmod>0</dexmod>
			<conmod>0</conmod>
			<intmod>0</intmod>
			<wismod>0</wismod>
			<chamod>0</chamod>
			<cr>0</cr>
			<dr>20/Magic</dr>
			<feat></feat>
			<sa></sa>
			<sr>0</sr>
			<bonuslist></bonuslist>
		</template>
		<template>
			<name>Dragon Attacks HD (8)</name>
			<strmod>0</strmod>
			<dexmod>0</dexmod>
			<conmod>0</conmod>
			<intmod>0</intmod>
			<wismod>0</wismod>
			<chamod>0</chamod>
			<cr>0</cr>
			<dr>20/Magic</dr>
			<feat></feat>
			<sa></sa>
			<sr>0</sr>
			<bonuslist></bonuslist>
		</template>
		<template>
			<name>Dragon Size HD (8)</name>
			<strmod>0</strmod>
			<dexmod>0</dexmod>
			<conmod>0</conmod>
			<intmod>0</intmod>
			<wismod>0</wismod>
			<chamod>0</chamod>
			<cr>0</cr>
			<dr>20/Magic</dr>
			<feat></feat>
			<sa></sa>
			<sr>0</sr>
			<bonuslist></bonuslist>
		</template>
	</templates>


	<misc>
			<gold>0</gold>

		<funds>
			<fund></fund>
		</funds>
		<companions>
			<companion></companion>
		</companions>
<!--	This doesn't work - AM
		-->
		<magics>
			<magic></magic>
		</magics>
	</misc>
	<!--
	  ====================================
	  ====================================
			COMPANIONS
	  ====================================
	  ====================================-->
	<companions>


	</companions>
	<!--
	  ====================================
	  ====================================
			SPELLS
	  ====================================
	  ====================================-->
	<spells>
		<!-- ### BEGIN Innate spells ### -->
	<spells_innate>
		<racial_innate>
			<spell>
					<name>Bless</name>
					<outputname>Bless</outputname>
					<times_memorized>At Will</times_memorized>
					<range>50 ft.</range>
					<components>V, S, DF</components>
					<castingtime>1 standard action</castingtime>
					<casterlevel>30</casterlevel>
					<concentration>+30</concentration>
					<times_unit>Day</times_unit>
					<dc></dc>
					<duration>30 minutes</duration>
					<effect>Bless fills your allies with courage.</effect>
					<target>The caster and all allies within a 50-ft. burst, centered on the caster</target>
					<saveinfo>None</saveinfo>
					<school>
						<school>Enchantment</school>
						<subschool>Compulsion</subschool>
						<descriptor>Mind-Affecting</descriptor>
						<fullschool>Enchantment (Compulsion) [Mind-Affecting]</fullschool>
					</school>
					<source>
						<source>Paizo Inc. - Core Rulebook, p.249</source>
						<sourcelevel>Clr1</sourcelevel>
						<sourcelink>http://paizo.com/pathfinderRPG/prd/spells/bless.html#_bless</sourcelink>
						<sourcepage>p.249</sourcepage>
						<sourceshort>CR</sourceshort>
					</source>
					<spell_resistance>Yes (harmless)</spell_resistance>
					<description>Bless fills your allies with courage.</description>
					<bonusspell></bonusspell>
			</spell>
			<spell>
					<name>Daylight</name>
					<outputname>Daylight</outputname>
					<times_memorized>At Will</times_memorized>
					<range>Touch</range>
					<components>V, S</components>
					<castingtime>1 standard action</castingtime>
					<casterlevel>30</casterlevel>
					<concentration>+30</concentration>
					<times_unit>Day</times_unit>
					<dc></dc>
					<duration>300 minutes [D]</duration>
					<effect>You touch an object when you cast this spell, causing the object to shed bright light in a 60-foot radius.</effect>
					<target>Object touched</target>
					<saveinfo>None</saveinfo>
					<school>
						<school>Evocation</school>
						<subschool></subschool>
						<descriptor>Light</descriptor>
						<fullschool>Evocation [Light]</fullschool>
					</school>
					<source>
						<source>Paizo Inc. - Core Rulebook, p.264</source>
						<sourcelevel>Clr3, Sor3</sourcelevel>
						<sourcelink>http://paizo.com/pathfinderRPG/prd/spells/daylight.html#_daylight</sourcelink>
						<sourcepage>p.264</sourcepage>
						<sourceshort>CR</sourceshort>
					</source>
					<spell_resistance>No</spell_resistance>
					<description>You touch an object when you cast this spell, causing the object to shed bright light in a 60-foot radius.</description>
					<bonusspell></bonusspell>
			</spell>
			<spell>
					<name>Detect Evil</name>
					<outputname>Detect Evil</outputname>
					<times_memorized>At Will</times_memorized>
					<range>60 ft.</range>
					<components>V, S, DF</components>
					<castingtime>1 standard action</castingtime>
					<casterlevel>30</casterlevel>
					<concentration>+30</concentration>
					<times_unit>Day</times_unit>
					<dc></dc>
					<duration>Concentration, up to 300 minutes [D]</duration>
					<effect>You can sense the presence of evil.</effect>
					<target>Cone-shaped emanation</target>
					<saveinfo>None</saveinfo>
					<school>
						<school>Divination</school>
						<subschool></subschool>
						<descriptor></descriptor>
						<fullschool>Divination</fullschool>
					</school>
					<source>
						<source>Paizo Inc. - Core Rulebook, p.266</source>
						<sourcelevel>Clr1</sourcelevel>
						<sourcelink>http://paizo.com/pathfinderRPG/prd/spells/detectEvil.html#_detect-evil</sourcelink>
						<sourcepage>p.266</sourcepage>
						<sourceshort>CR</sourceshort>
					</source>
					<spell_resistance>No</spell_resistance>
					<description>You can sense the presence of evil.</description>
					<bonusspell></bonusspell>
			</spell>
			<spell>
					<name>Foresight</name>
					<outputname>Foresight</outputname>
					<times_memorized>At Will</times_memorized>
					<range>Personal or touch</range>
					<components>V, S, M/DF</components>
					<castingtime>1 standard action</castingtime>
					<casterlevel>30</casterlevel>
					<concentration>+30</concentration>
					<times_unit>Day</times_unit>
					<dc>27</dc>
					<duration>300 minutes</duration>
					<effect>This spell grants you a powerful sixth sense in relation to yourself or another.</effect>
					<target>See text</target>
					<saveinfo>None or Will negates (harmless)</saveinfo>
					<school>
						<school>Divination</school>
						<subschool></subschool>
						<descriptor></descriptor>
						<fullschool>Divination</fullschool>
					</school>
					<source>
						<source>Paizo Inc. - Core Rulebook, p.285</source>
						<sourcelevel>Sor9</sourcelevel>
						<sourcelink>http://paizo.com/pathfinderRPG/prd/spells/foresight.html#_foresight</sourcelink>
						<sourcepage>p.285</sourcepage>
						<sourceshort>CR</sourceshort>
					</source>
					<spell_resistance>No or yes (harmless)</spell_resistance>
					<description>This spell grants you a powerful sixth sense in relation to yourself or another.</description>
					<bonusspell></bonusspell>
			</spell>
			<spell>
					<name>Geas/Quest</name>
					<outputname>Geas/Quest</outputname>
					<times_memorized>At Will</times_memorized>
					<range>Close (100 ft.)</range>
					<components>V</components>
					<castingtime>10 minutes</castingtime>
					<casterlevel>30</casterlevel>
					<concentration>+30</concentration>
					<times_unit>Day</times_unit>
					<dc></dc>
					<duration>30 days or until discharged [D]</duration>
					<effect>This spell functions similarly to lesser geas, except that it affects a creature of any HD and allows no saving throw.</effect>
					<target>One living creature</target>
					<saveinfo>None</saveinfo>
					<school>
						<school>Enchantment</school>
						<subschool>Compulsion</subschool>
						<descriptor>Language-Dependent, Mind-Affecting</descriptor>
						<fullschool>Enchantment (Compulsion) [Language-Dependent, Mind-Affecting]</fullschool>
					</school>
					<source>
						<source>Paizo Inc. - Core Rulebook, p.288</source>
						<sourcelevel>Clr6, Sor6</sourcelevel>
						<sourcelink>http://paizo.com/pathfinderRPG/prd/spells/geasQuest.html#_geas-quest</sourcelink>
						<sourcepage>p.288</sourcepage>
						<sourceshort>CR</sourceshort>
					</source>
					<spell_resistance>Yes</spell_resistance>
					<description>This spell functions similarly to lesser geas, except that it affects a creature of any HD and allows no saving throw.</description>
					<bonusspell></bonusspell>
			</spell>
			<spell>
					<name>Sunburst</name>
					<outputname>Sunburst</outputname>
					<times_memorized>At Will</times_memorized>
					<range>Long (1600 ft.)</range>
					<components>V, S, M/DF</components>
					<castingtime>1 standard action</castingtime>
					<casterlevel>30</casterlevel>
					<concentration>+30</concentration>
					<times_unit>Day</times_unit>
					<dc>26</dc>
					<duration>Instantaneous</duration>
					<effect>Sunburst causes a globe of searing radiance to explode silently from a point you select.</effect>
					<target>80-ft.-radius burst</target>
					<saveinfo>Reflex partial; see text</saveinfo>
					<school>
						<school>Evocation</school>
						<subschool></subschool>
						<descriptor>Light</descriptor>
						<fullschool>Evocation [Light]</fullschool>
					</school>
					<source>
						<source>Paizo Inc. - Core Rulebook, p.355</source>
						<sourcelevel>Sor8</sourcelevel>
						<sourcelink>http://paizo.com/pathfinderRPG/prd/spells/sunburst.html#_sunburst</sourcelink>
						<sourcepage>p.355</sourcepage>
						<sourceshort>CR</sourceshort>
					</source>
					<spell_resistance>Yes</spell_resistance>
					<description>Sunburst causes a globe of searing radiance to explode silently from a point you select.</description>
					<bonusspell></bonusspell>
			</spell>
		</racial_innate>

		<class_innate>
		</class_innate>
		</spells_innate>
		<!-- ### END Innate spells ### -->
		<!-- ### BEGIN Known spells ### -->
		<known_spells>
		<class number="1" spelllistclass="Sorcerer/Cleric (Arcane)" spellcasterlevel="19" spellcastertype="Arcane" memorize="false" concentration="+27">
			<level number="0" known="9" cast="6">
				<spell>
						<name>Acid Splash</name>
						<outputname>Acid Splash</outputname>
						<times_memorized>1</times_memorized>
						<range>Close (70 ft.)</range>
						<components>V, S</components>
						<castingtime>1 standard action</castingtime>
						<casterlevel>19</casterlevel>
						<concentration>+27</concentration>
						<dc></dc>
						<duration>Instantaneous</duration>
						<effect>You fire a small orb of acid at the target dealing 1d3 points of acid damage.</effect>
						<target>One missile of acid</target>
						<saveinfo>None</saveinfo>
						<school>
							<school>Conjuration</school>
							<subschool>Creation</subschool>
							<descriptor>Acid</descriptor>
							<fullschool>Conjuration (Creation) [Acid]</fullschool>
						</school>
						<source>
							<source>Paizo Inc. - Core Rulebook, p.239</source>
							<sourcelevel>Sor0</sourcelevel>
							<sourcelink>http://paizo.com/pathfinderRPG/prd/spells/acidSplash.html#_acid-splash</sourcelink>
							<sourcepage>p.239</sourcepage>
							<sourceshort>CR</sourceshort>
						</source>
						<spell_resistance>No</spell_resistance>
						<description>You fire a small orb of acid at the target dealing 1d3 points of acid damage.</description>
						<bonusspell></bonusspell>
				</spell>
				<spell>
						<name>Create Water</name>
						<outputname>Create Water</outputname>
						<times_memorized>1</times_memorized>
						<range>Close (70 ft.)</range>
						<components>V, S</components>
						<castingtime>1 standard action</castingtime>
						<casterlevel>19</casterlevel>
						<concentration>+27</concentration>
						<dc></dc>
						<duration>Instantaneous</duration>
						<effect>This spell generates wholesome, drinkable water, just like clean rain water.</effect>
						<target>Up to 38 gallons of water</target>
						<saveinfo>None</saveinfo>
						<school>
							<school>Conjuration</school>
							<subschool>Creation</subschool>
							<descriptor>Water</descriptor>
							<fullschool>Conjuration (Creation) [Water]</fullschool>
						</school>
						<source>
							<source>Paizo Inc. - Core Rulebook, p.262</source>
							<sourcelevel>Clr0</sourcelevel>
							<sourcelink>http://paizo.com/pathfinderRPG/prd/spells/createWater.html#_create-water</sourcelink>
							<sourcepage>p.262</sourcepage>
							<sourceshort>CR</sourceshort>
						</source>
						<spell_resistance>No</spell_resistance>
						<description>This spell generates wholesome, drinkable water, just like clean rain water.</description>
						<bonusspell></bonusspell>
				</spell>
				<spell>
						<name>Detect Magic</name>
						<outputname>Detect Magic</outputname>
						<times_memorized>1</times_memorized>
						<range>60 ft.</range>
						<components>V, S</components>
						<castingtime>1 standard action</castingtime>
						<casterlevel>19</casterlevel>
						<concentration>+27</concentration>
						<dc></dc>
						<duration>Concentration, up to 19 minutes [D]</duration>
						<effect>You detect magical auras.</effect>
						<target>Cone-shaped emanation</target>
						<saveinfo>None</saveinfo>
						<school>
							<school>Divination</school>
							<subschool></subschool>
							<descriptor></descriptor>
							<fullschool>Divination</fullschool>
						</school>
						<source>
							<source>Paizo Inc. - Core Rulebook, p.267</source>
							<sourcelevel>Clr0, Sor0</sourcelevel>
							<sourcelink>http://paizo.com/pathfinderRPG/prd/spells/detectMagic.html#_detect-magic</sourcelink>
							<sourcepage>p.267</sourcepage>
							<sourceshort>CR</sourceshort>
						</source>
						<spell_resistance>No</spell_resistance>
						<description>You detect magical auras.</description>
						<bonusspell></bonusspell>
				</spell>
				<spell>
						<name>Detect Poison</name>
						<outputname>Detect Poison</outputname>
						<times_memorized>1</times_memorized>
						<range>Close (70 ft.)</range>
						<components>V, S</components>
						<castingtime>1 standard action</castingtime>
						<casterlevel>19</casterlevel>
						<concentration>+27</concentration>
						<dc></dc>
						<duration>Instantaneous</duration>
						<effect>You determine whether a creature, object, or area has been poisoned or is poisonous.</effect>
						<target>Or Area one creature, one object, or a 5-ft. cube</target>
						<saveinfo>None</saveinfo>
						<school>
							<school>Divination</school>
							<subschool></subschool>
							<descriptor></descriptor>
							<fullschool>Divination</fullschool>
						</school>
						<source>
							<source>Paizo Inc. - Core Rulebook, p.268</source>
							<sourcelevel>Clr0, Sor0</sourcelevel>
							<sourcelink>http://paizo.com/pathfinderRPG/prd/spells/detectPoison.html#_detect-poison</sourcelink>
							<sourcepage>p.268</sourcepage>
							<sourceshort>CR</sourceshort>
						</source>
						<spell_resistance>No</spell_resistance>
						<description>You determine whether a creature, object, or area has been poisoned or is poisonous.</description>
						<bonusspell></bonusspell>
				</spell>
				<spell>
						<name>Flare</name>
						<outputname>Flare</outputname>
						<times_memorized>1</times_memorized>
						<range>Close (70 ft.)</range>
						<components>V</components>
						<castingtime>1 standard action</castingtime>
						<casterlevel>19</casterlevel>
						<concentration>+27</concentration>
						<dc>18</dc>
						<duration>Instantaneous</duration>
						<effect>This cantrip creates a burst of light.</effect>
						<target>Burst of light</target>
						<saveinfo>Fortitude negates</saveinfo>
						<school>
							<school>Evocation</school>
							<subschool></subschool>
							<descriptor>Light</descriptor>
							<fullschool>Evocation [Light]</fullschool>
						</school>
						<source>
							<source>Paizo Inc. - Core Rulebook, p.284</source>
							<sourcelevel>Sor0</sourcelevel>
							<sourcelink>http://paizo.com/pathfinderRPG/prd/spells/flare.html#_flare</sourcelink>
							<sourcepage>p.284</sourcepage>
							<sourceshort>CR</sourceshort>
						</source>
						<spell_resistance>Yes</spell_resistance>
						<description>This cantrip creates a burst of light.</description>
						<bonusspell></bonusspell>
				</spell>
				<spell>
						<name>Ghost Sound</name>
						<outputname>Ghost Sound</outputname>
						<times_memorized>1</times_memorized>
						<range>Close (70 ft.)</range>
						<components>V, S, M</components>
						<castingtime>1 standard action</castingtime>
						<casterlevel>19</casterlevel>
						<concentration>+27</concentration>
						<dc>18</dc>
						<duration>19 rounds [D]</duration>
						<effect>Ghost sound allows you to create a volume of sound that rises, recedes, approaches, or remains at a fixed place.</effect>
						<target>Illusory sounds</target>
						<saveinfo>Will disbelief</saveinfo>
						<school>
							<school>Illusion</school>
							<subschool>Figment</subschool>
							<descriptor></descriptor>
							<fullschool>Illusion (Figment)</fullschool>
						</school>
						<source>
							<source>Paizo Inc. - Core Rulebook, p.289</source>
							<sourcelevel>Sor0</sourcelevel>
							<sourcelink>http://paizo.com/pathfinderRPG/prd/spells/ghostSound.html#_ghost-sound</sourcelink>
							<sourcepage>p.289</sourcepage>
							<sourceshort>CR</sourceshort>
						</source>
						<spell_resistance>No</spell_resistance>
						<description>Ghost sound allows you to create a volume of sound that rises, recedes, approaches, or remains at a fixed place.</description>
						<bonusspell></bonusspell>
				</spell>
				<spell>
						<name>Mage Hand</name>
						<outputname>Mage Hand</outputname>
						<times_memorized>1</times_memorized>
						<range>Close (70 ft.)</range>
						<components>V, S</components>
						<castingtime>1 standard action</castingtime>
						<casterlevel>19</casterlevel>
						<concentration>+27</concentration>
						<dc></dc>
						<duration>Concentration</duration>
						<effect>You point your finger at an object and can lift it and move it at will from a distance.</effect>
						<target>One nonmagical, unattended object weighing up to 5 lbs.</target>
						<saveinfo>None</saveinfo>
						<school>
							<school>Transmutation</school>
							<subschool></subschool>
							<descriptor></descriptor>
							<fullschool>Transmutation</fullschool>
						</school>
						<source>
							<source>Paizo Inc. - Core Rulebook, p.306</source>
							<sourcelevel>Sor0</sourcelevel>
							<sourcelink>http://paizo.com/pathfinderRPG/prd/spells/mageHand.html#_mage-hand</sourcelink>
							<sourcepage>p.306</sourcepage>
							<sourceshort>CR</sourceshort>
						</source>
						<spell_resistance>No</spell_resistance>
						<description>You point your finger at an object and can lift it and move it at will from a distance.</description>
						<bonusspell></bonusspell>
				</spell>
				<spell>
						<name>Mending</name>
						<outputname>Mending</outputname>
						<times_memorized>1</times_memorized>
						<range>10 ft.</range>
						<components>V, S</components>
						<castingtime>10 minutes</castingtime>
						<casterlevel>19</casterlevel>
						<concentration>+27</concentration>
						<dc>18</dc>
						<duration>Instantaneous</duration>
						<effect>This spell repairs damaged objects, restoring 1d4 hit points to the object.</effect>
						<target>One object of up to 19 lb.</target>
						<saveinfo>Will negates (harmless, object)</saveinfo>
						<school>
							<school>Transmutation</school>
							<subschool></subschool>
							<descriptor></descriptor>
							<fullschool>Transmutation</fullschool>
						</school>
						<source>
							<source>Paizo Inc. - Core Rulebook, p.312</source>
							<sourcelevel>Clr0, Sor0</sourcelevel>
							<sourcelink>http://paizo.com/pathfinderRPG/prd/spells/mending.html#_mending</sourcelink>
							<sourcepage>p.312</sourcepage>
							<sourceshort>CR</sourceshort>
						</source>
						<spell_resistance>Yes (harmless, object)</spell_resistance>
						<description>This spell repairs damaged objects, restoring 1d4 hit points to the object.</description>
						<bonusspell></bonusspell>
				</spell>
				<spell>
						<name>Open/Close</name>
						<outputname>Open/Close</outputname>
						<times_memorized>1</times_memorized>
						<range>Close (70 ft.)</range>
						<components>V, S, F</components>
						<castingtime>1 standard action</castingtime>
						<casterlevel>19</casterlevel>
						<concentration>+27</concentration>
						<dc>18</dc>
						<duration>Instantaneous</duration>
						<effect>You can open or close [your choice] a door, chest, box, window, bag, pouch, bottle, barrel, or other container.</effect>
						<target>Object weighing up to 30 lbs. or portal that can be opened or closed</target>
						<saveinfo>Will negates (object)</saveinfo>
						<school>
							<school>Transmutation</school>
							<subschool></subschool>
							<descriptor></descriptor>
							<fullschool>Transmutation</fullschool>
						</school>
						<source>
							<source>Paizo Inc. - Core Rulebook, p.317</source>
							<sourcelevel>Sor0</sourcelevel>
							<sourcelink>http://paizo.com/pathfinderRPG/prd/spells/openClose.html#_open-close</sourcelink>
							<sourcepage>p.317</sourcepage>
							<sourceshort>CR</sourceshort>
						</source>
						<spell_resistance>Yes (object)</spell_resistance>
						<description>You can open or close (your choice) a door, chest, box, window, bag, pouch, bottle, barrel, or other container.</description>
						<bonusspell></bonusspell>
				</spell>
			</level>
			<level number="1" known="5" cast="8">
				<spell>
						<name>Alarm</name>
						<outputname>Alarm</outputname>
						<times_memorized>1</times_memorized>
						<range>Close (70 ft.)</range>
						<components>V, S, F/DF</components>
						<castingtime>1 standard action</castingtime>
						<casterlevel>19</casterlevel>
						<concentration>+27</concentration>
						<dc></dc>
						<duration>38 hours [D]</duration>
						<effect>Alarm creates a subtle ward on an area you select.</effect>
						<target>20-ft.-radius emanation centered on a point in space</target>
						<saveinfo>None</saveinfo>
						<school>
							<school>Abjuration</school>
							<subschool></subschool>
							<descriptor></descriptor>
							<fullschool>Abjuration</fullschool>
						</school>
						<source>
							<source>Paizo Inc. - Core Rulebook, p.240</source>
							<sourcelevel>Sor1</sourcelevel>
							<sourcelink>http://paizo.com/pathfinderRPG/prd/spells/alarm.html#_alarm</sourcelink>
							<sourcepage>p.240</sourcepage>
							<sourceshort>CR</sourceshort>
						</source>
						<spell_resistance>No</spell_resistance>
						<description>Alarm creates a subtle ward on an area you select.</description>
						<bonusspell></bonusspell>
				</spell>
				<spell>
						<name>Animate Rope</name>
						<outputname>Animate Rope</outputname>
						<times_memorized>1</times_memorized>
						<range>Medium (290 ft.)</range>
						<components>V, S</components>
						<castingtime>1 standard action</castingtime>
						<casterlevel>19</casterlevel>
						<concentration>+27</concentration>
						<dc></dc>
						<duration>19 rounds</duration>
						<effect>You can animate a nonliving rope-like object.</effect>
						<target>One rope-like object, length up to 145ft.; see text</target>
						<saveinfo>None</saveinfo>
						<school>
							<school>Transmutation</school>
							<subschool></subschool>
							<descriptor></descriptor>
							<fullschool>Transmutation</fullschool>
						</school>
						<source>
							<source>Paizo Inc. - Core Rulebook, p.242</source>
							<sourcelevel>Sor1</sourcelevel>
							<sourcelink>http://paizo.com/pathfinderRPG/prd/spells/animateRope.html#_animate-rope</sourcelink>
							<sourcepage>p.242</sourcepage>
							<sourceshort>CR</sourceshort>
						</source>
						<spell_resistance>No</spell_resistance>
						<description>You can animate a nonliving rope-like object.</description>
						<bonusspell></bonusspell>
				</spell>
				<spell>
						<name>Comprehend Languages</name>
						<outputname>Comprehend Languages</outputname>
						<times_memorized>1</times_memorized>
						<range>Personal</range>
						<components>V, S, M/DF</components>
						<castingtime>1 standard action</castingtime>
						<casterlevel>19</casterlevel>
						<concentration>+27</concentration>
						<dc></dc>
						<duration>190 minutes</duration>
						<effect>You can understand the spoken words of creatures or read otherwise incomprehensible written messages.</effect>
						<target>You</target>
						<saveinfo></saveinfo>
						<school>
							<school>Divination</school>
							<subschool></subschool>
							<descriptor></descriptor>
							<fullschool>Divination</fullschool>
						</school>
						<source>
							<source>Paizo Inc. - Core Rulebook, p.258</source>
							<sourcelevel>Clr1, Sor1</sourcelevel>
							<sourcelink>http://paizo.com/pathfinderRPG/prd/spells/comprehendLanguages.html#_comprehend-languages</sourcelink>
							<sourcepage>p.258</sourcepage>
							<sourceshort>CR</sourceshort>
						</source>
						<spell_resistance></spell_resistance>
						<description>You can understand the spoken words of creatures or read otherwise incomprehensible written messages.</description>
						<bonusspell></bonusspell>
				</spell>
				<spell>
						<name>Cure Light Wounds</name>
						<outputname>Cure Light Wounds</outputname>
						<times_memorized>1</times_memorized>
						<range>Touch</range>
						<components>V, S</components>
						<castingtime>1 standard action</castingtime>
						<casterlevel>19</casterlevel>
						<concentration>+27</concentration>
						<dc>19</dc>
						<duration>Instantaneous</duration>
						<effect>When laying your hand upon a living creature, you channel positive energy that cures 1d8+5 points of damage.</effect>
						<target>Creature touched</target>
						<saveinfo>Will half (harmless); see text</saveinfo>
						<school>
							<school>Conjuration</school>
							<subschool>Healing</subschool>
							<descriptor></descriptor>
							<fullschool>Conjuration (Healing)</fullschool>
						</school>
						<source>
							<source>Paizo Inc. - Core Rulebook, p.263</source>
							<sourcelevel>Clr1</sourcelevel>
							<sourcelink>http://paizo.com/pathfinderRPG/prd/spells/cureLightWounds.html#_cure-light-wounds</sourcelink>
							<sourcepage>p.263</sourcepage>
							<sourceshort>CR</sourceshort>
						</source>
						<spell_resistance>Yes (harmless); see text</spell_resistance>
						<description>When laying your hand upon a living creature, you channel positive energy that cures 1d8+(min(5,CASTERLEVEL)) points of damage.</description>
						<bonusspell></bonusspell>
				</spell>
				<spell>
						<name>Curse Water</name>
						<outputname>Curse Water</outputname>
						<times_memorized>1</times_memorized>
						<range>Touch</range>
						<components>V, S, M</components>
						<castingtime>1 minute</castingtime>
						<casterlevel>19</casterlevel>
						<concentration>+27</concentration>
						<dc>19</dc>
						<duration>Instantaneous</duration>
						<effect>This spell imbues a flask [1 pint] of water with negative energy, turning it into unholy water.</effect>
						<target>Flask of water touched</target>
						<saveinfo>Will negates (object)</saveinfo>
						<school>
							<school>Necromancy</school>
							<subschool></subschool>
							<descriptor>Evil</descriptor>
							<fullschool>Necromancy [Evil]</fullschool>
						</school>
						<source>
							<source>Paizo Inc. - Core Rulebook, p.263</source>
							<sourcelevel>Clr1</sourcelevel>
							<sourcelink>http://paizo.com/pathfinderRPG/prd/spells/curseWater.html#_curse-water</sourcelink>
							<sourcepage>p.263</sourcepage>
							<sourceshort>CR</sourceshort>
						</source>
						<spell_resistance>Yes (object)</spell_resistance>
						<description>This spell imbues a flask (1 pint) of water with negative energy, turning it into unholy water.</description>
						<bonusspell></bonusspell>
				</spell>
			</level>
			<level number="2" known="5" cast="8">
				<spell>
						<name>Acid Arrow</name>
						<outputname>Acid Arrow</outputname>
						<times_memorized>1</times_memorized>
						<range>Long (1160 ft.)</range>
						<components>V, S, M, F</components>
						<castingtime>1 standard action</castingtime>
						<casterlevel>19</casterlevel>
						<concentration>+27</concentration>
						<dc></dc>
						<duration>7 rounds</duration>
						<effect>An arrow of acid springs from your hand and speeds to its target dealing 2d4 points of acid damage.</effect>
						<target>One arrow of acid</target>
						<saveinfo>None</saveinfo>
						<school>
							<school>Conjuration</school>
							<subschool>Creation</subschool>
							<descriptor>Acid</descriptor>
							<fullschool>Conjuration (Creation) [Acid]</fullschool>
						</school>
						<source>
							<source>Paizo Inc. - Core Rulebook, p.239</source>
							<sourcelevel>Sor2</sourcelevel>
							<sourcelink>http://paizo.com/pathfinderRPG/prd/spells/acidArrow.html#_acid-arrow</sourcelink>
							<sourcepage>p.239</sourcepage>
							<sourceshort>CR</sourceshort>
						</source>
						<spell_resistance>No</spell_resistance>
						<description>An arrow of acid springs from your hand and speeds to its target dealing 2d4 points of acid damage.</description>
						<bonusspell></bonusspell>
				</spell>
				<spell>
						<name>Alter Self</name>
						<outputname>Alter Self</outputname>
						<times_memorized>1</times_memorized>
						<range>Personal</range>
						<components>V, S, M</components>
						<castingtime>1 standard action</castingtime>
						<casterlevel>19</casterlevel>
						<concentration>+27</concentration>
						<dc></dc>
						<duration>19 minutes [D]</duration>
						<effect>You can assume the form of any Small or Medium creature of the humanoid type.</effect>
						<target>You</target>
						<saveinfo></saveinfo>
						<school>
							<school>Transmutation</school>
							<subschool>Polymorph</subschool>
							<descriptor></descriptor>
							<fullschool>Transmutation (Polymorph)</fullschool>
						</school>
						<source>
							<source>Paizo Inc. - Core Rulebook, p.240</source>
							<sourcelevel>Sor2</sourcelevel>
							<sourcelink>http://paizo.com/pathfinderRPG/prd/spells/alterSelf.html#_alter-self</sourcelink>
							<sourcepage>p.240</sourcepage>
							<sourceshort>CR</sourceshort>
						</source>
						<spell_resistance></spell_resistance>
						<description>You can assume the form of any Small or Medium creature of the humanoid type.</description>
						<bonusspell></bonusspell>
				</spell>
				<spell>
						<name>Cat&#39;s Grace</name>
						<outputname>Cat&#39;s Grace</outputname>
						<times_memorized>1</times_memorized>
						<range>Touch</range>
						<components>V, S, M</components>
						<castingtime>1 standard action</castingtime>
						<casterlevel>19</casterlevel>
						<concentration>+27</concentration>
						<dc>20</dc>
						<duration>19 minutes</duration>
						<effect>The transmuted creature becomes more graceful, agile, and coordinated granting a +4 enhancement bonus to Dexterity.</effect>
						<target>Creature touched</target>
						<saveinfo>Will negates (harmless)</saveinfo>
						<school>
							<school>Transmutation</school>
							<subschool></subschool>
							<descriptor></descriptor>
							<fullschool>Transmutation</fullschool>
						</school>
						<source>
							<source>Paizo Inc. - Core Rulebook, p.252</source>
							<sourcelevel>Sor2</sourcelevel>
							<sourcelink>http://paizo.com/pathfinderRPG/prd/spells/catSGrace.html#_cat-s-grace</sourcelink>
							<sourcepage>p.252</sourcepage>
							<sourceshort>CR</sourceshort>
						</source>
						<spell_resistance>Yes</spell_resistance>
						<description>The transmuted creature becomes more graceful, agile, and coordinated granting a +4 enhancement bonus to Dexterity.</description>
						<bonusspell></bonusspell>
				</spell>
				<spell>
						<name>Eagle&#39;s Splendor</name>
						<outputname>Eagle&#39;s Splendor</outputname>
						<times_memorized>1</times_memorized>
						<range>Touch</range>
						<components>V, S, M/DF</components>
						<castingtime>1 standard action</castingtime>
						<casterlevel>19</casterlevel>
						<concentration>+27</concentration>
						<dc>20</dc>
						<duration>19 minutes</duration>
						<effect>The transmuted creature becomes more poised, articulate, and personally forceful gaining a +4 enhancement bonus to Charisma.</effect>
						<target>Creature touched</target>
						<saveinfo>Will negates (harmless)</saveinfo>
						<school>
							<school>Transmutation</school>
							<subschool></subschool>
							<descriptor></descriptor>
							<fullschool>Transmutation</fullschool>
						</school>
						<source>
							<source>Paizo Inc. - Core Rulebook, p.275</source>
							<sourcelevel>Clr2, Sor2</sourcelevel>
							<sourcelink>http://paizo.com/pathfinderRPG/prd/spells/eagleSSplendor.html#_eagle-s-splendor</sourcelink>
							<sourcepage>p.275</sourcepage>
							<sourceshort>CR</sourceshort>
						</source>
						<spell_resistance>Yes</spell_resistance>
						<description>The transmuted creature becomes more poised, articulate, and personally forceful gaining a +4 enhancement bonus to Charisma.</description>
						<bonusspell></bonusspell>
				</spell>
				<spell>
						<name>Fox&#39;s Cunning</name>
						<outputname>Fox&#39;s Cunning</outputname>
						<times_memorized>1</times_memorized>
						<range>Touch</range>
						<components>V, S, M/DF</components>
						<castingtime>1 standard action</castingtime>
						<casterlevel>19</casterlevel>
						<concentration>+27</concentration>
						<dc>20</dc>
						<duration>19 minutes</duration>
						<effect>The target becomes smarter granting a +4 enhancement bonus to Intelligence.</effect>
						<target>Creature touched</target>
						<saveinfo>Will negates (harmless)</saveinfo>
						<school>
							<school>Transmutation</school>
							<subschool></subschool>
							<descriptor></descriptor>
							<fullschool>Transmutation</fullschool>
						</school>
						<source>
							<source>Paizo Inc. - Core Rulebook, p.286</source>
							<sourcelevel>Sor2</sourcelevel>
							<sourcelink>http://paizo.com/pathfinderRPG/prd/spells/foxSCunning.html#_fox-s-cunning</sourcelink>
							<sourcepage>p.286</sourcepage>
							<sourceshort>CR</sourceshort>
						</source>
						<spell_resistance>Yes</spell_resistance>
						<description>The target becomes smarter granting a +4 enhancement bonus to Intelligence.</description>
						<bonusspell></bonusspell>
				</spell>
			</level>
			<level number="3" known="4" cast="8">
				<spell>
						<name>Arcane Sight</name>
						<outputname>Arcane Sight</outputname>
						<times_memorized>1</times_memorized>
						<range>Personal</range>
						<components>V, S</components>
						<castingtime>1 standard action</castingtime>
						<casterlevel>19</casterlevel>
						<concentration>+27</concentration>
						<dc></dc>
						<duration>19 minutes [D]</duration>
						<effect>This spell makes your eyes glow blue and allows you to see magical auras within 120 feet of you.</effect>
						<target>You</target>
						<saveinfo></saveinfo>
						<school>
							<school>Divination</school>
							<subschool></subschool>
							<descriptor></descriptor>
							<fullschool>Divination</fullschool>
						</school>
						<source>
							<source>Paizo Inc. - Core Rulebook, p.244</source>
							<sourcelevel>Sor3</sourcelevel>
							<sourcelink>http://paizo.com/pathfinderRPG/prd/spells/arcaneSight.html#_arcane-sight</sourcelink>
							<sourcepage>p.244</sourcepage>
							<sourceshort>CR</sourceshort>
						</source>
						<spell_resistance></spell_resistance>
						<description>This spell makes your eyes glow blue and allows you to see magical auras within 120 feet of you.</description>
						<bonusspell></bonusspell>
				</spell>
				<spell>
						<name>Blink</name>
						<outputname>Blink</outputname>
						<times_memorized>1</times_memorized>
						<range>Personal</range>
						<components>V, S</components>
						<castingtime>1 standard action</castingtime>
						<casterlevel>19</casterlevel>
						<concentration>+27</concentration>
						<dc></dc>
						<duration>19 rounds [D]</duration>
						<effect>You &quot;blink&quot; quickly back and forth between the Material Plane and the Ethereal Plane and look as though you&#39;re winking in and out of reality at random.</effect>
						<target>You</target>
						<saveinfo></saveinfo>
						<school>
							<school>Transmutation</school>
							<subschool></subschool>
							<descriptor></descriptor>
							<fullschool>Transmutation</fullschool>
						</school>
						<source>
							<source>Paizo Inc. - Core Rulebook, p.250</source>
							<sourcelevel>Sor3</sourcelevel>
							<sourcelink>http://paizo.com/pathfinderRPG/prd/spells/blink.html#_blink</sourcelink>
							<sourcepage>p.250</sourcepage>
							<sourceshort>CR</sourceshort>
						</source>
						<spell_resistance></spell_resistance>
						<description>You &quot;blink&quot; quickly back and forth between the Material Plane and the Ethereal Plane and look as though you&#39;re winking in and out of reality at random.</description>
						<bonusspell></bonusspell>
				</spell>
				<spell>
						<name>Fireball</name>
						<outputname>Fireball</outputname>
						<times_memorized>1</times_memorized>
						<range>Long (1160 ft.)</range>
						<components>V, S, M</components>
						<castingtime>1 standard action</castingtime>
						<casterlevel>19</casterlevel>
						<concentration>+27</concentration>
						<dc>21</dc>
						<duration>Instantaneous</duration>
						<effect>A fireball spell generates a searing explosion of flame that detonates with a low roar and deals 10d6 points of fire damage to every creature within the area.</effect>
						<target>20-ft.-radius spread</target>
						<saveinfo>Reflex half</saveinfo>
						<school>
							<school>Evocation</school>
							<subschool></subschool>
							<descriptor>Fire</descriptor>
							<fullschool>Evocation [Fire]</fullschool>
						</school>
						<source>
							<source>Paizo Inc. - Core Rulebook, p.283</source>
							<sourcelevel>Sor3</sourcelevel>
							<sourcelink>http://paizo.com/pathfinderRPG/prd/spells/fireball.html#_fireball</sourcelink>
							<sourcepage>p.283</sourcepage>
							<sourceshort>CR</sourceshort>
						</source>
						<spell_resistance>Yes</spell_resistance>
						<description>A fireball spell generates a searing explosion of flame that detonates with a low roar and deals (min(10,CASTERLEVEL))d6 points of fire damage to every creature within the area.</description>
						<bonusspell></bonusspell>
				</spell>
			</level>
			<level number="4" known="4" cast="8">
			</level>
			<level number="5" known="4" cast="7">
			</level>
			<level number="6" known="3" cast="7">
				<spell>
						<name>Globe of Invulnerability</name>
						<outputname>Globe of Invulnerability</outputname>
						<times_memorized>1</times_memorized>
						<range>10 ft.</range>
						<components>V, S, M</components>
						<castingtime>1 standard action</castingtime>
						<casterlevel>19</casterlevel>
						<concentration>+27</concentration>
						<dc></dc>
						<duration>19 rounds [D]</duration>
						<effect>This spell functions like lesser globe of invulnerability, except that it also excludes 4th-level spells and spell-like effects.</effect>
						<target>10-ft.-radius spherical emanation, centered on you</target>
						<saveinfo>None</saveinfo>
						<school>
							<school>Abjuration</school>
							<subschool></subschool>
							<descriptor></descriptor>
							<fullschool>Abjuration</fullschool>
						</school>
						<source>
							<source>Paizo Inc. - Core Rulebook, p.290</source>
							<sourcelevel>Sor6</sourcelevel>
							<sourcelink>http://paizo.com/pathfinderRPG/prd/spells/globeOfInvulnerability.html#_globe-of-invulnerability</sourcelink>
							<sourcepage>p.290</sourcepage>
							<sourceshort>CR</sourceshort>
						</source>
						<spell_resistance>No</spell_resistance>
						<description>This spell functions like lesser globe of invulnerability, except that it also excludes 4th-level spells and spell-like effects.</description>
						<bonusspell></bonusspell>
				</spell>
				<spell>
						<name>Guards and Wards</name>
						<outputname>Guards and Wards</outputname>
						<times_memorized>1</times_memorized>
						<range>Anywhere within the area to be warded</range>
						<components>V, S, M, F</components>
						<castingtime>30 minutes</castingtime>
						<casterlevel>19</casterlevel>
						<concentration>+27</concentration>
						<dc>24</dc>
						<duration>38 hours [D]</duration>
						<effect>This powerful spell is primarily used to defend a stronghold or fortress by creating a number of magical wards and effects.</effect>
						<target>Up to 3800 sq. ft. [S]</target>
						<saveinfo>See text</saveinfo>
						<school>
							<school>Abjuration</school>
							<subschool></subschool>
							<descriptor></descriptor>
							<fullschool>Abjuration</fullschool>
						</school>
						<source>
							<source>Paizo Inc. - Core Rulebook, p.292</source>
							<sourcelevel>Sor6</sourcelevel>
							<sourcelink>http://paizo.com/pathfinderRPG/prd/spells/guardsAndWards.html#_guards-and-wards</sourcelink>
							<sourcepage>p.292</sourcepage>
							<sourceshort>CR</sourceshort>
						</source>
						<spell_resistance>See text</spell_resistance>
						<description>This powerful spell is primarily used to defend a stronghold or fortress by creating a number of magical wards and effects.</description>
						<bonusspell></bonusspell>
				</spell>
				<spell>
						<name>Heal</name>
						<outputname>Heal</outputname>
						<times_memorized>1</times_memorized>
						<range>Touch</range>
						<components>V, S</components>
						<castingtime>1 standard action</castingtime>
						<casterlevel>19</casterlevel>
						<concentration>+27</concentration>
						<dc>24</dc>
						<duration>Instantaneous</duration>
						<effect>Heal enables you to channel positive energy into a creature to wipe away injury and afflictions.</effect>
						<target>Creature touched</target>
						<saveinfo>Will negates (harmless)</saveinfo>
						<school>
							<school>Conjuration</school>
							<subschool>Healing</subschool>
							<descriptor></descriptor>
							<fullschool>Conjuration (Healing)</fullschool>
						</school>
						<source>
							<source>Paizo Inc. - Core Rulebook, p.294</source>
							<sourcelevel>Clr6</sourcelevel>
							<sourcelink>http://paizo.com/pathfinderRPG/prd/spells/heal.html#_heal</sourcelink>
							<sourcepage>p.294</sourcepage>
							<sourceshort>CR</sourceshort>
						</source>
						<spell_resistance>Yes (harmless)</spell_resistance>
						<description>Heal enables you to channel positive energy into a creature to wipe away injury and afflictions.</description>
						<bonusspell></bonusspell>
				</spell>
			</level>
			<level number="7" known="3" cast="7">
				<spell>
						<name>Arcane Sight (Greater)</name>
						<outputname>Arcane Sight (Greater)</outputname>
						<times_memorized>1</times_memorized>
						<range>Personal</range>
						<components>V, S</components>
						<castingtime>1 standard action</castingtime>
						<casterlevel>19</casterlevel>
						<concentration>+27</concentration>
						<dc></dc>
						<duration>19 minutes [D]</duration>
						<effect>This spell functions like arcane sight, except that you automatically know which spells or magical effects are active upon any individual or object you see.</effect>
						<target>You</target>
						<saveinfo></saveinfo>
						<school>
							<school>Divination</school>
							<subschool></subschool>
							<descriptor></descriptor>
							<fullschool>Divination</fullschool>
						</school>
						<source>
							<source>Paizo Inc. - Core Rulebook, p.244</source>
							<sourcelevel>Sor7</sourcelevel>
							<sourcelink>http://paizo.com/pathfinderRPG/prd/spells/arcaneSight.html#_arcane-sight-greater</sourcelink>
							<sourcepage>p.244</sourcepage>
							<sourceshort>CR</sourceshort>
						</source>
						<spell_resistance></spell_resistance>
						<description>This spell functions like arcane sight, except that you automatically know which spells or magical effects are active upon any individual or object you see.</description>
						<bonusspell></bonusspell>
				</spell>
				<spell>
						<name>Teleport (Greater)</name>
						<outputname>Teleport (Greater)</outputname>
						<times_memorized>1</times_memorized>
						<range>Personal and touch</range>
						<components>V</components>
						<castingtime>1 standard action</castingtime>
						<casterlevel>19</casterlevel>
						<concentration>+27</concentration>
						<dc>25</dc>
						<duration>Instantaneous</duration>
						<effect>This spell functions like teleport, except that there is no range limit and there is no chance you arrive off target.</effect>
						<target>You and touched objects or other touched willing creatures</target>
						<saveinfo>None and Will negates (object)</saveinfo>
						<school>
							<school>Conjuration</school>
							<subschool>Teleportation</subschool>
							<descriptor></descriptor>
							<fullschool>Conjuration (Teleportation)</fullschool>
						</school>
						<source>
							<source>Paizo Inc. - Core Rulebook, p.359</source>
							<sourcelevel>Sor7</sourcelevel>
							<sourcelink>http://paizo.com/pathfinderRPG/prd/spells/teleport.html#_teleport-greater</sourcelink>
							<sourcepage>p.359</sourcepage>
							<sourceshort>CR</sourceshort>
						</source>
						<spell_resistance>No and yes (object)</spell_resistance>
						<description>This spell functions like teleport, except that there is no range limit and there is no chance you arrive off target.</description>
						<bonusspell></bonusspell>
				</spell>
				<spell>
						<name>Vision</name>
						<outputname>Vision</outputname>
						<times_memorized>1</times_memorized>
						<range>Personal</range>
						<components>V, S, M, F</components>
						<castingtime>1 standard action</castingtime>
						<casterlevel>19</casterlevel>
						<concentration>+27</concentration>
						<dc></dc>
						<duration>See text</duration>
						<effect>This spell functions like legend lore, except that it works more quickly and produces some strain on you.</effect>
						<target>You</target>
						<saveinfo></saveinfo>
						<school>
							<school>Divination</school>
							<subschool></subschool>
							<descriptor></descriptor>
							<fullschool>Divination</fullschool>
						</school>
						<source>
							<source>Paizo Inc. - Core Rulebook, p.365</source>
							<sourcelevel>Sor7</sourcelevel>
							<sourcelink>http://paizo.com/pathfinderRPG/prd/spells/vision.html#_vision</sourcelink>
							<sourcepage>p.365</sourcepage>
							<sourceshort>CR</sourceshort>
						</source>
						<spell_resistance></spell_resistance>
						<description>This spell functions like legend lore, except that it works more quickly and produces some strain on you.</description>
						<bonusspell></bonusspell>
				</spell>
			</level>
			<level number="8" known="3" cast="7">
				<spell>
						<name>Antimagic Field</name>
						<outputname>Antimagic Field</outputname>
						<times_memorized>1</times_memorized>
						<range>10 ft.</range>
						<components>V, S, M/DF</components>
						<castingtime>1 standard action</castingtime>
						<casterlevel>19</casterlevel>
						<concentration>+27</concentration>
						<dc></dc>
						<duration>190 minutes [D]</duration>
						<effect>An invisible barrier impervious to most magical effects surrounds you and moves with you.</effect>
						<target>10-ft.-radius emanation, centered on you</target>
						<saveinfo>None</saveinfo>
						<school>
							<school>Abjuration</school>
							<subschool></subschool>
							<descriptor></descriptor>
							<fullschool>Abjuration</fullschool>
						</school>
						<source>
							<source>Paizo Inc. - Core Rulebook, p.242</source>
							<sourcelevel>Clr8, Sor6</sourcelevel>
							<sourcelink>http://paizo.com/pathfinderRPG/prd/spells/antimagicField.html#_antimagic-field</sourcelink>
							<sourcepage>p.242</sourcepage>
							<sourceshort>CR</sourceshort>
						</source>
						<spell_resistance>See text</spell_resistance>
						<description>An invisible barrier impervious to most magical effects surrounds you and moves with you.</description>
						<bonusspell></bonusspell>
				</spell>
				<spell>
						<name>Dimensional Lock</name>
						<outputname>Dimensional Lock</outputname>
						<times_memorized>1</times_memorized>
						<range>Medium (290 ft.)</range>
						<components>V, S</components>
						<castingtime>1 standard action</castingtime>
						<casterlevel>19</casterlevel>
						<concentration>+27</concentration>
						<dc></dc>
						<duration>19 days</duration>
						<effect>You create a shimmering emerald barrier that completely blocks extradimensional travel.</effect>
						<target>20-ft.-radius emanation centered on a point in space</target>
						<saveinfo>None</saveinfo>
						<school>
							<school>Abjuration</school>
							<subschool></subschool>
							<descriptor></descriptor>
							<fullschool>Abjuration</fullschool>
						</school>
						<source>
							<source>Paizo Inc. - Core Rulebook, p.270</source>
							<sourcelevel>Clr8, Sor8</sourcelevel>
							<sourcelink>http://paizo.com/pathfinderRPG/prd/spells/dimensionalLock.html#_dimensional-lock</sourcelink>
							<sourcepage>p.270</sourcepage>
							<sourceshort>CR</sourceshort>
						</source>
						<spell_resistance>Yes</spell_resistance>
						<description>You create a shimmering emerald barrier that completely blocks extradimensional travel.</description>
						<bonusspell></bonusspell>
				</spell>
				<spell>
						<name>Shout (Greater)</name>
						<outputname>Shout (Greater)</outputname>
						<times_memorized>1</times_memorized>
						<range>60 ft.</range>
						<components>V, S, F</components>
						<castingtime>1 standard action</castingtime>
						<casterlevel>19</casterlevel>
						<concentration>+27</concentration>
						<dc>26</dc>
						<duration>Instantaneous</duration>
						<effect>This spell functions like shout, except that the cone deals 10d6 points of sonic damage.</effect>
						<target>Cone-shaped burst</target>
						<saveinfo>Fortitude partial or Reflex negates (object); see text</saveinfo>
						<school>
							<school>Evocation</school>
							<subschool></subschool>
							<descriptor>Sonic</descriptor>
							<fullschool>Evocation [Sonic]</fullschool>
						</school>
						<source>
							<source>Paizo Inc. - Core Rulebook, p.343</source>
							<sourcelevel>Sor8</sourcelevel>
							<sourcelink>http://paizo.com/pathfinderRPG/prd/spells/shout.html#_shout-greater</sourcelink>
							<sourcepage>p.343</sourcepage>
							<sourceshort>CR</sourceshort>
						</source>
						<spell_resistance>Yes (object)</spell_resistance>
						<description>This spell functions like shout, except that the cone deals 10d6 points of sonic damage.</description>
						<bonusspell></bonusspell>
				</spell>
			</level>
			<level number="9" known="2" cast="4">
				<spell>
						<name>Teleportation Circle</name>
						<outputname>Teleportation Circle</outputname>
						<times_memorized>1</times_memorized>
						<range>0 ft.</range>
						<components>V, M</components>
						<castingtime>10 minutes</castingtime>
						<casterlevel>19</casterlevel>
						<concentration>+27</concentration>
						<dc></dc>
						<duration>190 minutes [D]</duration>
						<effect>You create a circle on the floor or other horizontal surface that teleports, as greater teleport, any creature who stands on it to a designated spot.</effect>
						<target>5-ft.-radius circle that teleports those who activate it</target>
						<saveinfo>None</saveinfo>
						<school>
							<school>Conjuration</school>
							<subschool>Teleportation</subschool>
							<descriptor></descriptor>
							<fullschool>Conjuration (Teleportation)</fullschool>
						</school>
						<source>
							<source>Paizo Inc. - Core Rulebook, p.359</source>
							<sourcelevel>Sor9</sourcelevel>
							<sourcelink>http://paizo.com/pathfinderRPG/prd/spells/teleportationCircle.html#_teleportation-circle</sourcelink>
							<sourcepage>p.359</sourcepage>
							<sourceshort>CR</sourceshort>
						</source>
						<spell_resistance>Yes</spell_resistance>
						<description>You create a circle on the floor or other horizontal surface that teleports, as greater teleport, any creature who stands on it to a designated spot.</description>
						<bonusspell></bonusspell>
				</spell>
				<spell>
						<name>Wish</name>
						<outputname>Wish</outputname>
						<times_memorized>1</times_memorized>
						<range>See text</range>
						<components>V, S, M</components>
						<castingtime>1 standard action</castingtime>
						<casterlevel>19</casterlevel>
						<concentration>+27</concentration>
						<dc>27</dc>
						<duration>See text</duration>
						<effect>Wish is the mightiest spell a wizard or sorcerer can cast. By simply speaking aloud, you can alter reality to better suit you.</effect>
						<target>See text</target>
						<saveinfo>None, see text</saveinfo>
						<school>
							<school>Universal</school>
							<subschool></subschool>
							<descriptor></descriptor>
							<fullschool>Universal</fullschool>
						</school>
						<source>
							<source>Paizo Inc. - Core Rulebook, p.370</source>
							<sourcelevel>Sor9</sourcelevel>
							<sourcelink>http://paizo.com/pathfinderRPG/prd/spells/wish.html#_wish</sourcelink>
							<sourcepage>p.370</sourcepage>
							<sourceshort>CR</sourceshort>
						</source>
						<spell_resistance>Yes</spell_resistance>
						<description>Wish is the mightiest spell a wizard or sorcerer can cast. By simply speaking aloud, you can alter reality to better suit you.</description>
						<bonusspell></bonusspell>
				</spell>
			</level>
		</class>
	</known_spells>
		<!-- ### END Known spells ### -->

		<!-- ### BEGIN memorized spells ### -->
	<memorized_spells>
			<!-- ### BEGIN innate memorized spell section -->

	<!-- ### BEGIN innate memorized spells ### -->
		<racial_innate_memorized>
			<spell>
					<name>Bless</name>
					<outputname>Bless</outputname>
					<times_memorized>At Will</times_memorized>
					<range>50 ft.</range>
					<components>V, S, DF</components>
					<castingtime>1 standard action</castingtime>
					<times_unit>Day</times_unit>
					<casterlevel>30</casterlevel>
					<concentration>+30</concentration>
					<dc></dc>
					<duration>30 minutes</duration>
					<effect>Bless fills your allies with courage.</effect>
					<target>The caster and all allies within a 50-ft. burst, centered on the caster</target>
					<saveinfo>None</saveinfo>
					<school>
						<school>Enchantment</school>
						<subschool>Compulsion</subschool>
						<descriptor>Mind-Affecting</descriptor>
						<fullschool>Enchantment (Compulsion) [Mind-Affecting]</fullschool>
					</school>
					<source>
						<source>Paizo Inc. - Core Rulebook, p.249</source>
						<sourcelevel>Clr1</sourcelevel>
						<sourcelink>http://paizo.com/pathfinderRPG/prd/spells/bless.html#_bless</sourcelink>
						<sourcepage>p.249</sourcepage>
						<sourceshort>CR</sourceshort>
					</source>
					<spell_resistance>Yes (harmless)</spell_resistance>
					<description>Bless fills your allies with courage.</description>
					<bonusspell></bonusspell>
				</spell>
			<spell>
					<name>Daylight</name>
					<outputname>Daylight</outputname>
					<times_memorized>At Will</times_memorized>
					<range>Touch</range>
					<components>V, S</components>
					<castingtime>1 standard action</castingtime>
					<times_unit>Day</times_unit>
					<casterlevel>30</casterlevel>
					<concentration>+30</concentration>
					<dc></dc>
					<duration>300 minutes [D]</duration>
					<effect>You touch an object when you cast this spell, causing the object to shed bright light in a 60-foot radius.</effect>
					<target>Object touched</target>
					<saveinfo>None</saveinfo>
					<school>
						<school>Evocation</school>
						<subschool></subschool>
						<descriptor>Light</descriptor>
						<fullschool>Evocation [Light]</fullschool>
					</school>
					<source>
						<source>Paizo Inc. - Core Rulebook, p.264</source>
						<sourcelevel>Clr3, Sor3</sourcelevel>
						<sourcelink>http://paizo.com/pathfinderRPG/prd/spells/daylight.html#_daylight</sourcelink>
						<sourcepage>p.264</sourcepage>
						<sourceshort>CR</sourceshort>
					</source>
					<spell_resistance>No</spell_resistance>
					<description>You touch an object when you cast this spell, causing the object to shed bright light in a 60-foot radius.</description>
					<bonusspell></bonusspell>
				</spell>
			<spell>
					<name>Detect Evil</name>
					<outputname>Detect Evil</outputname>
					<times_memorized>At Will</times_memorized>
					<range>60 ft.</range>
					<components>V, S, DF</components>
					<castingtime>1 standard action</castingtime>
					<times_unit>Day</times_unit>
					<casterlevel>30</casterlevel>
					<concentration>+30</concentration>
					<dc></dc>
					<duration>Concentration, up to 300 minutes [D]</duration>
					<effect>You can sense the presence of evil.</effect>
					<target>Cone-shaped emanation</target>
					<saveinfo>None</saveinfo>
					<school>
						<school>Divination</school>
						<subschool></subschool>
						<descriptor></descriptor>
						<fullschool>Divination</fullschool>
					</school>
					<source>
						<source>Paizo Inc. - Core Rulebook, p.266</source>
						<sourcelevel>Clr1</sourcelevel>
						<sourcelink>http://paizo.com/pathfinderRPG/prd/spells/detectEvil.html#_detect-evil</sourcelink>
						<sourcepage>p.266</sourcepage>
						<sourceshort>CR</sourceshort>
					</source>
					<spell_resistance>No</spell_resistance>
					<description>You can sense the presence of evil.</description>
					<bonusspell></bonusspell>
				</spell>
			<spell>
					<name>Foresight</name>
					<outputname>Foresight</outputname>
					<times_memorized>At Will</times_memorized>
					<range>Personal or touch</range>
					<components>V, S, M/DF</components>
					<castingtime>1 standard action</castingtime>
					<times_unit>Day</times_unit>
					<casterlevel>30</casterlevel>
					<concentration>+30</concentration>
					<dc>27</dc>
					<duration>300 minutes</duration>
					<effect>This spell grants you a powerful sixth sense in relation to yourself or another.</effect>
					<target>See text</target>
					<saveinfo>None or Will negates (harmless)</saveinfo>
					<school>
						<school>Divination</school>
						<subschool></subschool>
						<descriptor></descriptor>
						<fullschool>Divination</fullschool>
					</school>
					<source>
						<source>Paizo Inc. - Core Rulebook, p.285</source>
						<sourcelevel>Sor9</sourcelevel>
						<sourcelink>http://paizo.com/pathfinderRPG/prd/spells/foresight.html#_foresight</sourcelink>
						<sourcepage>p.285</sourcepage>
						<sourceshort>CR</sourceshort>
					</source>
					<spell_resistance>No or yes (harmless)</spell_resistance>
					<description>This spell grants you a powerful sixth sense in relation to yourself or another.</description>
					<bonusspell></bonusspell>
				</spell>
			<spell>
					<name>Geas/Quest</name>
					<outputname>Geas/Quest</outputname>
					<times_memorized>At Will</times_memorized>
					<range>Close (100 ft.)</range>
					<components>V</components>
					<castingtime>10 minutes</castingtime>
					<times_unit>Day</times_unit>
					<casterlevel>30</casterlevel>
					<concentration>+30</concentration>
					<dc></dc>
					<duration>30 days or until discharged [D]</duration>
					<effect>This spell functions similarly to lesser geas, except that it affects a creature of any HD and allows no saving throw.</effect>
					<target>One living creature</target>
					<saveinfo>None</saveinfo>
					<school>
						<school>Enchantment</school>
						<subschool>Compulsion</subschool>
						<descriptor>Language-Dependent, Mind-Affecting</descriptor>
						<fullschool>Enchantment (Compulsion) [Language-Dependent, Mind-Affecting]</fullschool>
					</school>
					<source>
						<source>Paizo Inc. - Core Rulebook, p.288</source>
						<sourcelevel>Clr6, Sor6</sourcelevel>
						<sourcelink>http://paizo.com/pathfinderRPG/prd/spells/geasQuest.html#_geas-quest</sourcelink>
						<sourcepage>p.288</sourcepage>
						<sourceshort>CR</sourceshort>
					</source>
					<spell_resistance>Yes</spell_resistance>
					<description>This spell functions similarly to lesser geas, except that it affects a creature of any HD and allows no saving throw.</description>
					<bonusspell></bonusspell>
				</spell>
			<spell>
					<name>Sunburst</name>
					<outputname>Sunburst</outputname>
					<times_memorized>At Will</times_memorized>
					<range>Long (1600 ft.)</range>
					<components>V, S, M/DF</components>
					<castingtime>1 standard action</castingtime>
					<times_unit>Day</times_unit>
					<casterlevel>30</casterlevel>
					<concentration>+30</concentration>
					<dc>26</dc>
					<duration>Instantaneous</duration>
					<effect>Sunburst causes a globe of searing radiance to explode silently from a point you select.</effect>
					<target>80-ft.-radius burst</target>
					<saveinfo>Reflex partial; see text</saveinfo>
					<school>
						<school>Evocation</school>
						<subschool></subschool>
						<descriptor>Light</descriptor>
						<fullschool>Evocation [Light]</fullschool>
					</school>
					<source>
						<source>Paizo Inc. - Core Rulebook, p.355</source>
						<sourcelevel>Sor8</sourcelevel>
						<sourcelink>http://paizo.com/pathfinderRPG/prd/spells/sunburst.html#_sunburst</sourcelink>
						<sourcepage>p.355</sourcepage>
						<sourceshort>CR</sourceshort>
					</source>
					<spell_resistance>Yes</spell_resistance>
					<description>Sunburst causes a globe of searing radiance to explode silently from a point you select.</description>
					<bonusspell></bonusspell>
				</spell>
		</racial_innate_memorized>
			<!-- ### END innate memorized spells ### -->
			<!-- ### BEGIN class innate memorized spells ### -->
			<class_innate_memorized>
		</class_innate_memorized>
			<!-- ### END class innate memorized spells ### -->
			<!-- ### END innate memorized spell section -->
			<!-- ### BEGIN class Spellbook memorized spells ### -->
	</memorized_spells>
	<!-- ### END class Spellbook memorized spells ### -->
	</spells>
	<!-- ### Additional House Rules for Variables in the xsl:fo code ### -->
	<house_var>
		<spelldisplaydc>0.0</spelldisplaydc>
		<OldStyleAbilityStatBlockDisplay>0.0</OldStyleAbilityStatBlockDisplay>
	</house_var>
</character>
