<?xml version="1.0" encoding="UTF-8"?>
<!--
-->
<character>
	<export>
		<date>X</date>
		<time>X</time>
		<version>6.09.08.RC1</version>
		<paperinfo>
			<name>A4</name>
			<height>297mm</height>
			<width>210mm</width>
			<margins>
				<top>10mm</top>
				<bottom>15mm</bottom>
				<left>10mm</left>
				<right>10mm</right>
			</margins>
		</paperinfo>
		<directories>
			<pcgen>X</pcgen>
			<templates>X</templates>
			<pcg>X</pcg>
			<html>X</html>
			<temp>X</temp>
		</directories>
		<invalidtext>
			<tohit>N/A</tohit>
			<damage>N/A</damage>
		</invalidtext>
	</export>
	<unit_set>
		<name>Imperial</name>
		<height_unit>ftin</height_unit>
		<distance_unit> ft.</distance_unit>
		<weight_unit> lbs.</weight_unit>
	</unit_set>
	<!--
	  ====================================
	  ====================================
			BIO
	  ====================================
	  ====================================-->
	<basics>
		<bonuses></bonuses>
		<bonuses></bonuses>
		<bonuses></bonuses>
		<bonuses></bonuses>
		<name>Florian Syrkov</name>
		<followerof></followerof>
		<playername>James</playername>
		<charactertype>PC</charactertype>
		<hero_points>0</hero_points>
		<age>33</age>
		<alignment>
			<long>Lawful Good</long>
			<short>LG</short>
		</alignment>
		<archetypes>
		</archetypes>
		<bab>+6</bab>
		<bio><para>The Syrkov family have always been canny traders.  They have kept up with trends and got in early and out before interest waned. As result they hav built up quite some resources (and rivals).</para><para></para><para></para><para></para></bio>
		<birthday></birthday>
		<birthplace></birthplace>
		<catchphrase></catchphrase>
		<classes>
			<class>
				<name>Paladin</name>
				<abbreviation>Pld</abbreviation>
				<level>6</level>
				<bonuslist>Paladin</bonuslist>
				<sequence>0</sequence>
				<sequence_shortform>Pld6</sequence_shortform>
			</class>
			<levels_total>6</levels_total>
			<levels_ecl>6</levels_ecl>
			<!-- shortform below should be removed - it can be derived from class info above -->
			<shortform>Pld6</shortform>
			<!-- CLASSLIST is not extracted because we can derive it from the information above -->
		</classes>
		<deity>
			<name>Abadar</name>
			<alignment>LN</alignment>
			<description>God of cities, wealth, merchants, law</description>
			<domainlist>Defense Subdomain, Earth, Inevitable Subdomain, Law, Leadership Subdomain, Martyr Subdomain, Metal Subdomain, Nobility, Protection, Trade Subdomain, Travel</domainlist>
			<favoredweapon>Crossbow (Light)</favoredweapon>
			<holyitem></holyitem>
			<pantheonlist>Pathfinder Chronicles</pantheonlist>
			<source>Paizo Inc. - Advanced Player&#39;s Guide, p.91</source>
			<special_abilities></special_abilities>
			<appearance></appearance>
			<title></title>
			<worshippers></worshippers>
		</deity>
		<description></description>
		<experience>
			<current>23000</current>
			<next_level>35000</next_level>
			<factor>100%</factor>
			<penalty>0%</penalty>
		</experience>
		<eyes>
			<color>Blue</color>
		</eyes>
		<hair>
			<color>Black</color>
			<length>Mid length hair and beard</length>
		</hair>
		<skin>
			<color>Tanned</color>
		</skin>
		<cr>5</cr>
		<face>
			<face>5 ft. by 5 ft.</face>
			<short>5 ft.</short>
			<squares>1 x 1</squares>
		</face>
		<favoredlist></favoredlist>
		<followerlist></followerlist>
		<gender>
			<long>Male</long>
			<short>Male</short>
		</gender>
		<handed>Right</handed>
		<height>
			<total>5&#39; 10&quot;</total>
			<feet>5</feet>
			<inches>10</inches>
		</height>
		<hitdice>(6d10)+12</hitdice>
		<image>file:C:\Users\USER\Documents\PCGen\characters/Florian Syrkov.jpg</image>
		<interests></interests>
		<languages>
			<language>Common</language>
			<language>Varisian</language>
			<language></language>
			<all>Common, Varisian</all>
		</languages>
		<location></location>
		<move>
			<move>
				<name>Walk</name>
				<rate>20 ft.</rate>
				<squares>4</squares>
			</move>
			<all>Walk 20 ft.</all>
		</move>
		<personality>
			<trait></trait>
			<trait>Well mannered</trait>
		</personality>
		<portrait>
			<portrait>D%3A%5CUsers%5CJames%5CDocuments%5CPCGen%20Chars%5CImages%5CFlorian.jpg</portrait>
			<portrait_thumb></portrait_thumb>
		</portrait>
		<phobias></phobias>
			<race>Human (Varisian)</race>
		<race>
			<racetype>Humanoid</racetype>
		</race>
		<reach>
			<reach>5 ft.</reach>
			<squares>1</squares>
		</reach>
		<region>Ustalav</region>
		<reputation>0</reputation>
		<residence></residence>
		<size>
			<long>Medium</long>
			<short>M</short>
		</size>
		<speechtendency></speechtendency>
		<type>Humanoid</type>
		<vision>
			<all></all>
		</vision>
		<wealth>0</wealth>
		<gold>488</gold>
		<weight>
			<weight_unit>160 lbs.</weight_unit>
			<weight_nounit>160</weight_nounit>
		</weight>
		<poolpoints>
			<cost>21</cost>
			<current>0</current>
		</poolpoints>
		<notes>
		</notes>
	</basics>

	<!-- Use ASPECT.NotesSection.x and ASPECT.Notes.y	-->
	<!--
	  ====================================
	  ====================================
			ABILITIES
	  ====================================
	  ====================================-->
	<abilities>
		<ability>
			<name>
				<long>Strength</long>
				<short>STR</short>
			</name>
			<score>18</score>
			<modifier>+4</modifier>
		<!--
		Old BASE tag does not give stats with racial, and other permentant adjustments.
		Use NOTEMP.NOEQUIP instead of BASE gives the correct results.

			<base>16</base>
			<basemod>+3</basemod>
		-->
			<base>18</base>
			<basemod>+4</basemod>

			<noequip>18</noequip>
			<noequip_mod>+4</noequip_mod>
			<no_temp_score>18</no_temp_score>
			<no_temp_modifier>+4</no_temp_modifier>
		</ability>
		<ability>
			<name>
				<long>Dexterity</long>
				<short>DEX</short>
			</name>
			<score>12</score>
			<modifier>+1</modifier>
		<!--
		Old BASE tag does not give stats with racial, and other permentant adjustments.
		Use NOTEMP.NOEQUIP instead of BASE gives the correct results.

			<base>12</base>
			<basemod>+1</basemod>
		-->
			<base>12</base>
			<basemod>+1</basemod>

			<noequip>12</noequip>
			<noequip_mod>+1</noequip_mod>
			<no_temp_score>12</no_temp_score>
			<no_temp_modifier>+1</no_temp_modifier>
		</ability>
		<ability>
			<name>
				<long>Constitution</long>
				<short>CON</short>
			</name>
			<score>14</score>
			<modifier>+2</modifier>
		<!--
		Old BASE tag does not give stats with racial, and other permentant adjustments.
		Use NOTEMP.NOEQUIP instead of BASE gives the correct results.

			<base>14</base>
			<basemod>+2</basemod>
		-->
			<base>14</base>
			<basemod>+2</basemod>

			<noequip>14</noequip>
			<noequip_mod>+2</noequip_mod>
			<no_temp_score>14</no_temp_score>
			<no_temp_modifier>+2</no_temp_modifier>
		</ability>
		<ability>
			<name>
				<long>Intelligence</long>
				<short>INT</short>
			</name>
			<score>8</score>
			<modifier>-1</modifier>
		<!--
		Old BASE tag does not give stats with racial, and other permentant adjustments.
		Use NOTEMP.NOEQUIP instead of BASE gives the correct results.

			<base>8</base>
			<basemod>-1</basemod>
		-->
			<base>8</base>
			<basemod>-1</basemod>

			<noequip>8</noequip>
			<noequip_mod>-1</noequip_mod>
			<no_temp_score>8</no_temp_score>
			<no_temp_modifier>-1</no_temp_modifier>
		</ability>
		<ability>
			<name>
				<long>Wisdom</long>
				<short>WIS</short>
			</name>
			<score>12</score>
			<modifier>+1</modifier>
		<!--
		Old BASE tag does not give stats with racial, and other permentant adjustments.
		Use NOTEMP.NOEQUIP instead of BASE gives the correct results.

			<base>12</base>
			<basemod>+1</basemod>
		-->
			<base>12</base>
			<basemod>+1</basemod>

			<noequip>12</noequip>
			<noequip_mod>+1</noequip_mod>
			<no_temp_score>12</no_temp_score>
			<no_temp_modifier>+1</no_temp_modifier>
		</ability>
		<ability>
			<name>
				<long>Charisma</long>
				<short>CHA</short>
			</name>
			<score>14</score>
			<modifier>+2</modifier>
		<!--
		Old BASE tag does not give stats with racial, and other permentant adjustments.
		Use NOTEMP.NOEQUIP instead of BASE gives the correct results.

			<base>14</base>
			<basemod>+2</basemod>
		-->
			<base>14</base>
			<basemod>+2</basemod>

			<noequip>14</noequip>
			<noequip_mod>+2</noequip_mod>
			<no_temp_score>14</no_temp_score>
			<no_temp_modifier>+2</no_temp_modifier>
		</ability>
	</abilities>
	<!--
	  ====================================
	  ====================================
			HIT POINTS
	  ====================================
	  ====================================-->
	<hit_points>
		<usealternatedamage>0</usealternatedamage>
		<points>52</points>
		<alternate>28</alternate>
		<die>(6d10)+12</die>
		<die_short>6</die_short>
		<current/>
		<subdual/>
		<damage_reduction></damage_reduction>
		<damage_threshold>0</damage_threshold>
		<history>
			<roll>
				<level>1</level>
				<roll>10</roll>
				<stat>2</stat>
				<total>12</total>
			</roll>
			<roll>
				<level>2</level>
				<roll>6</roll>
				<stat>2</stat>
				<total>8</total>
			</roll>
			<roll>
				<level>3</level>
				<roll>6</roll>
				<stat>2</stat>
				<total>8</total>
			</roll>
			<roll>
				<level>4</level>
				<roll>6</roll>
				<stat>2</stat>
				<total>8</total>
			</roll>
			<roll>
				<level>5</level>
				<roll>6</roll>
				<stat>2</stat>
				<total>8</total>
			</roll>
			<roll>
				<level>6</level>
				<roll>6</roll>
				<stat>2</stat>
				<total>8</total>
			</roll>
		</history>
	</hit_points>
	<!--
	  ====================================
	  ====================================
			ARMOR CLASS
	  ====================================
	  ====================================-->
	<armor_class>
		<total>22</total>
		<listing>ABILITY +1, ARMOR +9, ARMORENHANCEMENT +1, BASE +10, DEFLECTION +1</listing>
		<flat>21</flat>
		<touch>12</touch>
		<base>10</base>
		<armor_bonus>10</armor_bonus>
		<shield_bonus>0</shield_bonus>
		<stat_mod>1</stat_mod>
		<size_mod>0</size_mod>
		<natural>0</natural>
		<deflection>1</deflection>
		<dodge>0</dodge>
		<dodge_bonus>0</dodge_bonus>
		<class_bonus>0</class_bonus>
		<misc>0</misc>
		<insight>0</insight>
		<morale>0</morale>
		<sacred>0</sacred>
		<profane>0</profane>
		<miss_chance/>
		<max_dex>+1</max_dex>
		<spell_failure>35</spell_failure>
		<check_penalty>-5</check_penalty>
		<spell_resistance>0</spell_resistance>
	</armor_class>
	<!--
	  ====================================
	  ====================================
			INITIATIVE
	  ====================================
	  ====================================-->
	<initiative>
		<total>+3</total>
		<dex_mod>+1</dex_mod>
		<misc_mod>+2</misc_mod>
		<spell_failure>35</spell_failure>
		<check_penalty>-5</check_penalty>
		<spell_resistance>0</spell_resistance>
		<hero_points>0</hero_points>
	</initiative>
	<!--
	  ====================================
	  ====================================
			SKILLS
	  ====================================
	  ====================================-->
	<skillinfo>
		<conditional_modifiers>
		</conditional_modifiers>
	</skillinfo>
	<skills>
		<conditional_modifiers>
		</conditional_modifiers>
		<skillpoints>
			<total>12</total>
			<used>12</used>
			<unused>0</unused>
			<eclipse_total>0</eclipse_total>
		</skillpoints>
		<list_mods>Diplomacy +14, Handle Animal +6, Knowledge (Nobility) +3, Knowledge (Religion) +3, Linguistics +0, Perception +3, Perform (Dance) +3, Profession (Merchant) +5, Ride +0, Sense Motive +5</list_mods>
			<max_class_skill_level>6</max_class_skill_level>
		<max_cross_class_skill_level>6.0</max_cross_class_skill_level>
		<skill>
			<name>Acrobatics</name>
			<ranks>0.0</ranks>
			<mod>-4<!-- Mods from abilities, equipment, etc -->
			</mod>
			<skill_mod>-4</skill_mod>
			<ability_mod>1<!-- Mod from the key ability -->
			</ability_mod>
			<misc_mod>-5<!-- This is a calc value of TOTAL-RANK-ABMOD -->
			</misc_mod>
			<ability>DEX</ability>
			<synergy>Acrobatics</synergy>
			<untrained>Y</untrained>
			<exclusive>N</exclusive>
			<trained_total>-4</trained_total>
			<exclusive_total>-4</exclusive_total>
			<classes></classes>
			<type>Dexterity.ACHECK.Base</type>
		</skill>
		<skill>
			<name>Acrobatics (When Jumping)</name>
			<ranks>0.0</ranks>
			<mod>-8<!-- Mods from abilities, equipment, etc -->
			</mod>
			<skill_mod>-8</skill_mod>
			<ability_mod>1<!-- Mod from the key ability -->
			</ability_mod>
			<misc_mod>-9<!-- This is a calc value of TOTAL-RANK-ABMOD -->
			</misc_mod>
			<ability>DEX</ability>
			<synergy>Acrobatics (When Jumping)</synergy>
			<untrained>Y</untrained>
			<exclusive>N</exclusive>
			<trained_total>-8</trained_total>
			<exclusive_total>-8</exclusive_total>
			<classes></classes>
			<type>Dexterity.ACHECK.Base</type>
		</skill>
		<skill>
			<name>Appraise</name>
			<ranks>0.0</ranks>
			<mod>-1<!-- Mods from abilities, equipment, etc -->
			</mod>
			<skill_mod>-1</skill_mod>
			<ability_mod>-1<!-- Mod from the key ability -->
			</ability_mod>
			<misc_mod>0<!-- This is a calc value of TOTAL-RANK-ABMOD -->
			</misc_mod>
			<ability>INT</ability>
			<synergy>Appraise</synergy>
			<untrained>Y</untrained>
			<exclusive>N</exclusive>
			<trained_total>-1</trained_total>
			<exclusive_total>-1</exclusive_total>
			<classes></classes>
			<type>Intelligence.Base</type>
		</skill>
		<skill>
			<name>Bluff</name>
			<ranks>0.0</ranks>
			<mod>2<!-- Mods from abilities, equipment, etc -->
			</mod>
			<skill_mod>2</skill_mod>
			<ability_mod>2<!-- Mod from the key ability -->
			</ability_mod>
			<misc_mod>0<!-- This is a calc value of TOTAL-RANK-ABMOD -->
			</misc_mod>
			<ability>CHA</ability>
			<synergy>Bluff</synergy>
			<untrained>Y</untrained>
			<exclusive>N</exclusive>
			<trained_total>2</trained_total>
			<exclusive_total>2</exclusive_total>
			<classes></classes>
			<type>Charisma.Base</type>
		</skill>
		<skill>
			<name>Climb</name>
			<ranks>0.0</ranks>
			<mod>-1<!-- Mods from abilities, equipment, etc -->
			</mod>
			<skill_mod>-1</skill_mod>
			<ability_mod>4<!-- Mod from the key ability -->
			</ability_mod>
			<misc_mod>-5<!-- This is a calc value of TOTAL-RANK-ABMOD -->
			</misc_mod>
			<ability>STR</ability>
			<synergy>Climb</synergy>
			<untrained>Y</untrained>
			<exclusive>N</exclusive>
			<trained_total>-1</trained_total>
			<exclusive_total>-1</exclusive_total>
			<classes></classes>
			<type>Strength.ACHECK.Base</type>
		</skill>
		<skill>
			<name>Craft (Untrained)</name>
			<ranks>0.0</ranks>
			<mod>-1<!-- Mods from abilities, equipment, etc -->
			</mod>
			<skill_mod>-1</skill_mod>
			<ability_mod>-1<!-- Mod from the key ability -->
			</ability_mod>
			<misc_mod>0<!-- This is a calc value of TOTAL-RANK-ABMOD -->
			</misc_mod>
			<ability>INT</ability>
			<synergy>Craft (Untrained)</synergy>
			<untrained>Y</untrained>
			<exclusive>N</exclusive>
			<trained_total>-1</trained_total>
			<exclusive_total>-1</exclusive_total>
			<classes>Paladin</classes>
			<type>Intelligence.Craft</type>
		</skill>
		<skill>
			<name>Diplomacy</name>
			<ranks>6.0</ranks>
			<mod>8<!-- Mods from abilities, equipment, etc -->
			</mod>
			<skill_mod>14</skill_mod>
			<ability_mod>2<!-- Mod from the key ability -->
			</ability_mod>
			<misc_mod>6<!-- This is a calc value of TOTAL-RANK-ABMOD -->
			</misc_mod>
			<ability>CHA</ability>
			<synergy>Diplomacy</synergy>
			<untrained>Y</untrained>
			<exclusive>N</exclusive>
			<trained_total>14</trained_total>
			<exclusive_total>14</exclusive_total>
			<classes>Paladin</classes>
			<type>Charisma.Base</type>
		</skill>
		<skill>
			<name>Disguise</name>
			<ranks>0.0</ranks>
			<mod>2<!-- Mods from abilities, equipment, etc -->
			</mod>
			<skill_mod>2</skill_mod>
			<ability_mod>2<!-- Mod from the key ability -->
			</ability_mod>
			<misc_mod>0<!-- This is a calc value of TOTAL-RANK-ABMOD -->
			</misc_mod>
			<ability>CHA</ability>
			<synergy>Disguise</synergy>
			<untrained>Y</untrained>
			<exclusive>N</exclusive>
			<trained_total>2</trained_total>
			<exclusive_total>2</exclusive_total>
			<classes></classes>
			<type>Charisma.Base</type>
		</skill>
		<skill>
			<name>Escape Artist</name>
			<ranks>0.0</ranks>
			<mod>-4<!-- Mods from abilities, equipment, etc -->
			</mod>
			<skill_mod>-4</skill_mod>
			<ability_mod>1<!-- Mod from the key ability -->
			</ability_mod>
			<misc_mod>-5<!-- This is a calc value of TOTAL-RANK-ABMOD -->
			</misc_mod>
			<ability>DEX</ability>
			<synergy>Escape Artist</synergy>
			<untrained>Y</untrained>
			<exclusive>N</exclusive>
			<trained_total>-4</trained_total>
			<exclusive_total>-4</exclusive_total>
			<classes></classes>
			<type>Dexterity.ACHECK.Base</type>
		</skill>
		<skill>
			<name>Fly</name>
			<ranks>0.0</ranks>
			<mod>-4<!-- Mods from abilities, equipment, etc -->
			</mod>
			<skill_mod>-4</skill_mod>
			<ability_mod>1<!-- Mod from the key ability -->
			</ability_mod>
			<misc_mod>-5<!-- This is a calc value of TOTAL-RANK-ABMOD -->
			</misc_mod>
			<ability>DEX</ability>
			<synergy>Fly</synergy>
			<untrained>Y</untrained>
			<exclusive>N</exclusive>
			<trained_total>-4</trained_total>
			<exclusive_total>-4</exclusive_total>
			<classes></classes>
			<type>Dexterity.ACHECK.Base</type>
		</skill>
		<skill>
			<name>Handle Animal</name>
			<ranks>1.0</ranks>
			<mod>5<!-- Mods from abilities, equipment, etc -->
			</mod>
			<skill_mod>6</skill_mod>
			<ability_mod>2<!-- Mod from the key ability -->
			</ability_mod>
			<misc_mod>3<!-- This is a calc value of TOTAL-RANK-ABMOD -->
			</misc_mod>
			<ability>CHA</ability>
			<synergy>Handle Animal</synergy>
			<untrained>NO</untrained>
			<exclusive>N</exclusive>
			<trained_total>6</trained_total>
			<exclusive_total>6</exclusive_total>
			<classes>Paladin</classes>
			<type>Charisma.Base</type>
		</skill>
		<skill>
			<name>Heal</name>
			<ranks>0.0</ranks>
			<mod>1<!-- Mods from abilities, equipment, etc -->
			</mod>
			<skill_mod>1</skill_mod>
			<ability_mod>1<!-- Mod from the key ability -->
			</ability_mod>
			<misc_mod>0<!-- This is a calc value of TOTAL-RANK-ABMOD -->
			</misc_mod>
			<ability>WIS</ability>
			<synergy>Heal</synergy>
			<untrained>Y</untrained>
			<exclusive>N</exclusive>
			<trained_total>1</trained_total>
			<exclusive_total>1</exclusive_total>
			<classes>Paladin</classes>
			<type>Wisdom.Base</type>
		</skill>
		<skill>
			<name>Intimidate</name>
			<ranks>0.0</ranks>
			<mod>2<!-- Mods from abilities, equipment, etc -->
			</mod>
			<skill_mod>2</skill_mod>
			<ability_mod>2<!-- Mod from the key ability -->
			</ability_mod>
			<misc_mod>0<!-- This is a calc value of TOTAL-RANK-ABMOD -->
			</misc_mod>
			<ability>CHA</ability>
			<synergy>Intimidate</synergy>
			<untrained>Y</untrained>
			<exclusive>N</exclusive>
			<trained_total>2</trained_total>
			<exclusive_total>2</exclusive_total>
			<classes></classes>
			<type>Charisma.Base</type>
		</skill>
		<skill>
			<name>Knowledge (Nobility)</name>
			<ranks>1.0</ranks>
			<mod>2<!-- Mods from abilities, equipment, etc -->
			</mod>
			<skill_mod>3</skill_mod>
			<ability_mod>-1<!-- Mod from the key ability -->
			</ability_mod>
			<misc_mod>3<!-- This is a calc value of TOTAL-RANK-ABMOD -->
			</misc_mod>
			<ability>INT</ability>
			<synergy>Knowledge (Nobility)</synergy>
			<untrained>NO</untrained>
			<exclusive>N</exclusive>
			<trained_total>3</trained_total>
			<exclusive_total>3</exclusive_total>
			<classes>Paladin</classes>
			<type>Intelligence.Knowledge.Base</type>
		</skill>
		<skill>
			<name>Knowledge (Religion)</name>
			<ranks>1.0</ranks>
			<mod>2<!-- Mods from abilities, equipment, etc -->
			</mod>
			<skill_mod>3</skill_mod>
			<ability_mod>-1<!-- Mod from the key ability -->
			</ability_mod>
			<misc_mod>3<!-- This is a calc value of TOTAL-RANK-ABMOD -->
			</misc_mod>
			<ability>INT</ability>
			<synergy>Knowledge (Religion)</synergy>
			<untrained>NO</untrained>
			<exclusive>N</exclusive>
			<trained_total>3</trained_total>
			<exclusive_total>3</exclusive_total>
			<classes>Paladin</classes>
			<type>Intelligence.Knowledge.Base</type>
		</skill>
		<skill>
			<name>Linguistics(Varisian)</name>
			<ranks>1.0</ranks>
			<mod>-1<!-- Mods from abilities, equipment, etc -->
			</mod>
			<skill_mod>0</skill_mod>
			<ability_mod>-1<!-- Mod from the key ability -->
			</ability_mod>
			<misc_mod>0<!-- This is a calc value of TOTAL-RANK-ABMOD -->
			</misc_mod>
			<ability>INT</ability>
			<synergy>Linguistics(Varisian)</synergy>
			<untrained>NO</untrained>
			<exclusive>N</exclusive>
			<trained_total>0</trained_total>
			<exclusive_total>0</exclusive_total>
			<classes></classes>
			<type>Intelligence.Base</type>
		</skill>
		<skill>
			<name>Perception</name>
			<ranks>2.0</ranks>
			<mod>1<!-- Mods from abilities, equipment, etc -->
			</mod>
			<skill_mod>3</skill_mod>
			<ability_mod>1<!-- Mod from the key ability -->
			</ability_mod>
			<misc_mod>0<!-- This is a calc value of TOTAL-RANK-ABMOD -->
			</misc_mod>
			<ability>WIS</ability>
			<synergy>Perception</synergy>
			<untrained>Y</untrained>
			<exclusive>N</exclusive>
			<trained_total>3</trained_total>
			<exclusive_total>3</exclusive_total>
			<classes></classes>
			<type>Wisdom.Base</type>
		</skill>
		<skill>
			<name>Perform (Dance)</name>
			<ranks>1.0</ranks>
			<mod>2<!-- Mods from abilities, equipment, etc -->
			</mod>
			<skill_mod>3</skill_mod>
			<ability_mod>2<!-- Mod from the key ability -->
			</ability_mod>
			<misc_mod>0<!-- This is a calc value of TOTAL-RANK-ABMOD -->
			</misc_mod>
			<ability>CHA</ability>
			<synergy>Perform (Dance)</synergy>
			<untrained>NO</untrained>
			<exclusive>N</exclusive>
			<trained_total>3</trained_total>
			<exclusive_total>3</exclusive_total>
			<classes></classes>
			<type>Charisma.Perform.Base</type>
		</skill>
		<skill>
			<name>Perform (Untrained)</name>
			<ranks>0.0</ranks>
			<mod>2<!-- Mods from abilities, equipment, etc -->
			</mod>
			<skill_mod>2</skill_mod>
			<ability_mod>2<!-- Mod from the key ability -->
			</ability_mod>
			<misc_mod>0<!-- This is a calc value of TOTAL-RANK-ABMOD -->
			</misc_mod>
			<ability>CHA</ability>
			<synergy>Perform (Untrained)</synergy>
			<untrained>Y</untrained>
			<exclusive>N</exclusive>
			<trained_total>2</trained_total>
			<exclusive_total>2</exclusive_total>
			<classes></classes>
			<type>Charisma.Perform</type>
		</skill>
		<skill>
			<name>Profession (Merchant)</name>
			<ranks>1.0</ranks>
			<mod>4<!-- Mods from abilities, equipment, etc -->
			</mod>
			<skill_mod>5</skill_mod>
			<ability_mod>1<!-- Mod from the key ability -->
			</ability_mod>
			<misc_mod>3<!-- This is a calc value of TOTAL-RANK-ABMOD -->
			</misc_mod>
			<ability>WIS</ability>
			<synergy>Profession (Merchant)</synergy>
			<untrained>NO</untrained>
			<exclusive>N</exclusive>
			<trained_total>5</trained_total>
			<exclusive_total>5</exclusive_total>
			<classes>Paladin</classes>
			<type>Wisdom.Profession.Base</type>
		</skill>
		<skill>
			<name>Ride</name>
			<ranks>1.0</ranks>
			<mod>-1<!-- Mods from abilities, equipment, etc -->
			</mod>
			<skill_mod>0</skill_mod>
			<ability_mod>1<!-- Mod from the key ability -->
			</ability_mod>
			<misc_mod>-2<!-- This is a calc value of TOTAL-RANK-ABMOD -->
			</misc_mod>
			<ability>DEX</ability>
			<synergy>Ride</synergy>
			<untrained>Y</untrained>
			<exclusive>N</exclusive>
			<trained_total>0</trained_total>
			<exclusive_total>0</exclusive_total>
			<classes>Paladin</classes>
			<type>Dexterity.ACHECK.Base</type>
		</skill>
		<skill>
			<name>Sense Motive</name>
			<ranks>1.0</ranks>
			<mod>4<!-- Mods from abilities, equipment, etc -->
			</mod>
			<skill_mod>5</skill_mod>
			<ability_mod>1<!-- Mod from the key ability -->
			</ability_mod>
			<misc_mod>3<!-- This is a calc value of TOTAL-RANK-ABMOD -->
			</misc_mod>
			<ability>WIS</ability>
			<synergy>Sense Motive</synergy>
			<untrained>Y</untrained>
			<exclusive>N</exclusive>
			<trained_total>5</trained_total>
			<exclusive_total>5</exclusive_total>
			<classes>Paladin</classes>
			<type>Wisdom.Base</type>
		</skill>
		<skill>
			<name>Stealth</name>
			<ranks>0.0</ranks>
			<mod>-4<!-- Mods from abilities, equipment, etc -->
			</mod>
			<skill_mod>-4</skill_mod>
			<ability_mod>1<!-- Mod from the key ability -->
			</ability_mod>
			<misc_mod>-5<!-- This is a calc value of TOTAL-RANK-ABMOD -->
			</misc_mod>
			<ability>DEX</ability>
			<synergy>Stealth</synergy>
			<untrained>Y</untrained>
			<exclusive>N</exclusive>
			<trained_total>-4</trained_total>
			<exclusive_total>-4</exclusive_total>
			<classes></classes>
			<type>Dexterity.ACHECK.Base</type>
		</skill>
		<skill>
			<name>Survival</name>
			<ranks>0.0</ranks>
			<mod>1<!-- Mods from abilities, equipment, etc -->
			</mod>
			<skill_mod>1</skill_mod>
			<ability_mod>1<!-- Mod from the key ability -->
			</ability_mod>
			<misc_mod>0<!-- This is a calc value of TOTAL-RANK-ABMOD -->
			</misc_mod>
			<ability>WIS</ability>
			<synergy>Survival</synergy>
			<untrained>Y</untrained>
			<exclusive>N</exclusive>
			<trained_total>1</trained_total>
			<exclusive_total>1</exclusive_total>
			<classes></classes>
			<type>Wisdom.Base</type>
		</skill>
		<skill>
			<name>Swim</name>
			<ranks>0.0</ranks>
			<mod>-1<!-- Mods from abilities, equipment, etc -->
			</mod>
			<skill_mod>-1</skill_mod>
			<ability_mod>4<!-- Mod from the key ability -->
			</ability_mod>
			<misc_mod>-5<!-- This is a calc value of TOTAL-RANK-ABMOD -->
			</misc_mod>
			<ability>STR</ability>
			<synergy>Swim</synergy>
			<untrained>Y</untrained>
			<exclusive>N</exclusive>
			<trained_total>-1</trained_total>
			<exclusive_total>-1</exclusive_total>
			<classes></classes>
			<type>Strength.ACHECK.Base</type>
		</skill>

	<!-- Skills -->
	</skills>
	<!--
	  ====================================
	  ====================================
			SAVING THROWS
	  ====================================
	  ====================================-->
	<saving_throws>
		<conditional_modifiers>
		</conditional_modifiers>
		<saving_throw>
			<name>
				<long>fortitude</long>
				<short>fort</short>
			</name>
				<ability>constitution</ability>
			<total>+9</total>
			<base>+5</base>
			<abil_mod>+2</abil_mod>
			<feats>+0</feats>
			<magic_mod>+0</magic_mod>
			<misc_mod>+2</misc_mod>
			<misc_w_magic_mod>+2</misc_w_magic_mod>
			<race>+0</race>
			<epic_mod>+0</epic_mod>
			<temp_mod/>
		</saving_throw>
		<saving_throw>
			<name>
				<long>reflex</long>
				<short>ref</short>
			</name>
				<ability>dexterity</ability>
			<total>+5</total>
			<base>+2</base>
			<abil_mod>+1</abil_mod>
			<feats>+0</feats>
			<magic_mod>+0</magic_mod>
			<misc_mod>+2</misc_mod>
			<misc_w_magic_mod>+2</misc_w_magic_mod>
			<race>+0</race>
			<epic_mod>+0</epic_mod>
			<temp_mod/>
		</saving_throw>
		<saving_throw>
			<name>
				<long>will</long>
				<short>will</short>
			</name>
				<ability>wisdom</ability>
			<total>+8</total>
			<base>+5</base>
			<abil_mod>+1</abil_mod>
			<feats>+0</feats>
			<magic_mod>+0</magic_mod>
			<misc_mod>+2</misc_mod>
			<misc_w_magic_mod>+2</misc_w_magic_mod>
			<race>+0</race>
			<epic_mod>+0</epic_mod>
			<temp_mod/>
		</saving_throw>
	</saving_throws>
	<!--
	  ====================================
	  ====================================
			ATTACK
	  ====================================
	  ====================================-->
	<attack>
			<conditional_modifiers>
			</conditional_modifiers>

		<melee>
			<total>+10/+5</total>
			<total_short>+10</total_short>
			<bab>+6</bab>
			<!-- +6 -->
			<base_attack_bonus>+6/+1</base_attack_bonus>
			<stat_mod>+4</stat_mod>
			<size_mod>+0</size_mod>
			<misc_mod>+0</misc_mod>
			<epic_mod>0</epic_mod>
			<!-- +0 -->
			<temp_mod/>
		</melee>
		<ranged>
			<total>+7/+2</total>
			<bab>+6</bab>
			<!-- +6 -->
			<base_attack_bonus>+6/+1</base_attack_bonus>
			<stat_mod>+1</stat_mod>
			<size_mod>+0</size_mod>
			<misc_mod>+0</misc_mod>
			<epic_mod>0</epic_mod>
			<!-- +0 -->
			<temp_mod/>
		</ranged>
			<!-- Either CMB block, or Grapple Block -->
			<cmb>
				<!-- Base stuff for standard block -->
				<title>CMB</title>
				<total>+10</total>
				<bab>+6</bab>
				<base_attack_bonus>+6/+1</base_attack_bonus>
				<stat_mod>+4</stat_mod>
				<size_mod>+0</size_mod>
				<misc_mod></misc_mod>	
				<epic_mod/>
				<temp_mod/>
				<!-- Base values (not yet used) -->
				<grapple_base>+10</grapple_base>
				<trip_base>+10</trip_base>
				<disarm_base>+10</disarm_base>
				<sunder_base>+10</sunder_base>
				<bullrush_base>+0</bullrush_base>
				<overrun_base>+10</overrun_base>
				<!-- Defense values -->
				<!-- Pathfinder (final release) -->
				<!-- Attack values -->
				<grapple_attack>+10</grapple_attack>
				<trip_attack>+10</trip_attack>
				<disarm_attack>+10</disarm_attack>
				<sunder_attack>+10</sunder_attack>
				<bullrush_attack>+10</bullrush_attack>
				<overrun_attack>+10</overrun_attack>
				<!-- Defense values -->
				<defense>22</defense>
				<grapple_defense>22</grapple_defense>
				<trip_defense>
				22
				</trip_defense>
				<disarm_defense>22</disarm_defense>
				<sunder_defense>22</sunder_defense>
				<bullrush_defense>22</bullrush_defense>
				<overrun_defense>22</overrun_defense>

			</cmb>
		<!-- End CMB / Grapple Block -->
	</attack>
	<!--
	  ====================================
	  ====================================
			WEAPONS
	  ====================================
	  ====================================-->

	<weapons>
		<unarmed>
			<total>+10/+5</total>
			<damage>1d3+4</damage>
			<critical>20/x2</critical>
			<!-- Should be changed to a variable due to improved crit -->
			<reach>5 ft.</reach>
						<!-- Commenting this out (will need a test as well)
			3.0 uses "Subdual", 3.5 uses "nonlethal".  We'll need a separate node for both.	-->
			<type>(lethal or nonlethal)</type>
		</unarmed>
		<!-- Spirit Weapon - Melee -->

		<!-- Spirit Weapon - Ranged -->
	<!-- End Spirit Weapon - Ranged -->

	<!-- Blank Natural Attack -->

	<!-- Natural Attack -->

	<!--	Request to remove the Double Weapon Block OS-133		-->
		<weapon>
			<common>
				<name>
					<short>*Flail +1 (Heavy)</short>
					<long>*Flail +1 (Heavy)</long>
					<output>*Flail +1 (Heavy)</output>
				</name>
				<category>Martial-Melee</category>
				<critical>
					<range>19-20</range>
					<multiplier>2</multiplier>
				</critical>
				<to_hit>
					<hit>+12/+7</hit>
					<magic_hit>+1</magic_hit>
					<total_hit>+12/+7</total_hit>
				</to_hit>
				<feat>
					<hit>+0</hit>
					<damage>+0</damage>
				</feat>
				<magic>
					<hit>+1</hit>
					<damage>+1</damage>
				</magic>
				<template>
					<hit>+0</hit>
					<damage>+0</damage>
				</template>
				<hand>Both</hand>
				<num_attacks>2</num_attacks>
				<reach>5</reach>
				<reachunit> ft.</reachunit>
				<size>M</size>
					<special_properties>disarm, trip</special_properties>
				<type>B</type>
				<weight>10</weight>
				<attacks>0</attacks>
				<heft>MEDIUM</heft>
				<range>0 ft.</range>
				<sizemod>+0</sizemod>
				<basehit>N/A</basehit>
				<misc>+1</misc>
				<damage>1d10+7</damage>
				<damagebonus>+7</damagebonus>
				<basedamagebonus>+0</basedamagebonus>
				<thdamagebonus>+7</thdamagebonus>
				<ohdamagebonus>N/A</ohdamagebonus>
				<rateoffire></rateoffire>
				<islight>FALSE</islight>
				<sequence>0</sequence>
			</common>
			<simple>
				<to_hit>+12/+7</to_hit>
				<damage>1d10+7</damage>
				<range>0 ft.</range>
				<!-- This is an Addition by Itwally for the Monk Flurry of Blows Fix per DATA-73 -->
				<name>*Flail +1 (Heavy)</name>
				<class>Pld6</class>
		<!-- End DATA-73 Work Around-->
			</simple>
		</weapon>
	<!--	Request to remove the Double Weapon Block OS-133		-->
		<weapon>
			<common>
				<name>
					<short>*Flail +1 (Heavy) [Power Attack (Two-Handed)]</short>
					<long>*Flail +1 (Heavy) [Power Attack (Two-Handed)]</long>
					<output>*Flail +1 (Heavy) [Power Attack (Two-Handed)]</output>
				</name>
				<category>Martial-Melee</category>
				<critical>
					<range>19-20</range>
					<multiplier>2</multiplier>
				</critical>
				<to_hit>
					<hit>+10/+5</hit>
					<magic_hit>-1</magic_hit>
					<total_hit>+10/+5</total_hit>
				</to_hit>
				<feat>
					<hit>+0</hit>
					<damage>+0</damage>
				</feat>
				<magic>
					<hit>-1</hit>
					<damage>+7</damage>
				</magic>
				<template>
					<hit>+0</hit>
					<damage>+0</damage>
				</template>
				<hand>Both</hand>
				<num_attacks>2</num_attacks>
				<reach>5</reach>
				<reachunit> ft.</reachunit>
				<size>M</size>
					<special_properties>disarm, trip</special_properties>
				<type>B</type>
				<weight>0</weight>
				<attacks>0</attacks>
				<heft>MEDIUM</heft>
				<range>0 ft.</range>
				<sizemod>+0</sizemod>
				<basehit>N/A</basehit>
				<misc>+1</misc>
				<damage>1d10+13</damage>
				<damagebonus>+13</damagebonus>
				<basedamagebonus>+0</basedamagebonus>
				<thdamagebonus>+13</thdamagebonus>
				<ohdamagebonus>N/A</ohdamagebonus>
				<rateoffire></rateoffire>
				<islight>FALSE</islight>
				<sequence>1</sequence>
			</common>
			<simple>
				<to_hit>+10/+5</to_hit>
				<damage>1d10+13</damage>
				<range>0 ft.</range>
				<!-- This is an Addition by Itwally for the Monk Flurry of Blows Fix per DATA-73 -->
				<name>*Flail +1 (Heavy) [Power Attack (Two-Handed)]</name>
				<class>Pld6</class>
		<!-- End DATA-73 Work Around-->
			</simple>
		</weapon>
	<!--	Request to remove the Double Weapon Block OS-133		-->
		<weapon>
			<common>
				<name>
					<short>*Spiked Gauntlet</short>
					<long>*Gauntlet, Spiked</long>
					<output>*Spiked Gauntlet</output>
				</name>
				<category>Simple-Melee</category>
				<critical>
					<range>20</range>
					<multiplier>2</multiplier>
				</critical>
				<to_hit>
					<hit>+10/+5</hit>
					<magic_hit>+0</magic_hit>
					<total_hit>+10/+5</total_hit>
				</to_hit>
				<feat>
					<hit>+0</hit>
					<damage>+0</damage>
				</feat>
				<magic>
					<hit>+0</hit>
					<damage>+0</damage>
				</magic>
				<template>
					<hit>+0</hit>
					<damage>+0</damage>
				</template>
				<hand>Equipped</hand>
				<num_attacks>2</num_attacks>
				<reach>5</reach>
				<reachunit> ft.</reachunit>
				<size>M</size>
					<special_properties></special_properties>
				<type>P</type>
				<weight>0</weight>
				<attacks>0</attacks>
				<heft>MEDIUM</heft>
				<range>0 ft.</range>
				<sizemod>+0</sizemod>
				<basehit>+10/+5</basehit>
				<misc>+0</misc>
				<damage>1d4+4</damage>
				<damagebonus>+4</damagebonus>
				<basedamagebonus>+0</basedamagebonus>
				<thdamagebonus>+4</thdamagebonus>
				<ohdamagebonus>+2</ohdamagebonus>
				<rateoffire></rateoffire>
				<islight>TRUE</islight>
				<sequence>2</sequence>
			</common>
			<melee>
				<invalidtext>
					<tohit>N/A</tohit>
					<damage>N/A</damage>
				</invalidtext>
				<hand>Equipped</hand>
				<w1_h1_p>
					<!-- One weapon, 1 hand, primary hand -->
					<to_hit>+10/+5</to_hit>
					<damage>1d4+4</damage>
				</w1_h1_p>
				<w1_h1_o>
					<!-- One weapon, 1 handed, offhand -->
					<to_hit>+6/+1</to_hit>
					<damage>1d4+2</damage>
				</w1_h1_o>
				<w1_h2>
					<!-- One weapon, 2 handed -->
					<to_hit>+10/+5</to_hit>
					<damage>1d4+4</damage>
				</w1_h2>
				<w2_p_oh>
					<!-- Two weapons, this weapon in primary hand, other hand with heavy weapon -->
					<to_hit>+4/-1</to_hit>
					<damage>1d4+4</damage>
				</w2_p_oh>
				<w2_p_ol>
					<!-- Two weapons, this weapon in primary hand, other hand with light weapon -->
					<to_hit>+6/+1</to_hit>
					<damage>1d4+4</damage>
				</w2_p_ol>
				<w2_o>
					<!-- Two weapons, this weapon in off-hand -->
					<to_hit>+2</to_hit>
					<damage>1d4+2</damage>
				</w2_o>
			</melee>
		</weapon>
		<weapon>
			<common>
				<name>
					<short>Holy Water</short>
					<long>Holy Water</long>
					<output>Holy Water</output>
				</name>
				<category>Non-Standard-Ranged</category>
				<critical>
					<range>20</range>
					<multiplier>2</multiplier>
				</critical>
				<to_hit>
					<hit>+7/+2</hit>
					<magic_hit>+0</magic_hit>
					<total_hit>+7/+2</total_hit>
				</to_hit>
				<feat>
					<hit>+0</hit>
					<damage>+0</damage>
				</feat>
				<magic>
					<hit>+0</hit>
					<damage>+0</damage>
				</magic>
				<template>
					<hit>+0</hit>
					<damage>+0</damage>
				</template>
				<hand>Equipped</hand>
				<num_attacks>2</num_attacks>
				<reach>5</reach>
				<reachunit> ft.</reachunit>
				<size>M</size>
					<special_properties>splash weapon</special_properties>
				<type></type>
				<weight>1</weight>
				<attacks>0</attacks>
				<heft>MEDIUM</heft>
				<range>10 ft.</range>
				<sizemod>+0</sizemod>
				<basehit>+7/+2</basehit>
				<misc>+0</misc>
				<damage>1d6-4</damage>
				<damagebonus>-4</damagebonus>
				<basedamagebonus>+0</basedamagebonus>
				<thdamagebonus>-4</thdamagebonus>
				<ohdamagebonus>-4</ohdamagebonus>
				<rateoffire></rateoffire>
				<islight>FALSE</islight>
				<sequence>3</sequence>
			</common>
			<ranges>

				<rangetype>Thrown</rangetype>
				<range>
					<distance>10 ft.</distance>
					<to_hit>+7/+2</to_hit>
					<damage>1d6</damage>
					<basehit>+7/+2</basehit>
					<tohit_offhand>+3/-2</tohit_offhand>
					<tohit_twohand>+7/+2</tohit_twohand>
					<tohit_2weap_heavy>+1/-4</tohit_2weap_heavy>
					<tohit_2weap_light>+3/-2</tohit_2weap_light>
					<tohit_2weap_offhand>-3</tohit_2weap_offhand>
				</range>
									<range>
					<distance>20 ft.</distance>
					<to_hit>+5/+0</to_hit>
					<damage>1d6</damage>
					<basehit>+5/+0</basehit>
					<tohit_offhand>+1/-4</tohit_offhand>
					<tohit_twohand>+5/+0</tohit_twohand>
					<tohit_2weap_heavy>-1/-6</tohit_2weap_heavy>
					<tohit_2weap_light>+1/-4</tohit_2weap_light>
					<tohit_2weap_offhand>-5</tohit_2weap_offhand>
				</range>
									<range>
					<distance>30 ft.</distance>
					<to_hit>+3/-2</to_hit>
					<damage>1d6</damage>
					<basehit>+3/-2</basehit>
					<tohit_offhand>-1/-6</tohit_offhand>
					<tohit_twohand>+3/-2</tohit_twohand>
					<tohit_2weap_heavy>-3/-8</tohit_2weap_heavy>
					<tohit_2weap_light>-1/-6</tohit_2weap_light>
					<tohit_2weap_offhand>-7</tohit_2weap_offhand>
				</range>
									<range>
					<distance>40 ft.</distance>
					<to_hit>+1/-4</to_hit>
					<damage>1d6</damage>
					<basehit>+1/-4</basehit>
					<tohit_offhand>-3/-8</tohit_offhand>
					<tohit_twohand>+1/-4</tohit_twohand>
					<tohit_2weap_heavy>-5/-10</tohit_2weap_heavy>
					<tohit_2weap_light>-3/-8</tohit_2weap_light>
					<tohit_2weap_offhand>-9</tohit_2weap_offhand>
				</range>
									<range>
					<distance>50 ft.</distance>
					<to_hit>-1/-6</to_hit>
					<damage>1d6</damage>
					<basehit>-1/-6</basehit>
					<tohit_offhand>-5/-10</tohit_offhand>
					<tohit_twohand>-1/-6</tohit_twohand>
					<tohit_2weap_heavy>-7/-12</tohit_2weap_heavy>
					<tohit_2weap_light>-5/-10</tohit_2weap_light>
					<tohit_2weap_offhand>-11</tohit_2weap_offhand>
				</range>
										<!-- Range -->
			</ranges>
		</weapon>

		<weapon>
			<common>
				<name>
					<short>Oil</short>
					<long>Oil, 1 Pint Flask</long>
					<output>Oil</output>
				</name>
				<category>Non-Standard-Ranged</category>
				<critical>
					<range>20</range>
					<multiplier>2</multiplier>
				</critical>
				<to_hit>
					<hit>+7/+2</hit>
					<magic_hit>+0</magic_hit>
					<total_hit>+7/+2</total_hit>
				</to_hit>
				<feat>
					<hit>+0</hit>
					<damage>+0</damage>
				</feat>
				<magic>
					<hit>+0</hit>
					<damage>+0</damage>
				</magic>
				<template>
					<hit>+0</hit>
					<damage>+0</damage>
				</template>
				<hand>Equipped</hand>
				<num_attacks>2</num_attacks>
				<reach>5</reach>
				<reachunit> ft.</reachunit>
				<size>M</size>
					<special_properties>splash weapon, full-round action to prepare, 50% chance to ignite</special_properties>
				<type>F</type>
				<weight>1</weight>
				<attacks>0</attacks>
				<heft>MEDIUM</heft>
				<range>10 ft.</range>
				<sizemod>+0</sizemod>
				<basehit>+7/+2</basehit>
				<misc>+0</misc>
				<damage>1d6-4</damage>
				<damagebonus>-4</damagebonus>
				<basedamagebonus>+0</basedamagebonus>
				<thdamagebonus>-4</thdamagebonus>
				<ohdamagebonus>-4</ohdamagebonus>
				<rateoffire></rateoffire>
				<islight>FALSE</islight>
				<sequence>4</sequence>
			</common>
			<ranges>

				<rangetype>Thrown</rangetype>
				<range>
					<distance>10 ft.</distance>
					<to_hit>+7/+2</to_hit>
					<damage>1d6</damage>
					<basehit>+7/+2</basehit>
					<tohit_offhand>+3/-2</tohit_offhand>
					<tohit_twohand>+7/+2</tohit_twohand>
					<tohit_2weap_heavy>+1/-4</tohit_2weap_heavy>
					<tohit_2weap_light>+3/-2</tohit_2weap_light>
					<tohit_2weap_offhand>-3</tohit_2weap_offhand>
				</range>
									<range>
					<distance>20 ft.</distance>
					<to_hit>+5/+0</to_hit>
					<damage>1d6</damage>
					<basehit>+5/+0</basehit>
					<tohit_offhand>+1/-4</tohit_offhand>
					<tohit_twohand>+5/+0</tohit_twohand>
					<tohit_2weap_heavy>-1/-6</tohit_2weap_heavy>
					<tohit_2weap_light>+1/-4</tohit_2weap_light>
					<tohit_2weap_offhand>-5</tohit_2weap_offhand>
				</range>
									<range>
					<distance>30 ft.</distance>
					<to_hit>+3/-2</to_hit>
					<damage>1d6</damage>
					<basehit>+3/-2</basehit>
					<tohit_offhand>-1/-6</tohit_offhand>
					<tohit_twohand>+3/-2</tohit_twohand>
					<tohit_2weap_heavy>-3/-8</tohit_2weap_heavy>
					<tohit_2weap_light>-1/-6</tohit_2weap_light>
					<tohit_2weap_offhand>-7</tohit_2weap_offhand>
				</range>
									<range>
					<distance>40 ft.</distance>
					<to_hit>+1/-4</to_hit>
					<damage>1d6</damage>
					<basehit>+1/-4</basehit>
					<tohit_offhand>-3/-8</tohit_offhand>
					<tohit_twohand>+1/-4</tohit_twohand>
					<tohit_2weap_heavy>-5/-10</tohit_2weap_heavy>
					<tohit_2weap_light>-3/-8</tohit_2weap_light>
					<tohit_2weap_offhand>-9</tohit_2weap_offhand>
				</range>
									<range>
					<distance>50 ft.</distance>
					<to_hit>-1/-6</to_hit>
					<damage>1d6</damage>
					<basehit>-1/-6</basehit>
					<tohit_offhand>-5/-10</tohit_offhand>
					<tohit_twohand>-1/-6</tohit_twohand>
					<tohit_2weap_heavy>-7/-12</tohit_2weap_heavy>
					<tohit_2weap_light>-5/-10</tohit_2weap_light>
					<tohit_2weap_offhand>-11</tohit_2weap_offhand>
				</range>
										<!-- Range -->
			</ranges>
		</weapon>


		<weapon>
			<common>
				<name>
					<short>Dagger</short>
					<long>Dagger</long>
					<output>Dagger</output>
				</name>
				<category>Simple-Both (Melee)</category>
				<critical>
					<range>19-20</range>
					<multiplier>2</multiplier>
				</critical>
				<to_hit>
					<hit>+10/+5</hit>
					<magic_hit>+0</magic_hit>
					<total_hit>+10/+5</total_hit>
				</to_hit>
				<feat>
					<hit>+0</hit>
					<damage>+0</damage>
				</feat>
				<magic>
					<hit>+0</hit>
					<damage>+0</damage>
				</magic>
				<template>
					<hit>+0</hit>
					<damage>+0</damage>
				</template>
				<hand>Carried</hand>
				<num_attacks>2</num_attacks>
				<reach>5</reach>
				<reachunit> ft.</reachunit>
				<size>M</size>
					<special_properties></special_properties>
				<type>PS</type>
				<weight>0</weight>
				<attacks>0</attacks>
				<heft>MEDIUM</heft>
				<range>0 ft.</range>
				<sizemod>+0</sizemod>
				<basehit>+10/+5</basehit>
				<misc>+0</misc>
				<damage>1d4+4</damage>
				<damagebonus>+4</damagebonus>
				<basedamagebonus>+0</basedamagebonus>
				<thdamagebonus>+4</thdamagebonus>
				<ohdamagebonus>+2</ohdamagebonus>
				<rateoffire></rateoffire>
				<islight>TRUE</islight>
				<sequence>5</sequence>
			</common>
			<melee>
				<invalidtext>
					<tohit>N/A</tohit>
					<damage>N/A</damage>
				</invalidtext>
				<hand>Carried</hand>
				<w1_h1_p>
					<!-- One weapon, 1 hand, primary hand -->
					<to_hit>+10/+5</to_hit>
					<damage>1d4+4</damage>
				</w1_h1_p>
				<w1_h1_o>
					<!-- One weapon, 1 handed, offhand -->
					<to_hit>+6/+1</to_hit>
					<damage>1d4+2</damage>
				</w1_h1_o>
				<w1_h2>
					<!-- One weapon, 2 handed -->
					<to_hit>+10/+5</to_hit>
					<damage>1d4+4</damage>
				</w1_h2>
				<w2_p_oh>
					<!-- Two weapons, this weapon in primary hand, other hand with heavy weapon -->
					<to_hit>+4/-1</to_hit>
					<damage>1d4+4</damage>
				</w2_p_oh>
				<w2_p_ol>
					<!-- Two weapons, this weapon in primary hand, other hand with light weapon -->
					<to_hit>+6/+1</to_hit>
					<damage>1d4+4</damage>
				</w2_p_ol>
				<w2_o>
					<!-- Two weapons, this weapon in off-hand -->
					<to_hit>+2</to_hit>
					<damage>1d4+2</damage>
				</w2_o>
			</melee>
	<!-- End New Ranges Section -->

			<ranges>
				<rangetype>Thrown</rangetype>
				<range>
					<distance>10 ft.</distance>
					<to_hit>+7/+2</to_hit>
					<damage>1d4+4</damage>
					<basehit>+7/+2</basehit>
					<tohit_offhand>+3/-2</tohit_offhand>
					<tohit_twohand>+7/+2</tohit_twohand>
					<tohit_2weap_heavy>+1/-4</tohit_2weap_heavy>
					<tohit_2weap_light>+3/-2</tohit_2weap_light>
					<tohit_2weap_offhand>-1</tohit_2weap_offhand>
				</range>
				<range>
					<distance>20 ft.</distance>
					<to_hit>+5/+0</to_hit>
					<damage>1d4+4</damage>
					<basehit>+5/+0</basehit>
					<tohit_offhand>+1/-4</tohit_offhand>
					<tohit_twohand>+5/+0</tohit_twohand>
					<tohit_2weap_heavy>-1/-6</tohit_2weap_heavy>
					<tohit_2weap_light>+1/-4</tohit_2weap_light>
					<tohit_2weap_offhand>-3</tohit_2weap_offhand>
				</range>
				<range>
					<distance>30 ft.</distance>
					<to_hit>+3/-2</to_hit>
					<damage>1d4+4</damage>
					<basehit>+3/-2</basehit>
					<tohit_offhand>-1/-6</tohit_offhand>
					<tohit_twohand>+3/-2</tohit_twohand>
					<tohit_2weap_heavy>-3/-8</tohit_2weap_heavy>
					<tohit_2weap_light>-1/-6</tohit_2weap_light>
					<tohit_2weap_offhand>-5</tohit_2weap_offhand>
				</range>
				<range>
					<distance>40 ft.</distance>
					<to_hit>+1/-4</to_hit>
					<damage>1d4+4</damage>
					<basehit>+1/-4</basehit>
					<tohit_offhand>-3/-8</tohit_offhand>
					<tohit_twohand>+1/-4</tohit_twohand>
					<tohit_2weap_heavy>-5/-10</tohit_2weap_heavy>
					<tohit_2weap_light>-3/-8</tohit_2weap_light>
					<tohit_2weap_offhand>-7</tohit_2weap_offhand>
				</range>
				<range>
					<distance>50 ft.</distance>
					<to_hit>-1/-6</to_hit>
					<damage>1d4+4</damage>
					<basehit>-1/-6</basehit>
					<tohit_offhand>-5/-10</tohit_offhand>
					<tohit_twohand>-1/-6</tohit_twohand>
					<tohit_2weap_heavy>-7/-12</tohit_2weap_heavy>
					<tohit_2weap_light>-5/-10</tohit_2weap_light>
					<tohit_2weap_offhand>-9</tohit_2weap_offhand>
				</range>
			</ranges>
		</weapon>
	<!-- End New Ranges Section -->
		<weapon>
			<common>
				<name>
					<short>Javelin</short>
					<long>Javelin</long>
					<output>Javelin</output>
				</name>
				<category>Simple-Ranged</category>
				<critical>
					<range>20</range>
					<multiplier>2</multiplier>
				</critical>
				<to_hit>
					<hit>+7/+2</hit>
					<magic_hit>+0</magic_hit>
					<total_hit>+7/+2</total_hit>
				</to_hit>
				<feat>
					<hit>+0</hit>
					<damage>+0</damage>
				</feat>
				<magic>
					<hit>+0</hit>
					<damage>+0</damage>
				</magic>
				<template>
					<hit>+0</hit>
					<damage>+0</damage>
				</template>
				<hand>Not Carried</hand>
				<num_attacks>2</num_attacks>
				<reach>5</reach>
				<reachunit> ft.</reachunit>
				<size>M</size>
					<special_properties></special_properties>
				<type>P</type>
				<weight>2</weight>
				<attacks>0</attacks>
				<heft>MEDIUM</heft>
				<range>30 ft.</range>
				<sizemod>+0</sizemod>
				<basehit>+7/+2</basehit>
				<misc>+0</misc>
				<damage>1d6</damage>
				<damagebonus>+0</damagebonus>
				<basedamagebonus>+0</basedamagebonus>
				<thdamagebonus>+0</thdamagebonus>
				<ohdamagebonus>+0</ohdamagebonus>
				<rateoffire></rateoffire>
				<islight>FALSE</islight>
				<sequence>7</sequence>
			</common>
			<ranges>

				<rangetype>Thrown</rangetype>
				<range>
					<distance>30 ft.</distance>
					<to_hit>+7/+2</to_hit>
					<damage>1d6+4</damage>
					<basehit>+7/+2</basehit>
					<tohit_offhand>+3/-2</tohit_offhand>
					<tohit_twohand>+7/+2</tohit_twohand>
					<tohit_2weap_heavy>+1/-4</tohit_2weap_heavy>
					<tohit_2weap_light>+3/-2</tohit_2weap_light>
					<tohit_2weap_offhand>-3</tohit_2weap_offhand>
				</range>
									<range>
					<distance>60 ft.</distance>
					<to_hit>+5/+0</to_hit>
					<damage>1d6+4</damage>
					<basehit>+5/+0</basehit>
					<tohit_offhand>+1/-4</tohit_offhand>
					<tohit_twohand>+5/+0</tohit_twohand>
					<tohit_2weap_heavy>-1/-6</tohit_2weap_heavy>
					<tohit_2weap_light>+1/-4</tohit_2weap_light>
					<tohit_2weap_offhand>-5</tohit_2weap_offhand>
				</range>
									<range>
					<distance>90 ft.</distance>
					<to_hit>+3/-2</to_hit>
					<damage>1d6+4</damage>
					<basehit>+3/-2</basehit>
					<tohit_offhand>-1/-6</tohit_offhand>
					<tohit_twohand>+3/-2</tohit_twohand>
					<tohit_2weap_heavy>-3/-8</tohit_2weap_heavy>
					<tohit_2weap_light>-1/-6</tohit_2weap_light>
					<tohit_2weap_offhand>-7</tohit_2weap_offhand>
				</range>
									<range>
					<distance>120 ft.</distance>
					<to_hit>+1/-4</to_hit>
					<damage>1d6+4</damage>
					<basehit>+1/-4</basehit>
					<tohit_offhand>-3/-8</tohit_offhand>
					<tohit_twohand>+1/-4</tohit_twohand>
					<tohit_2weap_heavy>-5/-10</tohit_2weap_heavy>
					<tohit_2weap_light>-3/-8</tohit_2weap_light>
					<tohit_2weap_offhand>-9</tohit_2weap_offhand>
				</range>
									<range>
					<distance>150 ft.</distance>
					<to_hit>-1/-6</to_hit>
					<damage>1d6+4</damage>
					<basehit>-1/-6</basehit>
					<tohit_offhand>-5/-10</tohit_offhand>
					<tohit_twohand>-1/-6</tohit_twohand>
					<tohit_2weap_heavy>-7/-12</tohit_2weap_heavy>
					<tohit_2weap_light>-5/-10</tohit_2weap_light>
					<tohit_2weap_offhand>-11</tohit_2weap_offhand>
				</range>
										<!-- Range -->
			</ranges>
		</weapon>

	<!--	Request to remove the Double Weapon Block OS-133		-->
		<weapon>
			<common>
				<name>
					<short>Longsword (Alchemical Silver)</short>
					<long>Longsword (Alchemical Silver)</long>
					<output>Longsword (Alchemical Silver)</output>
				</name>
				<category>Martial-Melee</category>
				<critical>
					<range>19-20</range>
					<multiplier>2</multiplier>
				</critical>
				<to_hit>
					<hit>+10/+5</hit>
					<magic_hit>+0</magic_hit>
					<total_hit>+10/+5</total_hit>
				</to_hit>
				<feat>
					<hit>+0</hit>
					<damage>+0</damage>
				</feat>
				<magic>
					<hit>+0</hit>
					<damage>-1</damage>
				</magic>
				<template>
					<hit>+0</hit>
					<damage>+0</damage>
				</template>
				<hand>Carried</hand>
				<num_attacks>2</num_attacks>
				<reach>5</reach>
				<reachunit> ft.</reachunit>
				<size>M</size>
					<special_properties>silver</special_properties>
				<type>S</type>
				<weight>4</weight>
				<attacks>0</attacks>
				<heft>MEDIUM</heft>
				<range>0 ft.</range>
				<sizemod>+0</sizemod>
				<basehit>+10/+5</basehit>
				<misc>+0</misc>
				<damage>1d8+3</damage>
				<damagebonus>+3</damagebonus>
				<basedamagebonus>+0</basedamagebonus>
				<thdamagebonus>+5</thdamagebonus>
				<ohdamagebonus>+1</ohdamagebonus>
				<rateoffire></rateoffire>
				<islight>FALSE</islight>
				<sequence>8</sequence>
			</common>
			<melee>
				<invalidtext>
					<tohit>N/A</tohit>
					<damage>N/A</damage>
				</invalidtext>
				<hand>Carried</hand>
				<w1_h1_p>
					<!-- One weapon, 1 hand, primary hand -->
					<to_hit>+10/+5</to_hit>
					<damage>1d8+3</damage>
				</w1_h1_p>
				<w1_h1_o>
					<!-- One weapon, 1 handed, offhand -->
					<to_hit>+6/+1</to_hit>
					<damage>1d8+1</damage>
				</w1_h1_o>
				<w1_h2>
					<!-- One weapon, 2 handed -->
					<to_hit>+10/+5</to_hit>
					<damage>1d8+5</damage>
				</w1_h2>
				<w2_p_oh>
					<!-- Two weapons, this weapon in primary hand, other hand with heavy weapon -->
					<to_hit>+4/-1</to_hit>
					<damage>1d8+3</damage>
				</w2_p_oh>
				<w2_p_ol>
					<!-- Two weapons, this weapon in primary hand, other hand with light weapon -->
					<to_hit>+6/+1</to_hit>
					<damage>1d8+3</damage>
				</w2_p_ol>
				<w2_o>
					<!-- Two weapons, this weapon in off-hand -->
					<to_hit>+0</to_hit>
					<damage>1d8+1</damage>
				</w2_o>
			</melee>
		</weapon>

		<weapon>
			<common>
				<name>
					<short>Wooden Stake</short>
					<long>Wooden Stake</long>
					<output>Wooden Stake</output>
				</name>
				<category>Simple-Both (Melee)</category>
				<critical>
					<range>20</range>
					<multiplier>2</multiplier>
				</critical>
				<to_hit>
					<hit>+10/+5</hit>
					<magic_hit>+0</magic_hit>
					<total_hit>+10/+5</total_hit>
				</to_hit>
				<feat>
					<hit>+0</hit>
					<damage>+0</damage>
				</feat>
				<magic>
					<hit>+0</hit>
					<damage>+0</damage>
				</magic>
				<template>
					<hit>+0</hit>
					<damage>+0</damage>
				</template>
				<hand>Not Carried</hand>
				<num_attacks>2</num_attacks>
				<reach>5</reach>
				<reachunit> ft.</reachunit>
				<size>M</size>
					<special_properties></special_properties>
				<type>P</type>
				<weight>0</weight>
				<attacks>0</attacks>
				<heft>MEDIUM</heft>
				<range>0 ft.</range>
				<sizemod>+0</sizemod>
				<basehit>+10/+5</basehit>
				<misc>+0</misc>
				<damage>1d4+4</damage>
				<damagebonus>+4</damagebonus>
				<basedamagebonus>+0</basedamagebonus>
				<thdamagebonus>+4</thdamagebonus>
				<ohdamagebonus>+2</ohdamagebonus>
				<rateoffire></rateoffire>
				<islight>TRUE</islight>
				<sequence>9</sequence>
			</common>
			<melee>
				<invalidtext>
					<tohit>N/A</tohit>
					<damage>N/A</damage>
				</invalidtext>
				<hand>Not Carried</hand>
				<w1_h1_p>
					<!-- One weapon, 1 hand, primary hand -->
					<to_hit>+10/+5</to_hit>
					<damage>1d4+4</damage>
				</w1_h1_p>
				<w1_h1_o>
					<!-- One weapon, 1 handed, offhand -->
					<to_hit>+6/+1</to_hit>
					<damage>1d4+2</damage>
				</w1_h1_o>
				<w1_h2>
					<!-- One weapon, 2 handed -->
					<to_hit>+10/+5</to_hit>
					<damage>1d4+4</damage>
				</w1_h2>
				<w2_p_oh>
					<!-- Two weapons, this weapon in primary hand, other hand with heavy weapon -->
					<to_hit>+4/-1</to_hit>
					<damage>1d4+4</damage>
				</w2_p_oh>
				<w2_p_ol>
					<!-- Two weapons, this weapon in primary hand, other hand with light weapon -->
					<to_hit>+6/+1</to_hit>
					<damage>1d4+4</damage>
				</w2_p_ol>
				<w2_o>
					<!-- Two weapons, this weapon in off-hand -->
					<to_hit>+2</to_hit>
					<damage>1d4+2</damage>
				</w2_o>
			</melee>
	<!-- End New Ranges Section -->

			<ranges>
				<rangetype>Thrown</rangetype>
				<range>
					<distance>10 ft.</distance>
					<to_hit>+7/+2</to_hit>
					<damage>1d4+4</damage>
					<basehit>+7/+2</basehit>
					<tohit_offhand>+3/-2</tohit_offhand>
					<tohit_twohand>+7/+2</tohit_twohand>
					<tohit_2weap_heavy>+1/-4</tohit_2weap_heavy>
					<tohit_2weap_light>+3/-2</tohit_2weap_light>
					<tohit_2weap_offhand>-1</tohit_2weap_offhand>
				</range>
				<range>
					<distance>20 ft.</distance>
					<to_hit>+5/+0</to_hit>
					<damage>1d4+4</damage>
					<basehit>+5/+0</basehit>
					<tohit_offhand>+1/-4</tohit_offhand>
					<tohit_twohand>+5/+0</tohit_twohand>
					<tohit_2weap_heavy>-1/-6</tohit_2weap_heavy>
					<tohit_2weap_light>+1/-4</tohit_2weap_light>
					<tohit_2weap_offhand>-3</tohit_2weap_offhand>
				</range>
				<range>
					<distance>30 ft.</distance>
					<to_hit>+3/-2</to_hit>
					<damage>1d4+4</damage>
					<basehit>+3/-2</basehit>
					<tohit_offhand>-1/-6</tohit_offhand>
					<tohit_twohand>+3/-2</tohit_twohand>
					<tohit_2weap_heavy>-3/-8</tohit_2weap_heavy>
					<tohit_2weap_light>-1/-6</tohit_2weap_light>
					<tohit_2weap_offhand>-5</tohit_2weap_offhand>
				</range>
				<range>
					<distance>40 ft.</distance>
					<to_hit>+1/-4</to_hit>
					<damage>1d4+4</damage>
					<basehit>+1/-4</basehit>
					<tohit_offhand>-3/-8</tohit_offhand>
					<tohit_twohand>+1/-4</tohit_twohand>
					<tohit_2weap_heavy>-5/-10</tohit_2weap_heavy>
					<tohit_2weap_light>-3/-8</tohit_2weap_light>
					<tohit_2weap_offhand>-7</tohit_2weap_offhand>
				</range>
				<range>
					<distance>50 ft.</distance>
					<to_hit>-1/-6</to_hit>
					<damage>1d4+4</damage>
					<basehit>-1/-6</basehit>
					<tohit_offhand>-5/-10</tohit_offhand>
					<tohit_twohand>-1/-6</tohit_twohand>
					<tohit_2weap_heavy>-7/-12</tohit_2weap_heavy>
					<tohit_2weap_light>-5/-10</tohit_2weap_light>
					<tohit_2weap_offhand>-9</tohit_2weap_offhand>
				</range>
			</ranges>
		</weapon>
	<!-- End New Ranges Section -->

		<weapon>
			<common>
				<name>
					<short>Wooden Stake</short>
					<long>Stake (Wood)</long>
					<output>Wooden Stake</output>
				</name>
				<category>Simple-Both (Melee)</category>
				<critical>
					<range>20</range>
					<multiplier>2</multiplier>
				</critical>
				<to_hit>
					<hit>+10/+5</hit>
					<magic_hit>+0</magic_hit>
					<total_hit>+10/+5</total_hit>
				</to_hit>
				<feat>
					<hit>+0</hit>
					<damage>+0</damage>
				</feat>
				<magic>
					<hit>+0</hit>
					<damage>+0</damage>
				</magic>
				<template>
					<hit>+0</hit>
					<damage>+0</damage>
				</template>
				<hand>Carried</hand>
				<num_attacks>2</num_attacks>
				<reach>5</reach>
				<reachunit> ft.</reachunit>
				<size>M</size>
					<special_properties></special_properties>
				<type>P</type>
				<weight>0</weight>
				<attacks>0</attacks>
				<heft>MEDIUM</heft>
				<range>0 ft.</range>
				<sizemod>+0</sizemod>
				<basehit>+10/+5</basehit>
				<misc>+0</misc>
				<damage>1d4+4</damage>
				<damagebonus>+4</damagebonus>
				<basedamagebonus>+0</basedamagebonus>
				<thdamagebonus>+4</thdamagebonus>
				<ohdamagebonus>+2</ohdamagebonus>
				<rateoffire></rateoffire>
				<islight>TRUE</islight>
				<sequence>11</sequence>
			</common>
			<melee>
				<invalidtext>
					<tohit>N/A</tohit>
					<damage>N/A</damage>
				</invalidtext>
				<hand>Carried</hand>
				<w1_h1_p>
					<!-- One weapon, 1 hand, primary hand -->
					<to_hit>+10/+5</to_hit>
					<damage>1d4+4</damage>
				</w1_h1_p>
				<w1_h1_o>
					<!-- One weapon, 1 handed, offhand -->
					<to_hit>+6/+1</to_hit>
					<damage>1d4+2</damage>
				</w1_h1_o>
				<w1_h2>
					<!-- One weapon, 2 handed -->
					<to_hit>+10/+5</to_hit>
					<damage>1d4+4</damage>
				</w1_h2>
				<w2_p_oh>
					<!-- Two weapons, this weapon in primary hand, other hand with heavy weapon -->
					<to_hit>+4/-1</to_hit>
					<damage>1d4+4</damage>
				</w2_p_oh>
				<w2_p_ol>
					<!-- Two weapons, this weapon in primary hand, other hand with light weapon -->
					<to_hit>+6/+1</to_hit>
					<damage>1d4+4</damage>
				</w2_p_ol>
				<w2_o>
					<!-- Two weapons, this weapon in off-hand -->
					<to_hit>+2</to_hit>
					<damage>1d4+2</damage>
				</w2_o>
			</melee>
	<!-- End New Ranges Section -->

			<ranges>
				<rangetype>Thrown</rangetype>
				<range>
					<distance>10 ft.</distance>
					<to_hit>+7/+2</to_hit>
					<damage>1d4+4</damage>
					<basehit>+7/+2</basehit>
					<tohit_offhand>+3/-2</tohit_offhand>
					<tohit_twohand>+7/+2</tohit_twohand>
					<tohit_2weap_heavy>+1/-4</tohit_2weap_heavy>
					<tohit_2weap_light>+3/-2</tohit_2weap_light>
					<tohit_2weap_offhand>-1</tohit_2weap_offhand>
				</range>
				<range>
					<distance>20 ft.</distance>
					<to_hit>+5/+0</to_hit>
					<damage>1d4+4</damage>
					<basehit>+5/+0</basehit>
					<tohit_offhand>+1/-4</tohit_offhand>
					<tohit_twohand>+5/+0</tohit_twohand>
					<tohit_2weap_heavy>-1/-6</tohit_2weap_heavy>
					<tohit_2weap_light>+1/-4</tohit_2weap_light>
					<tohit_2weap_offhand>-3</tohit_2weap_offhand>
				</range>
				<range>
					<distance>30 ft.</distance>
					<to_hit>+3/-2</to_hit>
					<damage>1d4+4</damage>
					<basehit>+3/-2</basehit>
					<tohit_offhand>-1/-6</tohit_offhand>
					<tohit_twohand>+3/-2</tohit_twohand>
					<tohit_2weap_heavy>-3/-8</tohit_2weap_heavy>
					<tohit_2weap_light>-1/-6</tohit_2weap_light>
					<tohit_2weap_offhand>-5</tohit_2weap_offhand>
				</range>
				<range>
					<distance>40 ft.</distance>
					<to_hit>+1/-4</to_hit>
					<damage>1d4+4</damage>
					<basehit>+1/-4</basehit>
					<tohit_offhand>-3/-8</tohit_offhand>
					<tohit_twohand>+1/-4</tohit_twohand>
					<tohit_2weap_heavy>-5/-10</tohit_2weap_heavy>
					<tohit_2weap_light>-3/-8</tohit_2weap_light>
					<tohit_2weap_offhand>-7</tohit_2weap_offhand>
				</range>
				<range>
					<distance>50 ft.</distance>
					<to_hit>-1/-6</to_hit>
					<damage>1d4+4</damage>
					<basehit>-1/-6</basehit>
					<tohit_offhand>-5/-10</tohit_offhand>
					<tohit_twohand>-1/-6</tohit_twohand>
					<tohit_2weap_heavy>-7/-12</tohit_2weap_heavy>
					<tohit_2weap_light>-5/-10</tohit_2weap_light>
					<tohit_2weap_offhand>-9</tohit_2weap_offhand>
				</range>
			</ranges>
		</weapon>
	<!-- End New Ranges Section -->
	</weapons>
	<!--
	  ====================================
	  ====================================
			ARMOR
	  ====================================
	  ====================================-->
	<protection>
		<armor>
			<name>*Full Plate +1</name>
			<acbonus>+10</acbonus>
			<accheck>-5</accheck>
			<baseac>+9</baseac>
			<edr>+0</edr>
			<maxdex>+1</maxdex>
			<move></move>
			<spellfail>35</spellfail>
			<special_properties></special_properties>
			<totalac>+10</totalac>
			<type>Heavy</type>
			<wt>50</wt>
			<fulltype>MAGIC.ARMOR.HEAVY.ARMORPROFHEAVY.SUIT.CUSTOM.METAL.MASTERWORK.ARMORENHANCEMENT.PLUS1</fulltype>
			<location>Equipped</location>
		</armor>
		<item>
			<name>*Ring of Protection +1</name>
			<acbonus>+1</acbonus>
			<accheck>+0</accheck>
			<baseac>+1</baseac>
			<edr>+0</edr>
			<maxdex></maxdex>
			<move></move>
			<spellfail>0</spellfail>
			<special_properties></special_properties>
			<totalac>+1</totalac>
			<type></type>
			<wt>0</wt>
		</item>
	</protection>
	<!--
	  ====================================
	  ====================================
			CLASS-DEPENDANT FEATURES
	  ====================================
	  ====================================-->
	<class_features>
		<!-- D&D 3.0 -->
		<!-- D&D 3.5 -->
	<!-- Bard -->




	<!-- Pathfinder -->
		<!-- Character Rage -->
		<!-- Character Rage -->

	<!-- Turning ability -->


	<!-- Eclipse Channeling -->

	<!-- Channel Energy -->

	<!-- 3.0 stunning fist -->

	<!-- 3.0 stunning fist -->

	<!-- 3.5 stunning fist -->

	<!-- 3.0 wholeness of body -->

	<!-- 3.5 wholeness of body -->

			<!-- Psionics -->

		
		 <!-- Pathfinder -->
		<layonhands>
			<hp_per_day>5</hp_per_day>
			<hp_per_day.title>Uses per day</hp_per_day.title>
			<description>cure 3d6 per use</description>
		</layonhands>



	</class_features>

	<!-- Abilites with check lists - master/child abilities -->
	<checklists>
		<checklist>
			<name>Celestial Spirit (Sp)</name>
			<header>Celestial Spirit</header>
			<description>Your divine bond allows you to enhance your weapon as a standard action by calling upon the aid of a celestial spirit for 6 minutes. When called, the spirit causes the weapon to shed light as a torch. This spirit grants the weapon a +1 enhancement bonus. This bonus can be added to the weapon, stacking with existing weapon bonuses to a maximum of +5, or it can be used to add any of the following weapon properties: defending, flaming, keen, merciful (+1), axiomatic, disruption, flaming burst, holy (+2), speed (+3), and brilliant energy (+4). Adding these properties consumes an amount of bonus equal to the property&#39;s cost. These bonuses are added to any properties the weapon already has, but duplicate abilities do not stack. If the weapon is not magical, at least a +1 enhancement bonus must be added before any other properties can be added. The bonus and properties granted by the spirit are determined when the spirit is called and cannot be changed until the spirit is called again. The celestial spirit imparts no bonuses if the weapon is held by anyone other than you but resumes giving bonuses if returned to you. These bonuses apply to only one end of a double weapon. You can use this ability 1 times per day. If a weapon bonded with a celestial spirit is destroyed, you lose the use of this ability for 30 days, or until you gain a level, whichever comes first. During this 30-day period, you take a -1 penalty on attack and weapon damage rolls.</description>
			<type>PALADINCLASSFEATURES.SPECIALQUALITY.SPELLLIKE.DIVINEBOND.DIVINE BOND</type>
			<source>Paizo Inc. - Core Rulebook, p.63</source>
			<check_count>1</check_count>
			<check_type>Uses per day</check_type>
		</checklist>
		<checklist>
			<name>Lay on Hands (Su)</name>
			<header>Lay on Hands</header>
			<description>You can heal wounds (your own or those of others) by touch. Each day you can use this ability 5 times per day. With one use of this ability, you can heal 3d6 hit points of damage. Using this ability is a standard action, unless you target yourself, in which case it is a swift action. Despite the name of this ability, you only need one free hand to use this ability. Alternatively, you can use this healing power to deal damage to undead creatures, dealing 3d6 points of damage. Using Lay on Hands in this way requires a melee touch attack and doesn&#39;t provide an attack of opportunity. Undead do not receive a saving throw against this damage.</description>
			<type>PALADINCLASSFEATURES.SPECIALQUALITY.SUPERNATURAL.LAYONHANDS.LAY ON HANDS</type>
			<source>Paizo Inc. - Core Rulebook, p.61</source>
			<check_count>5</check_count>
			<check_type>Uses per Day</check_type>
			<master>Lay on Hands</master>
			<subability>
				<name>Channel Positive Energy</name>
				<description>You can unleash a wave of positive energy dealing 3d6 (DC 15 for half) 2/day. You can unleash a wave of positive energy. You must choose to deal 3d6 points of positive energy damage to undead creatures or to heal living creatures of 3d6 points of damage. Creatures that take damage from channeled energy receive a DC 15 Will save to halve the damage. Using this ability consumes two uses of her lay on hands ability.</description>
				<type>PALADINCLASSFEATURES.SPECIALATTACK.SUPERNATURAL.CHANNEL ENERGY.CHANNEL ENERGY POSITIVE.CHANNEL POSITIVE ENERGY</type>
				<source>Paizo Inc. - Core Rulebook</source>
				<child>Lay on Hands</child>
			</subability>
		</checklist>
		<checklist>
			<name>Smite Evil (Su)</name>
			<header>Smite Evil</header>
			<description>You can call out to the powers of good to aid you in your struggle against evil 2 times per day. As a swift action, you choose one target within sight to smite. If this target is evil, you add +2 to your attack rolls and +6 to all damage rolls made against the target of your smite. If the target of Smite Evil is an outsider with the evil subtype, an evil-aligned dragon, or an undead creature, the bonus to damage on the first successful attack increases to +12. Regardless of the target, Smite Evil attacks automatically bypass any DR the creature might possess. In addition, while smite evil is in effect, you gain a +2 deflection bonus to your AC against attacks made by the target of the smite. If you target a creature that is not evil, the smite is wasted with no effect. The Smite Evil effect remains until the target of the smite is dead or the next time you rest and regain your uses of this ability.</description>
			<type>PALADINCLASSFEATURES.SPECIALATTACK.SUPERNATURAL.SMITE EVIL</type>
			<source>Paizo Inc. - Core Rulebook, p.60</source>
			<check_count>2</check_count>
			<check_type>Uses per day</check_type>
		</checklist>
	</checklists>

	<!-- Proficiency lists -->
	<proficiency_specials>
	</proficiency_specials>

	<!--
	  ====================================
	  ====================================
			EQUIPMENT
	  ====================================
	  ====================================-->
	<equipment>
		<item>
			<longname>Flail +1 (Heavy)</longname>
			<id></id>
			<name>Flail +1 (Heavy)</name>
			<carried>1.0</carried>
			<charges></charges>
			<charges_used></charges_used>
			<contents></contents>
			<contents_num>0</contents_num>
			<content_weight>0</content_weight>
			<cost>2315</cost>
			<equipped>Y</equipped>
			<location>Equipped</location>
			<locationId></locationId>
			<maxcharges>0</maxcharges>
			<note></note>
			<quantity>1</quantity>
			<checkbox>1</checkbox>
			<size>
				<long>Medium</long>
				<short>M</short>
			</size>
			<special_properties>disarm, trip</special_properties>
			<type>MAGIC.WEAPON.RESIZABLE.MELEE.MARTIAL.TWOHANDED.BLUDGEONING.FLAIL.WEAPON GROUP FLAILS.CUSTOM.DISARM.METAL.TRIP.MASTERWORK.WEAPONENHANCEMENT.PLUS1</type>
			<weight>10</weight>
			<total_wt>10</total_wt>
			<total_weight>10</total_weight>
			<bonuslist></bonuslist>
			<acmod>0</acmod>
			<maxdex>100</maxdex>
			<accheck>0</accheck>
			<edr>0</edr>
			<move></move>
			<spell_failure>0</spell_failure>
			<damage>1d10</damage>
			<damage_alt></damage_alt>
			<crit_range>2</crit_range>
			<crit_mult>x2</crit_mult>
			<crit_range_alt></crit_range_alt>
			<crit_mult_alt></crit_mult_alt>
			<range>0 ft.</range>
			<attacks>0.0</attacks>
			<prof>Flail (Heavy)</prof>
			<source>Custom - Paizo Inc. - Core Rulebook, p.146</source>
			<quality></quality>
		</item>
		<item>
			<longname>Flail +1 (Heavy)</longname>
			<id></id>
			<name>Flail +1 (Heavy)</name>
			<carried>1.0</carried>
			<charges></charges>
			<charges_used></charges_used>
			<contents></contents>
			<contents_num>0</contents_num>
			<content_weight>0</content_weight>
			<cost>2300</cost>
			<equipped>Y</equipped>
			<location>Equipped</location>
			<locationId></locationId>
			<maxcharges>0</maxcharges>
			<note></note>
			<quantity>1</quantity>
			<checkbox>1</checkbox>
			<size>
				<long>Medium</long>
				<short>M</short>
			</size>
			<special_properties>disarm, trip</special_properties>
			<type>MAGIC.WEAPON.RESIZABLE.MELEE.MARTIAL.TWOHANDED.BLUDGEONING.FLAIL.WEAPON GROUP FLAILS.CUSTOM.TEMPORARY.DISARM.METAL.TRIP.MASTERWORK.WEAPONENHANCEMENT.PLUS1</type>
			<weight>0</weight>
			<total_wt>0</total_wt>
			<total_weight>0</total_weight>
			<bonuslist></bonuslist>
			<acmod>0</acmod>
			<maxdex>100</maxdex>
			<accheck>0</accheck>
			<edr>0</edr>
			<move></move>
			<spell_failure>0</spell_failure>
			<damage>1d10</damage>
			<damage_alt></damage_alt>
			<crit_range>2</crit_range>
			<crit_mult>x2</crit_mult>
			<crit_range_alt></crit_range_alt>
			<crit_mult_alt></crit_mult_alt>
			<range>0 ft.</range>
			<attacks>0.0</attacks>
			<prof>Flail (Heavy)</prof>
			<source>Custom - Paizo Inc. - Core Rulebook, p.146</source>
			<quality></quality>
		</item>
		<item>
			<longname>Gauntlet, Spiked</longname>
			<id></id>
			<name>Spiked Gauntlet</name>
			<carried>1.0</carried>
			<charges></charges>
			<charges_used></charges_used>
			<contents></contents>
			<contents_num>0</contents_num>
			<content_weight>0</content_weight>
			<cost>5</cost>
			<equipped>Y</equipped>
			<location>Equipped</location>
			<locationId></locationId>
			<maxcharges>0</maxcharges>
			<note></note>
			<quantity>1</quantity>
			<checkbox>1</checkbox>
			<size>
				<long>Medium</long>
				<short>M</short>
			</size>
			<special_properties></special_properties>
			<type>WEAPON.RESIZABLE.MELEE.SIMPLE.LIGHT.UNARMED.FINESSEABLE.PIERCING.GAUNTLET.CLOSE.WEAPON GROUP CLOSE.WEAPON GROUP NATURAL.METAL</type>
			<weight>0</weight>
			<total_wt>0</total_wt>
			<total_weight>0</total_weight>
			<bonuslist></bonuslist>
			<acmod>0</acmod>
			<maxdex>100</maxdex>
			<accheck>0</accheck>
			<edr>0</edr>
			<move></move>
			<spell_failure>0</spell_failure>
			<damage>1d4</damage>
			<damage_alt></damage_alt>
			<crit_range>1</crit_range>
			<crit_mult>x2</crit_mult>
			<crit_range_alt></crit_range_alt>
			<crit_mult_alt></crit_mult_alt>
			<range>0 ft.</range>
			<attacks>0.0</attacks>
			<prof>Gauntlet (Spiked)</prof>
			<source>Paizo Inc. - Core Rulebook, p.146</source>
			<quality></quality>
		</item>
		<item>
			<longname>Ring of Protection +1</longname>
			<id></id>
			<name>Ring of Protection +1</name>
			<carried>1.0</carried>
			<charges></charges>
			<charges_used></charges_used>
			<contents></contents>
			<contents_num>0</contents_num>
			<content_weight>0</content_weight>
			<cost>2000</cost>
			<equipped>Y</equipped>
			<location>Equipped</location>
			<locationId></locationId>
			<maxcharges>0</maxcharges>
			<note></note>
			<quantity>1</quantity>
			<checkbox>1</checkbox>
			<size>
				<long>Medium</long>
				<short>M</short>
			</size>
			<special_properties></special_properties>
			<type>MAGIC.RING</type>
			<weight>0</weight>
			<total_wt>0</total_wt>
			<total_weight>0</total_weight>
			<bonuslist></bonuslist>
			<acmod>1</acmod>
			<maxdex>100</maxdex>
			<accheck>0</accheck>
			<edr>0</edr>
			<move></move>
			<spell_failure>0</spell_failure>
			<damage></damage>
			<damage_alt></damage_alt>
			<crit_range></crit_range>
			<crit_mult></crit_mult>
			<crit_range_alt></crit_range_alt>
			<crit_mult_alt></crit_mult_alt>
			<range>0 ft.</range>
			<attacks>0.0</attacks>
			<prof></prof>
			<source>Paizo Inc. - Core Rulebook, p.481</source>
			<quality>Aura: faint abjuration, Caster Level: 5th, Construction Cost: 1,000 gp, Construction Requirements: Forge Ring, shield of faith, caster must be of a level at least three times the bonus of the ring, Slot: ring</quality>
		</item>
		<item>
			<longname>Full Plate +1</longname>
			<id></id>
			<name>Full Plate +1</name>
			<carried>1.0</carried>
			<charges></charges>
			<charges_used></charges_used>
			<contents></contents>
			<contents_num>0</contents_num>
			<content_weight>0</content_weight>
			<cost>2650</cost>
			<equipped>Y</equipped>
			<location>Equipped</location>
			<locationId></locationId>
			<maxcharges>0</maxcharges>
			<note></note>
			<quantity>1</quantity>
			<checkbox>1</checkbox>
			<size>
				<long>Medium</long>
				<short>M</short>
			</size>
			<special_properties></special_properties>
			<type>MAGIC.ARMOR.HEAVY.ARMORPROFHEAVY.SUIT.CUSTOM.METAL.MASTERWORK.ARMORENHANCEMENT.PLUS1</type>
			<weight>50</weight>
			<total_wt>50</total_wt>
			<total_weight>50</total_weight>
			<bonuslist></bonuslist>
			<acmod>10</acmod>
			<maxdex>1</maxdex>
			<accheck>-5</accheck>
			<edr>0</edr>
			<move></move>
			<spell_failure>35</spell_failure>
			<damage></damage>
			<damage_alt></damage_alt>
			<crit_range></crit_range>
			<crit_mult></crit_mult>
			<crit_range_alt></crit_range_alt>
			<crit_mult_alt></crit_mult_alt>
			<range>0 ft.</range>
			<attacks>0.0</attacks>
			<prof>Full Plate</prof>
			<source>Custom - Paizo Inc. - Core Rulebook, p.150</source>
			<quality></quality>
		</item>
		<item>
			<longname>Backpack</longname>
			<id></id>
			<name>Backpack</name>
			<carried>1.0</carried>
			<charges></charges>
			<charges_used></charges_used>
			<contents>18 lbs., 1 Silk Rope (50 ft.), 1 Antitoxin, 1 Flint and Steel, 1 Silver Holy Symbol, 2 Holy Water, 3 Iron Spike, 1 Bullseye Lantern, 2 Oil, 2 Sunrod</contents>
			<contents_num>9</contents_num>
			<content_weight>18</content_weight>
			<cost>2</cost>
			<equipped>Y</equipped>
			<location>Equipped</location>
			<locationId></locationId>
			<maxcharges>0</maxcharges>
			<note></note>
			<quantity>1</quantity>
			<checkbox>1</checkbox>
			<size>
				<long>Medium</long>
				<short>M</short>
			</size>
			<special_properties></special_properties>
			<type>GOODS.CONTAINER.GENERAL.RESIZABLE</type>
			<weight>2</weight>
			<total_wt>2</total_wt>
			<total_weight>20</total_weight>
			<bonuslist></bonuslist>
			<acmod>0</acmod>
			<maxdex>100</maxdex>
			<accheck>0</accheck>
			<edr>0</edr>
			<move></move>
			<spell_failure>0</spell_failure>
			<damage></damage>
			<damage_alt></damage_alt>
			<crit_range></crit_range>
			<crit_mult></crit_mult>
			<crit_range_alt></crit_range_alt>
			<crit_mult_alt></crit_mult_alt>
			<range>0 ft.</range>
			<attacks>0.0</attacks>
			<prof></prof>
			<source>Paizo Inc. - Core Rulebook, p.158</source>
			<quality></quality>
		</item>
		<item>
			<longname>Antitoxin</longname>
			<id></id>
			<name>Antitoxin</name>
			<carried>1.0</carried>
			<charges></charges>
			<charges_used></charges_used>
			<contents></contents>
			<contents_num>0</contents_num>
			<content_weight>0</content_weight>
			<cost>50</cost>
			<equipped>N</equipped>
			<location>Backpack</location>
			<locationId></locationId>
			<maxcharges>0</maxcharges>
			<note></note>
			<quantity>1</quantity>
			<checkbox>1</checkbox>
			<size>
				<long>Medium</long>
				<short>M</short>
			</size>
			<special_properties>+5 alchemical bonus to Fortitude saves against poison for 1 hour</special_properties>
			<type>GOODS.ALCHEMICAL.VIAL.CONSUMABLE</type>
			<weight>0</weight>
			<total_wt>0</total_wt>
			<total_weight>0</total_weight>
			<bonuslist></bonuslist>
			<acmod>0</acmod>
			<maxdex>100</maxdex>
			<accheck>0</accheck>
			<edr>0</edr>
			<move></move>
			<spell_failure>0</spell_failure>
			<damage></damage>
			<damage_alt></damage_alt>
			<crit_range></crit_range>
			<crit_mult></crit_mult>
			<crit_range_alt></crit_range_alt>
			<crit_mult_alt></crit_mult_alt>
			<range>0 ft.</range>
			<attacks>0.0</attacks>
			<prof></prof>
			<source>Paizo Inc. - Core Rulebook, p.160</source>
			<quality>Plural: Vials of, Single: Vial of</quality>
		</item>
		<item>
			<longname>Flint and Steel</longname>
			<id></id>
			<name>Flint and Steel</name>
			<carried>1.0</carried>
			<charges></charges>
			<charges_used></charges_used>
			<contents></contents>
			<contents_num>0</contents_num>
			<content_weight>0</content_weight>
			<cost>1</cost>
			<equipped>N</equipped>
			<location>Backpack</location>
			<locationId></locationId>
			<maxcharges>0</maxcharges>
			<note></note>
			<quantity>1</quantity>
			<checkbox>1</checkbox>
			<size>
				<long>Medium</long>
				<short>M</short>
			</size>
			<special_properties></special_properties>
			<type>GOODS.GENERAL</type>
			<weight>0</weight>
			<total_wt>0</total_wt>
			<total_weight>0</total_weight>
			<bonuslist></bonuslist>
			<acmod>0</acmod>
			<maxdex>100</maxdex>
			<accheck>0</accheck>
			<edr>0</edr>
			<move></move>
			<spell_failure>0</spell_failure>
			<damage></damage>
			<damage_alt></damage_alt>
			<crit_range></crit_range>
			<crit_mult></crit_mult>
			<crit_range_alt></crit_range_alt>
			<crit_mult_alt></crit_mult_alt>
			<range>0 ft.</range>
			<attacks>0.0</attacks>
			<prof></prof>
			<source>Paizo Inc. - Core Rulebook, p.155</source>
			<quality>Plural: No</quality>
		</item>
		<item>
			<longname>Holy Symbol, Silver</longname>
			<id></id>
			<name>Silver Holy Symbol</name>
			<carried>1.0</carried>
			<charges></charges>
			<charges_used></charges_used>
			<contents></contents>
			<contents_num>0</contents_num>
			<content_weight>0</content_weight>
			<cost>25</cost>
			<equipped>N</equipped>
			<location>Backpack</location>
			<locationId></locationId>
			<maxcharges>0</maxcharges>
			<note></note>
			<quantity>1</quantity>
			<checkbox>1</checkbox>
			<size>
				<long>Medium</long>
				<short>M</short>
			</size>
			<special_properties></special_properties>
			<type>GOODS.TOOLS.SPELL COMPONENT.DIVINE FOCUS.HOLY SYMBOL</type>
			<weight>1</weight>
			<total_wt>1</total_wt>
			<total_weight>1</total_weight>
			<bonuslist></bonuslist>
			<acmod>0</acmod>
			<maxdex>100</maxdex>
			<accheck>0</accheck>
			<edr>0</edr>
			<move></move>
			<spell_failure>0</spell_failure>
			<damage></damage>
			<damage_alt></damage_alt>
			<crit_range></crit_range>
			<crit_mult></crit_mult>
			<crit_range_alt></crit_range_alt>
			<crit_mult_alt></crit_mult_alt>
			<range>0 ft.</range>
			<attacks>0.0</attacks>
			<prof></prof>
			<source>Paizo Inc. - Core Rulebook, p.161</source>
			<quality></quality>
		</item>
		<item>
			<longname>Holy Water</longname>
			<id></id>
			<name>Holy Water</name>
			<carried>2.0</carried>
			<charges></charges>
			<charges_used></charges_used>
			<contents></contents>
			<contents_num>0</contents_num>
			<content_weight>0</content_weight>
			<cost>25</cost>
			<equipped>N</equipped>
			<location>Backpack</location>
			<locationId></locationId>
			<maxcharges>0</maxcharges>
			<note></note>
			<quantity>2</quantity>
			<checkbox>2</checkbox>
			<size>
				<long>Medium</long>
				<short>M</short>
			</size>
			<special_properties>splash weapon</special_properties>
			<type>GOODS.FLASK.CONSUMABLE.WEAPON.RANGED.THROWN.SPLASH.NOATTACKPENALTY</type>
			<weight>1</weight>
			<total_wt>2</total_wt>
			<total_weight>1</total_weight>
			<bonuslist></bonuslist>
			<acmod>0</acmod>
			<maxdex>100</maxdex>
			<accheck>0</accheck>
			<edr>0</edr>
			<move></move>
			<spell_failure>0</spell_failure>
			<damage>1d6</damage>
			<damage_alt></damage_alt>
			<crit_range>1</crit_range>
			<crit_mult>x2</crit_mult>
			<crit_range_alt></crit_range_alt>
			<crit_mult_alt></crit_mult_alt>
			<range>10 ft.</range>
			<attacks>0.0</attacks>
			<prof>Splash Weapon</prof>
			<source>Paizo Inc. - Core Rulebook, p.160</source>
			<quality>Plural: Flasks of, Single: Flask of</quality>
		</item>
		<item>
			<longname>Iron Spike</longname>
			<id></id>
			<name>Iron Spike</name>
			<carried>3.0</carried>
			<charges></charges>
			<charges_used></charges_used>
			<contents></contents>
			<contents_num>0</contents_num>
			<content_weight>0</content_weight>
			<cost>0.05</cost>
			<equipped>N</equipped>
			<location>Backpack</location>
			<locationId></locationId>
			<maxcharges>0</maxcharges>
			<note></note>
			<quantity>3</quantity>
			<checkbox>3</checkbox>
			<size>
				<long>Medium</long>
				<short>M</short>
			</size>
			<special_properties></special_properties>
			<type>GOODS.GENERAL</type>
			<weight>1</weight>
			<total_wt>3</total_wt>
			<total_weight>1</total_weight>
			<bonuslist></bonuslist>
			<acmod>0</acmod>
			<maxdex>100</maxdex>
			<accheck>0</accheck>
			<edr>0</edr>
			<move></move>
			<spell_failure>0</spell_failure>
			<damage></damage>
			<damage_alt></damage_alt>
			<crit_range></crit_range>
			<crit_mult></crit_mult>
			<crit_range_alt></crit_range_alt>
			<crit_mult_alt></crit_mult_alt>
			<range>0 ft.</range>
			<attacks>0.0</attacks>
			<prof></prof>
			<source>Paizo Inc. - Advanced Player&#39;s Guide, p.182</source>
			<quality></quality>
		</item>
		<item>
			<longname>Lantern, Bullseye</longname>
			<id></id>
			<name>Bullseye Lantern</name>
			<carried>1.0</carried>
			<charges></charges>
			<charges_used></charges_used>
			<contents></contents>
			<contents_num>0</contents_num>
			<content_weight>0</content_weight>
			<cost>12</cost>
			<equipped>N</equipped>
			<location>Backpack</location>
			<locationId></locationId>
			<maxcharges>0</maxcharges>
			<note></note>
			<quantity>1</quantity>
			<checkbox>1</checkbox>
			<size>
				<long>Medium</long>
				<short>M</short>
			</size>
			<special_properties></special_properties>
			<type>GOODS.GENERAL.LIGHT SOURCE</type>
			<weight>3</weight>
			<total_wt>3</total_wt>
			<total_weight>3</total_weight>
			<bonuslist></bonuslist>
			<acmod>0</acmod>
			<maxdex>100</maxdex>
			<accheck>0</accheck>
			<edr>0</edr>
			<move></move>
			<spell_failure>0</spell_failure>
			<damage></damage>
			<damage_alt></damage_alt>
			<crit_range></crit_range>
			<crit_mult></crit_mult>
			<crit_range_alt></crit_range_alt>
			<crit_mult_alt></crit_mult_alt>
			<range>0 ft.</range>
			<attacks>0.0</attacks>
			<prof></prof>
			<source>Paizo Inc. - Core Rulebook, p.156</source>
			<quality>Duration: 6 hr./pint, Increases light level by 1 step: 120 ft. cone, Normal Illumination: 60 ft. cone</quality>
		</item>
		<item>
			<longname>Oil, 1 Pint Flask</longname>
			<id></id>
			<name>Oil</name>
			<carried>2.0</carried>
			<charges></charges>
			<charges_used></charges_used>
			<contents></contents>
			<contents_num>0</contents_num>
			<content_weight>0</content_weight>
			<cost>0.1</cost>
			<equipped>N</equipped>
			<location>Backpack</location>
			<locationId></locationId>
			<maxcharges>0</maxcharges>
			<note></note>
			<quantity>2</quantity>
			<checkbox>2</checkbox>
			<size>
				<long>Medium</long>
				<short>M</short>
			</size>
			<special_properties>splash weapon, full-round action to prepare, 50% chance to ignite</special_properties>
			<type>GOODS.GENERAL.LIQUID.FLASK.CONSUMABLE.WEAPON.RANGED.THROWN.FIRE.SPLASH</type>
			<weight>1</weight>
			<total_wt>2</total_wt>
			<total_weight>1</total_weight>
			<bonuslist></bonuslist>
			<acmod>0</acmod>
			<maxdex>100</maxdex>
			<accheck>0</accheck>
			<edr>0</edr>
			<move></move>
			<spell_failure>0</spell_failure>
			<damage>1d6</damage>
			<damage_alt></damage_alt>
			<crit_range>1</crit_range>
			<crit_mult>x2</crit_mult>
			<crit_range_alt></crit_range_alt>
			<crit_mult_alt></crit_mult_alt>
			<range>10 ft.</range>
			<attacks>0.0</attacks>
			<prof>Splash Weapon</prof>
			<source>Paizo Inc. - Core Rulebook, p.157</source>
			<quality>Plural: No</quality>
		</item>
		<item>
			<longname>Sunrod</longname>
			<id></id>
			<name>Sunrod</name>
			<carried>2.0</carried>
			<charges></charges>
			<charges_used></charges_used>
			<contents></contents>
			<contents_num>0</contents_num>
			<content_weight>0</content_weight>
			<cost>2</cost>
			<equipped>N</equipped>
			<location>Backpack</location>
			<locationId></locationId>
			<maxcharges>0</maxcharges>
			<note></note>
			<quantity>2</quantity>
			<checkbox>2</checkbox>
			<size>
				<long>Medium</long>
				<short>M</short>
			</size>
			<special_properties></special_properties>
			<type>GOODS.ALCHEMICAL.CONSUMABLE.LIGHT SOURCE</type>
			<weight>1</weight>
			<total_wt>2</total_wt>
			<total_weight>1</total_weight>
			<bonuslist></bonuslist>
			<acmod>0</acmod>
			<maxdex>100</maxdex>
			<accheck>0</accheck>
			<edr>0</edr>
			<move></move>
			<spell_failure>0</spell_failure>
			<damage></damage>
			<damage_alt></damage_alt>
			<crit_range></crit_range>
			<crit_mult></crit_mult>
			<crit_range_alt></crit_range_alt>
			<crit_mult_alt></crit_mult_alt>
			<range>0 ft.</range>
			<attacks>0.0</attacks>
			<prof></prof>
			<source>Paizo Inc. - Core Rulebook, p.160</source>
			<quality>Bright Illumination: 30 ft., Duration: 6 hr., Shadowy Illumination: 60 ft.</quality>
		</item>
		<item>
			<longname>Dagger</longname>
			<id></id>
			<name>Dagger</name>
			<carried>1.0</carried>
			<charges></charges>
			<charges_used></charges_used>
			<contents></contents>
			<contents_num>0</contents_num>
			<content_weight>0</content_weight>
			<cost>2</cost>
			<equipped>N</equipped>
			<location>Carried</location>
			<locationId></locationId>
			<maxcharges>0</maxcharges>
			<note></note>
			<quantity>1</quantity>
			<checkbox>1</checkbox>
			<size>
				<long>Medium</long>
				<short>M</short>
			</size>
			<special_properties></special_properties>
			<type>WEAPON.RESIZABLE.MELEE.SIMPLE.LIGHT.FINESSEABLE.RANGED.THROWN.PIERCING.SLASHING.DAGGER.BLADELIGHT.WEAPON GROUP BLADES LIGHT.WEAPON GROUP THROWN.METAL</type>
			<weight>1</weight>
			<total_wt>1</total_wt>
			<total_weight>1</total_weight>
			<bonuslist></bonuslist>
			<acmod>0</acmod>
			<maxdex>100</maxdex>
			<accheck>0</accheck>
			<edr>0</edr>
			<move></move>
			<spell_failure>0</spell_failure>
			<damage>1d4</damage>
			<damage_alt></damage_alt>
			<crit_range>2</crit_range>
			<crit_mult>x2</crit_mult>
			<crit_range_alt></crit_range_alt>
			<crit_mult_alt></crit_mult_alt>
			<range>10 ft.</range>
			<attacks>0.0</attacks>
			<prof>Dagger</prof>
			<source>Paizo Inc. - Core Rulebook, p.146</source>
			<quality></quality>
		</item>
		<item>
			<longname>Javelin</longname>
			<id></id>
			<name>Javelin</name>
			<carried>3.0</carried>
			<charges></charges>
			<charges_used></charges_used>
			<contents></contents>
			<contents_num>0</contents_num>
			<content_weight>0</content_weight>
			<cost>1</cost>
			<equipped>N</equipped>
			<location>Carried</location>
			<locationId></locationId>
			<maxcharges>0</maxcharges>
			<note></note>
			<quantity>3</quantity>
			<checkbox>3</checkbox>
			<size>
				<long>Medium</long>
				<short>M</short>
			</size>
			<special_properties></special_properties>
			<type>WEAPON.RESIZABLE.RANGED.SIMPLE.THROWN.PIERCING.JAVELIN.SPEAR.WEAPON GROUP SPEARS.WEAPON GROUP THROWN.WOODEN</type>
			<weight>2</weight>
			<total_wt>6</total_wt>
			<total_weight>2</total_weight>
			<bonuslist></bonuslist>
			<acmod>0</acmod>
			<maxdex>100</maxdex>
			<accheck>0</accheck>
			<edr>0</edr>
			<move></move>
			<spell_failure>0</spell_failure>
			<damage>1d6</damage>
			<damage_alt></damage_alt>
			<crit_range>1</crit_range>
			<crit_mult>x2</crit_mult>
			<crit_range_alt></crit_range_alt>
			<crit_mult_alt></crit_mult_alt>
			<range>30 ft.</range>
			<attacks>0.0</attacks>
			<prof>Javelin</prof>
			<source>Paizo Inc. - Core Rulebook, p.146</source>
			<quality></quality>
		</item>
		<item>
			<longname>Javelin</longname>
			<id></id>
			<name>Javelin</name>
			<carried>0.0</carried>
			<charges></charges>
			<charges_used></charges_used>
			<contents></contents>
			<contents_num>0</contents_num>
			<content_weight>0</content_weight>
			<cost>1</cost>
			<equipped>N</equipped>
			<location>Heavy Horse (Combat Trained)</location>
			<locationId></locationId>
			<maxcharges>0</maxcharges>
			<note></note>
			<quantity>2</quantity>
			<checkbox>2</checkbox>
			<size>
				<long>Medium</long>
				<short>M</short>
			</size>
			<special_properties></special_properties>
			<type>WEAPON.RESIZABLE.RANGED.SIMPLE.THROWN.PIERCING.JAVELIN.SPEAR.WEAPON GROUP SPEARS.WEAPON GROUP THROWN.WOODEN</type>
			<weight>2</weight>
			<total_wt>4</total_wt>
			<total_weight>2</total_weight>
			<bonuslist></bonuslist>
			<acmod>0</acmod>
			<maxdex>100</maxdex>
			<accheck>0</accheck>
			<edr>0</edr>
			<move></move>
			<spell_failure>0</spell_failure>
			<damage>1d6</damage>
			<damage_alt></damage_alt>
			<crit_range>1</crit_range>
			<crit_mult>x2</crit_mult>
			<crit_range_alt></crit_range_alt>
			<crit_mult_alt></crit_mult_alt>
			<range>30 ft.</range>
			<attacks>0.0</attacks>
			<prof>Javelin</prof>
			<source>Paizo Inc. - Core Rulebook, p.146</source>
			<quality></quality>
		</item>
		<item>
			<longname>Longsword (Alchemical Silver)</longname>
			<id></id>
			<name>Longsword (Alchemical Silver)</name>
			<carried>1.0</carried>
			<charges></charges>
			<charges_used></charges_used>
			<contents></contents>
			<contents_num>0</contents_num>
			<content_weight>0</content_weight>
			<cost>105</cost>
			<equipped>N</equipped>
			<location>Carried</location>
			<locationId></locationId>
			<maxcharges>0</maxcharges>
			<note></note>
			<quantity>1</quantity>
			<checkbox>1</checkbox>
			<size>
				<long>Medium</long>
				<short>M</short>
			</size>
			<special_properties>silver</special_properties>
			<type>WEAPON.RESIZABLE.MELEE.MARTIAL.ONEHANDED.SLASHING.SWORD.BLADEHEAVY.WEAPON GROUP BLADES HEAVY.CUSTOM.METAL.SILVER</type>
			<weight>4</weight>
			<total_wt>4</total_wt>
			<total_weight>4</total_weight>
			<bonuslist></bonuslist>
			<acmod>0</acmod>
			<maxdex>100</maxdex>
			<accheck>0</accheck>
			<edr>0</edr>
			<move></move>
			<spell_failure>0</spell_failure>
			<damage>1d8</damage>
			<damage_alt></damage_alt>
			<crit_range>2</crit_range>
			<crit_mult>x2</crit_mult>
			<crit_range_alt></crit_range_alt>
			<crit_mult_alt></crit_mult_alt>
			<range>0 ft.</range>
			<attacks>0.0</attacks>
			<prof>Longsword</prof>
			<source>Custom - Paizo Inc. - Core Rulebook, p.147</source>
			<quality></quality>
		</item>
		<item>
			<longname>Wooden Stake</longname>
			<id></id>
			<name>Wooden Stake</name>
			<carried>0.0</carried>
			<charges></charges>
			<charges_used></charges_used>
			<contents></contents>
			<contents_num>0</contents_num>
			<content_weight>0</content_weight>
			<cost>0</cost>
			<equipped>N</equipped>
			<location>Saddlebags</location>
			<locationId></locationId>
			<maxcharges>0</maxcharges>
			<note></note>
			<quantity>2</quantity>
			<checkbox>2</checkbox>
			<size>
				<long>Medium</long>
				<short>M</short>
			</size>
			<special_properties></special_properties>
			<type>WEAPON.RESIZABLE.MELEE.LIGHT.FINESSEABLE.RANGED.THROWN.SIMPLE.STANDARD.PIERCING.CLOSE.CUSTOM.WOODEN</type>
			<weight>1</weight>
			<total_wt>2</total_wt>
			<total_weight>1</total_weight>
			<bonuslist></bonuslist>
			<acmod>0</acmod>
			<maxdex>100</maxdex>
			<accheck>0</accheck>
			<edr>0</edr>
			<move></move>
			<spell_failure>0</spell_failure>
			<damage>1d4</damage>
			<damage_alt></damage_alt>
			<crit_range>1</crit_range>
			<crit_mult>x2</crit_mult>
			<crit_range_alt></crit_range_alt>
			<crit_mult_alt></crit_mult_alt>
			<range>10 ft.</range>
			<attacks>0.0</attacks>
			<prof>Stake</prof>
			<source>Custom - Paizo Inc. - Advanced Player&#39;s Guide, p.177</source>
			<quality></quality>
		</item>
		<item>
			<longname>Heavy Horse (Combat Trained)</longname>
			<id></id>
			<name>Heavy Horse (Combat Trained)</name>
			<carried>0.0</carried>
			<charges></charges>
			<charges_used></charges_used>
			<contents>65 lbs., 2 Javelin, 1 Military Saddle, 1 Saddlebags</contents>
			<contents_num>3</contents_num>
			<content_weight>65</content_weight>
			<cost>300</cost>
			<equipped>N</equipped>
			<location></location>
			<locationId></locationId>
			<maxcharges>0</maxcharges>
			<note></note>
			<quantity>1</quantity>
			<checkbox>1</checkbox>
			<size>
				<long>Large</long>
				<short>L</short>
			</size>
			<special_properties></special_properties>
			<type>MOUNT.GOODS.TRANSPORTATION.CONTAINER</type>
			<weight>0</weight>
			<total_wt>0</total_wt>
			<total_weight>65</total_weight>
			<bonuslist></bonuslist>
			<acmod>0</acmod>
			<maxdex>100</maxdex>
			<accheck>0</accheck>
			<edr>0</edr>
			<move></move>
			<spell_failure>0</spell_failure>
			<damage></damage>
			<damage_alt></damage_alt>
			<crit_range></crit_range>
			<crit_mult></crit_mult>
			<crit_range_alt></crit_range_alt>
			<crit_mult_alt></crit_mult_alt>
			<range>0 ft.</range>
			<attacks>0.0</attacks>
			<prof></prof>
			<source>Paizo Inc. - Core Rulebook, p.162</source>
			<quality></quality>
		</item>
		<item>
			<longname>Saddle, Military</longname>
			<id></id>
			<name>Military Saddle</name>
			<carried>0.0</carried>
			<charges></charges>
			<charges_used></charges_used>
			<contents></contents>
			<contents_num>0</contents_num>
			<content_weight>0</content_weight>
			<cost>20</cost>
			<equipped>N</equipped>
			<location>Heavy Horse (Combat Trained)</location>
			<locationId></locationId>
			<maxcharges>0</maxcharges>
			<note></note>
			<quantity>1</quantity>
			<checkbox>1</checkbox>
			<size>
				<long>Medium</long>
				<short>M</short>
			</size>
			<special_properties>+2 circumstance bonus on Ride checks related to staying in the saddle</special_properties>
			<type>GOODS.MOUNT.SADDLE.MILITARY.RESIZABLE</type>
			<weight>30</weight>
			<total_wt>30</total_wt>
			<total_weight>30</total_weight>
			<bonuslist></bonuslist>
			<acmod>0</acmod>
			<maxdex>100</maxdex>
			<accheck>0</accheck>
			<edr>0</edr>
			<move></move>
			<spell_failure>0</spell_failure>
			<damage></damage>
			<damage_alt></damage_alt>
			<crit_range></crit_range>
			<crit_mult></crit_mult>
			<crit_range_alt></crit_range_alt>
			<crit_mult_alt></crit_mult_alt>
			<range>0 ft.</range>
			<attacks>0.0</attacks>
			<prof></prof>
			<source>Paizo Inc. - Core Rulebook, p.162</source>
			<quality></quality>
		</item>
		<item>
			<longname>Saddlebags</longname>
			<id></id>
			<name>Saddlebags</name>
			<carried>0.0</carried>
			<charges></charges>
			<charges_used></charges_used>
			<contents>23 lbs., 2 Wooden Stake, 1 Bedroll, 1 Grappling Hook, 1 Explorer&#39;s Outfit, 1 Waterskin</contents>
			<contents_num>5</contents_num>
			<content_weight>23</content_weight>
			<cost>4</cost>
			<equipped>N</equipped>
			<location>Heavy Horse (Combat Trained)</location>
			<locationId></locationId>
			<maxcharges>0</maxcharges>
			<note></note>
			<quantity>1</quantity>
			<checkbox>1</checkbox>
			<size>
				<long>Medium</long>
				<short>M</short>
			</size>
			<special_properties></special_properties>
			<type>GOODS.CONTAINER.MOUNT.RESIZABLE</type>
			<weight>8</weight>
			<total_wt>8</total_wt>
			<total_weight>31</total_weight>
			<bonuslist></bonuslist>
			<acmod>0</acmod>
			<maxdex>100</maxdex>
			<accheck>0</accheck>
			<edr>0</edr>
			<move></move>
			<spell_failure>0</spell_failure>
			<damage></damage>
			<damage_alt></damage_alt>
			<crit_range></crit_range>
			<crit_mult></crit_mult>
			<crit_range_alt></crit_range_alt>
			<crit_mult_alt></crit_mult_alt>
			<range>0 ft.</range>
			<attacks>0.0</attacks>
			<prof></prof>
			<source>Paizo Inc. - Core Rulebook, p.159</source>
			<quality></quality>
		</item>
		<item>
			<longname>Bedroll</longname>
			<id></id>
			<name>Bedroll</name>
			<carried>0.0</carried>
			<charges></charges>
			<charges_used></charges_used>
			<contents></contents>
			<contents_num>0</contents_num>
			<content_weight>0</content_weight>
			<cost>0.1</cost>
			<equipped>N</equipped>
			<location>Saddlebags</location>
			<locationId></locationId>
			<maxcharges>0</maxcharges>
			<note></note>
			<quantity>1</quantity>
			<checkbox>1</checkbox>
			<size>
				<long>Medium</long>
				<short>M</short>
			</size>
			<special_properties></special_properties>
			<type>GOODS.GENERAL.RESIZABLE</type>
			<weight>5</weight>
			<total_wt>5</total_wt>
			<total_weight>5</total_weight>
			<bonuslist></bonuslist>
			<acmod>0</acmod>
			<maxdex>100</maxdex>
			<accheck>0</accheck>
			<edr>0</edr>
			<move></move>
			<spell_failure>0</spell_failure>
			<damage></damage>
			<damage_alt></damage_alt>
			<crit_range></crit_range>
			<crit_mult></crit_mult>
			<crit_range_alt></crit_range_alt>
			<crit_mult_alt></crit_mult_alt>
			<range>0 ft.</range>
			<attacks>0.0</attacks>
			<prof></prof>
			<source>Paizo Inc. - Core Rulebook, p.158</source>
			<quality></quality>
		</item>
		<item>
			<longname>Grappling Hook</longname>
			<id></id>
			<name>Grappling Hook</name>
			<carried>0.0</carried>
			<charges></charges>
			<charges_used></charges_used>
			<contents></contents>
			<contents_num>0</contents_num>
			<content_weight>0</content_weight>
			<cost>1</cost>
			<equipped>N</equipped>
			<location>Saddlebags</location>
			<locationId></locationId>
			<maxcharges>0</maxcharges>
			<note></note>
			<quantity>1</quantity>
			<checkbox>1</checkbox>
			<size>
				<long>Medium</long>
				<short>M</short>
			</size>
			<special_properties></special_properties>
			<type>GOODS.GENERAL</type>
			<weight>4</weight>
			<total_wt>4</total_wt>
			<total_weight>4</total_weight>
			<bonuslist></bonuslist>
			<acmod>0</acmod>
			<maxdex>100</maxdex>
			<accheck>0</accheck>
			<edr>0</edr>
			<move></move>
			<spell_failure>0</spell_failure>
			<damage></damage>
			<damage_alt></damage_alt>
			<crit_range></crit_range>
			<crit_mult></crit_mult>
			<crit_range_alt></crit_range_alt>
			<crit_mult_alt></crit_mult_alt>
			<range>0 ft.</range>
			<attacks>0.0</attacks>
			<prof></prof>
			<source>Paizo Inc. - Core Rulebook, p.155</source>
			<quality></quality>
		</item>
		<item>
			<longname>Explorer&#39;s Outfit</longname>
			<id></id>
			<name>Explorer&#39;s Outfit</name>
			<carried>0.0</carried>
			<charges></charges>
			<charges_used></charges_used>
			<contents></contents>
			<contents_num>0</contents_num>
			<content_weight>0</content_weight>
			<cost>0</cost>
			<equipped>N</equipped>
			<location>Saddlebags</location>
			<locationId></locationId>
			<maxcharges>0</maxcharges>
			<note></note>
			<quantity>1</quantity>
			<checkbox>1</checkbox>
			<size>
				<long>Medium</long>
				<short>M</short>
			</size>
			<special_properties></special_properties>
			<type>GOODS.CLOTHING.RESIZABLE.STARTING.CUSTOM</type>
			<weight>8</weight>
			<total_wt>8</total_wt>
			<total_weight>8</total_weight>
			<bonuslist></bonuslist>
			<acmod>0</acmod>
			<maxdex>100</maxdex>
			<accheck>0</accheck>
			<edr>0</edr>
			<move></move>
			<spell_failure>0</spell_failure>
			<damage></damage>
			<damage_alt></damage_alt>
			<crit_range></crit_range>
			<crit_mult></crit_mult>
			<crit_range_alt></crit_range_alt>
			<crit_mult_alt></crit_mult_alt>
			<range>0 ft.</range>
			<attacks>0.0</attacks>
			<prof></prof>
			<source>Custom - Paizo Inc. - Core Rulebook, p.161</source>
			<quality></quality>
		</item>
		<item>
			<longname>Waterskin, Filled</longname>
			<id></id>
			<name>Waterskin</name>
			<carried>0.0</carried>
			<charges></charges>
			<charges_used></charges_used>
			<contents></contents>
			<contents_num>0</contents_num>
			<content_weight>0</content_weight>
			<cost>1</cost>
			<equipped>N</equipped>
			<location>Saddlebags</location>
			<locationId></locationId>
			<maxcharges>0</maxcharges>
			<note></note>
			<quantity>1</quantity>
			<checkbox>1</checkbox>
			<size>
				<long>Medium</long>
				<short>M</short>
			</size>
			<special_properties></special_properties>
			<type>GOODS.GENERAL.RESIZABLE</type>
			<weight>4</weight>
			<total_wt>4</total_wt>
			<total_weight>4</total_weight>
			<bonuslist></bonuslist>
			<acmod>0</acmod>
			<maxdex>100</maxdex>
			<accheck>0</accheck>
			<edr>0</edr>
			<move></move>
			<spell_failure>0</spell_failure>
			<damage></damage>
			<damage_alt></damage_alt>
			<crit_range></crit_range>
			<crit_mult></crit_mult>
			<crit_range_alt></crit_range_alt>
			<crit_mult_alt></crit_mult_alt>
			<range>0 ft.</range>
			<attacks>0.0</attacks>
			<prof></prof>
			<source>Paizo Inc. - Core Rulebook, p.158</source>
			<quality></quality>
		</item>
		<item>
			<longname>Rope, Silk (50 ft.)</longname>
			<id></id>
			<name>Silk Rope (50 ft.)</name>
			<carried>1.0</carried>
			<charges></charges>
			<charges_used></charges_used>
			<contents></contents>
			<contents_num>0</contents_num>
			<content_weight>0</content_weight>
			<cost>10</cost>
			<equipped>N</equipped>
			<location>Backpack</location>
			<locationId></locationId>
			<maxcharges>0</maxcharges>
			<note></note>
			<quantity>1</quantity>
			<checkbox>1</checkbox>
			<size>
				<long>Medium</long>
				<short>M</short>
			</size>
			<special_properties></special_properties>
			<type>GOODS.GENERAL</type>
			<weight>5</weight>
			<total_wt>5</total_wt>
			<total_weight>5</total_weight>
			<bonuslist></bonuslist>
			<acmod>0</acmod>
			<maxdex>100</maxdex>
			<accheck>0</accheck>
			<edr>0</edr>
			<move></move>
			<spell_failure>0</spell_failure>
			<damage></damage>
			<damage_alt></damage_alt>
			<crit_range></crit_range>
			<crit_mult></crit_mult>
			<crit_range_alt></crit_range_alt>
			<crit_mult_alt></crit_mult_alt>
			<range>0 ft.</range>
			<attacks>0.0</attacks>
			<prof></prof>
			<source>Paizo Inc. - Core Rulebook, p.157</source>
			<quality>Plural: No</quality>
		</item>
		<item>
			<longname>Stake (Wood)</longname>
			<id></id>
			<name>Wooden Stake</name>
			<carried>2.0</carried>
			<charges></charges>
			<charges_used></charges_used>
			<contents></contents>
			<contents_num>0</contents_num>
			<content_weight>0</content_weight>
			<cost>0</cost>
			<equipped>N</equipped>
			<location>Carried</location>
			<locationId></locationId>
			<maxcharges>0</maxcharges>
			<note></note>
			<quantity>2</quantity>
			<checkbox>2</checkbox>
			<size>
				<long>Medium</long>
				<short>M</short>
			</size>
			<special_properties></special_properties>
			<type>WEAPON.RESIZABLE.MELEE.LIGHT.FINESSEABLE.RANGED.THROWN.SIMPLE.STANDARD.PIERCING.CLOSE.WOODEN</type>
			<weight>1</weight>
			<total_wt>2</total_wt>
			<total_weight>1</total_weight>
			<bonuslist></bonuslist>
			<acmod>0</acmod>
			<maxdex>100</maxdex>
			<accheck>0</accheck>
			<edr>0</edr>
			<move></move>
			<spell_failure>0</spell_failure>
			<damage>1d4</damage>
			<damage_alt></damage_alt>
			<crit_range>1</crit_range>
			<crit_mult>x2</crit_mult>
			<crit_range_alt></crit_range_alt>
			<crit_mult_alt></crit_mult_alt>
			<range>10 ft.</range>
			<attacks>0.0</attacks>
			<prof>Stake</prof>
			<source>Paizo Inc. - Advanced Player&#39;s Guide, p.177</source>
			<quality></quality>
		</item>
		<item>
			<longname>Traveler&#39;s Outfit</longname>
			<id></id>
			<name>Traveler&#39;s Outfit</name>
			<carried>1.0</carried>
			<charges></charges>
			<charges_used></charges_used>
			<contents></contents>
			<contents_num>0</contents_num>
			<content_weight>0</content_weight>
			<cost>1</cost>
			<equipped>Y</equipped>
			<location>Equipped</location>
			<locationId></locationId>
			<maxcharges>0</maxcharges>
			<note></note>
			<quantity>1</quantity>
			<checkbox>1</checkbox>
			<size>
				<long>Medium</long>
				<short>M</short>
			</size>
			<special_properties></special_properties>
			<type>GOODS.CLOTHING.RESIZABLE.STARTING</type>
			<weight>5</weight>
			<total_wt>5</total_wt>
			<total_weight>5</total_weight>
			<bonuslist></bonuslist>
			<acmod>0</acmod>
			<maxdex>100</maxdex>
			<accheck>0</accheck>
			<edr>0</edr>
			<move></move>
			<spell_failure>0</spell_failure>
			<damage></damage>
			<damage_alt></damage_alt>
			<crit_range></crit_range>
			<crit_mult></crit_mult>
			<crit_range_alt></crit_range_alt>
			<crit_mult_alt></crit_mult_alt>
			<range>0 ft.</range>
			<attacks>0.0</attacks>
			<prof></prof>
			<source>Paizo Inc. - Core Rulebook, p.162</source>
			<quality></quality>
		</item>
		<total>
			<weight>98 lbs.</weight>
			<value>7563.45 gp</value>
			<load>Light</load>
			<capacity>300</capacity>
		</total>
		<equipmentsets>
		<equipmentset name="Default Set">
				<item>
					<longname>Flail +1 (Heavy)</longname>
					<name>Flail +1 (Heavy)</name>
					<carried>1.0</carried>
					<charges></charges>
					<charges_used></charges_used>
					<contents></contents>
					<contents_num>0</contents_num>
					<content_weight>0</content_weight>
					<cost>2315</cost>
					<equipped>Y</equipped>
					<location>Equipped</location>
					<maxcharges>0</maxcharges>
					<note></note>
					<quantity>1</quantity>
					<checkbox>1</checkbox>
					<size>
						<long>Medium</long>
						<short>M</short>
					</size>
					<special_properties>disarm, trip</special_properties>
					<type>MAGIC.WEAPON.RESIZABLE.MELEE.MARTIAL.TWOHANDED.BLUDGEONING.FLAIL.WEAPON GROUP FLAILS.CUSTOM.DISARM.METAL.TRIP.MASTERWORK.WEAPONENHANCEMENT.PLUS1</type>
					<weight>10</weight>
					<total_wt>10</total_wt>
					<total_weight>10</total_weight>
					<bonuslist></bonuslist>
					<acmod>0</acmod>
					<maxdex>100</maxdex>
					<accheck>0</accheck>
					<edr>0</edr>
					<move></move>
					<spell_failure>0</spell_failure>
					<damage>1d10</damage>
					<damage_alt></damage_alt>
					<crit_range>2</crit_range>
					<crit_mult>x2</crit_mult>
					<crit_range_alt></crit_range_alt>
					<crit_mult_alt></crit_mult_alt>
					<range>0 ft.</range>
					<attacks>0.0</attacks>
					<prof>Flail (Heavy)</prof>
					<source>Custom - Paizo Inc. - Core Rulebook, p.146</source>
					<quality>EQ.0.QUALITY</quality>
				</item>
				<item>
					<longname>Flail +1 (Heavy)</longname>
					<name>Flail +1 (Heavy)</name>
					<carried>1.0</carried>
					<charges></charges>
					<charges_used></charges_used>
					<contents></contents>
					<contents_num>0</contents_num>
					<content_weight>0</content_weight>
					<cost>2300</cost>
					<equipped>Y</equipped>
					<location>Equipped</location>
					<maxcharges>0</maxcharges>
					<note></note>
					<quantity>1</quantity>
					<checkbox>1</checkbox>
					<size>
						<long>Medium</long>
						<short>M</short>
					</size>
					<special_properties>disarm, trip</special_properties>
					<type>MAGIC.WEAPON.RESIZABLE.MELEE.MARTIAL.TWOHANDED.BLUDGEONING.FLAIL.WEAPON GROUP FLAILS.CUSTOM.TEMPORARY.DISARM.METAL.TRIP.MASTERWORK.WEAPONENHANCEMENT.PLUS1</type>
					<weight>0</weight>
					<total_wt>0</total_wt>
					<total_weight>0</total_weight>
					<bonuslist></bonuslist>
					<acmod>0</acmod>
					<maxdex>100</maxdex>
					<accheck>0</accheck>
					<edr>0</edr>
					<move></move>
					<spell_failure>0</spell_failure>
					<damage>1d10</damage>
					<damage_alt></damage_alt>
					<crit_range>2</crit_range>
					<crit_mult>x2</crit_mult>
					<crit_range_alt></crit_range_alt>
					<crit_mult_alt></crit_mult_alt>
					<range>0 ft.</range>
					<attacks>0.0</attacks>
					<prof>Flail (Heavy)</prof>
					<source>Custom - Paizo Inc. - Core Rulebook, p.146</source>
					<quality>EQ.0.QUALITY</quality>
				</item>
				<item>
					<longname>Gauntlet, Spiked</longname>
					<name>Spiked Gauntlet</name>
					<carried>1.0</carried>
					<charges></charges>
					<charges_used></charges_used>
					<contents></contents>
					<contents_num>0</contents_num>
					<content_weight>0</content_weight>
					<cost>5</cost>
					<equipped>Y</equipped>
					<location>Equipped</location>
					<maxcharges>0</maxcharges>
					<note></note>
					<quantity>1</quantity>
					<checkbox>1</checkbox>
					<size>
						<long>Medium</long>
						<short>M</short>
					</size>
					<special_properties></special_properties>
					<type>WEAPON.RESIZABLE.MELEE.SIMPLE.LIGHT.UNARMED.FINESSEABLE.PIERCING.GAUNTLET.CLOSE.WEAPON GROUP CLOSE.WEAPON GROUP NATURAL.METAL</type>
					<weight>0</weight>
					<total_wt>0</total_wt>
					<total_weight>0</total_weight>
					<bonuslist></bonuslist>
					<acmod>0</acmod>
					<maxdex>100</maxdex>
					<accheck>0</accheck>
					<edr>0</edr>
					<move></move>
					<spell_failure>0</spell_failure>
					<damage>1d4</damage>
					<damage_alt></damage_alt>
					<crit_range>1</crit_range>
					<crit_mult>x2</crit_mult>
					<crit_range_alt></crit_range_alt>
					<crit_mult_alt></crit_mult_alt>
					<range>0 ft.</range>
					<attacks>0.0</attacks>
					<prof>Gauntlet (Spiked)</prof>
					<source>Paizo Inc. - Core Rulebook, p.146</source>
					<quality>EQ.0.QUALITY</quality>
				</item>
				<item>
					<longname>Ring of Protection +1</longname>
					<name>Ring of Protection +1</name>
					<carried>1.0</carried>
					<charges></charges>
					<charges_used></charges_used>
					<contents></contents>
					<contents_num>0</contents_num>
					<content_weight>0</content_weight>
					<cost>2000</cost>
					<equipped>Y</equipped>
					<location>Equipped</location>
					<maxcharges>0</maxcharges>
					<note></note>
					<quantity>1</quantity>
					<checkbox>1</checkbox>
					<size>
						<long>Medium</long>
						<short>M</short>
					</size>
					<special_properties></special_properties>
					<type>MAGIC.RING</type>
					<weight>0</weight>
					<total_wt>0</total_wt>
					<total_weight>0</total_weight>
					<bonuslist></bonuslist>
					<acmod>1</acmod>
					<maxdex>100</maxdex>
					<accheck>0</accheck>
					<edr>0</edr>
					<move></move>
					<spell_failure>0</spell_failure>
					<damage></damage>
					<damage_alt></damage_alt>
					<crit_range></crit_range>
					<crit_mult></crit_mult>
					<crit_range_alt></crit_range_alt>
					<crit_mult_alt></crit_mult_alt>
					<range>0 ft.</range>
					<attacks>0.0</attacks>
					<prof></prof>
					<source>Paizo Inc. - Core Rulebook, p.481</source>
					<quality>EQ.0.QUALITY</quality>
				</item>
				<item>
					<longname>Full Plate +1</longname>
					<name>Full Plate +1</name>
					<carried>1.0</carried>
					<charges></charges>
					<charges_used></charges_used>
					<contents></contents>
					<contents_num>0</contents_num>
					<content_weight>0</content_weight>
					<cost>2650</cost>
					<equipped>Y</equipped>
					<location>Equipped</location>
					<maxcharges>0</maxcharges>
					<note></note>
					<quantity>1</quantity>
					<checkbox>1</checkbox>
					<size>
						<long>Medium</long>
						<short>M</short>
					</size>
					<special_properties></special_properties>
					<type>MAGIC.ARMOR.HEAVY.ARMORPROFHEAVY.SUIT.CUSTOM.METAL.MASTERWORK.ARMORENHANCEMENT.PLUS1</type>
					<weight>50</weight>
					<total_wt>50</total_wt>
					<total_weight>50</total_weight>
					<bonuslist></bonuslist>
					<acmod>10</acmod>
					<maxdex>1</maxdex>
					<accheck>-5</accheck>
					<edr>0</edr>
					<move></move>
					<spell_failure>35</spell_failure>
					<damage></damage>
					<damage_alt></damage_alt>
					<crit_range></crit_range>
					<crit_mult></crit_mult>
					<crit_range_alt></crit_range_alt>
					<crit_mult_alt></crit_mult_alt>
					<range>0 ft.</range>
					<attacks>0.0</attacks>
					<prof>Full Plate</prof>
					<source>Custom - Paizo Inc. - Core Rulebook, p.150</source>
					<quality>EQ.0.QUALITY</quality>
				</item>
				<item>
					<longname>Backpack</longname>
					<name>Backpack</name>
					<carried>1.0</carried>
					<charges></charges>
					<charges_used></charges_used>
					<contents>18 lbs., 1 Silk Rope (50 ft.), 1 Antitoxin, 1 Flint and Steel, 1 Silver Holy Symbol, 2 Holy Water, 3 Iron Spike, 1 Bullseye Lantern, 2 Oil, 2 Sunrod</contents>
					<contents_num>9</contents_num>
					<content_weight>18</content_weight>
					<cost>2</cost>
					<equipped>Y</equipped>
					<location>Equipped</location>
					<maxcharges>0</maxcharges>
					<note></note>
					<quantity>1</quantity>
					<checkbox>1</checkbox>
					<size>
						<long>Medium</long>
						<short>M</short>
					</size>
					<special_properties></special_properties>
					<type>GOODS.CONTAINER.GENERAL.RESIZABLE</type>
					<weight>2</weight>
					<total_wt>2</total_wt>
					<total_weight>20</total_weight>
					<bonuslist></bonuslist>
					<acmod>0</acmod>
					<maxdex>100</maxdex>
					<accheck>0</accheck>
					<edr>0</edr>
					<move></move>
					<spell_failure>0</spell_failure>
					<damage></damage>
					<damage_alt></damage_alt>
					<crit_range></crit_range>
					<crit_mult></crit_mult>
					<crit_range_alt></crit_range_alt>
					<crit_mult_alt></crit_mult_alt>
					<range>0 ft.</range>
					<attacks>0.0</attacks>
					<prof></prof>
					<source>Paizo Inc. - Core Rulebook, p.158</source>
					<quality>EQ.0.QUALITY</quality>
				</item>
				<item>
					<longname>Antitoxin</longname>
					<name>Antitoxin</name>
					<carried>1.0</carried>
					<charges></charges>
					<charges_used></charges_used>
					<contents></contents>
					<contents_num>0</contents_num>
					<content_weight>0</content_weight>
					<cost>50</cost>
					<equipped>N</equipped>
					<location>Backpack</location>
					<maxcharges>0</maxcharges>
					<note></note>
					<quantity>1</quantity>
					<checkbox>1</checkbox>
					<size>
						<long>Medium</long>
						<short>M</short>
					</size>
					<special_properties>+5 alchemical bonus to Fortitude saves against poison for 1 hour</special_properties>
					<type>GOODS.ALCHEMICAL.VIAL.CONSUMABLE</type>
					<weight>0</weight>
					<total_wt>0</total_wt>
					<total_weight>0</total_weight>
					<bonuslist></bonuslist>
					<acmod>0</acmod>
					<maxdex>100</maxdex>
					<accheck>0</accheck>
					<edr>0</edr>
					<move></move>
					<spell_failure>0</spell_failure>
					<damage></damage>
					<damage_alt></damage_alt>
					<crit_range></crit_range>
					<crit_mult></crit_mult>
					<crit_range_alt></crit_range_alt>
					<crit_mult_alt></crit_mult_alt>
					<range>0 ft.</range>
					<attacks>0.0</attacks>
					<prof></prof>
					<source>Paizo Inc. - Core Rulebook, p.160</source>
					<quality>EQ.0.QUALITY</quality>
				</item>
				<item>
					<longname>Flint and Steel</longname>
					<name>Flint and Steel</name>
					<carried>1.0</carried>
					<charges></charges>
					<charges_used></charges_used>
					<contents></contents>
					<contents_num>0</contents_num>
					<content_weight>0</content_weight>
					<cost>1</cost>
					<equipped>N</equipped>
					<location>Backpack</location>
					<maxcharges>0</maxcharges>
					<note></note>
					<quantity>1</quantity>
					<checkbox>1</checkbox>
					<size>
						<long>Medium</long>
						<short>M</short>
					</size>
					<special_properties></special_properties>
					<type>GOODS.GENERAL</type>
					<weight>0</weight>
					<total_wt>0</total_wt>
					<total_weight>0</total_weight>
					<bonuslist></bonuslist>
					<acmod>0</acmod>
					<maxdex>100</maxdex>
					<accheck>0</accheck>
					<edr>0</edr>
					<move></move>
					<spell_failure>0</spell_failure>
					<damage></damage>
					<damage_alt></damage_alt>
					<crit_range></crit_range>
					<crit_mult></crit_mult>
					<crit_range_alt></crit_range_alt>
					<crit_mult_alt></crit_mult_alt>
					<range>0 ft.</range>
					<attacks>0.0</attacks>
					<prof></prof>
					<source>Paizo Inc. - Core Rulebook, p.155</source>
					<quality>EQ.0.QUALITY</quality>
				</item>
				<item>
					<longname>Holy Symbol, Silver</longname>
					<name>Silver Holy Symbol</name>
					<carried>1.0</carried>
					<charges></charges>
					<charges_used></charges_used>
					<contents></contents>
					<contents_num>0</contents_num>
					<content_weight>0</content_weight>
					<cost>25</cost>
					<equipped>N</equipped>
					<location>Backpack</location>
					<maxcharges>0</maxcharges>
					<note></note>
					<quantity>1</quantity>
					<checkbox>1</checkbox>
					<size>
						<long>Medium</long>
						<short>M</short>
					</size>
					<special_properties></special_properties>
					<type>GOODS.TOOLS.SPELL COMPONENT.DIVINE FOCUS.HOLY SYMBOL</type>
					<weight>1</weight>
					<total_wt>1</total_wt>
					<total_weight>1</total_weight>
					<bonuslist></bonuslist>
					<acmod>0</acmod>
					<maxdex>100</maxdex>
					<accheck>0</accheck>
					<edr>0</edr>
					<move></move>
					<spell_failure>0</spell_failure>
					<damage></damage>
					<damage_alt></damage_alt>
					<crit_range></crit_range>
					<crit_mult></crit_mult>
					<crit_range_alt></crit_range_alt>
					<crit_mult_alt></crit_mult_alt>
					<range>0 ft.</range>
					<attacks>0.0</attacks>
					<prof></prof>
					<source>Paizo Inc. - Core Rulebook, p.161</source>
					<quality>EQ.0.QUALITY</quality>
				</item>
				<item>
					<longname>Holy Water</longname>
					<name>Holy Water</name>
					<carried>2.0</carried>
					<charges></charges>
					<charges_used></charges_used>
					<contents></contents>
					<contents_num>0</contents_num>
					<content_weight>0</content_weight>
					<cost>25</cost>
					<equipped>N</equipped>
					<location>Backpack</location>
					<maxcharges>0</maxcharges>
					<note></note>
					<quantity>2</quantity>
					<checkbox>2</checkbox>
					<size>
						<long>Medium</long>
						<short>M</short>
					</size>
					<special_properties>splash weapon</special_properties>
					<type>GOODS.FLASK.CONSUMABLE.WEAPON.RANGED.THROWN.SPLASH.NOATTACKPENALTY</type>
					<weight>1</weight>
					<total_wt>2</total_wt>
					<total_weight>1</total_weight>
					<bonuslist></bonuslist>
					<acmod>0</acmod>
					<maxdex>100</maxdex>
					<accheck>0</accheck>
					<edr>0</edr>
					<move></move>
					<spell_failure>0</spell_failure>
					<damage>1d6</damage>
					<damage_alt></damage_alt>
					<crit_range>1</crit_range>
					<crit_mult>x2</crit_mult>
					<crit_range_alt></crit_range_alt>
					<crit_mult_alt></crit_mult_alt>
					<range>10 ft.</range>
					<attacks>0.0</attacks>
					<prof>Splash Weapon</prof>
					<source>Paizo Inc. - Core Rulebook, p.160</source>
					<quality>EQ.0.QUALITY</quality>
				</item>
				<item>
					<longname>Iron Spike</longname>
					<name>Iron Spike</name>
					<carried>3.0</carried>
					<charges></charges>
					<charges_used></charges_used>
					<contents></contents>
					<contents_num>0</contents_num>
					<content_weight>0</content_weight>
					<cost>0.05</cost>
					<equipped>N</equipped>
					<location>Backpack</location>
					<maxcharges>0</maxcharges>
					<note></note>
					<quantity>3</quantity>
					<checkbox>3</checkbox>
					<size>
						<long>Medium</long>
						<short>M</short>
					</size>
					<special_properties></special_properties>
					<type>GOODS.GENERAL</type>
					<weight>1</weight>
					<total_wt>3</total_wt>
					<total_weight>1</total_weight>
					<bonuslist></bonuslist>
					<acmod>0</acmod>
					<maxdex>100</maxdex>
					<accheck>0</accheck>
					<edr>0</edr>
					<move></move>
					<spell_failure>0</spell_failure>
					<damage></damage>
					<damage_alt></damage_alt>
					<crit_range></crit_range>
					<crit_mult></crit_mult>
					<crit_range_alt></crit_range_alt>
					<crit_mult_alt></crit_mult_alt>
					<range>0 ft.</range>
					<attacks>0.0</attacks>
					<prof></prof>
					<source>Paizo Inc. - Advanced Player&#39;s Guide, p.182</source>
					<quality>EQ.0.QUALITY</quality>
				</item>
				<item>
					<longname>Lantern, Bullseye</longname>
					<name>Bullseye Lantern</name>
					<carried>1.0</carried>
					<charges></charges>
					<charges_used></charges_used>
					<contents></contents>
					<contents_num>0</contents_num>
					<content_weight>0</content_weight>
					<cost>12</cost>
					<equipped>N</equipped>
					<location>Backpack</location>
					<maxcharges>0</maxcharges>
					<note></note>
					<quantity>1</quantity>
					<checkbox>1</checkbox>
					<size>
						<long>Medium</long>
						<short>M</short>
					</size>
					<special_properties></special_properties>
					<type>GOODS.GENERAL.LIGHT SOURCE</type>
					<weight>3</weight>
					<total_wt>3</total_wt>
					<total_weight>3</total_weight>
					<bonuslist></bonuslist>
					<acmod>0</acmod>
					<maxdex>100</maxdex>
					<accheck>0</accheck>
					<edr>0</edr>
					<move></move>
					<spell_failure>0</spell_failure>
					<damage></damage>
					<damage_alt></damage_alt>
					<crit_range></crit_range>
					<crit_mult></crit_mult>
					<crit_range_alt></crit_range_alt>
					<crit_mult_alt></crit_mult_alt>
					<range>0 ft.</range>
					<attacks>0.0</attacks>
					<prof></prof>
					<source>Paizo Inc. - Core Rulebook, p.156</source>
					<quality>EQ.0.QUALITY</quality>
				</item>
				<item>
					<longname>Oil, 1 Pint Flask</longname>
					<name>Oil</name>
					<carried>2.0</carried>
					<charges></charges>
					<charges_used></charges_used>
					<contents></contents>
					<contents_num>0</contents_num>
					<content_weight>0</content_weight>
					<cost>0.1</cost>
					<equipped>N</equipped>
					<location>Backpack</location>
					<maxcharges>0</maxcharges>
					<note></note>
					<quantity>2</quantity>
					<checkbox>2</checkbox>
					<size>
						<long>Medium</long>
						<short>M</short>
					</size>
					<special_properties>splash weapon, full-round action to prepare, 50% chance to ignite</special_properties>
					<type>GOODS.GENERAL.LIQUID.FLASK.CONSUMABLE.WEAPON.RANGED.THROWN.FIRE.SPLASH</type>
					<weight>1</weight>
					<total_wt>2</total_wt>
					<total_weight>1</total_weight>
					<bonuslist></bonuslist>
					<acmod>0</acmod>
					<maxdex>100</maxdex>
					<accheck>0</accheck>
					<edr>0</edr>
					<move></move>
					<spell_failure>0</spell_failure>
					<damage>1d6</damage>
					<damage_alt></damage_alt>
					<crit_range>1</crit_range>
					<crit_mult>x2</crit_mult>
					<crit_range_alt></crit_range_alt>
					<crit_mult_alt></crit_mult_alt>
					<range>10 ft.</range>
					<attacks>0.0</attacks>
					<prof>Splash Weapon</prof>
					<source>Paizo Inc. - Core Rulebook, p.157</source>
					<quality>EQ.0.QUALITY</quality>
				</item>
				<item>
					<longname>Sunrod</longname>
					<name>Sunrod</name>
					<carried>2.0</carried>
					<charges></charges>
					<charges_used></charges_used>
					<contents></contents>
					<contents_num>0</contents_num>
					<content_weight>0</content_weight>
					<cost>2</cost>
					<equipped>N</equipped>
					<location>Backpack</location>
					<maxcharges>0</maxcharges>
					<note></note>
					<quantity>2</quantity>
					<checkbox>2</checkbox>
					<size>
						<long>Medium</long>
						<short>M</short>
					</size>
					<special_properties></special_properties>
					<type>GOODS.ALCHEMICAL.CONSUMABLE.LIGHT SOURCE</type>
					<weight>1</weight>
					<total_wt>2</total_wt>
					<total_weight>1</total_weight>
					<bonuslist></bonuslist>
					<acmod>0</acmod>
					<maxdex>100</maxdex>
					<accheck>0</accheck>
					<edr>0</edr>
					<move></move>
					<spell_failure>0</spell_failure>
					<damage></damage>
					<damage_alt></damage_alt>
					<crit_range></crit_range>
					<crit_mult></crit_mult>
					<crit_range_alt></crit_range_alt>
					<crit_mult_alt></crit_mult_alt>
					<range>0 ft.</range>
					<attacks>0.0</attacks>
					<prof></prof>
					<source>Paizo Inc. - Core Rulebook, p.160</source>
					<quality>EQ.0.QUALITY</quality>
				</item>
				<item>
					<longname>Dagger</longname>
					<name>Dagger</name>
					<carried>1.0</carried>
					<charges></charges>
					<charges_used></charges_used>
					<contents></contents>
					<contents_num>0</contents_num>
					<content_weight>0</content_weight>
					<cost>2</cost>
					<equipped>N</equipped>
					<location>Carried</location>
					<maxcharges>0</maxcharges>
					<note></note>
					<quantity>1</quantity>
					<checkbox>1</checkbox>
					<size>
						<long>Medium</long>
						<short>M</short>
					</size>
					<special_properties></special_properties>
					<type>WEAPON.RESIZABLE.MELEE.SIMPLE.LIGHT.FINESSEABLE.RANGED.THROWN.PIERCING.SLASHING.DAGGER.BLADELIGHT.WEAPON GROUP BLADES LIGHT.WEAPON GROUP THROWN.METAL</type>
					<weight>1</weight>
					<total_wt>1</total_wt>
					<total_weight>1</total_weight>
					<bonuslist></bonuslist>
					<acmod>0</acmod>
					<maxdex>100</maxdex>
					<accheck>0</accheck>
					<edr>0</edr>
					<move></move>
					<spell_failure>0</spell_failure>
					<damage>1d4</damage>
					<damage_alt></damage_alt>
					<crit_range>2</crit_range>
					<crit_mult>x2</crit_mult>
					<crit_range_alt></crit_range_alt>
					<crit_mult_alt></crit_mult_alt>
					<range>10 ft.</range>
					<attacks>0.0</attacks>
					<prof>Dagger</prof>
					<source>Paizo Inc. - Core Rulebook, p.146</source>
					<quality>EQ.0.QUALITY</quality>
				</item>
				<item>
					<longname>Javelin</longname>
					<name>Javelin</name>
					<carried>3.0</carried>
					<charges></charges>
					<charges_used></charges_used>
					<contents></contents>
					<contents_num>0</contents_num>
					<content_weight>0</content_weight>
					<cost>1</cost>
					<equipped>N</equipped>
					<location>Carried</location>
					<maxcharges>0</maxcharges>
					<note></note>
					<quantity>3</quantity>
					<checkbox>3</checkbox>
					<size>
						<long>Medium</long>
						<short>M</short>
					</size>
					<special_properties></special_properties>
					<type>WEAPON.RESIZABLE.RANGED.SIMPLE.THROWN.PIERCING.JAVELIN.SPEAR.WEAPON GROUP SPEARS.WEAPON GROUP THROWN.WOODEN</type>
					<weight>2</weight>
					<total_wt>6</total_wt>
					<total_weight>2</total_weight>
					<bonuslist></bonuslist>
					<acmod>0</acmod>
					<maxdex>100</maxdex>
					<accheck>0</accheck>
					<edr>0</edr>
					<move></move>
					<spell_failure>0</spell_failure>
					<damage>1d6</damage>
					<damage_alt></damage_alt>
					<crit_range>1</crit_range>
					<crit_mult>x2</crit_mult>
					<crit_range_alt></crit_range_alt>
					<crit_mult_alt></crit_mult_alt>
					<range>30 ft.</range>
					<attacks>0.0</attacks>
					<prof>Javelin</prof>
					<source>Paizo Inc. - Core Rulebook, p.146</source>
					<quality>EQ.0.QUALITY</quality>
				</item>
				<item>
					<longname>Javelin</longname>
					<name>Javelin</name>
					<carried>0.0</carried>
					<charges></charges>
					<charges_used></charges_used>
					<contents></contents>
					<contents_num>0</contents_num>
					<content_weight>0</content_weight>
					<cost>1</cost>
					<equipped>N</equipped>
					<location>Heavy Horse (Combat Trained)</location>
					<maxcharges>0</maxcharges>
					<note></note>
					<quantity>2</quantity>
					<checkbox>2</checkbox>
					<size>
						<long>Medium</long>
						<short>M</short>
					</size>
					<special_properties></special_properties>
					<type>WEAPON.RESIZABLE.RANGED.SIMPLE.THROWN.PIERCING.JAVELIN.SPEAR.WEAPON GROUP SPEARS.WEAPON GROUP THROWN.WOODEN</type>
					<weight>2</weight>
					<total_wt>4</total_wt>
					<total_weight>2</total_weight>
					<bonuslist></bonuslist>
					<acmod>0</acmod>
					<maxdex>100</maxdex>
					<accheck>0</accheck>
					<edr>0</edr>
					<move></move>
					<spell_failure>0</spell_failure>
					<damage>1d6</damage>
					<damage_alt></damage_alt>
					<crit_range>1</crit_range>
					<crit_mult>x2</crit_mult>
					<crit_range_alt></crit_range_alt>
					<crit_mult_alt></crit_mult_alt>
					<range>30 ft.</range>
					<attacks>0.0</attacks>
					<prof>Javelin</prof>
					<source>Paizo Inc. - Core Rulebook, p.146</source>
					<quality>EQ.0.QUALITY</quality>
				</item>
				<item>
					<longname>Longsword (Alchemical Silver)</longname>
					<name>Longsword (Alchemical Silver)</name>
					<carried>1.0</carried>
					<charges></charges>
					<charges_used></charges_used>
					<contents></contents>
					<contents_num>0</contents_num>
					<content_weight>0</content_weight>
					<cost>105</cost>
					<equipped>N</equipped>
					<location>Carried</location>
					<maxcharges>0</maxcharges>
					<note></note>
					<quantity>1</quantity>
					<checkbox>1</checkbox>
					<size>
						<long>Medium</long>
						<short>M</short>
					</size>
					<special_properties>silver</special_properties>
					<type>WEAPON.RESIZABLE.MELEE.MARTIAL.ONEHANDED.SLASHING.SWORD.BLADEHEAVY.WEAPON GROUP BLADES HEAVY.CUSTOM.METAL.SILVER</type>
					<weight>4</weight>
					<total_wt>4</total_wt>
					<total_weight>4</total_weight>
					<bonuslist></bonuslist>
					<acmod>0</acmod>
					<maxdex>100</maxdex>
					<accheck>0</accheck>
					<edr>0</edr>
					<move></move>
					<spell_failure>0</spell_failure>
					<damage>1d8</damage>
					<damage_alt></damage_alt>
					<crit_range>2</crit_range>
					<crit_mult>x2</crit_mult>
					<crit_range_alt></crit_range_alt>
					<crit_mult_alt></crit_mult_alt>
					<range>0 ft.</range>
					<attacks>0.0</attacks>
					<prof>Longsword</prof>
					<source>Custom - Paizo Inc. - Core Rulebook, p.147</source>
					<quality>EQ.0.QUALITY</quality>
				</item>
				<item>
					<longname>Wooden Stake</longname>
					<name>Wooden Stake</name>
					<carried>0.0</carried>
					<charges></charges>
					<charges_used></charges_used>
					<contents></contents>
					<contents_num>0</contents_num>
					<content_weight>0</content_weight>
					<cost>0</cost>
					<equipped>N</equipped>
					<location>Saddlebags</location>
					<maxcharges>0</maxcharges>
					<note></note>
					<quantity>2</quantity>
					<checkbox>2</checkbox>
					<size>
						<long>Medium</long>
						<short>M</short>
					</size>
					<special_properties></special_properties>
					<type>WEAPON.RESIZABLE.MELEE.LIGHT.FINESSEABLE.RANGED.THROWN.SIMPLE.STANDARD.PIERCING.CLOSE.CUSTOM.WOODEN</type>
					<weight>1</weight>
					<total_wt>2</total_wt>
					<total_weight>1</total_weight>
					<bonuslist></bonuslist>
					<acmod>0</acmod>
					<maxdex>100</maxdex>
					<accheck>0</accheck>
					<edr>0</edr>
					<move></move>
					<spell_failure>0</spell_failure>
					<damage>1d4</damage>
					<damage_alt></damage_alt>
					<crit_range>1</crit_range>
					<crit_mult>x2</crit_mult>
					<crit_range_alt></crit_range_alt>
					<crit_mult_alt></crit_mult_alt>
					<range>10 ft.</range>
					<attacks>0.0</attacks>
					<prof>Stake</prof>
					<source>Custom - Paizo Inc. - Advanced Player&#39;s Guide, p.177</source>
					<quality>EQ.0.QUALITY</quality>
				</item>
				<item>
					<longname>Heavy Horse (Combat Trained)</longname>
					<name>Heavy Horse (Combat Trained)</name>
					<carried>0.0</carried>
					<charges></charges>
					<charges_used></charges_used>
					<contents>65 lbs., 2 Javelin, 1 Military Saddle, 1 Saddlebags</contents>
					<contents_num>3</contents_num>
					<content_weight>65</content_weight>
					<cost>300</cost>
					<equipped>N</equipped>
					<location></location>
					<maxcharges>0</maxcharges>
					<note></note>
					<quantity>1</quantity>
					<checkbox>1</checkbox>
					<size>
						<long>Large</long>
						<short>L</short>
					</size>
					<special_properties></special_properties>
					<type>MOUNT.GOODS.TRANSPORTATION.CONTAINER</type>
					<weight>0</weight>
					<total_wt>0</total_wt>
					<total_weight>65</total_weight>
					<bonuslist></bonuslist>
					<acmod>0</acmod>
					<maxdex>100</maxdex>
					<accheck>0</accheck>
					<edr>0</edr>
					<move></move>
					<spell_failure>0</spell_failure>
					<damage></damage>
					<damage_alt></damage_alt>
					<crit_range></crit_range>
					<crit_mult></crit_mult>
					<crit_range_alt></crit_range_alt>
					<crit_mult_alt></crit_mult_alt>
					<range>0 ft.</range>
					<attacks>0.0</attacks>
					<prof></prof>
					<source>Paizo Inc. - Core Rulebook, p.162</source>
					<quality>EQ.0.QUALITY</quality>
				</item>
				<item>
					<longname>Saddle, Military</longname>
					<name>Military Saddle</name>
					<carried>0.0</carried>
					<charges></charges>
					<charges_used></charges_used>
					<contents></contents>
					<contents_num>0</contents_num>
					<content_weight>0</content_weight>
					<cost>20</cost>
					<equipped>N</equipped>
					<location>Heavy Horse (Combat Trained)</location>
					<maxcharges>0</maxcharges>
					<note></note>
					<quantity>1</quantity>
					<checkbox>1</checkbox>
					<size>
						<long>Medium</long>
						<short>M</short>
					</size>
					<special_properties>+2 circumstance bonus on Ride checks related to staying in the saddle</special_properties>
					<type>GOODS.MOUNT.SADDLE.MILITARY.RESIZABLE</type>
					<weight>30</weight>
					<total_wt>30</total_wt>
					<total_weight>30</total_weight>
					<bonuslist></bonuslist>
					<acmod>0</acmod>
					<maxdex>100</maxdex>
					<accheck>0</accheck>
					<edr>0</edr>
					<move></move>
					<spell_failure>0</spell_failure>
					<damage></damage>
					<damage_alt></damage_alt>
					<crit_range></crit_range>
					<crit_mult></crit_mult>
					<crit_range_alt></crit_range_alt>
					<crit_mult_alt></crit_mult_alt>
					<range>0 ft.</range>
					<attacks>0.0</attacks>
					<prof></prof>
					<source>Paizo Inc. - Core Rulebook, p.162</source>
					<quality>EQ.0.QUALITY</quality>
				</item>
				<item>
					<longname>Saddlebags</longname>
					<name>Saddlebags</name>
					<carried>0.0</carried>
					<charges></charges>
					<charges_used></charges_used>
					<contents>23 lbs., 2 Wooden Stake, 1 Bedroll, 1 Grappling Hook, 1 Explorer&#39;s Outfit, 1 Waterskin</contents>
					<contents_num>5</contents_num>
					<content_weight>23</content_weight>
					<cost>4</cost>
					<equipped>N</equipped>
					<location>Heavy Horse (Combat Trained)</location>
					<maxcharges>0</maxcharges>
					<note></note>
					<quantity>1</quantity>
					<checkbox>1</checkbox>
					<size>
						<long>Medium</long>
						<short>M</short>
					</size>
					<special_properties></special_properties>
					<type>GOODS.CONTAINER.MOUNT.RESIZABLE</type>
					<weight>8</weight>
					<total_wt>8</total_wt>
					<total_weight>31</total_weight>
					<bonuslist></bonuslist>
					<acmod>0</acmod>
					<maxdex>100</maxdex>
					<accheck>0</accheck>
					<edr>0</edr>
					<move></move>
					<spell_failure>0</spell_failure>
					<damage></damage>
					<damage_alt></damage_alt>
					<crit_range></crit_range>
					<crit_mult></crit_mult>
					<crit_range_alt></crit_range_alt>
					<crit_mult_alt></crit_mult_alt>
					<range>0 ft.</range>
					<attacks>0.0</attacks>
					<prof></prof>
					<source>Paizo Inc. - Core Rulebook, p.159</source>
					<quality>EQ.0.QUALITY</quality>
				</item>
				<item>
					<longname>Bedroll</longname>
					<name>Bedroll</name>
					<carried>0.0</carried>
					<charges></charges>
					<charges_used></charges_used>
					<contents></contents>
					<contents_num>0</contents_num>
					<content_weight>0</content_weight>
					<cost>0.1</cost>
					<equipped>N</equipped>
					<location>Saddlebags</location>
					<maxcharges>0</maxcharges>
					<note></note>
					<quantity>1</quantity>
					<checkbox>1</checkbox>
					<size>
						<long>Medium</long>
						<short>M</short>
					</size>
					<special_properties></special_properties>
					<type>GOODS.GENERAL.RESIZABLE</type>
					<weight>5</weight>
					<total_wt>5</total_wt>
					<total_weight>5</total_weight>
					<bonuslist></bonuslist>
					<acmod>0</acmod>
					<maxdex>100</maxdex>
					<accheck>0</accheck>
					<edr>0</edr>
					<move></move>
					<spell_failure>0</spell_failure>
					<damage></damage>
					<damage_alt></damage_alt>
					<crit_range></crit_range>
					<crit_mult></crit_mult>
					<crit_range_alt></crit_range_alt>
					<crit_mult_alt></crit_mult_alt>
					<range>0 ft.</range>
					<attacks>0.0</attacks>
					<prof></prof>
					<source>Paizo Inc. - Core Rulebook, p.158</source>
					<quality>EQ.0.QUALITY</quality>
				</item>
				<item>
					<longname>Grappling Hook</longname>
					<name>Grappling Hook</name>
					<carried>0.0</carried>
					<charges></charges>
					<charges_used></charges_used>
					<contents></contents>
					<contents_num>0</contents_num>
					<content_weight>0</content_weight>
					<cost>1</cost>
					<equipped>N</equipped>
					<location>Saddlebags</location>
					<maxcharges>0</maxcharges>
					<note></note>
					<quantity>1</quantity>
					<checkbox>1</checkbox>
					<size>
						<long>Medium</long>
						<short>M</short>
					</size>
					<special_properties></special_properties>
					<type>GOODS.GENERAL</type>
					<weight>4</weight>
					<total_wt>4</total_wt>
					<total_weight>4</total_weight>
					<bonuslist></bonuslist>
					<acmod>0</acmod>
					<maxdex>100</maxdex>
					<accheck>0</accheck>
					<edr>0</edr>
					<move></move>
					<spell_failure>0</spell_failure>
					<damage></damage>
					<damage_alt></damage_alt>
					<crit_range></crit_range>
					<crit_mult></crit_mult>
					<crit_range_alt></crit_range_alt>
					<crit_mult_alt></crit_mult_alt>
					<range>0 ft.</range>
					<attacks>0.0</attacks>
					<prof></prof>
					<source>Paizo Inc. - Core Rulebook, p.155</source>
					<quality>EQ.0.QUALITY</quality>
				</item>
				<item>
					<longname>Explorer&#39;s Outfit</longname>
					<name>Explorer&#39;s Outfit</name>
					<carried>0.0</carried>
					<charges></charges>
					<charges_used></charges_used>
					<contents></contents>
					<contents_num>0</contents_num>
					<content_weight>0</content_weight>
					<cost>0</cost>
					<equipped>N</equipped>
					<location>Saddlebags</location>
					<maxcharges>0</maxcharges>
					<note></note>
					<quantity>1</quantity>
					<checkbox>1</checkbox>
					<size>
						<long>Medium</long>
						<short>M</short>
					</size>
					<special_properties></special_properties>
					<type>GOODS.CLOTHING.RESIZABLE.STARTING.CUSTOM</type>
					<weight>8</weight>
					<total_wt>8</total_wt>
					<total_weight>8</total_weight>
					<bonuslist></bonuslist>
					<acmod>0</acmod>
					<maxdex>100</maxdex>
					<accheck>0</accheck>
					<edr>0</edr>
					<move></move>
					<spell_failure>0</spell_failure>
					<damage></damage>
					<damage_alt></damage_alt>
					<crit_range></crit_range>
					<crit_mult></crit_mult>
					<crit_range_alt></crit_range_alt>
					<crit_mult_alt></crit_mult_alt>
					<range>0 ft.</range>
					<attacks>0.0</attacks>
					<prof></prof>
					<source>Custom - Paizo Inc. - Core Rulebook, p.161</source>
					<quality>EQ.0.QUALITY</quality>
				</item>
				<item>
					<longname>Waterskin, Filled</longname>
					<name>Waterskin</name>
					<carried>0.0</carried>
					<charges></charges>
					<charges_used></charges_used>
					<contents></contents>
					<contents_num>0</contents_num>
					<content_weight>0</content_weight>
					<cost>1</cost>
					<equipped>N</equipped>
					<location>Saddlebags</location>
					<maxcharges>0</maxcharges>
					<note></note>
					<quantity>1</quantity>
					<checkbox>1</checkbox>
					<size>
						<long>Medium</long>
						<short>M</short>
					</size>
					<special_properties></special_properties>
					<type>GOODS.GENERAL.RESIZABLE</type>
					<weight>4</weight>
					<total_wt>4</total_wt>
					<total_weight>4</total_weight>
					<bonuslist></bonuslist>
					<acmod>0</acmod>
					<maxdex>100</maxdex>
					<accheck>0</accheck>
					<edr>0</edr>
					<move></move>
					<spell_failure>0</spell_failure>
					<damage></damage>
					<damage_alt></damage_alt>
					<crit_range></crit_range>
					<crit_mult></crit_mult>
					<crit_range_alt></crit_range_alt>
					<crit_mult_alt></crit_mult_alt>
					<range>0 ft.</range>
					<attacks>0.0</attacks>
					<prof></prof>
					<source>Paizo Inc. - Core Rulebook, p.158</source>
					<quality>EQ.0.QUALITY</quality>
				</item>
				<item>
					<longname>Rope, Silk (50 ft.)</longname>
					<name>Silk Rope (50 ft.)</name>
					<carried>1.0</carried>
					<charges></charges>
					<charges_used></charges_used>
					<contents></contents>
					<contents_num>0</contents_num>
					<content_weight>0</content_weight>
					<cost>10</cost>
					<equipped>N</equipped>
					<location>Backpack</location>
					<maxcharges>0</maxcharges>
					<note></note>
					<quantity>1</quantity>
					<checkbox>1</checkbox>
					<size>
						<long>Medium</long>
						<short>M</short>
					</size>
					<special_properties></special_properties>
					<type>GOODS.GENERAL</type>
					<weight>5</weight>
					<total_wt>5</total_wt>
					<total_weight>5</total_weight>
					<bonuslist></bonuslist>
					<acmod>0</acmod>
					<maxdex>100</maxdex>
					<accheck>0</accheck>
					<edr>0</edr>
					<move></move>
					<spell_failure>0</spell_failure>
					<damage></damage>
					<damage_alt></damage_alt>
					<crit_range></crit_range>
					<crit_mult></crit_mult>
					<crit_range_alt></crit_range_alt>
					<crit_mult_alt></crit_mult_alt>
					<range>0 ft.</range>
					<attacks>0.0</attacks>
					<prof></prof>
					<source>Paizo Inc. - Core Rulebook, p.157</source>
					<quality>EQ.0.QUALITY</quality>
				</item>
				<item>
					<longname>Stake (Wood)</longname>
					<name>Wooden Stake</name>
					<carried>2.0</carried>
					<charges></charges>
					<charges_used></charges_used>
					<contents></contents>
					<contents_num>0</contents_num>
					<content_weight>0</content_weight>
					<cost>0</cost>
					<equipped>N</equipped>
					<location>Carried</location>
					<maxcharges>0</maxcharges>
					<note></note>
					<quantity>2</quantity>
					<checkbox>2</checkbox>
					<size>
						<long>Medium</long>
						<short>M</short>
					</size>
					<special_properties></special_properties>
					<type>WEAPON.RESIZABLE.MELEE.LIGHT.FINESSEABLE.RANGED.THROWN.SIMPLE.STANDARD.PIERCING.CLOSE.WOODEN</type>
					<weight>1</weight>
					<total_wt>2</total_wt>
					<total_weight>1</total_weight>
					<bonuslist></bonuslist>
					<acmod>0</acmod>
					<maxdex>100</maxdex>
					<accheck>0</accheck>
					<edr>0</edr>
					<move></move>
					<spell_failure>0</spell_failure>
					<damage>1d4</damage>
					<damage_alt></damage_alt>
					<crit_range>1</crit_range>
					<crit_mult>x2</crit_mult>
					<crit_range_alt></crit_range_alt>
					<crit_mult_alt></crit_mult_alt>
					<range>10 ft.</range>
					<attacks>0.0</attacks>
					<prof>Stake</prof>
					<source>Paizo Inc. - Advanced Player&#39;s Guide, p.177</source>
					<quality>EQ.0.QUALITY</quality>
				</item>
				<item>
					<longname>Traveler&#39;s Outfit</longname>
					<name>Traveler&#39;s Outfit</name>
					<carried>1.0</carried>
					<charges></charges>
					<charges_used></charges_used>
					<contents></contents>
					<contents_num>0</contents_num>
					<content_weight>0</content_weight>
					<cost>1</cost>
					<equipped>Y</equipped>
					<location>Equipped</location>
					<maxcharges>0</maxcharges>
					<note></note>
					<quantity>1</quantity>
					<checkbox>1</checkbox>
					<size>
						<long>Medium</long>
						<short>M</short>
					</size>
					<special_properties></special_properties>
					<type>GOODS.CLOTHING.RESIZABLE.STARTING</type>
					<weight>5</weight>
					<total_wt>5</total_wt>
					<total_weight>5</total_weight>
					<bonuslist></bonuslist>
					<acmod>0</acmod>
					<maxdex>100</maxdex>
					<accheck>0</accheck>
					<edr>0</edr>
					<move></move>
					<spell_failure>0</spell_failure>
					<damage></damage>
					<damage_alt></damage_alt>
					<crit_range></crit_range>
					<crit_mult></crit_mult>
					<crit_range_alt></crit_range_alt>
					<crit_mult_alt></crit_mult_alt>
					<range>0 ft.</range>
					<attacks>0.0</attacks>
					<prof></prof>
					<source>Paizo Inc. - Core Rulebook, p.162</source>
					<quality>EQ.0.QUALITY</quality>
				</item>
			</equipmentset>
		</equipmentsets>
	</equipment>
	<weight_allowance>
		<light>100</light>
		<medium>200</medium>
		<heavy>300</heavy>
		<lift_over_head>300</lift_over_head>
		<lift_off_ground>600</lift_off_ground>
		<!-- And loses Dex bonus to AC and can only move 5 feet per round as a full-round action -->
		<push_drag>1500</push_drag>
	</weight_allowance>
	<!--
	  ====================================
	  ====================================
			SPECIAL ABILITIES
	  ====================================
	  ====================================-->
	<special_abilities>
		<race></race>
		<class>
			<class>Paladin</class>
			<ability></ability>
		</class>
	</special_abilities>
	<!--
	  ====================================
	  ====================================
			FEATS
	  ====================================
	  ====================================-->
	<feats>
		<!-- Visible standard feats (not including the auto feats) -->
		<feat>
			<name>Power Attack</name>
			<description>You can make exceptionally deadly melee attacks by sacrificing accuracy for strength.</description>
			<benefit>You can choose to take a -2 penalty on all melee attack rolls and combat maneuver checks to gain a +4 bonus on all melee damage rolls. This bonus to damage is increased by half (+50%) if you are making an attack with a two-handed weapon, a one handed weapon using two hands, or a primary natural weapon that adds 1-1/2 times your Strength modifier on damage rolls. This bonus to damage is halved (-50%) if you are making an attack with an off-hand weapon or secondary natural weapon. You must choose to use this feat before making an attack roll, and its effects last until your next turn. The bonus damage does not apply to touch attacks or effects that do not deal hit point damage.</benefit>
			<type>COMBAT.ATTACKOPTION.SAURIANSHAMANBONUS</type>
			<associated></associated>
			<count>0</count>
			<auto>F</auto>
			<hidden>F</hidden>
			<virtual>F</virtual>
			<source>Paizo Inc. - Core Rulebook, p.131</source>
		</feat>
		<feat>
			<name>Reward of Grace</name>
			<description>When you lay on hands, divine energy ripples through you, granting you grace.</description>
			<benefit>Each time you use your lay on hands ability, you gain a +1 sacred bonus on all attack rolls for 1 round.</benefit>
			<type>GENERAL</type>
			<associated></associated>
			<count>0</count>
			<auto>F</auto>
			<hidden>F</hidden>
			<virtual>F</virtual>
			<source>Paizo Inc. - Ultimate Magic, p.155</source>
		</feat>
		<feat>
			<name>Skill Focus (Diplomacy)</name>
			<description>You are particularly adept at your chosen skill.</description>
			<benefit>You get a +3 bonus on all checks involving the chosen skill. If you have 10 or more ranks in that skill, this bonus increases to +6.</benefit>
			<type>GENERAL.SKILLFOCUS</type>
			<associated>Diplomacy</associated>
			<count>1</count>
			<auto>F</auto>
			<hidden>F</hidden>
			<virtual>F</virtual>
			<source>Paizo Inc. - Core Rulebook, p.134</source>
		</feat>
		<feat>
			<name>Weapon Focus (Heavy Flail)</name>
			<description>You are especially good at using your chosen weapon.</description>
			<benefit>You gain a +1 bonus on all attack rolls you make using the selected weapon.</benefit>
			<type>COMBAT.WEAPONFOCUS.ORACLEWEAPONMASTERY</type>
			<associated>Heavy Flail</associated>
			<count>1</count>
			<auto>F</auto>
			<hidden>F</hidden>
			<virtual>F</virtual>
			<source>Paizo Inc. - Core Rulebook, p.136</source>
		</feat>

		<!-- Auto feats -->

		<!-- Virtual Feats -->
		<!-- End Virtual Feats -->
		<!-- Hidden feats (all feats less the virtual, automatic and visible ones) -->
		<!-- Hidden VFEATS -->
		<feat>
			<name>Power Attack (Light)</name>
			<description></description>
			<benefit></benefit>
			<type></type>
			<associated></associated>
			<count>0</count>
			<auto>F</auto>
			<hidden>T</hidden>
			<virtual>T</virtual>
			<source>Paizo Inc. - Core Rulebook</source>
		</feat>
		<feat>
			<name>Power Attack (Off-Hand)</name>
			<description></description>
			<benefit></benefit>
			<type></type>
			<associated></associated>
			<count>0</count>
			<auto>F</auto>
			<hidden>T</hidden>
			<virtual>T</virtual>
			<source>Paizo Inc. - Core Rulebook</source>
		</feat>
		<feat>
			<name>Power Attack (One-Handed)</name>
			<description></description>
			<benefit></benefit>
			<type></type>
			<associated></associated>
			<count>0</count>
			<auto>F</auto>
			<hidden>T</hidden>
			<virtual>T</virtual>
			<source>Paizo Inc. - Core Rulebook</source>
		</feat>
		<feat>
			<name>Power Attack (Two-Handed)</name>
			<description></description>
			<benefit></benefit>
			<type></type>
			<associated></associated>
			<count>0</count>
			<auto>F</auto>
			<hidden>T</hidden>
			<virtual>T</virtual>
			<source>Paizo Inc. - Core Rulebook</source>
		</feat>
		<!-- END Hidden VFEATS -->
		<feat>
			<name>CMB Output</name>
			<description></description>
			<benefit></benefit>
			<type>INTERNAL</type>
			<associated></associated>
			<count>0</count>
			<auto>T</auto>
			<hidden>T</hidden>
			<virtual>F</virtual>
			<source>Paizo Inc. - Core Rulebook</source>
		</feat>
	</feats>

	<!--
	  ====================================
	  ====================================
			ARCHETYPES
	  ====================================
	  ====================================-->
	<archetypes>
	</archetypes>
	<!--
	  ====================================
	  ====================================
			SPECIAL QUALITIES
	  ====================================
	  ====================================-->
	<special_qualities>
		<!-- Visible All "Special Ability" Ability Objects -->
		<special_quality>
			<name>Aura of Courage (Su)</name>
			<description>You are immune to fear (magical or otherwise). Each ally within 10 feet of you gains a +4 morale bonus on saving throws against fear effects. This ability functions only while you are conscious, not if you are unconscious or dead.</description>
			<type>PALADINCLASSFEATURES.SPECIALQUALITY.SUPERNATURAL.AURA.AURA OF COURAGE</type>
			<associated></associated>
			<count>0</count>
			<aspect></aspect>
			<auto>F</auto>
			<hidden>F</hidden>
			<virtual>F</virtual>
			<category>Special Ability</category>
			<source>Paizo Inc. - Core Rulebook, p.61</source>
		</special_quality>
		<special_quality>
			<name>Aura of Good (Ex)</name>
			<description>You project a strong good aura.</description>
			<type>SPECIALQUALITY.EXTRAORDINARY.AURA.CLERICCLASSFEATURES.PALADINCLASSFEATURES</type>
			<associated></associated>
			<count>0</count>
			<aspect></aspect>
			<auto>F</auto>
			<hidden>F</hidden>
			<virtual>F</virtual>
			<category>Special Ability</category>
			<source>Paizo Inc. - Core Rulebook</source>
		</special_quality>
		<special_quality>
			<name>Bonus Energy Resistance (2x)</name>
			<description>Add +1 to the paladin&#39;s energy resistance to one kind of energy (maximum +10).</description>
			<type>SPECIALQUALITY.FAVOREDCLASSBONUS.FAVOREDCLASSPALADIN</type>
			<associated>,</associated>
			<count>2</count>
			<aspect></aspect>
			<auto>F</auto>
			<hidden>F</hidden>
			<virtual>F</virtual>
			<category>Special Ability</category>
			<source>Paizo Inc. - Advanced Player&#39;s Guide</source>
		</special_quality>
		<special_quality>
			<name>Bonus Feat</name>
			<description>Humans select one extra feat at 1st level.</description>
			<type>RACIALTRAITS.HUMAN RACIAL TRAIT.HUMAN RACIAL DEFAULT.SPECIALQUALITY</type>
			<associated></associated>
			<count>0</count>
			<aspect></aspect>
			<auto>F</auto>
			<hidden>F</hidden>
			<virtual>F</virtual>
			<category>Special Ability</category>
			<source>Paizo Inc. - Core Rulebook, p.27</source>
		</special_quality>
		<special_quality>
			<name>Bonus Skill Rank (Diplomacy, Diplomacy, Diplomacy, Diplomacy)</name>
			<description></description>
			<type>FAVOREDCLASSBONUS.SPECIALQUALITY</type>
			<associated>Diplomacy,Diplomacy,Diplomacy,Diplomacy</associated>
			<count>4</count>
			<aspect></aspect>
			<auto>F</auto>
			<hidden>F</hidden>
			<virtual>F</virtual>
			<category>Special Ability</category>
			<source>Paizo Inc. - Core Rulebook</source>
		</special_quality>
		<special_quality>
			<name>Celestial Spirit (Sp)</name>
			<description>Your divine bond allows you to enhance your weapon as a standard action by calling upon the aid of a celestial spirit for 6 minutes. When called, the spirit causes the weapon to shed light as a torch. This spirit grants the weapon a +1 enhancement bonus. This bonus can be added to the weapon, stacking with existing weapon bonuses to a maximum of +5, or it can be used to add any of the following weapon properties: defending, flaming, keen, merciful (+1), axiomatic, disruption, flaming burst, holy (+2), speed (+3), and brilliant energy (+4). Adding these properties consumes an amount of bonus equal to the property&#39;s cost. These bonuses are added to any properties the weapon already has, but duplicate abilities do not stack. If the weapon is not magical, at least a +1 enhancement bonus must be added before any other properties can be added. The bonus and properties granted by the spirit are determined when the spirit is called and cannot be changed until the spirit is called again. The celestial spirit imparts no bonuses if the weapon is held by anyone other than you but resumes giving bonuses if returned to you. These bonuses apply to only one end of a double weapon. You can use this ability 1 times per day. If a weapon bonded with a celestial spirit is destroyed, you lose the use of this ability for 30 days, or until you gain a level, whichever comes first. During this 30-day period, you take a -1 penalty on attack and weapon damage rolls.</description>
			<type>PALADINCLASSFEATURES.SPECIALQUALITY.SPELLLIKE.DIVINEBOND.DIVINE BOND</type>
			<associated></associated>
			<count>0</count>
			<aspect>CheckCount: 1, CheckType: Uses per day</aspect>
			<auto>F</auto>
			<hidden>F</hidden>
			<virtual>F</virtual>
			<category>Special Ability</category>
			<source>Paizo Inc. - Core Rulebook, p.63</source>
		</special_quality>
		<special_quality>
			<name>Detect Evil (Sp)</name>
			<description>At will, you can use Detect Evil, as the Spell. You can, as a move action, concentrate on a single individual or item within 60 feet and determine if it is evil, learning the strength of its aura as if having studied it for 3 rounds. While focusing on one individual or object, you do not detect evil in any other object or individual within range.</description>
			<type>PALADINCLASSFEATURES.SPECIALQUALITY.SPELLLIKE.DETECT EVIL</type>
			<associated></associated>
			<count>0</count>
			<aspect></aspect>
			<auto>F</auto>
			<hidden>F</hidden>
			<virtual>F</virtual>
			<category>Special Ability</category>
			<source>Paizo Inc. - Core Rulebook, p.60</source>
		</special_quality>
		<special_quality>
			<name>Divine Health (Ex)</name>
			<description>You are immune to all diseases, including supernatural and magical diseases, including mummy rot.</description>
			<type>PALADINCLASSFEATURES.SPECIALQUALITY.EXTRAORDINARY</type>
			<associated></associated>
			<count>0</count>
			<aspect></aspect>
			<auto>F</auto>
			<hidden>F</hidden>
			<virtual>F</virtual>
			<category>Special Ability</category>
			<source>Paizo Inc. - Core Rulebook, p.61</source>
		</special_quality>
		<special_quality>
			<name>Lay on Hands (Su)</name>
			<description>You can heal wounds (your own or those of others) by touch. Each day you can use this ability 5 times per day. With one use of this ability, you can heal 3d6 hit points of damage. Using this ability is a standard action, unless you target yourself, in which case it is a swift action. Despite the name of this ability, you only need one free hand to use this ability. Alternatively, you can use this healing power to deal damage to undead creatures, dealing 3d6 points of damage. Using Lay on Hands in this way requires a melee touch attack and doesn&#39;t provide an attack of opportunity. Undead do not receive a saving throw against this damage.</description>
			<type>PALADINCLASSFEATURES.SPECIALQUALITY.SUPERNATURAL.LAYONHANDS.LAY ON HANDS</type>
			<associated></associated>
			<count>0</count>
			<aspect>CheckCount: 5, CheckType: Uses per Day, MasterAbility: Lay on Hands</aspect>
			<auto>F</auto>
			<hidden>F</hidden>
			<virtual>F</virtual>
			<category>Special Ability</category>
			<source>Paizo Inc. - Core Rulebook, p.61</source>
		</special_quality>
		<special_quality>
			<name>Mercy (Sickened) (Su)</name>
			<description>Whenever you use Lay on Hands to heal damage to one target, the target is no longer sickened.</description>
			<type>PALADINCLASSFEATURES.SPECIALQUALITY.SUPERNATURAL.MERCY.LAYONHANDS</type>
			<associated></associated>
			<count>0</count>
			<aspect></aspect>
			<auto>F</auto>
			<hidden>F</hidden>
			<virtual>F</virtual>
			<category>Special Ability</category>
			<source>Paizo Inc. - Core Rulebook, p.61</source>
		</special_quality>
		<special_quality>
			<name>Skilled</name>
			<description>Humans gain an additional skill rank at 1st level and one additional rank whenever they gain a level.</description>
			<type>RACIALTRAITS.HUMAN RACIAL TRAIT.HUMAN RACIAL DEFAULT.SPECIALQUALITY</type>
			<associated></associated>
			<count>0</count>
			<aspect></aspect>
			<auto>F</auto>
			<hidden>F</hidden>
			<virtual>F</virtual>
			<category>Special Ability</category>
			<source>Paizo Inc. - Core Rulebook, p.27</source>
		</special_quality>
		<special_quality>
			<name>Mercy (Staggered) (Su)</name>
			<description>Whenever you use Lay on Hands to heal damage to one target, the target is no longer staggered, unless it is at exactly 0 hit points.</description>
			<type>PALADINCLASSFEATURES.SPECIALQUALITY.SUPERNATURAL.MERCY.LAYONHANDS</type>
			<associated></associated>
			<count>0</count>
			<aspect></aspect>
			<auto>F</auto>
			<hidden>F</hidden>
			<virtual>F</virtual>
			<category>Special Ability</category>
			<source>Paizo Inc. - Core Rulebook, p.61</source>
		</special_quality>
	</special_qualities>
	<!--
	  ====================================
	  ====================================
			SPECIAL ATTACKS
	  ====================================
	  ====================================-->
	<special_attacks>
		<!-- Visible All "Special Ability" Ability Objects -->
		<special_attack>
			<name>Channel Positive Energy (Su)</name>
			<description>You can unleash a wave of positive energy dealing 3d6 (DC 15 for half) 2/day. You can unleash a wave of positive energy. You must choose to deal 3d6 points of positive energy damage to undead creatures or to heal living creatures of 3d6 points of damage. Creatures that take damage from channeled energy receive a DC 15 Will save to halve the damage. Using this ability consumes two uses of her lay on hands ability.</description>
			<type>PALADINCLASSFEATURES.SPECIALATTACK.SUPERNATURAL.CHANNEL ENERGY.CHANNEL ENERGY POSITIVE.CHANNEL POSITIVE ENERGY</type>
			<associated></associated>
			<count>0</count>
			<aspect>Ability Benefit: (3d6, DC 15), ChildAbility: Lay on Hands, MasterAbility: Channel Energy</aspect>
			<auto>F</auto>
			<hidden>F</hidden>
			<virtual>F</virtual>
			<category>Special Ability</category>
			<source>Paizo Inc. - Core Rulebook</source>
		</special_attack>
		<special_attack>
			<name>Smite Evil (Su)</name>
			<description>You can call out to the powers of good to aid you in your struggle against evil 2 times per day. As a swift action, you choose one target within sight to smite. If this target is evil, you add +2 to your attack rolls and +6 to all damage rolls made against the target of your smite. If the target of Smite Evil is an outsider with the evil subtype, an evil-aligned dragon, or an undead creature, the bonus to damage on the first successful attack increases to +12. Regardless of the target, Smite Evil attacks automatically bypass any DR the creature might possess. In addition, while smite evil is in effect, you gain a +2 deflection bonus to your AC against attacks made by the target of the smite. If you target a creature that is not evil, the smite is wasted with no effect. The Smite Evil effect remains until the target of the smite is dead or the next time you rest and regain your uses of this ability.</description>
			<type>PALADINCLASSFEATURES.SPECIALATTACK.SUPERNATURAL.SMITE EVIL</type>
			<associated></associated>
			<count>0</count>
			<aspect>CheckCount: 2, CheckType: Uses per day</aspect>
			<auto>F</auto>
			<hidden>F</hidden>
			<virtual>F</virtual>
			<category>Special Ability</category>
			<source>Paizo Inc. - Core Rulebook, p.60</source>
		</special_attack>
	</special_attacks>

		<!--
	  ====================================
	  ====================================
			Resistance Table
	  ====================================
	  ====================================-->
		<resistances>
		</resistances>

		<!--
	  ====================================
	  ====================================
			Racial Traits
	  ====================================
	  ====================================-->

	<racial_traits>
	</racial_traits>

		<!--
	  ====================================
	  ====================================
			Animal Trick
	  ====================================
	  ====================================-->
	<animal_tricks>
	</animal_tricks>

	<!--
	  ====================================
	  ====================================
			TALENTS
	  ====================================
	  ====================================-->
	<talents>
	</talents>

	<!--
	  ====================================
	  ====================================
			Intelligent Item
	  ====================================
	  ====================================-->
	<intelligent_items>
	</intelligent_items>

	<!--
	  ====================================
	  ====================================
			Words of Power
	  ====================================
	  ====================================-->
	<words_of_powers>
	</words_of_powers>

	<!--
	  ====================================
	  ====================================
			SALIENT DIVINE ABILITIES
	  ====================================
	  ====================================-->
	<salient_divine_abilities>
	</salient_divine_abilities>
	<!--
	  ====================================
	  ====================================
			Occupations
	  ====================================
	  ====================================-->
	<occupations>
	</occupations>


	<!-- Eclipse Section -->
		<!--
	  ====================================
	  ====================================
			Eclipse Recurring Bonuses
	  ====================================
	  ====================================-->
	<charcreations>
	</charcreations>
		<!--
	  ====================================
	  ====================================
			DISADVANTAGES
	  ====================================
	  ====================================-->
	<disadvantages>
	</disadvantages>
	<!--
	  ====================================
	  ====================================
			Eclipse Abilities
	  ====================================
	  ====================================-->
	<eclipse_abilities>
	</eclipse_abilities>
	<!--
	  ====================================
	  ====================================
			Spell Caster Output
	  ====================================
	  ====================================-->
	<spellcasteroutputs>
	</spellcasteroutputs>
	<!--
	  ====================================
	  ====================================
			Martial Arts
	  ====================================
	  ====================================-->
	<martial_arts>
	</martial_arts>
	<!--
	  ====================================
	  ====================================
			Mystic Artist
	  ====================================
	  ====================================-->
	<mystic_artists>
	</mystic_artists>
	<!--
	  ====================================
	  ====================================
			Witchcraft Abilities
	  ====================================
	  ====================================-->
	<witchcrafts>
	</witchcrafts>
	<!--
	  ====================================
	  ====================================
			The Path of the Dragon
	  ====================================
	  ====================================-->
	<path_dragons>
	</path_dragons>
		<!--
	  ====================================
	  ====================================
			Dominion and Advanced Dominion
	  ====================================
	  ====================================-->
	<dominions>
	</dominions>
	<!--
	  ====================================
	  ====================================
			Channeling
	  ====================================
	  ====================================-->
	<channelings>
	</channelings>
	<!-- END ECLIPSE SECION -->

	<!--
	  ====================================
	  ====================================
			POWERS - CLASSFEATURES
	  ====================================
	  ====================================-->
	<powers_classfeatures>
	</powers_classfeatures>

		<!--
	  ====================================
	  ====================================
			POWERS - CLASSFEATURES
	  ====================================
	  ====================================-->
	<powers_classfeatures>
	</powers_classfeatures><!--
	  ====================================
	  ====================================
			POWERS - FEATPOWERS
	  ====================================
	  ====================================-->
	<powers_featpowers>
	</powers_featpowers>

	<!--
	  ====================================
	  ====================================
			4e Powers - At-Will
	  ====================================
	  ====================================-->
	<powers_atwills>
	</powers_atwills>

	<!--
	  ====================================
	  ====================================
			4e Powers - At-Will
	  ====================================
	  ====================================-->
	<powers_atwills>
	</powers_atwills>

	<!--
	  ====================================
	  ====================================
			4e Powers - Encounter
	  ====================================
	  ====================================-->

	<powers_encounters>
	</powers_encounters>
	<!--
	  ====================================
	  ====================================
			4e Powers - Daily
	  ====================================
	  ====================================-->
	<powers_dailies>
	</powers_dailies>
	<!--
	  ====================================
	  ====================================
			4e Powers - Utility
	  ====================================
	  ====================================-->

	<powers_utilities>
	</powers_utilities>

	<!--
	  ====================================
	  ====================================
			Demon Cant
	  ====================================
	  ====================================-->
	<demon_cants>
	</demon_cants>
	<!--
	  ====================================
	  ====================================
			Mage Gnosis
	  ====================================
	  ====================================-->
	<mage_gnosises>
	</mage_gnosises>
	<!--
	  ====================================
	  ====================================
			Vampire Disciplines
	  ====================================
	  ====================================-->
	<vampire_disciplines>
	</vampire_disciplines>
	<!--
	  ====================================
	  ====================================
			Werewolf Rites
	  ====================================
	  ====================================-->
	<werewolf_rites>
	</werewolf_rites>

	<!--
	  ====================================
	  ====================================
			Force Powers
	  ====================================
	  ====================================-->
	<force_powers>
	</force_powers>
	<!--
	  ====================================
	  ====================================
			Force Techniques
	  ====================================
	  ====================================-->
	<force_techniques>
	</force_techniques>
	<!--
	  ====================================
	  ====================================
			Force Secrets
	  ====================================
	  ====================================-->
	<force_secrets>
	</force_secrets>

	<!--
	====================================
	====================================
			MUTATIONS
	====================================
	====================================	-->
	<mutations>
	</mutations>




	<!--
	  ====================================
	  ====================================
			TRAITS
	  ====================================
	  ====================================-->
	<traits>
		<trait>
			<name>Chance Savior</name>
			<description>Fate smiled on you and Professor Lorrimor one day in the not so distant past. Through a matter of pure chance, you were in a position to save the late scholar&#39;s life and did so. His gratitude was effusive, and he promised that he would never forget you. You are unsure of the nature of the summons in his will, but believe he may have listed you as a possible heir in thanks for saving him from an untimely demise. Your ability to think quickly on your feet has stayed with you, and you quite often feel that you&#39;re in the right place at the right time. You gain a +2 trait bonus on Initiative checks.</description>
			<source>Paizo Inc. - Carrion Crown Player&#39;s Guide, p.12</source>
		</trait>
		<trait>
			<name>Rich Parents</name>
			<description>You were born into a rich family, perhaps even the nobility. Your starting cash increases to 900 gp.</description>
			<source>Paizo Inc. - Advanced Player&#39;s Guide, p.330</source>
		</trait>
	</traits>

	<!--
	  ====================================
	  ====================================
			Afflictions
	  ====================================
	  ====================================-->
	<afflictions>
	</afflictions>

	<!--
	  ====================================
	  ====================================
			PFS Chronicles
	  ====================================
	  ====================================-->
	<pfs_chronicles>
	</pfs_chronicles>
	<!--
	  ====================================
	  ====================================
			PFS Boons
	  ====================================
	  ====================================-->
	<pfs_boons>
	</pfs_boons>
	<!--
	====================================
	  ====================================
			Temporary Bonus
	  ====================================
	  ====================================-->
	<tempbonuses>
		<tempbonus>
			<name>Power Attack (Two-Handed)</name>
			<description></description>
		</tempbonus>
	</tempbonuses>

	<!--
	  ====================================
	  ====================================
			MISCELLANEOUS
	  ====================================
	  ====================================-->


	<!-- Domains -->
	<weapon_proficiencies>Amentum, Atlatl, Throwing Axe, Bardiche, Battleaxe, Bayonet, Bec de Corbin, Bill, Blowgun, Nine Ring Broadsword, Butterfly Sword, Cestus, Chakram, Club, Heavy Crossbow, Light Crossbow, Dagger, Punching Dagger, Dart, Double Chicken Saber, Falchion, Light Flail, Heavy Flail, Gauntlet, Spiked Gauntlet, Glaive, Glaive-Guisarme, Grapple, Greataxe, Greatclub, Greatsword, Guisarme, Halberd, Light Hammer, Handaxe, Hooked Lance, Iron Brush, Javelin, Jutte, Katana, Kerambit, Kukri, Lance, Longbow, Longspear, Longsword, Lucerne Hammer, Lungchuan Tamo, Heavy Mace, Light Mace, Mattock, Mere Club, Monk&#39;s Spade, Morningstar, Naginata, Nodachi, Heavy Pick, Light Pick, Pilum, Poisoned Sand Tube, Quarterstaff, Ranseur, Rapier, Rhomphaia, Rock, Sansetsukon, Sap, Scimitar, Scizore, Scythe, Shang Gou, Shieldbash, Shortbow, Shortspear, Sibat, Sickle, Sling, Spear, Boar Spear, Ray Spells, Touch Spells, Spiked Armor, Splash Weapon, Stake, Starknife, Bastard Sword, Short Sword, Tri-Point Double-Edged Sword, Sword Cane, Tepoztopilli, Terbutje, Tiger Fork, Tonfa, Trident, Tube Arrow Shooter, Unarmed Strike, Dwarven Waraxe, Warhammer, Wushu Dart</weapon_proficiencies>
	<languages>Common, Varisian</languages>


	<misc>
			<gold>488</gold>

		<funds>
			<fund></fund>
		</funds>
		<companions>
			<companion></companion>
		</companions>
<!--	This doesn't work - AM
		-->
		<magics>
			<magic></magic>
		</magics>
	</misc>
	<!--
	  ====================================
	  ====================================
			COMPANIONS
	  ====================================
	  ====================================-->
	<companions>


	</companions>
	<!--
	  ====================================
	  ====================================
			SPELLS
	  ====================================
	  ====================================-->
	<spells>
		<!-- ### BEGIN Innate spells ### -->
	<spells_innate>

		<class_innate>
			<spellbook number="2" name="Class">
				<spell>
						<name>Detect Evil</name>
						<outputname>Detect Evil</outputname>
						<times_memorized>At Will</times_memorized>
						<range>60 ft.</range>
						<components>V, S, DF</components>
						<castingtime>1 standard action</castingtime>
						<times_unit>Day</times_unit>
						<casterlevel>6</casterlevel>
						<concentration>+6</concentration>
						<dc></dc>
						<duration>Concentration, up to 60 minutes [D]</duration>
						<effect>You can sense the presence of evil.</effect>
						<target>Cone-shaped emanation</target>
						<saveinfo>None</saveinfo>
						<school>
							<school>Divination</school>
							<subschool></subschool>
							<descriptor></descriptor>
							<fullschool>Divination</fullschool>
						</school>
						<source>
							<source>Paizo Inc. - Core Rulebook, p.266</source>
							<sourcelevel></sourcelevel>
							<sourcelink>http://paizo.com/pathfinderRPG/prd/spells/detectEvil.html#_detect-evil</sourcelink>
							<sourcepage>p.266</sourcepage>
							<sourceshort>CR</sourceshort>
						</source>
						<spell_resistance>No</spell_resistance>
						<description>You can sense the presence of evil.</description>
						<bonusspell></bonusspell>
					</spell>
			</spellbook>
		</class_innate>
		</spells_innate>
		<!-- ### END Innate spells ### -->
		<!-- ### BEGIN Known spells ### -->
		<known_spells>
		<class number="1" spelllistclass="Paladin" spellcasterlevel="3" spellcastertype="Divine" memorize="true" concentration="+5">
			<level number="0" known="0" cast="0">
			</level>
			<level number="1" known="0" cast="2">
				<spell>
						<name>Bless</name>
						<outputname>Bless</outputname>
						<times_memorized>1</times_memorized>
						<range>50 ft.</range>
						<components>V, S, DF</components>
						<castingtime>1 standard action</castingtime>
						<casterlevel>3</casterlevel>
						<concentration>+5</concentration>
						<dc></dc>
						<duration>3 minutes</duration>
						<effect>Bless fills your allies with courage.</effect>
						<target>The caster and all allies within a 50-ft. burst, centered on the caster</target>
						<saveinfo>None</saveinfo>
						<school>
							<school>Enchantment</school>
							<subschool>Compulsion</subschool>
							<descriptor>Mind-Affecting</descriptor>
							<fullschool>Enchantment (Compulsion) [Mind-Affecting]</fullschool>
						</school>
						<source>
							<source>Paizo Inc. - Core Rulebook, p.249</source>
							<sourcelevel>Pld1</sourcelevel>
							<sourcelink>http://paizo.com/pathfinderRPG/prd/spells/bless.html#_bless</sourcelink>
							<sourcepage>p.249</sourcepage>
							<sourceshort>CR</sourceshort>
						</source>
						<spell_resistance>Yes (harmless)</spell_resistance>
						<description>Bless fills your allies with courage.</description>
						<bonusspell></bonusspell>
				</spell>
				<spell>
						<name>Bless Water</name>
						<outputname>Bless Water</outputname>
						<times_memorized>1</times_memorized>
						<range>Touch</range>
						<components>V, S, M</components>
						<castingtime>1 minute</castingtime>
						<casterlevel>3</casterlevel>
						<concentration>+5</concentration>
						<dc>13</dc>
						<duration>Instantaneous</duration>
						<effect>This transmutation imbues a flask of water with positive energy, turning it into holy water.</effect>
						<target>Flask of water touched</target>
						<saveinfo>Will negates (object)</saveinfo>
						<school>
							<school>Transmutation</school>
							<subschool></subschool>
							<descriptor>Good</descriptor>
							<fullschool>Transmutation [Good]</fullschool>
						</school>
						<source>
							<source>Paizo Inc. - Core Rulebook, p.249</source>
							<sourcelevel>Pld1</sourcelevel>
							<sourcelink>http://paizo.com/pathfinderRPG/prd/spells/blessWater.html#_bless-water</sourcelink>
							<sourcepage>p.249</sourcepage>
							<sourceshort>CR</sourceshort>
						</source>
						<spell_resistance>Yes (object)</spell_resistance>
						<description>This transmutation imbues a flask of water with positive energy, turning it into holy water.</description>
						<bonusspell></bonusspell>
				</spell>
				<spell>
						<name>Bless Weapon</name>
						<outputname>Bless Weapon</outputname>
						<times_memorized>1</times_memorized>
						<range>Touch</range>
						<components>V, S</components>
						<castingtime>1 standard action</castingtime>
						<casterlevel>3</casterlevel>
						<concentration>+5</concentration>
						<dc></dc>
						<duration>3 minutes</duration>
						<effect>This transmutation makes a weapon strike true against evil foes.</effect>
						<target>Weapon touched</target>
						<saveinfo>None</saveinfo>
						<school>
							<school>Transmutation</school>
							<subschool></subschool>
							<descriptor></descriptor>
							<fullschool>Transmutation</fullschool>
						</school>
						<source>
							<source>Paizo Inc. - Core Rulebook, p.250</source>
							<sourcelevel>Pld1</sourcelevel>
							<sourcelink>http://paizo.com/pathfinderRPG/prd/spells/blessWeapon.html#_bless-weapon</sourcelink>
							<sourcepage>p.250</sourcepage>
							<sourceshort>CR</sourceshort>
						</source>
						<spell_resistance>No</spell_resistance>
						<description>This transmutation makes a weapon strike true against evil foes.</description>
						<bonusspell></bonusspell>
				</spell>
				<spell>
						<name>Bowstaff</name>
						<outputname>Bowstaff</outputname>
						<times_memorized>1</times_memorized>
						<range>Personal</range>
						<components>V</components>
						<castingtime>1 swift action</castingtime>
						<casterlevel>3</casterlevel>
						<concentration>+5</concentration>
						<dc>13</dc>
						<duration>3 rounds [D]</duration>
						<effect>A shortbow may double as a club, or a longbow as a quarterstaff.</effect>
						<target>one weapon [bow]</target>
						<saveinfo>Will negates (harmless, object)</saveinfo>
						<school>
							<school>Transmutation</school>
							<subschool></subschool>
							<descriptor></descriptor>
							<fullschool>Transmutation</fullschool>
						</school>
						<source>
							<source>Paizo Inc. - Ultimate Combat, p.224</source>
							<sourcelevel>Pld1</sourcelevel>
							<sourcelink>http://paizo.com/pathfinderRPG/prd/ultimateCombat/spells/bowstaff.html#_bowstaff</sourcelink>
							<sourcepage>p.224</sourcepage>
							<sourceshort>UC</sourceshort>
						</source>
						<spell_resistance>Yes (harmless, object)</spell_resistance>
						<description>A shortbow may double as a club, or a longbow as a quarterstaff.</description>
						<bonusspell></bonusspell>
				</spell>
				<spell>
						<name>Challenge Evil</name>
						<outputname>Challenge Evil</outputname>
						<times_memorized>1</times_memorized>
						<range>Close (30 ft.)</range>
						<components>V, DF</components>
						<castingtime>1 standard action</castingtime>
						<casterlevel>3</casterlevel>
						<concentration>+5</concentration>
						<dc>13</dc>
						<duration>3 minutes [D]</duration>
						<effect>Sickens creature if it refuses to fight you.</effect>
						<target>one evil creature</target>
						<saveinfo>Will negates</saveinfo>
						<school>
							<school>Enchantment</school>
							<subschool>Compulsion</subschool>
							<descriptor>Mind-Affecting</descriptor>
							<fullschool>Enchantment (Compulsion) [Mind-Affecting]</fullschool>
						</school>
						<source>
							<source>Paizo Inc. - Advanced Player&#39;s Guide, p.210</source>
							<sourcelevel>Pld1</sourcelevel>
							<sourcelink>http://paizo.com/pathfinderRPG/prd/advanced/spells/challengeEvil.html#_challenge-evil</sourcelink>
							<sourcepage>p.210</sourcepage>
							<sourceshort>APG</sourceshort>
						</source>
						<spell_resistance>Yes</spell_resistance>
						<description>Sickens creature if it refuses to fight you.</description>
						<bonusspell></bonusspell>
				</spell>
				<spell>
						<name>Compel Hostility</name>
						<outputname>Compel Hostility</outputname>
						<times_memorized>1</times_memorized>
						<range>Personal</range>
						<components>V, S, M</components>
						<castingtime>1 standard action</castingtime>
						<casterlevel>3</casterlevel>
						<concentration>+5</concentration>
						<dc>13</dc>
						<duration>3 rounds</duration>
						<effect>Compels opponents to attack you instead of your allies.</effect>
						<target>You</target>
						<saveinfo>see text</saveinfo>
						<school>
							<school>Enchantment</school>
							<subschool>Compulsion</subschool>
							<descriptor>Mind-Affecting</descriptor>
							<fullschool>Enchantment (Compulsion) [Mind-Affecting]</fullschool>
						</school>
						<source>
							<source>Paizo Inc. - Ultimate Combat, p.226</source>
							<sourcelevel>Pld1</sourcelevel>
							<sourcelink>http://paizo.com/pathfinderRPG/prd/ultimateCombat/spells/compelHostility.html#_compel-hostility</sourcelink>
							<sourcepage>p.226</sourcepage>
							<sourceshort>UC</sourceshort>
						</source>
						<spell_resistance>see text</spell_resistance>
						<description>Compels opponents to attack you instead of your allies.</description>
						<bonusspell></bonusspell>
				</spell>
				<spell>
						<name>Create Water</name>
						<outputname>Create Water</outputname>
						<times_memorized>1</times_memorized>
						<range>Close (30 ft.)</range>
						<components>V, S</components>
						<castingtime>1 standard action</castingtime>
						<casterlevel>3</casterlevel>
						<concentration>+5</concentration>
						<dc></dc>
						<duration>Instantaneous</duration>
						<effect>This spell generates wholesome, drinkable water, just like clean rain water.</effect>
						<target>Up to 6 gallons of water</target>
						<saveinfo>None</saveinfo>
						<school>
							<school>Conjuration</school>
							<subschool>Creation</subschool>
							<descriptor>Water</descriptor>
							<fullschool>Conjuration (Creation) [Water]</fullschool>
						</school>
						<source>
							<source>Paizo Inc. - Core Rulebook, p.262</source>
							<sourcelevel>Pld1</sourcelevel>
							<sourcelink>http://paizo.com/pathfinderRPG/prd/spells/createWater.html#_create-water</sourcelink>
							<sourcepage>p.262</sourcepage>
							<sourceshort>CR</sourceshort>
						</source>
						<spell_resistance>No</spell_resistance>
						<description>This spell generates wholesome, drinkable water, just like clean rain water.</description>
						<bonusspell></bonusspell>
				</spell>
				<spell>
						<name>Cure Light Wounds</name>
						<outputname>Cure Light Wounds</outputname>
						<times_memorized>1</times_memorized>
						<range>Touch</range>
						<components>V, S</components>
						<castingtime>1 standard action</castingtime>
						<casterlevel>3</casterlevel>
						<concentration>+5</concentration>
						<dc>13</dc>
						<duration>Instantaneous</duration>
						<effect>When laying your hand upon a living creature, you channel positive energy that cures 1d8+3 points of damage.</effect>
						<target>Creature touched</target>
						<saveinfo>Will half (harmless); see text</saveinfo>
						<school>
							<school>Conjuration</school>
							<subschool>Healing</subschool>
							<descriptor></descriptor>
							<fullschool>Conjuration (Healing)</fullschool>
						</school>
						<source>
							<source>Paizo Inc. - Core Rulebook, p.263</source>
							<sourcelevel>Pld1</sourcelevel>
							<sourcelink>http://paizo.com/pathfinderRPG/prd/spells/cureLightWounds.html#_cure-light-wounds</sourcelink>
							<sourcepage>p.263</sourcepage>
							<sourceshort>CR</sourceshort>
						</source>
						<spell_resistance>Yes (harmless); see text</spell_resistance>
						<description>When laying your hand upon a living creature, you channel positive energy that cures 1d8+(min(5,CASTERLEVEL)) points of damage.</description>
						<bonusspell></bonusspell>
				</spell>
				<spell>
						<name>Detect Poison</name>
						<outputname>Detect Poison</outputname>
						<times_memorized>1</times_memorized>
						<range>Close (30 ft.)</range>
						<components>V, S</components>
						<castingtime>1 standard action</castingtime>
						<casterlevel>3</casterlevel>
						<concentration>+5</concentration>
						<dc></dc>
						<duration>Instantaneous</duration>
						<effect>You determine whether a creature, object, or area has been poisoned or is poisonous.</effect>
						<target>Or Area one creature, one object, or a 5-ft. cube</target>
						<saveinfo>None</saveinfo>
						<school>
							<school>Divination</school>
							<subschool></subschool>
							<descriptor></descriptor>
							<fullschool>Divination</fullschool>
						</school>
						<source>
							<source>Paizo Inc. - Core Rulebook, p.268</source>
							<sourcelevel>Pld1</sourcelevel>
							<sourcelink>http://paizo.com/pathfinderRPG/prd/spells/detectPoison.html#_detect-poison</sourcelink>
							<sourcepage>p.268</sourcepage>
							<sourceshort>CR</sourceshort>
						</source>
						<spell_resistance>No</spell_resistance>
						<description>You determine whether a creature, object, or area has been poisoned or is poisonous.</description>
						<bonusspell></bonusspell>
				</spell>
				<spell>
						<name>Detect Undead</name>
						<outputname>Detect Undead</outputname>
						<times_memorized>1</times_memorized>
						<range>60 ft.</range>
						<components>V, S, M/DF</components>
						<castingtime>1 standard action</castingtime>
						<casterlevel>3</casterlevel>
						<concentration>+5</concentration>
						<dc></dc>
						<duration>Concentration, up to 3 minutes [D]</duration>
						<effect>You can detect the aura that surrounds undead creatures.</effect>
						<target>Cone-shaped emanation</target>
						<saveinfo>None</saveinfo>
						<school>
							<school>Divination</school>
							<subschool></subschool>
							<descriptor></descriptor>
							<fullschool>Divination</fullschool>
						</school>
						<source>
							<source>Paizo Inc. - Core Rulebook, p.269</source>
							<sourcelevel>Pld1</sourcelevel>
							<sourcelink>http://paizo.com/pathfinderRPG/prd/spells/detectUndead.html#_detect-undead</sourcelink>
							<sourcepage>p.269</sourcepage>
							<sourceshort>CR</sourceshort>
						</source>
						<spell_resistance>No</spell_resistance>
						<description>You can detect the aura that surrounds undead creatures.</description>
						<bonusspell></bonusspell>
				</spell>
				<spell>
						<name>Diagnose Disease</name>
						<outputname>Diagnose Disease</outputname>
						<times_memorized>1</times_memorized>
						<range>Close (30 ft.)</range>
						<components>V, S</components>
						<castingtime>1 standard action</castingtime>
						<casterlevel>3</casterlevel>
						<concentration>+5</concentration>
						<dc></dc>
						<duration>Instantaneous</duration>
						<effect>Detect and identify diseases.</effect>
						<target>One creature, one object, or a 5-ft. cube</target>
						<saveinfo>None</saveinfo>
						<school>
							<school>Divination</school>
							<subschool></subschool>
							<descriptor></descriptor>
							<fullschool>Divination</fullschool>
						</school>
						<source>
							<source>Paizo Inc. - Ultimate Magic, p.216</source>
							<sourcelevel>Pld1</sourcelevel>
							<sourcelink>http://paizo.com/pathfinderRPG/prd/ultimateMagic/spells/diagnoseDisease.html#_diagnose-disease</sourcelink>
							<sourcepage>p.216</sourcepage>
							<sourceshort>UM</sourceshort>
						</source>
						<spell_resistance>No</spell_resistance>
						<description>Detect and identify diseases.</description>
						<bonusspell></bonusspell>
				</spell>
				<spell>
						<name>Divine Favor</name>
						<outputname>Divine Favor</outputname>
						<times_memorized>1</times_memorized>
						<range>Personal</range>
						<components>V, S, DF</components>
						<castingtime>1 standard action</castingtime>
						<casterlevel>3</casterlevel>
						<concentration>+5</concentration>
						<dc></dc>
						<duration>1 minute</duration>
						<effect>Calling upon the strength and wisdom of a deity, you gain a +1 luck bonus on attack and weapon damage rolls.</effect>
						<target>You</target>
						<saveinfo></saveinfo>
						<school>
							<school>Evocation</school>
							<subschool></subschool>
							<descriptor></descriptor>
							<fullschool>Evocation</fullschool>
						</school>
						<source>
							<source>Paizo Inc. - Core Rulebook, p.273</source>
							<sourcelevel>Pld1</sourcelevel>
							<sourcelink>http://paizo.com/pathfinderRPG/prd/spells/divineFavor.html#_divine-favor</sourcelink>
							<sourcepage>p.273</sourcepage>
							<sourceshort>CR</sourceshort>
						</source>
						<spell_resistance></spell_resistance>
						<description>Calling upon the strength and wisdom of a deity, you gain a +(max(1,min(3,floor(CASTERLEVEL/3)))) luck bonus on attack and weapon damage rolls.</description>
						<bonusspell></bonusspell>
				</spell>
				<spell>
						<name>Endure Elements</name>
						<outputname>Endure Elements</outputname>
						<times_memorized>1</times_memorized>
						<range>Touch</range>
						<components>V, S</components>
						<castingtime>1 standard action</castingtime>
						<casterlevel>3</casterlevel>
						<concentration>+5</concentration>
						<dc>13</dc>
						<duration>24 hours</duration>
						<effect>A creature protected by endure elements suffers no harm from being in a hot or cold environment.</effect>
						<target>Creature touched</target>
						<saveinfo>Will negates (harmless)</saveinfo>
						<school>
							<school>Abjuration</school>
							<subschool></subschool>
							<descriptor></descriptor>
							<fullschool>Abjuration</fullschool>
						</school>
						<source>
							<source>Paizo Inc. - Core Rulebook, p.277</source>
							<sourcelevel>Pld1</sourcelevel>
							<sourcelink>http://paizo.com/pathfinderRPG/prd/spells/endureElements.html#_endure-elements</sourcelink>
							<sourcepage>p.277</sourcepage>
							<sourceshort>CR</sourceshort>
						</source>
						<spell_resistance>Yes (harmless)</spell_resistance>
						<description>A creature protected by endure elements suffers no harm from being in a hot or cold environment.</description>
						<bonusspell></bonusspell>
				</spell>
				<spell>
						<name>Ghostbane Dirge</name>
						<outputname>Ghostbane Dirge</outputname>
						<times_memorized>1</times_memorized>
						<range>Close (30 ft.)</range>
						<components>V, S, M/DF</components>
						<castingtime>1 standard action</castingtime>
						<casterlevel>3</casterlevel>
						<concentration>+5</concentration>
						<dc>13</dc>
						<duration>3 rounds</duration>
						<effect>Incorporeal creature takes half damage from nonmagical weapons.</effect>
						<target>one incorporeal creature</target>
						<saveinfo>Will negates</saveinfo>
						<school>
							<school>Transmutation</school>
							<subschool></subschool>
							<descriptor></descriptor>
							<fullschool>Transmutation</fullschool>
						</school>
						<source>
							<source>Paizo Inc. - Advanced Player&#39;s Guide, p.225</source>
							<sourcelevel>Pld1</sourcelevel>
							<sourcelink>http://paizo.com/pathfinderRPG/prd/advanced/spells/ghostbaneDirge.html#_ghostbane-dirge</sourcelink>
							<sourcepage>p.225</sourcepage>
							<sourceshort>APG</sourceshort>
						</source>
						<spell_resistance>Yes</spell_resistance>
						<description>Incorporeal creature takes half damage from nonmagical weapons.</description>
						<bonusspell></bonusspell>
				</spell>
				<spell>
						<name>Grace</name>
						<outputname>Grace</outputname>
						<times_memorized>1</times_memorized>
						<range>Personal</range>
						<components>V</components>
						<castingtime>1 swift action</castingtime>
						<casterlevel>3</casterlevel>
						<concentration>+5</concentration>
						<dc></dc>
						<duration>see text</duration>
						<effect>Movement doesn&#39;t provoke attacks of opportunity.</effect>
						<target>You</target>
						<saveinfo></saveinfo>
						<school>
							<school>Abjuration</school>
							<subschool></subschool>
							<descriptor></descriptor>
							<fullschool>Abjuration</fullschool>
						</school>
						<source>
							<source>Paizo Inc. - Advanced Player&#39;s Guide, p.226</source>
							<sourcelevel>Pld1</sourcelevel>
							<sourcelink>http://paizo.com/pathfinderRPG/prd/advanced/spells/grace.html#_grace</sourcelink>
							<sourcepage>p.226</sourcepage>
							<sourceshort>APG</sourceshort>
						</source>
						<spell_resistance></spell_resistance>
						<description>Movement doesn&#39;t provoke attacks of opportunity.</description>
						<bonusspell></bonusspell>
				</spell>
				<spell>
						<name>Hero&#39;s Defiance</name>
						<outputname>Hero&#39;s Defiance</outputname>
						<times_memorized>1</times_memorized>
						<range>Personal</range>
						<components>V</components>
						<castingtime>1 immediate action</castingtime>
						<casterlevel>3</casterlevel>
						<concentration>+5</concentration>
						<dc></dc>
						<duration>Instantaneous</duration>
						<effect>Allows the use of lay on hands while falling unconscious.</effect>
						<target>You</target>
						<saveinfo></saveinfo>
						<school>
							<school>Conjuration</school>
							<subschool>Healing</subschool>
							<descriptor></descriptor>
							<fullschool>Conjuration (Healing)</fullschool>
						</school>
						<source>
							<source>Paizo Inc. - Advanced Player&#39;s Guide, p.226</source>
							<sourcelevel>Pld1</sourcelevel>
							<sourcelink>http://paizo.com/pathfinderRPG/prd/advanced/spells/heroSDefiance.html#_hero&#39;s-defiance</sourcelink>
							<sourcepage>p.226</sourcepage>
							<sourceshort>APG</sourceshort>
						</source>
						<spell_resistance></spell_resistance>
						<description>Allows the use of lay on hands while falling unconscious.</description>
						<bonusspell></bonusspell>
				</spell>
				<spell>
						<name>Honeyed Tongue</name>
						<outputname>Honeyed Tongue</outputname>
						<times_memorized>1</times_memorized>
						<range>Personal</range>
						<components>V, M/DF</components>
						<castingtime>1 standard action</castingtime>
						<casterlevel>3</casterlevel>
						<concentration>+5</concentration>
						<dc></dc>
						<duration>30 minutes</duration>
						<effect>Roll 2 dice when using Diplomacy, take higher roll.</effect>
						<target>You</target>
						<saveinfo></saveinfo>
						<school>
							<school>Transmutation</school>
							<subschool></subschool>
							<descriptor></descriptor>
							<fullschool>Transmutation</fullschool>
						</school>
						<source>
							<source>Paizo Inc. - Advanced Player&#39;s Guide, p.228</source>
							<sourcelevel>Pld1</sourcelevel>
							<sourcelink>http://paizo.com/pathfinderRPG/prd/advanced/spells/honeyedTongue.html#_honeyed-tongue</sourcelink>
							<sourcepage>p.228</sourcepage>
							<sourceshort>APG</sourceshort>
						</source>
						<spell_resistance></spell_resistance>
						<description>Roll 2 dice when using Diplomacy, take higher roll.</description>
						<bonusspell></bonusspell>
				</spell>
				<spell>
						<name>Horn of Pursuit</name>
						<outputname>Horn of Pursuit</outputname>
						<times_memorized>1</times_memorized>
						<range>Personal</range>
						<components>S</components>
						<castingtime>1 standard action</castingtime>
						<casterlevel>3</casterlevel>
						<concentration>+5</concentration>
						<dc></dc>
						<duration>1 round</duration>
						<effect>Create three notes heard miles away.</effect>
						<target>3 peals of a horn</target>
						<saveinfo>None</saveinfo>
						<school>
							<school>Evocation</school>
							<subschool></subschool>
							<descriptor>Sonic</descriptor>
							<fullschool>Evocation [Sonic]</fullschool>
						</school>
						<source>
							<source>Paizo Inc. - Ultimate Magic, p.223</source>
							<sourcelevel>Pld1</sourcelevel>
							<sourcelink>http://paizo.com/pathfinderRPG/prd/ultimateMagic/spells/hornOfPursuit.html#_horn-of-pursuit</sourcelink>
							<sourcepage>p.223</sourcepage>
							<sourceshort>UM</sourceshort>
						</source>
						<spell_resistance>No</spell_resistance>
						<description>Create three notes heard miles away.</description>
						<bonusspell></bonusspell>
				</spell>
				<spell>
						<name>Knight&#39;s Calling</name>
						<outputname>Knight&#39;s Calling</outputname>
						<times_memorized>1</times_memorized>
						<range>Close (30 ft.)</range>
						<components>V, DF</components>
						<castingtime>1 standard action</castingtime>
						<casterlevel>3</casterlevel>
						<concentration>+5</concentration>
						<dc>13</dc>
						<duration>1 round</duration>
						<effect>Forces target to move toward you and fight you.</effect>
						<target>one creature</target>
						<saveinfo>Will negates</saveinfo>
						<school>
							<school>Enchantment</school>
							<subschool>Compulsion</subschool>
							<descriptor>Mind-Affecting</descriptor>
							<fullschool>Enchantment (Compulsion) [Mind-Affecting]</fullschool>
						</school>
						<source>
							<source>Paizo Inc. - Advanced Player&#39;s Guide, p.230</source>
							<sourcelevel>Pld1</sourcelevel>
							<sourcelink>http://paizo.com/pathfinderRPG/prd/advanced/spells/knightSCalling.html#_knight&#39;s-calling</sourcelink>
							<sourcepage>p.230</sourcepage>
							<sourceshort>APG</sourceshort>
						</source>
						<spell_resistance>Yes</spell_resistance>
						<description>Forces target to move toward you and fight you.</description>
						<bonusspell></bonusspell>
				</spell>
				<spell>
						<name>Know the Enemy</name>
						<outputname>Know the Enemy</outputname>
						<times_memorized>1</times_memorized>
						<range>Personal</range>
						<components>V, S, DF</components>
						<castingtime>1 minute</castingtime>
						<casterlevel>3</casterlevel>
						<concentration>+5</concentration>
						<dc></dc>
						<duration>Instantaneous</duration>
						<effect>Gain +10 on a monster Knowledge check.</effect>
						<target>You</target>
						<saveinfo>None</saveinfo>
						<school>
							<school>Divination</school>
							<subschool></subschool>
							<descriptor></descriptor>
							<fullschool>Divination</fullschool>
						</school>
						<source>
							<source>Paizo Inc. - Ultimate Magic, p.226</source>
							<sourcelevel>Pld1</sourcelevel>
							<sourcelink>http://paizo.com/pathfinderRPG/prd/ultimateMagic/spells/knowTheEnemy.html#_know-the-enemy</sourcelink>
							<sourcepage>p.226</sourcepage>
							<sourceshort>UM</sourceshort>
						</source>
						<spell_resistance>No</spell_resistance>
						<description>Gain +10 on a monster Knowledge check.</description>
						<bonusspell></bonusspell>
				</spell>
				<spell>
						<name>Liberating Command</name>
						<outputname>Liberating Command</outputname>
						<times_memorized>1</times_memorized>
						<range>Close (30 ft.)</range>
						<components>V</components>
						<castingtime>1 immediate action</castingtime>
						<casterlevel>3</casterlevel>
						<concentration>+5</concentration>
						<dc>13</dc>
						<duration>instantaneous</duration>
						<effect>Target makes an Escape Artist check as an immediate action and gains a bonus on it.</effect>
						<target>one creature</target>
						<saveinfo>Will negates (harmless)</saveinfo>
						<school>
							<school>Transmutation</school>
							<subschool></subschool>
							<descriptor></descriptor>
							<fullschool>Transmutation</fullschool>
						</school>
						<source>
							<source>Paizo Inc. - Ultimate Combat, p.233</source>
							<sourcelevel>Pld1</sourcelevel>
							<sourcelink>http://paizo.com/pathfinderRPG/prd/ultimateCombat/spells/liberatingCommand.html#_liberating-command</sourcelink>
							<sourcepage>p.233</sourcepage>
							<sourceshort>UC</sourceshort>
						</source>
						<spell_resistance>Yes (harmless)</spell_resistance>
						<description>Target makes an Escape Artist check as an immediate action and gains a bonus on it.</description>
						<bonusspell></bonusspell>
				</spell>
				<spell>
						<name>Litany of Sloth</name>
						<outputname>Litany of Sloth</outputname>
						<times_memorized>1</times_memorized>
						<range>Close (30 ft.)</range>
						<components>V, S, DF</components>
						<castingtime>1 swift action</castingtime>
						<casterlevel>3</casterlevel>
						<concentration>+5</concentration>
						<dc>13</dc>
						<duration>1 round</duration>
						<effect>Single target cannot make attacks of opportunity for 1 round.</effect>
						<target>one creature</target>
						<saveinfo>Will negates</saveinfo>
						<school>
							<school>Enchantment</school>
							<subschool>Compulsion</subschool>
							<descriptor>Language-Dependent, Mind-Affecting</descriptor>
							<fullschool>Enchantment (Compulsion) [Language-Dependent, Mind-Affecting]</fullschool>
						</school>
						<source>
							<source>Paizo Inc. - Ultimate Combat, p.235</source>
							<sourcelevel>Pld1</sourcelevel>
							<sourcelink>http://paizo.com/pathfinderRPG/prd/ultimateCombat/spells/litanyOfSloth.html#_litany-of-sloth</sourcelink>
							<sourcepage>p.235</sourcepage>
							<sourceshort>UC</sourceshort>
						</source>
						<spell_resistance>Yes</spell_resistance>
						<description>Single target cannot make attacks of opportunity for 1 round.</description>
						<bonusspell></bonusspell>
				</spell>
				<spell>
						<name>Longshot</name>
						<outputname>Longshot</outputname>
						<times_memorized>1</times_memorized>
						<range>Personal</range>
						<components>V, S, M/DF</components>
						<castingtime>1 standard action</castingtime>
						<casterlevel>3</casterlevel>
						<concentration>+5</concentration>
						<dc></dc>
						<duration>3 minutes</duration>
						<effect>Grants a +10 foot bonus to the range increment for any ranged weapon fired.</effect>
						<target>You</target>
						<saveinfo></saveinfo>
						<school>
							<school>Transmutation</school>
							<subschool></subschool>
							<descriptor></descriptor>
							<fullschool>Transmutation</fullschool>
						</school>
						<source>
							<source>Paizo Inc. - Ultimate Combat, p.236</source>
							<sourcelevel>Pld1</sourcelevel>
							<sourcelink>http://paizo.com/pathfinderRPG/prd/ultimateCombat/spells/longshot.html#_longshot</sourcelink>
							<sourcepage>p.236</sourcepage>
							<sourceshort>UC</sourceshort>
						</source>
						<spell_resistance></spell_resistance>
						<description>Grants a +10 foot bonus to the range increment for any ranged weapon fired.</description>
						<bonusspell></bonusspell>
				</spell>
				<spell>
						<name>Magic Weapon</name>
						<outputname>Magic Weapon</outputname>
						<times_memorized>1</times_memorized>
						<range>Touch</range>
						<components>V, S, DF</components>
						<castingtime>1 standard action</castingtime>
						<casterlevel>3</casterlevel>
						<concentration>+5</concentration>
						<dc>13</dc>
						<duration>3 minutes</duration>
						<effect>Magic weapon gives a weapon a +1 enhancement bonus on attack and damage rolls.</effect>
						<target>Weapon touched</target>
						<saveinfo>Will negates (harmless, object)</saveinfo>
						<school>
							<school>Transmutation</school>
							<subschool></subschool>
							<descriptor>MetalSchool</descriptor>
							<fullschool>Transmutation [MetalSchool]</fullschool>
						</school>
						<source>
							<source>Paizo Inc. - Core Rulebook, p.310</source>
							<sourcelevel>Pld1</sourcelevel>
							<sourcelink>http://paizo.com/pathfinderRPG/prd/spells/magicWeapon.html#_magic-weapon</sourcelink>
							<sourcepage>p.310</sourcepage>
							<sourceshort>CR</sourceshort>
						</source>
						<spell_resistance>Yes (harmless, object)</spell_resistance>
						<description>Magic weapon gives a weapon a +1 enhancement bonus on attack and damage rolls.</description>
						<bonusspell></bonusspell>
				</spell>
				<spell>
						<name>Protection from Chaos</name>
						<outputname>Protection from Chaos</outputname>
						<times_memorized>1</times_memorized>
						<range>Touch</range>
						<components>V, S, M/DF</components>
						<castingtime>1 standard action</castingtime>
						<casterlevel>3</casterlevel>
						<concentration>+5</concentration>
						<dc>13</dc>
						<duration>3 minutes [D]</duration>
						<effect>This spell wards a creature from attacks by chaotic creatures, from mental control, and from summoned creatures.</effect>
						<target>Creature touched</target>
						<saveinfo>Will negates (harmless)</saveinfo>
						<school>
							<school>Abjuration</school>
							<subschool></subschool>
							<descriptor>Lawful</descriptor>
							<fullschool>Abjuration [Lawful]</fullschool>
						</school>
						<source>
							<source>Paizo Inc. - Core Rulebook, p.327</source>
							<sourcelevel>Pld1</sourcelevel>
							<sourcelink>http://paizo.com/pathfinderRPG/prd/spells/protectionFromChaos.html#_protection-from-chaos</sourcelink>
							<sourcepage>p.327</sourcepage>
							<sourceshort>CR</sourceshort>
						</source>
						<spell_resistance>No; see text</spell_resistance>
						<description>This spell wards a creature from attacks by chaotic creatures, from mental control, and from summoned creatures.</description>
						<bonusspell></bonusspell>
				</spell>
				<spell>
						<name>Protection from Evil</name>
						<outputname>Protection from Evil</outputname>
						<times_memorized>1</times_memorized>
						<range>Touch</range>
						<components>V, S, M/DF</components>
						<castingtime>1 standard action</castingtime>
						<casterlevel>3</casterlevel>
						<concentration>+5</concentration>
						<dc>13</dc>
						<duration>3 minutes [D]</duration>
						<effect>This spell wards a creature from attacks by evil creatures, from mental control, and from summoned creatures.</effect>
						<target>Creature touched</target>
						<saveinfo>Will negates (harmless)</saveinfo>
						<school>
							<school>Abjuration</school>
							<subschool></subschool>
							<descriptor>Good</descriptor>
							<fullschool>Abjuration [Good]</fullschool>
						</school>
						<source>
							<source>Paizo Inc. - Core Rulebook, p.327</source>
							<sourcelevel>Pld1</sourcelevel>
							<sourcelink>http://paizo.com/pathfinderRPG/prd/spells/protectionFromEvil.html#_protection-from-evil</sourcelink>
							<sourcepage>p.327</sourcepage>
							<sourceshort>CR</sourceshort>
						</source>
						<spell_resistance>No; see text</spell_resistance>
						<description>This spell wards a creature from attacks by evil creatures, from mental control, and from summoned creatures.</description>
						<bonusspell></bonusspell>
				</spell>
				<spell>
						<name>Rally Point</name>
						<outputname>Rally Point</outputname>
						<times_memorized>1</times_memorized>
						<range>5 ft.</range>
						<components>V, S, DF</components>
						<castingtime>1 standard action</castingtime>
						<casterlevel>3</casterlevel>
						<concentration>+5</concentration>
						<dc>13</dc>
						<duration>3 minutes [D]</duration>
						<effect>Square gives good creatures bonuses.</effect>
						<target>one 5-ft. square</target>
						<saveinfo>Will negates (harmless)</saveinfo>
						<school>
							<school>Enchantment</school>
							<subschool>Compulsion</subschool>
							<descriptor>Good, Mind-Affecting, Emotion</descriptor>
							<fullschool>Enchantment (Compulsion) [Good, Mind-Affecting, Emotion]</fullschool>
						</school>
						<source>
							<source>Paizo Inc. - Advanced Player&#39;s Guide, p.237</source>
							<sourcelevel>Pld1</sourcelevel>
							<sourcelink>http://paizo.com/pathfinderRPG/prd/advanced/spells/rallyPoint.html#_rally-point-</sourcelink>
							<sourcepage>p.237</sourcepage>
							<sourceshort>APG</sourceshort>
						</source>
						<spell_resistance>Yes (harmless)</spell_resistance>
						<description>Square gives good creatures bonuses.</description>
						<bonusspell></bonusspell>
				</spell>
				<spell>
						<name>Read Magic</name>
						<outputname>Read Magic</outputname>
						<times_memorized>1</times_memorized>
						<range>Personal</range>
						<components>V, S, F</components>
						<castingtime>1 standard action</castingtime>
						<casterlevel>3</casterlevel>
						<concentration>+5</concentration>
						<dc></dc>
						<duration>30 minutes</duration>
						<effect>You can decipher magical inscriptions on objects--books, scrolls, weapons, and the like--that would otherwise be unintelligible.</effect>
						<target>You</target>
						<saveinfo></saveinfo>
						<school>
							<school>Divination</school>
							<subschool></subschool>
							<descriptor></descriptor>
							<fullschool>Divination</fullschool>
						</school>
						<source>
							<source>Paizo Inc. - Core Rulebook, p.330</source>
							<sourcelevel>Pld1</sourcelevel>
							<sourcelink>http://paizo.com/pathfinderRPG/prd/spells/readMagic.html#_read-magic</sourcelink>
							<sourcepage>p.330</sourcepage>
							<sourceshort>CR</sourceshort>
						</source>
						<spell_resistance></spell_resistance>
						<description>You can decipher magical inscriptions on objects--books, scrolls, weapons, and the like--that would otherwise be unintelligible.</description>
						<bonusspell></bonusspell>
				</spell>
				<spell>
						<name>Resistance</name>
						<outputname>Resistance</outputname>
						<times_memorized>1</times_memorized>
						<range>Touch</range>
						<components>V, S, M/DF</components>
						<castingtime>1 standard action</castingtime>
						<casterlevel>3</casterlevel>
						<concentration>+5</concentration>
						<dc>13</dc>
						<duration>1 minute</duration>
						<effect>You imbue the subject with magical energy that protects it from harm, granting it a +1 resistance bonus on saves.</effect>
						<target>Creature touched</target>
						<saveinfo>Will negates (harmless)</saveinfo>
						<school>
							<school>Abjuration</school>
							<subschool></subschool>
							<descriptor></descriptor>
							<fullschool>Abjuration</fullschool>
						</school>
						<source>
							<source>Paizo Inc. - Core Rulebook, p.334</source>
							<sourcelevel>Pld1</sourcelevel>
							<sourcelink>http://paizo.com/pathfinderRPG/prd/spells/resistance.html#_resistance</sourcelink>
							<sourcepage>p.334</sourcepage>
							<sourceshort>CR</sourceshort>
						</source>
						<spell_resistance>Yes (harmless)</spell_resistance>
						<description>You imbue the subject with magical energy that protects it from harm, granting it a +1 resistance bonus on saves.</description>
						<bonusspell></bonusspell>
				</spell>
				<spell>
						<name>Restoration (Lesser)</name>
						<outputname>Restoration (Lesser)</outputname>
						<times_memorized>1</times_memorized>
						<range>Touch</range>
						<components>V, S</components>
						<castingtime>3 rounds</castingtime>
						<casterlevel>3</casterlevel>
						<concentration>+5</concentration>
						<dc>13</dc>
						<duration>Instantaneous</duration>
						<effect>Lesser restoration dispels any magical effects reducing one of the subject&#39;s ability scores or cures 1d4 points of temporary ability damage to one of the subject&#39;s ability scores.</effect>
						<target>Creature touched</target>
						<saveinfo>Will negates (harmless)</saveinfo>
						<school>
							<school>Conjuration</school>
							<subschool>Healing</subschool>
							<descriptor></descriptor>
							<fullschool>Conjuration (Healing)</fullschool>
						</school>
						<source>
							<source>Paizo Inc. - Core Rulebook, p.334</source>
							<sourcelevel>Pld1</sourcelevel>
							<sourcelink>http://paizo.com/pathfinderRPG/prd/spells/restoration.html#_restoration-lesser</sourcelink>
							<sourcepage>p.334</sourcepage>
							<sourceshort>CR</sourceshort>
						</source>
						<spell_resistance>Yes (harmless)</spell_resistance>
						<description>Lesser restoration dispels any magical effects reducing one of the subject&#39;s ability scores or cures 1d4 points of temporary ability damage to one of the subject&#39;s ability scores.</description>
						<bonusspell></bonusspell>
				</spell>
				<spell>
						<name>Sanctify Corpse</name>
						<outputname>Sanctify Corpse</outputname>
						<times_memorized>1</times_memorized>
						<range>Touch</range>
						<components>V, S, DF, M</components>
						<castingtime>1 standard action</castingtime>
						<casterlevel>3</casterlevel>
						<concentration>+5</concentration>
						<dc></dc>
						<duration>24 hours</duration>
						<effect>Prevent a corpse from becoming an undead creature.</effect>
						<target>Corpse touched</target>
						<saveinfo>None</saveinfo>
						<school>
							<school>Evocation</school>
							<subschool></subschool>
							<descriptor>Good</descriptor>
							<fullschool>Evocation [Good]</fullschool>
						</school>
						<source>
							<source>Paizo Inc. - Ultimate Magic, p.236</source>
							<sourcelevel>Pld1</sourcelevel>
							<sourcelink>http://paizo.com/pathfinderRPG/prd/ultimateMagic/spells/sanctifyCorpse.html#_sanctify-corpse</sourcelink>
							<sourcepage>p.236</sourcepage>
							<sourceshort>UM</sourceshort>
						</source>
						<spell_resistance>No</spell_resistance>
						<description>Prevent a corpse from becoming an undead creature.</description>
						<bonusspell></bonusspell>
				</spell>
				<spell>
						<name>Sun Metal</name>
						<outputname>Sun Metal</outputname>
						<times_memorized>1</times_memorized>
						<range>Touch</range>
						<components>V, S</components>
						<castingtime>1 standard action</castingtime>
						<casterlevel>3</casterlevel>
						<concentration>+5</concentration>
						<dc>13</dc>
						<duration>3 rounds [see text]</duration>
						<effect>Weapon touched bursts into flames.</effect>
						<target>one melee weapon</target>
						<saveinfo>Fortitude negates (object)</saveinfo>
						<school>
							<school>Transmutation</school>
							<subschool></subschool>
							<descriptor>Fire</descriptor>
							<fullschool>Transmutation [Fire]</fullschool>
						</school>
						<source>
							<source>Paizo Inc. - Ultimate Combat, p.245</source>
							<sourcelevel>Pld1</sourcelevel>
							<sourcelink>http://paizo.com/pathfinderRPG/prd/ultimateCombat/spells/sunMetal.html#_sun-metal</sourcelink>
							<sourcepage>p.245</sourcepage>
							<sourceshort>UC</sourceshort>
						</source>
						<spell_resistance>Yes (object)</spell_resistance>
						<description>Weapon touched bursts into flames.</description>
						<bonusspell></bonusspell>
				</spell>
				<spell>
						<name>Tactical Acumen</name>
						<outputname>Tactical Acumen</outputname>
						<times_memorized>1</times_memorized>
						<range>30ft.</range>
						<components>V, S, M/DF</components>
						<castingtime>1 standard action</castingtime>
						<casterlevel>3</casterlevel>
						<concentration>+5</concentration>
						<dc>13</dc>
						<duration>3 rounds [D]</duration>
						<effect>You gain an additional +1 on attack rolls or to AC due to battlefield positioning.</effect>
						<target>The caster and all allies within a 30-ft.-radius burst, centered on the caster</target>
						<saveinfo>Will negates (harmless)</saveinfo>
						<school>
							<school>Enchantment</school>
							<subschool>Compulsion</subschool>
							<descriptor>Mind-Affecting</descriptor>
							<fullschool>Enchantment (Compulsion) [Mind-Affecting]</fullschool>
						</school>
						<source>
							<source>Paizo Inc. - Ultimate Combat, p.246</source>
							<sourcelevel>Pld1</sourcelevel>
							<sourcelink>http://paizo.com/pathfinderRPG/prd/ultimateCombat/spells/tacticalAcumen.html#_tactical-acumen</sourcelink>
							<sourcepage>p.246</sourcepage>
							<sourceshort>UC</sourceshort>
						</source>
						<spell_resistance>Yes (harmless)</spell_resistance>
						<description>You gain an additional +1 on attack rolls or to AC due to battlefield positioning.</description>
						<bonusspell></bonusspell>
				</spell>
				<spell>
						<name>Veil of Positive Energy</name>
						<outputname>Veil of Positive Energy</outputname>
						<times_memorized>1</times_memorized>
						<range>Personal or 5 ft.; see text</range>
						<components>V, S, DF</components>
						<castingtime>1 standard action</castingtime>
						<casterlevel>3</casterlevel>
						<concentration>+5</concentration>
						<dc></dc>
						<duration>30 minutes [D]</duration>
						<effect>+2 AC, +2 on saves vs. undead.</effect>
						<target>You or all creatures within 5 ft.; see text</target>
						<saveinfo></saveinfo>
						<school>
							<school>Abjuration</school>
							<subschool></subschool>
							<descriptor>Good</descriptor>
							<fullschool>Abjuration [Good]</fullschool>
						</school>
						<source>
							<source>Paizo Inc. - Advanced Player&#39;s Guide, p.254</source>
							<sourcelevel>Pld1</sourcelevel>
							<sourcelink>http://paizo.com/pathfinderRPG/prd/advanced/spells/veilOfPositiveEnergy.html#_veil-of-positive-energy</sourcelink>
							<sourcepage>p.254</sourcepage>
							<sourceshort>APG</sourceshort>
						</source>
						<spell_resistance></spell_resistance>
						<description>+2 AC, +2 on saves vs. undead.</description>
						<bonusspell></bonusspell>
				</spell>
				<spell>
						<name>Virtue</name>
						<outputname>Virtue</outputname>
						<times_memorized>1</times_memorized>
						<range>Touch</range>
						<components>V, S, DF</components>
						<castingtime>1 standard action</castingtime>
						<casterlevel>3</casterlevel>
						<concentration>+5</concentration>
						<dc></dc>
						<duration>1 min.</duration>
						<effect>With a touch, you infuse a creature with a tiny surge of life, granting the subject 1 temporary hit point.</effect>
						<target>Creature touched</target>
						<saveinfo>None</saveinfo>
						<school>
							<school>Transmutation</school>
							<subschool></subschool>
							<descriptor></descriptor>
							<fullschool>Transmutation</fullschool>
						</school>
						<source>
							<source>Paizo Inc. - Core Rulebook, p.365</source>
							<sourcelevel>Pld1</sourcelevel>
							<sourcelink>http://paizo.com/pathfinderRPG/prd/spells/virtue.html#_virtue</sourcelink>
							<sourcepage>p.365</sourcepage>
							<sourceshort>CR</sourceshort>
						</source>
						<spell_resistance>Yes (harmless)</spell_resistance>
						<description>With a touch, you infuse a creature with a tiny surge of life, granting the subject 1 temporary hit point.</description>
						<bonusspell></bonusspell>
				</spell>
				<spell>
						<name>Wartrain Mount</name>
						<outputname>Wartrain Mount</outputname>
						<times_memorized>1</times_memorized>
						<range>Close (30 ft.)</range>
						<components>V, S, M</components>
						<castingtime>1 minute</castingtime>
						<casterlevel>3</casterlevel>
						<concentration>+5</concentration>
						<dc></dc>
						<duration>3 hours</duration>
						<effect>Animal gains combat training.</effect>
						<target>One indifferent or friendly animal</target>
						<saveinfo>None</saveinfo>
						<school>
							<school>Enchantment</school>
							<subschool>Compulsion</subschool>
							<descriptor>Mind-Affecting</descriptor>
							<fullschool>Enchantment (Compulsion) [Mind-Affecting]</fullschool>
						</school>
						<source>
							<source>Paizo Inc. - Ultimate Magic, p.248</source>
							<sourcelevel>Pld1</sourcelevel>
							<sourcelink>http://paizo.com/pathfinderRPG/prd/ultimateMagic/spells/wartrainMount.html#_wartrain-mount</sourcelink>
							<sourcepage>p.248</sourcepage>
							<sourceshort>UM</sourceshort>
						</source>
						<spell_resistance>Yes</spell_resistance>
						<description>Animal gains combat training.</description>
						<bonusspell></bonusspell>
				</spell>
				<spell>
						<name>Word of Resolve</name>
						<outputname>Word of Resolve</outputname>
						<times_memorized>1</times_memorized>
						<range>Close (30 ft.)</range>
						<components>V, DF</components>
						<castingtime>1 immediate action</castingtime>
						<casterlevel>3</casterlevel>
						<concentration>+5</concentration>
						<dc>13</dc>
						<duration>Instantaneous</duration>
						<effect>Ally rerolls a save against charm or fear.</effect>
						<target>One ally</target>
						<saveinfo>Will negates (harmless)</saveinfo>
						<school>
							<school>Abjuration</school>
							<subschool></subschool>
							<descriptor></descriptor>
							<fullschool>Abjuration</fullschool>
						</school>
						<source>
							<source>Paizo Inc. - Ultimate Magic, p.249</source>
							<sourcelevel>Pld1</sourcelevel>
							<sourcelink>http://paizo.com/pathfinderRPG/prd/ultimateMagic/spells/wordOfResolve.html#_word-of-resolve</sourcelink>
							<sourcepage>p.249</sourcepage>
							<sourceshort>UM</sourceshort>
						</source>
						<spell_resistance>Yes (harmless)</spell_resistance>
						<description>Ally rerolls a save against charm or fear.</description>
						<bonusspell></bonusspell>
				</spell>
			</level>
			<level number="2" known="0" cast="0">
			</level>
			<level number="3" known="0" cast="0">
			</level>
			<level number="4" known="0" cast="0">
			</level>
		</class>
	</known_spells>
		<!-- ### END Known spells ### -->

		<!-- ### BEGIN memorized spells ### -->
	<memorized_spells>
			<!-- ### BEGIN innate memorized spell section -->

	<!-- ### BEGIN innate memorized spells ### -->
			<!-- ### END innate memorized spells ### -->
			<!-- ### BEGIN class innate memorized spells ### -->
			<class_innate_memorized>
			<spellbook number="2" name="Class">
				<spell>
						<name>Detect Evil</name>
						<outputname>Detect Evil</outputname>
						<times_memorized>At Will</times_memorized>
						<range>60 ft.</range>
						<components>V, S, DF</components>
						<castingtime>1 standard action</castingtime>
						<times_unit>Day</times_unit>
						<casterlevel>6</casterlevel>
						<concentration>+6</concentration>
						<dc></dc>
						<duration>Concentration, up to 60 minutes [D]</duration>
						<effect>You can sense the presence of evil.</effect>
						<target>Cone-shaped emanation</target>
						<saveinfo>None</saveinfo>
						<school>
							<school>Divination</school>
							<subschool></subschool>
							<descriptor></descriptor>
							<fullschool>Divination</fullschool>
						</school>
						<source>
							<source>Paizo Inc. - Core Rulebook, p.266</source>
							<sourcelevel></sourcelevel>
							<sourcelink>http://paizo.com/pathfinderRPG/prd/spells/detectEvil.html#_detect-evil</sourcelink>
							<sourcepage>p.266</sourcepage>
							<sourceshort>CR</sourceshort>
						</source>
						<spell_resistance>No</spell_resistance>
						<description>You can sense the presence of evil.</description>
						<bonusspell></bonusspell>
					</spell>
			</spellbook>
		</class_innate_memorized>
			<!-- ### END class innate memorized spells ### -->
			<!-- ### END innate memorized spell section -->
			<!-- ### BEGIN class Spellbook memorized spells ### -->
			<!-- FOR,1,COUNT[SPELLRACE],COUNT[SPELLRACE],1,1 -->
			<!-- FOR,0,COUNT[SPELLSINBOOK0.2.0],COUNT[SPELLSINBOOK0.2.0],1,1 -->
			<!-- Either we do not have a innate race, or if we do we do not have any 0 level spell for the innate race -->
			<spellbook number="2" name="Class">
			<class number="1" spelllistclass="Paladin" spellcasterlevel="6" spellcastertype="Divine" memorize="true">
				<level number="0" spellcount="0"/>
				<level number="1" spellcount="0"/>
				<level number="2" spellcount="0"/>
				<level number="3" spellcount="0"/>
				<level number="4" spellcount="0"/>
			</class>
		</spellbook>
	<!-- END FOR,0,COUNT[SPELLSINBOOK0.2.0],COUNT[SPELLSINBOOK0.2.0],1,1 -->
	<!-- END FOR,1,COUNT[SPELLRACE],COUNT[SPELLRACE],1,1 -->
			<!-- FOR,1,COUNT[SPELLRACE],COUNT[SPELLRACE],1,1 -->
			<!-- FOR,0,COUNT[SPELLSINBOOK0.3.0],COUNT[SPELLSINBOOK0.3.0],1,1 -->
			<!-- Either we do not have a innate race, or if we do we do not have any 0 level spell for the innate race -->
			<spellbook number="3" name="Prepared Spells">
			<class number="1" spelllistclass="Paladin" spellcasterlevel="6" spellcastertype="Divine" memorize="true">
				<level number="0" spellcount="0"/>
				<level number="1" spellcount="2">
					<spell>
							<name>Compel Hostility</name>
							<outputname>Compel Hostility</outputname>
							<times_memorized>1</times_memorized>
							<range>Personal</range>
							<components>V, S, M</components>
							<castingtime>1 standard action</castingtime>
							<times_unit>null</times_unit>
							<casterlevel>3</casterlevel>
							<concentration>+5</concentration>
							<dc>13</dc>
							<duration>3 rounds</duration>
							<effect>Compels opponents to attack you instead of your allies.</effect>
							<target>You</target>
							<saveinfo>see text</saveinfo>
							<school>
								<school>Enchantment</school>
								<subschool>Compulsion</subschool>
								<descriptor>Mind-Affecting</descriptor>
								<fullschool>Enchantment (Compulsion) [Mind-Affecting]</fullschool>
							</school>
							<source>
								<source>Paizo Inc. - Ultimate Combat, p.226</source>
								<sourcelevel>Pld1</sourcelevel>
								<sourcelink>http://paizo.com/pathfinderRPG/prd/ultimateCombat/spells/compelHostility.html#_compel-hostility</sourcelink>
								<sourcepage>p.226</sourcepage>
								<sourceshort>UC</sourceshort>
							</source>
							<spell_resistance>see text</spell_resistance>
							<description>Compels opponents to attack you instead of your allies.</description>
							<bonusspell></bonusspell>
						</spell>
					<spell>
							<name>Restoration (Lesser)</name>
							<outputname>Restoration (Lesser)</outputname>
							<times_memorized>1</times_memorized>
							<range>Touch</range>
							<components>V, S</components>
							<castingtime>3 rounds</castingtime>
							<times_unit>null</times_unit>
							<casterlevel>3</casterlevel>
							<concentration>+5</concentration>
							<dc>13</dc>
							<duration>Instantaneous</duration>
							<effect>Lesser restoration dispels any magical effects reducing one of the subject&#39;s ability scores or cures 1d4 points of temporary ability damage to one of the subject&#39;s ability scores.</effect>
							<target>Creature touched</target>
							<saveinfo>Will negates (harmless)</saveinfo>
							<school>
								<school>Conjuration</school>
								<subschool>Healing</subschool>
								<descriptor></descriptor>
								<fullschool>Conjuration (Healing)</fullschool>
							</school>
							<source>
								<source>Paizo Inc. - Core Rulebook, p.334</source>
								<sourcelevel>Pld1</sourcelevel>
								<sourcelink>http://paizo.com/pathfinderRPG/prd/spells/restoration.html#_restoration-lesser</sourcelink>
								<sourcepage>p.334</sourcepage>
								<sourceshort>CR</sourceshort>
							</source>
							<spell_resistance>Yes (harmless)</spell_resistance>
							<description>Lesser restoration dispels any magical effects reducing one of the subject&#39;s ability scores or cures 1d4 points of temporary ability damage to one of the subject&#39;s ability scores.</description>
							<bonusspell></bonusspell>
						</spell>
				</level>
				<level number="2" spellcount="0"/>
				<level number="3" spellcount="0"/>
				<level number="4" spellcount="0"/>
			</class>
		</spellbook>
	<!-- END FOR,0,COUNT[SPELLSINBOOK0.3.0],COUNT[SPELLSINBOOK0.3.0],1,1 -->
	<!-- END FOR,1,COUNT[SPELLRACE],COUNT[SPELLRACE],1,1 -->
	</memorized_spells>
	<!-- ### END class Spellbook memorized spells ### -->
	</spells>
	<!-- ### Additional House Rules for Variables in the xsl:fo code ### -->
	<house_var>
		<spelldisplaydc>0.0</spelldisplaydc>
		<OldStyleAbilityStatBlockDisplay>0.0</OldStyleAbilityStatBlockDisplay>
	</house_var>
</character>
