<?xml version="1.0" encoding="UTF-8"?>
<!--
-->
<character>
	<export>
		<date>X</date>
		<time>X</time>
		<version>6.09.08.RC1</version>
		<paperinfo>
			<name>A4</name>
			<height>297mm</height>
			<width>210mm</width>
			<margins>
				<top>10mm</top>
				<bottom>15mm</bottom>
				<left>10mm</left>
				<right>10mm</right>
			</margins>
		</paperinfo>
		<directories>
			<pcgen>X</pcgen>
			<templates>X</templates>
			<pcg>X</pcg>
			<html>X</html>
			<temp>X</temp>
		</directories>
		<invalidtext>
			<tohit>N/A</tohit>
			<damage>N/A</damage>
		</invalidtext>
	</export>
	<unit_set>
		<name>Imperial</name>
		<height_unit>ftin</height_unit>
		<distance_unit> ft.</distance_unit>
		<weight_unit> lbs.</weight_unit>
	</unit_set>
	<!--
	  ====================================
	  ====================================
			BIO
	  ====================================
	  ====================================-->
	<basics>
		<bonuses></bonuses>
		<bonuses></bonuses>
		<bonuses></bonuses>
		<bonuses></bonuses>
		<name>Ronald Millbridge</name>
		<followerof></followerof>
		<playername>James</playername>
		<charactertype>PC</charactertype>
		<hero_points>0</hero_points>
		<age>23</age>
		<alignment>
			<long>Neutral Good</long>
			<short>NG</short>
		</alignment>
		<archetypes>
		</archetypes>
		<bab>+9</bab>
		<bio></bio>
		<birthday></birthday>
		<birthplace></birthplace>
		<catchphrase></catchphrase>
		<classes>
			<class>
				<name>Rogue</name>
				<abbreviation>Rog</abbreviation>
				<level>12</level>
				<bonuslist>Rogue</bonuslist>
				<sequence>0</sequence>
				<sequence_shortform>Rog12</sequence_shortform>
			</class>
			<levels_total>12</levels_total>
			<levels_ecl>12</levels_ecl>
			<!-- shortform below should be removed - it can be derived from class info above -->
			<shortform>Rog12</shortform>
			<!-- CLASSLIST is not extracted because we can derive it from the information above -->
		</classes>
		<deity>
			<name>Cayden Cailean</name>
			<alignment>CG</alignment>
			<description>God of freedom, wine, bravery</description>
			<domainlist>Azata Subdomain (Chaos), Azata Subdomain (Good), Chaos, Charm, Exploration Subdomain, Ferocity Subdomain, Good, Love Subdomain, Lust Subdomain, Resolve Subdomain, Strength, Travel</domainlist>
			<favoredweapon>Rapier</favoredweapon>
			<holyitem></holyitem>
			<pantheonlist>Pathfinder Chronicles</pantheonlist>
			<source>Paizo Inc. - Advanced Player&#39;s Guide, p.91</source>
			<special_abilities></special_abilities>
			<appearance></appearance>
			<title></title>
			<worshippers></worshippers>
		</deity>
		<description></description>
		<experience>
			<current>220000</current>
			<next_level>315000</next_level>
			<factor>100%</factor>
			<penalty>0%</penalty>
		</experience>
		<eyes>
			<color>Brown</color>
		</eyes>
		<hair>
			<color>Red-brown</color>
			<length></length>
		</hair>
		<skin>
			<color>Almond</color>
		</skin>
		<cr>11</cr>
		<face>
			<face>5 ft. by 5 ft.</face>
			<short>5 ft.</short>
			<squares>1 x 1</squares>
		</face>
		<favoredlist></favoredlist>
		<followerlist></followerlist>
		<gender>
			<long>Male</long>
			<short>Male</short>
		</gender>
		<handed>Left</handed>
		<height>
			<total>2&#39; 10&quot;</total>
			<feet>2</feet>
			<inches>10</inches>
		</height>
		<hitdice>(12d8)+6</hitdice>
		<image>file:C:\Users\USER\Documents\PCGen\characters/Ronald Millbridge.jpg</image>
		<interests></interests>
		<languages>
			<language>Aklo</language>
			<language>Common</language>
			<language>Elven</language>
			<language>Giant</language>
			<language>Halfling</language>
			<language>Hallit</language>
			<language>Skald</language>
			<language>Sylvan</language>
			<language>Varisian</language>
			<language></language>
			<all>Aklo, Common, Elven, Giant, Halfling, Hallit, Skald, Sylvan, Varisian</all>
		</languages>
		<location></location>
		<move>
			<move>
				<name>Walk</name>
				<rate>25 ft.</rate>
				<squares>5</squares>
			</move>
			<all>Walk 25 ft.</all>
		</move>
		<personality>
			<trait>Planner</trait>
			<trait>Pleasant smelling</trait>
		</personality>
		<portrait>
			<portrait></portrait>
			<portrait_thumb></portrait_thumb>
		</portrait>
		<phobias>Being Restrained</phobias>
			<race>Halfling</race>
		<race>
			<racetype>Humanoid</racetype>
		</race>
		<reach>
			<reach>5 ft.</reach>
			<squares>1</squares>
		</reach>
		<region>The River Kingdoms</region>
		<reputation>0</reputation>
		<residence></residence>
		<size>
			<long>Small</long>
			<short>S</short>
		</size>
		<speechtendency></speechtendency>
		<type>Humanoid</type>
		<vision>
			<all></all>
		</vision>
		<wealth>0</wealth>
		<gold>1,258</gold>
		<weight>
			<weight_unit>32 lbs.</weight_unit>
			<weight_nounit>32</weight_nounit>
		</weight>
		<poolpoints>
			<cost>0</cost>
			<current>0</current>
		</poolpoints>
		<notes>
			<note>
				<name>Character Sheet Notes</name>
				<value></value>
			</note>

		</notes>
	</basics>

	<!-- Use ASPECT.NotesSection.x and ASPECT.Notes.y	-->
	<!--
	  ====================================
	  ====================================
			ABILITIES
	  ====================================
	  ====================================-->
	<abilities>
		<ability>
			<name>
				<long>Strength</long>
				<short>STR</short>
			</name>
			<score>12</score>
			<modifier>+1</modifier>
		<!--
		Old BASE tag does not give stats with racial, and other permentant adjustments.
		Use NOTEMP.NOEQUIP instead of BASE gives the correct results.

			<base>14</base>
			<basemod>+2</basemod>
		-->
			<base>12</base>
			<basemod>+1</basemod>

			<noequip>12</noequip>
			<noequip_mod>+1</noequip_mod>
			<no_temp_score>12</no_temp_score>
			<no_temp_modifier>+1</no_temp_modifier>
		</ability>
		<ability>
			<name>
				<long>Dexterity</long>
				<short>DEX</short>
			</name>
			<score>22</score>
			<modifier>+6</modifier>
		<!--
		Old BASE tag does not give stats with racial, and other permentant adjustments.
		Use NOTEMP.NOEQUIP instead of BASE gives the correct results.

			<base>18</base>
			<basemod>+4</basemod>
		-->
			<base>20</base>
			<basemod>+5</basemod>

			<noequip>20</noequip>
			<noequip_mod>+5</noequip_mod>
			<no_temp_score>22</no_temp_score>
			<no_temp_modifier>+6</no_temp_modifier>
		</ability>
		<ability>
			<name>
				<long>Constitution</long>
				<short>CON</short>
			</name>
			<score>11</score>
			<modifier>+0</modifier>
		<!--
		Old BASE tag does not give stats with racial, and other permentant adjustments.
		Use NOTEMP.NOEQUIP instead of BASE gives the correct results.

			<base>11</base>
			<basemod>+0</basemod>
		-->
			<base>11</base>
			<basemod>+0</basemod>

			<noequip>11</noequip>
			<noequip_mod>+0</noequip_mod>
			<no_temp_score>11</no_temp_score>
			<no_temp_modifier>+0</no_temp_modifier>
		</ability>
		<ability>
			<name>
				<long>Intelligence</long>
				<short>INT</short>
			</name>
			<score>15</score>
			<modifier>+2</modifier>
		<!--
		Old BASE tag does not give stats with racial, and other permentant adjustments.
		Use NOTEMP.NOEQUIP instead of BASE gives the correct results.

			<base>13</base>
			<basemod>+1</basemod>
		-->
			<base>13</base>
			<basemod>+1</basemod>

			<noequip>13</noequip>
			<noequip_mod>+1</noequip_mod>
			<no_temp_score>15</no_temp_score>
			<no_temp_modifier>+2</no_temp_modifier>
		</ability>
		<ability>
			<name>
				<long>Wisdom</long>
				<short>WIS</short>
			</name>
			<score>12</score>
			<modifier>+1</modifier>
		<!--
		Old BASE tag does not give stats with racial, and other permentant adjustments.
		Use NOTEMP.NOEQUIP instead of BASE gives the correct results.

			<base>12</base>
			<basemod>+1</basemod>
		-->
			<base>12</base>
			<basemod>+1</basemod>

			<noequip>12</noequip>
			<noequip_mod>+1</noequip_mod>
			<no_temp_score>12</no_temp_score>
			<no_temp_modifier>+1</no_temp_modifier>
		</ability>
		<ability>
			<name>
				<long>Charisma</long>
				<short>CHA</short>
			</name>
			<score>14</score>
			<modifier>+2</modifier>
		<!--
		Old BASE tag does not give stats with racial, and other permentant adjustments.
		Use NOTEMP.NOEQUIP instead of BASE gives the correct results.

			<base>12</base>
			<basemod>+1</basemod>
		-->
			<base>14</base>
			<basemod>+2</basemod>

			<noequip>14</noequip>
			<noequip_mod>+2</noequip_mod>
			<no_temp_score>14</no_temp_score>
			<no_temp_modifier>+2</no_temp_modifier>
		</ability>
	</abilities>
	<!--
	  ====================================
	  ====================================
			HIT POINTS
	  ====================================
	  ====================================-->
	<hit_points>
		<usealternatedamage>0</usealternatedamage>
		<points>68</points>
		<alternate>22</alternate>
		<die>(12d8)+6</die>
		<die_short>12</die_short>
		<current/>
		<subdual/>
		<damage_reduction></damage_reduction>
		<damage_threshold>0</damage_threshold>
		<history>
			<roll>
				<level>1</level>
				<roll>8</roll>
				<stat>0</stat>
				<total>8</total>
			</roll>
			<roll>
				<level>2</level>
				<roll>5</roll>
				<stat>0</stat>
				<total>5</total>
			</roll>
			<roll>
				<level>3</level>
				<roll>5</roll>
				<stat>0</stat>
				<total>5</total>
			</roll>
			<roll>
				<level>4</level>
				<roll>5</roll>
				<stat>0</stat>
				<total>5</total>
			</roll>
			<roll>
				<level>5</level>
				<roll>5</roll>
				<stat>0</stat>
				<total>5</total>
			</roll>
			<roll>
				<level>6</level>
				<roll>5</roll>
				<stat>0</stat>
				<total>5</total>
			</roll>
			<roll>
				<level>7</level>
				<roll>5</roll>
				<stat>0</stat>
				<total>5</total>
			</roll>
			<roll>
				<level>8</level>
				<roll>5</roll>
				<stat>0</stat>
				<total>5</total>
			</roll>
			<roll>
				<level>9</level>
				<roll>5</roll>
				<stat>0</stat>
				<total>5</total>
			</roll>
			<roll>
				<level>10</level>
				<roll>5</roll>
				<stat>0</stat>
				<total>5</total>
			</roll>
			<roll>
				<level>11</level>
				<roll>4</roll>
				<stat>0</stat>
				<total>4</total>
			</roll>
			<roll>
				<level>12</level>
				<roll>5</roll>
				<stat>0</stat>
				<total>5</total>
			</roll>
		</history>
	</hit_points>
	<!--
	  ====================================
	  ====================================
			ARMOR CLASS
	  ====================================
	  ====================================-->
	<armor_class>
		<total>27</total>
		<listing>ABILITY +6, ARMOR +4, ARMORENHANCEMENT +1, BASE +10, DEFLECTION +2, DODGE +1, NATURALARMORENHANCEMENT +2, SIZE +1</listing>
		<flat>27</flat>
		<touch>20</touch>
		<base>10</base>
		<armor_bonus>5</armor_bonus>
		<shield_bonus>0</shield_bonus>
		<stat_mod>6</stat_mod>
		<size_mod>1</size_mod>
		<natural>2</natural>
		<deflection>2</deflection>
		<dodge>1</dodge>
		<dodge_bonus>1</dodge_bonus>
		<class_bonus>0</class_bonus>
		<misc>0</misc>
		<insight>0</insight>
		<morale>0</morale>
		<sacred>0</sacred>
		<profane>0</profane>
		<miss_chance/>
		<max_dex>+6</max_dex>
		<spell_failure>10</spell_failure>
		<check_penalty>+0</check_penalty>
		<spell_resistance>0</spell_resistance>
	</armor_class>
	<!--
	  ====================================
	  ====================================
			INITIATIVE
	  ====================================
	  ====================================-->
	<initiative>
		<total>+6</total>
		<dex_mod>+6</dex_mod>
		<misc_mod>+0</misc_mod>
		<spell_failure>10</spell_failure>
		<check_penalty>+0</check_penalty>
		<spell_resistance>0</spell_resistance>
		<hero_points>0</hero_points>
	</initiative>
	<!--
	  ====================================
	  ====================================
			SKILLS
	  ====================================
	  ====================================-->
	<skillinfo>
		<conditional_modifiers>
		</conditional_modifiers>
	</skillinfo>
	<skills>
		<conditional_modifiers>
		</conditional_modifiers>
		<skillpoints>
			<total>108</total>
			<used>108</used>
			<unused>0</unused>
			<eclipse_total>0</eclipse_total>
		</skillpoints>
		<list_mods>Acrobatics +28, Appraise +6, Bluff +14, Climb +9, Craft (Traps) +6, Diplomacy +7, Disable Device +29, Disguise +16, Escape Artist +21, Fly +8, Handle Animal +4, Intimidate +6, Knowledge (Dungeoneering) +6, Knowledge (Engineering) +3, Knowledge (Geography) +14, Knowledge (Local) +9, Linguistics +6, Perception +18, Profession (Cook) +5, Sense Motive +7, Sleight of Hand +11, Stealth +25, Swim +11, Use Magic Device +13</list_mods>
			<max_class_skill_level>12</max_class_skill_level>
		<max_cross_class_skill_level>12.0</max_cross_class_skill_level>
		<skill>
			<name>Acrobatics</name>
			<ranks>12.0</ranks>
			<mod>16<!-- Mods from abilities, equipment, etc -->
			</mod>
			<skill_mod>28</skill_mod>
			<ability_mod>6<!-- Mod from the key ability -->
			</ability_mod>
			<misc_mod>10<!-- This is a calc value of TOTAL-RANK-ABMOD -->
			</misc_mod>
			<ability>DEX</ability>
			<synergy>Acrobatics</synergy>
			<untrained>Y</untrained>
			<exclusive>N</exclusive>
			<trained_total>28</trained_total>
			<exclusive_total>28</exclusive_total>
			<classes>Rogue</classes>
			<type>Dexterity.ACHECK.Base</type>
		</skill>
		<skill>
			<name>Acrobatics (When Jumping)</name>
			<ranks>12.0</ranks>
			<mod>12<!-- Mods from abilities, equipment, etc -->
			</mod>
			<skill_mod>24</skill_mod>
			<ability_mod>6<!-- Mod from the key ability -->
			</ability_mod>
			<misc_mod>6<!-- This is a calc value of TOTAL-RANK-ABMOD -->
			</misc_mod>
			<ability>DEX</ability>
			<synergy>Acrobatics (When Jumping)</synergy>
			<untrained>Y</untrained>
			<exclusive>N</exclusive>
			<trained_total>24</trained_total>
			<exclusive_total>24</exclusive_total>
			<classes>Rogue</classes>
			<type>Dexterity.ACHECK.Base</type>
		</skill>
		<skill>
			<name>Appraise</name>
			<ranks>1.0</ranks>
			<mod>5<!-- Mods from abilities, equipment, etc -->
			</mod>
			<skill_mod>6</skill_mod>
			<ability_mod>2<!-- Mod from the key ability -->
			</ability_mod>
			<misc_mod>3<!-- This is a calc value of TOTAL-RANK-ABMOD -->
			</misc_mod>
			<ability>INT</ability>
			<synergy>Appraise</synergy>
			<untrained>Y</untrained>
			<exclusive>N</exclusive>
			<trained_total>6</trained_total>
			<exclusive_total>6</exclusive_total>
			<classes>Rogue</classes>
			<type>Intelligence.Base</type>
		</skill>
		<skill>
			<name>Bluff</name>
			<ranks>9.0</ranks>
			<mod>5<!-- Mods from abilities, equipment, etc -->
			</mod>
			<skill_mod>14</skill_mod>
			<ability_mod>2<!-- Mod from the key ability -->
			</ability_mod>
			<misc_mod>3<!-- This is a calc value of TOTAL-RANK-ABMOD -->
			</misc_mod>
			<ability>CHA</ability>
			<synergy>Bluff</synergy>
			<untrained>Y</untrained>
			<exclusive>N</exclusive>
			<trained_total>14</trained_total>
			<exclusive_total>14</exclusive_total>
			<classes>Rogue</classes>
			<type>Charisma.Base</type>
		</skill>
		<skill>
			<name>Climb</name>
			<ranks>3.0</ranks>
			<mod>6<!-- Mods from abilities, equipment, etc -->
			</mod>
			<skill_mod>9</skill_mod>
			<ability_mod>1<!-- Mod from the key ability -->
			</ability_mod>
			<misc_mod>5<!-- This is a calc value of TOTAL-RANK-ABMOD -->
			</misc_mod>
			<ability>STR</ability>
			<synergy>Climb</synergy>
			<untrained>Y</untrained>
			<exclusive>N</exclusive>
			<trained_total>9</trained_total>
			<exclusive_total>9</exclusive_total>
			<classes>Rogue</classes>
			<type>Strength.ACHECK.Base</type>
		</skill>
		<skill>
			<name>Craft (Traps)</name>
			<ranks>1.0</ranks>
			<mod>5<!-- Mods from abilities, equipment, etc -->
			</mod>
			<skill_mod>6</skill_mod>
			<ability_mod>2<!-- Mod from the key ability -->
			</ability_mod>
			<misc_mod>3<!-- This is a calc value of TOTAL-RANK-ABMOD -->
			</misc_mod>
			<ability>INT</ability>
			<synergy>Craft (Traps)</synergy>
			<untrained>NO</untrained>
			<exclusive>N</exclusive>
			<trained_total>6</trained_total>
			<exclusive_total>6</exclusive_total>
			<classes>Rogue</classes>
			<type>Intelligence.Craft.Base</type>
		</skill>
		<skill>
			<name>Craft (Untrained)</name>
			<ranks>0.0</ranks>
			<mod>2<!-- Mods from abilities, equipment, etc -->
			</mod>
			<skill_mod>2</skill_mod>
			<ability_mod>2<!-- Mod from the key ability -->
			</ability_mod>
			<misc_mod>0<!-- This is a calc value of TOTAL-RANK-ABMOD -->
			</misc_mod>
			<ability>INT</ability>
			<synergy>Craft (Untrained)</synergy>
			<untrained>Y</untrained>
			<exclusive>N</exclusive>
			<trained_total>2</trained_total>
			<exclusive_total>2</exclusive_total>
			<classes>Rogue</classes>
			<type>Intelligence.Craft</type>
		</skill>
		<skill>
			<name>Diplomacy</name>
			<ranks>2.0</ranks>
			<mod>5<!-- Mods from abilities, equipment, etc -->
			</mod>
			<skill_mod>7</skill_mod>
			<ability_mod>2<!-- Mod from the key ability -->
			</ability_mod>
			<misc_mod>3<!-- This is a calc value of TOTAL-RANK-ABMOD -->
			</misc_mod>
			<ability>CHA</ability>
			<synergy>Diplomacy</synergy>
			<untrained>Y</untrained>
			<exclusive>N</exclusive>
			<trained_total>7</trained_total>
			<exclusive_total>7</exclusive_total>
			<classes>Rogue</classes>
			<type>Charisma.Base</type>
		</skill>
		<skill>
			<name>Disable Device</name>
			<ranks>12.0</ranks>
			<mod>17<!-- Mods from abilities, equipment, etc -->
			</mod>
			<skill_mod>29</skill_mod>
			<ability_mod>6<!-- Mod from the key ability -->
			</ability_mod>
			<misc_mod>11<!-- This is a calc value of TOTAL-RANK-ABMOD -->
			</misc_mod>
			<ability>DEX</ability>
			<synergy>Disable Device</synergy>
			<untrained>NO</untrained>
			<exclusive>N</exclusive>
			<trained_total>29</trained_total>
			<exclusive_total>29</exclusive_total>
			<classes>Rogue</classes>
			<type>Dexterity.ACHECK.Base</type>
		</skill>
		<skill>
			<name>Disguise</name>
			<ranks>11.0</ranks>
			<mod>5<!-- Mods from abilities, equipment, etc -->
			</mod>
			<skill_mod>16</skill_mod>
			<ability_mod>2<!-- Mod from the key ability -->
			</ability_mod>
			<misc_mod>3<!-- This is a calc value of TOTAL-RANK-ABMOD -->
			</misc_mod>
			<ability>CHA</ability>
			<synergy>Disguise</synergy>
			<untrained>Y</untrained>
			<exclusive>N</exclusive>
			<trained_total>16</trained_total>
			<exclusive_total>16</exclusive_total>
			<classes>Rogue</classes>
			<type>Charisma.Base</type>
		</skill>
		<skill>
			<name>Escape Artist</name>
			<ranks>12.0</ranks>
			<mod>9<!-- Mods from abilities, equipment, etc -->
			</mod>
			<skill_mod>21</skill_mod>
			<ability_mod>6<!-- Mod from the key ability -->
			</ability_mod>
			<misc_mod>3<!-- This is a calc value of TOTAL-RANK-ABMOD -->
			</misc_mod>
			<ability>DEX</ability>
			<synergy>Escape Artist</synergy>
			<untrained>Y</untrained>
			<exclusive>N</exclusive>
			<trained_total>21</trained_total>
			<exclusive_total>21</exclusive_total>
			<classes>Rogue</classes>
			<type>Dexterity.ACHECK.Base</type>
		</skill>
		<skill>
			<name>Fly</name>
			<ranks>0.0</ranks>
			<mod>8<!-- Mods from abilities, equipment, etc -->
			</mod>
			<skill_mod>8</skill_mod>
			<ability_mod>6<!-- Mod from the key ability -->
			</ability_mod>
			<misc_mod>2<!-- This is a calc value of TOTAL-RANK-ABMOD -->
			</misc_mod>
			<ability>DEX</ability>
			<synergy>Fly</synergy>
			<untrained>Y</untrained>
			<exclusive>N</exclusive>
			<trained_total>8</trained_total>
			<exclusive_total>8</exclusive_total>
			<classes></classes>
			<type>Dexterity.ACHECK.Base</type>
		</skill>
		<skill>
			<name>Handle Animal</name>
			<ranks>2.0</ranks>
			<mod>2<!-- Mods from abilities, equipment, etc -->
			</mod>
			<skill_mod>4</skill_mod>
			<ability_mod>2<!-- Mod from the key ability -->
			</ability_mod>
			<misc_mod>0<!-- This is a calc value of TOTAL-RANK-ABMOD -->
			</misc_mod>
			<ability>CHA</ability>
			<synergy>Handle Animal</synergy>
			<untrained>NO</untrained>
			<exclusive>N</exclusive>
			<trained_total>4</trained_total>
			<exclusive_total>4</exclusive_total>
			<classes></classes>
			<type>Charisma.Base</type>
		</skill>
		<skill>
			<name>Heal</name>
			<ranks>0.0</ranks>
			<mod>1<!-- Mods from abilities, equipment, etc -->
			</mod>
			<skill_mod>1</skill_mod>
			<ability_mod>1<!-- Mod from the key ability -->
			</ability_mod>
			<misc_mod>0<!-- This is a calc value of TOTAL-RANK-ABMOD -->
			</misc_mod>
			<ability>WIS</ability>
			<synergy>Heal</synergy>
			<untrained>Y</untrained>
			<exclusive>N</exclusive>
			<trained_total>1</trained_total>
			<exclusive_total>1</exclusive_total>
			<classes></classes>
			<type>Wisdom.Base</type>
		</skill>
		<skill>
			<name>Intimidate</name>
			<ranks>1.0</ranks>
			<mod>5<!-- Mods from abilities, equipment, etc -->
			</mod>
			<skill_mod>6</skill_mod>
			<ability_mod>2<!-- Mod from the key ability -->
			</ability_mod>
			<misc_mod>3<!-- This is a calc value of TOTAL-RANK-ABMOD -->
			</misc_mod>
			<ability>CHA</ability>
			<synergy>Intimidate</synergy>
			<untrained>Y</untrained>
			<exclusive>N</exclusive>
			<trained_total>6</trained_total>
			<exclusive_total>6</exclusive_total>
			<classes>Rogue</classes>
			<type>Charisma.Base</type>
		</skill>
		<skill>
			<name>Knowledge (Dungeoneering)</name>
			<ranks>1.0</ranks>
			<mod>5<!-- Mods from abilities, equipment, etc -->
			</mod>
			<skill_mod>6</skill_mod>
			<ability_mod>2<!-- Mod from the key ability -->
			</ability_mod>
			<misc_mod>3<!-- This is a calc value of TOTAL-RANK-ABMOD -->
			</misc_mod>
			<ability>INT</ability>
			<synergy>Knowledge (Dungeoneering)</synergy>
			<untrained>NO</untrained>
			<exclusive>N</exclusive>
			<trained_total>6</trained_total>
			<exclusive_total>6</exclusive_total>
			<classes>Rogue</classes>
			<type>Intelligence.Knowledge.Base</type>
		</skill>
		<skill>
			<name>Knowledge (Engineering)</name>
			<ranks>1.0</ranks>
			<mod>2<!-- Mods from abilities, equipment, etc -->
			</mod>
			<skill_mod>3</skill_mod>
			<ability_mod>2<!-- Mod from the key ability -->
			</ability_mod>
			<misc_mod>0<!-- This is a calc value of TOTAL-RANK-ABMOD -->
			</misc_mod>
			<ability>INT</ability>
			<synergy>Knowledge (Engineering)</synergy>
			<untrained>NO</untrained>
			<exclusive>N</exclusive>
			<trained_total>3</trained_total>
			<exclusive_total>3</exclusive_total>
			<classes></classes>
			<type>Intelligence.Knowledge.Base</type>
		</skill>
		<skill>
			<name>Knowledge (Geography)</name>
			<ranks>12.0</ranks>
			<mod>2<!-- Mods from abilities, equipment, etc -->
			</mod>
			<skill_mod>14</skill_mod>
			<ability_mod>2<!-- Mod from the key ability -->
			</ability_mod>
			<misc_mod>0<!-- This is a calc value of TOTAL-RANK-ABMOD -->
			</misc_mod>
			<ability>INT</ability>
			<synergy>Knowledge (Geography)</synergy>
			<untrained>NO</untrained>
			<exclusive>N</exclusive>
			<trained_total>14</trained_total>
			<exclusive_total>14</exclusive_total>
			<classes></classes>
			<type>Intelligence.Knowledge.Base</type>
		</skill>
		<skill>
			<name>Knowledge (Local)</name>
			<ranks>4.0</ranks>
			<mod>5<!-- Mods from abilities, equipment, etc -->
			</mod>
			<skill_mod>9</skill_mod>
			<ability_mod>2<!-- Mod from the key ability -->
			</ability_mod>
			<misc_mod>3<!-- This is a calc value of TOTAL-RANK-ABMOD -->
			</misc_mod>
			<ability>INT</ability>
			<synergy>Knowledge (Local)</synergy>
			<untrained>NO</untrained>
			<exclusive>N</exclusive>
			<trained_total>9</trained_total>
			<exclusive_total>9</exclusive_total>
			<classes>Rogue</classes>
			<type>Intelligence.Knowledge.Base</type>
		</skill>
		<skill>
			<name>Linguistics(Skald, Sylvan)</name>
			<ranks>1.0</ranks>
			<mod>5<!-- Mods from abilities, equipment, etc -->
			</mod>
			<skill_mod>6</skill_mod>
			<ability_mod>2<!-- Mod from the key ability -->
			</ability_mod>
			<misc_mod>3<!-- This is a calc value of TOTAL-RANK-ABMOD -->
			</misc_mod>
			<ability>INT</ability>
			<synergy>Linguistics(Skald, Sylvan)</synergy>
			<untrained>NO</untrained>
			<exclusive>N</exclusive>
			<trained_total>6</trained_total>
			<exclusive_total>6</exclusive_total>
			<classes>Rogue</classes>
			<type>Intelligence.Base</type>
		</skill>
		<skill>
			<name>Perception</name>
			<ranks>12.0</ranks>
			<mod>6<!-- Mods from abilities, equipment, etc -->
			</mod>
			<skill_mod>18</skill_mod>
			<ability_mod>1<!-- Mod from the key ability -->
			</ability_mod>
			<misc_mod>5<!-- This is a calc value of TOTAL-RANK-ABMOD -->
			</misc_mod>
			<ability>WIS</ability>
			<synergy>Perception</synergy>
			<untrained>Y</untrained>
			<exclusive>N</exclusive>
			<trained_total>18</trained_total>
			<exclusive_total>18</exclusive_total>
			<classes>Rogue</classes>
			<type>Wisdom.Base</type>
		</skill>
		<skill>
			<name>Perception (Trapfinding)</name>
			<ranks>12.0</ranks>
			<mod>16<!-- Mods from abilities, equipment, etc -->
			</mod>
			<skill_mod>28</skill_mod>
			<ability_mod>1<!-- Mod from the key ability -->
			</ability_mod>
			<misc_mod>15<!-- This is a calc value of TOTAL-RANK-ABMOD -->
			</misc_mod>
			<ability>WIS</ability>
			<synergy>Perception (Trapfinding)</synergy>
			<untrained>Y</untrained>
			<exclusive>N</exclusive>
			<trained_total>28</trained_total>
			<exclusive_total>28</exclusive_total>
			<classes>Rogue</classes>
			<type>Wisdom.Base</type>
		</skill>
		<skill>
			<name>Perform (Untrained)</name>
			<ranks>0.0</ranks>
			<mod>2<!-- Mods from abilities, equipment, etc -->
			</mod>
			<skill_mod>2</skill_mod>
			<ability_mod>2<!-- Mod from the key ability -->
			</ability_mod>
			<misc_mod>0<!-- This is a calc value of TOTAL-RANK-ABMOD -->
			</misc_mod>
			<ability>CHA</ability>
			<synergy>Perform (Untrained)</synergy>
			<untrained>Y</untrained>
			<exclusive>N</exclusive>
			<trained_total>2</trained_total>
			<exclusive_total>2</exclusive_total>
			<classes>Rogue</classes>
			<type>Charisma.Perform</type>
		</skill>
		<skill>
			<name>Profession (Cook)</name>
			<ranks>1.0</ranks>
			<mod>4<!-- Mods from abilities, equipment, etc -->
			</mod>
			<skill_mod>5</skill_mod>
			<ability_mod>1<!-- Mod from the key ability -->
			</ability_mod>
			<misc_mod>3<!-- This is a calc value of TOTAL-RANK-ABMOD -->
			</misc_mod>
			<ability>WIS</ability>
			<synergy>Profession (Cook)</synergy>
			<untrained>NO</untrained>
			<exclusive>N</exclusive>
			<trained_total>5</trained_total>
			<exclusive_total>5</exclusive_total>
			<classes>Rogue</classes>
			<type>Wisdom.Profession.Base</type>
		</skill>
		<skill>
			<name>Ride</name>
			<ranks>0.0</ranks>
			<mod>6<!-- Mods from abilities, equipment, etc -->
			</mod>
			<skill_mod>6</skill_mod>
			<ability_mod>6<!-- Mod from the key ability -->
			</ability_mod>
			<misc_mod>0<!-- This is a calc value of TOTAL-RANK-ABMOD -->
			</misc_mod>
			<ability>DEX</ability>
			<synergy>Ride</synergy>
			<untrained>Y</untrained>
			<exclusive>N</exclusive>
			<trained_total>6</trained_total>
			<exclusive_total>6</exclusive_total>
			<classes></classes>
			<type>Dexterity.ACHECK.Base</type>
		</skill>
		<skill>
			<name>Sense Motive</name>
			<ranks>3.0</ranks>
			<mod>4<!-- Mods from abilities, equipment, etc -->
			</mod>
			<skill_mod>7</skill_mod>
			<ability_mod>1<!-- Mod from the key ability -->
			</ability_mod>
			<misc_mod>3<!-- This is a calc value of TOTAL-RANK-ABMOD -->
			</misc_mod>
			<ability>WIS</ability>
			<synergy>Sense Motive</synergy>
			<untrained>Y</untrained>
			<exclusive>N</exclusive>
			<trained_total>7</trained_total>
			<exclusive_total>7</exclusive_total>
			<classes>Rogue</classes>
			<type>Wisdom.Base</type>
		</skill>
		<skill>
			<name>Sleight of Hand</name>
			<ranks>2.0</ranks>
			<mod>9<!-- Mods from abilities, equipment, etc -->
			</mod>
			<skill_mod>11</skill_mod>
			<ability_mod>6<!-- Mod from the key ability -->
			</ability_mod>
			<misc_mod>3<!-- This is a calc value of TOTAL-RANK-ABMOD -->
			</misc_mod>
			<ability>DEX</ability>
			<synergy>Sleight of Hand</synergy>
			<untrained>NO</untrained>
			<exclusive>N</exclusive>
			<trained_total>11</trained_total>
			<exclusive_total>11</exclusive_total>
			<classes>Rogue</classes>
			<type>Dexterity.ACHECK.Base</type>
		</skill>
		<skill>
			<name>Stealth</name>
			<ranks>12.0</ranks>
			<mod>13<!-- Mods from abilities, equipment, etc -->
			</mod>
			<skill_mod>25</skill_mod>
			<ability_mod>6<!-- Mod from the key ability -->
			</ability_mod>
			<misc_mod>7<!-- This is a calc value of TOTAL-RANK-ABMOD -->
			</misc_mod>
			<ability>DEX</ability>
			<synergy>Stealth</synergy>
			<untrained>Y</untrained>
			<exclusive>N</exclusive>
			<trained_total>25</trained_total>
			<exclusive_total>25</exclusive_total>
			<classes>Rogue</classes>
			<type>Dexterity.ACHECK.Base</type>
		</skill>
		<skill>
			<name>Survival</name>
			<ranks>0.0</ranks>
			<mod>1<!-- Mods from abilities, equipment, etc -->
			</mod>
			<skill_mod>1</skill_mod>
			<ability_mod>1<!-- Mod from the key ability -->
			</ability_mod>
			<misc_mod>0<!-- This is a calc value of TOTAL-RANK-ABMOD -->
			</misc_mod>
			<ability>WIS</ability>
			<synergy>Survival</synergy>
			<untrained>Y</untrained>
			<exclusive>N</exclusive>
			<trained_total>1</trained_total>
			<exclusive_total>1</exclusive_total>
			<classes></classes>
			<type>Wisdom.Base</type>
		</skill>
		<skill>
			<name>Swim</name>
			<ranks>2.0</ranks>
			<mod>9<!-- Mods from abilities, equipment, etc -->
			</mod>
			<skill_mod>11</skill_mod>
			<ability_mod>1<!-- Mod from the key ability -->
			</ability_mod>
			<misc_mod>8<!-- This is a calc value of TOTAL-RANK-ABMOD -->
			</misc_mod>
			<ability>STR</ability>
			<synergy>Swim</synergy>
			<untrained>Y</untrained>
			<exclusive>N</exclusive>
			<trained_total>11</trained_total>
			<exclusive_total>11</exclusive_total>
			<classes>Rogue</classes>
			<type>Strength.ACHECK.Base</type>
		</skill>
		<skill>
			<name>Use Magic Device</name>
			<ranks>8.0</ranks>
			<mod>5<!-- Mods from abilities, equipment, etc -->
			</mod>
			<skill_mod>13</skill_mod>
			<ability_mod>2<!-- Mod from the key ability -->
			</ability_mod>
			<misc_mod>3<!-- This is a calc value of TOTAL-RANK-ABMOD -->
			</misc_mod>
			<ability>CHA</ability>
			<synergy>Use Magic Device</synergy>
			<untrained>NO</untrained>
			<exclusive>N</exclusive>
			<trained_total>13</trained_total>
			<exclusive_total>13</exclusive_total>
			<classes>Rogue</classes>
			<type>Charisma.Base</type>
		</skill>

	<!-- Skills -->
	</skills>
	<!--
	  ====================================
	  ====================================
			SAVING THROWS
	  ====================================
	  ====================================-->
	<saving_throws>
		<conditional_modifiers>
			<savebonus>
				<description>+2 racial bonus on all saving throws against fear. This bonus stacks with the bonus granted by halfling luck.</description>
			</savebonus>
			<savebonus>
				<description>+4 Reflex to avoid traps</description>
			</savebonus>
		</conditional_modifiers>
		<saving_throw>
			<name>
				<long>fortitude</long>
				<short>fort</short>
			</name>
				<ability>constitution</ability>
			<total>+8</total>
			<base>+4</base>
			<abil_mod>+0</abil_mod>
			<feats>+0</feats>
			<magic_mod>+0</magic_mod>
			<misc_mod>+4</misc_mod>
			<misc_w_magic_mod>+4</misc_w_magic_mod>
			<race>+1</race>
			<epic_mod>+0</epic_mod>
			<temp_mod/>
		</saving_throw>
		<saving_throw>
			<name>
				<long>reflex</long>
				<short>ref</short>
			</name>
				<ability>dexterity</ability>
			<total>+18</total>
			<base>+8</base>
			<abil_mod>+6</abil_mod>
			<feats>+0</feats>
			<magic_mod>+0</magic_mod>
			<misc_mod>+4</misc_mod>
			<misc_w_magic_mod>+4</misc_w_magic_mod>
			<race>+1</race>
			<epic_mod>+0</epic_mod>
			<temp_mod/>
		</saving_throw>
		<saving_throw>
			<name>
				<long>will</long>
				<short>will</short>
			</name>
				<ability>wisdom</ability>
			<total>+9</total>
			<base>+4</base>
			<abil_mod>+1</abil_mod>
			<feats>+0</feats>
			<magic_mod>+0</magic_mod>
			<misc_mod>+4</misc_mod>
			<misc_w_magic_mod>+4</misc_w_magic_mod>
			<race>+1</race>
			<epic_mod>+0</epic_mod>
			<temp_mod/>
		</saving_throw>
	</saving_throws>
	<!--
	  ====================================
	  ====================================
			ATTACK
	  ====================================
	  ====================================-->
	<attack>
			<conditional_modifiers>
				<savebonus>
				<description>+2 racial bonus on all saving throws against fear. This bonus stacks with the bonus granted by halfling luck.</description>
				</savebonus>
				<savebonus>
				<description>+4 Reflex to avoid traps</description>
				</savebonus>
			</conditional_modifiers>

		<melee>
			<total>+11/+6</total>
			<total_short>+11</total_short>
			<bab>+9</bab>
			<!-- +9 -->
			<base_attack_bonus>+9/+4</base_attack_bonus>
			<stat_mod>+1</stat_mod>
			<size_mod>+1</size_mod>
			<misc_mod>+0</misc_mod>
			<epic_mod>0</epic_mod>
			<!-- +0 -->
			<temp_mod/>
		</melee>
		<ranged>
			<total>+16/+11</total>
			<bab>+9</bab>
			<!-- +9 -->
			<base_attack_bonus>+9/+4</base_attack_bonus>
			<stat_mod>+6</stat_mod>
			<size_mod>+1</size_mod>
			<misc_mod>+0</misc_mod>
			<epic_mod>0</epic_mod>
			<!-- +0 -->
			<temp_mod/>
		</ranged>
			<!-- Either CMB block, or Grapple Block -->
			<cmb>
				<!-- Base stuff for standard block -->
				<title>CMB</title>
				<total>+9</total>
				<bab>+9</bab>
				<base_attack_bonus>+9/+4</base_attack_bonus>
				<stat_mod>+1</stat_mod>
				<size_mod>-1</size_mod>
				<misc_mod></misc_mod>	
				<epic_mod/>
				<temp_mod/>
				<!-- Base values (not yet used) -->
				<grapple_base>+9</grapple_base>
				<trip_base>+9</trip_base>
				<disarm_base>+9</disarm_base>
				<sunder_base>+9</sunder_base>
				<bullrush_base>+0</bullrush_base>
				<overrun_base>+9</overrun_base>
				<!-- Defense values -->
				<!-- Pathfinder (final release) -->
				<!-- Attack values -->
				<grapple_attack>+9</grapple_attack>
				<trip_attack>+9</trip_attack>
				<disarm_attack>+9</disarm_attack>
				<sunder_attack>+9</sunder_attack>
				<bullrush_attack>+9</bullrush_attack>
				<overrun_attack>+9</overrun_attack>
				<!-- Defense values -->
				<defense>28</defense>
				<grapple_defense>28</grapple_defense>
				<trip_defense>
				28
				</trip_defense>
				<disarm_defense>28</disarm_defense>
				<sunder_defense>28</sunder_defense>
				<bullrush_defense>28</bullrush_defense>
				<overrun_defense>28</overrun_defense>

			</cmb>
		<!-- End CMB / Grapple Block -->
	</attack>
	<!--
	  ====================================
	  ====================================
			WEAPONS
	  ====================================
	  ====================================-->

	<weapons>
		<unarmed>
			<total>+16/+11</total>
			<damage>1d2+1</damage>
			<critical>20/x2</critical>
			<!-- Should be changed to a variable due to improved crit -->
			<reach>5 ft.</reach>
						<!-- Commenting this out (will need a test as well)
			3.0 uses "Subdual", 3.5 uses "nonlethal".  We'll need a separate node for both.	-->
			<type>(nonlethal only)</type>
		</unarmed>
		<!-- Spirit Weapon - Melee -->

		<!-- Spirit Weapon - Ranged -->
	<!-- End Spirit Weapon - Ranged -->

	<!-- Blank Natural Attack -->

	<!-- Natural Attack -->


		<weapon>
			<common>
				<name>
					<short>*Dagger +1 (Small)</short>
					<long>*Dagger +1 (Small)</long>
					<output>*Dagger +1 (Small)</output>
				</name>
				<category>Simple-Both (Melee)</category>
				<critical>
					<range>19-20</range>
					<multiplier>2</multiplier>
				</critical>
				<to_hit>
					<hit>+15/+10</hit>
					<magic_hit>+1</magic_hit>
					<total_hit>+15/+10</total_hit>
				</to_hit>
				<feat>
					<hit>+0</hit>
					<damage>+0</damage>
				</feat>
				<magic>
					<hit>+1</hit>
					<damage>+1</damage>
				</magic>
				<template>
					<hit>+0</hit>
					<damage>+0</damage>
				</template>
				<hand>Off-hand</hand>
				<num_attacks>2</num_attacks>
				<reach>5</reach>
				<reachunit> ft.</reachunit>
				<size>S</size>
					<special_properties></special_properties>
				<type>PS</type>
				<weight>0</weight>
				<attacks>0</attacks>
				<heft>MEDIUM</heft>
				<range>0 ft.</range>
				<sizemod>+0</sizemod>
				<basehit>+17/+12</basehit>
				<misc>+0</misc>
				<damage>1d3+1</damage>
				<damagebonus>+1</damagebonus>
				<basedamagebonus>+0</basedamagebonus>
				<thdamagebonus>+2</thdamagebonus>
				<ohdamagebonus>+1</ohdamagebonus>
				<rateoffire></rateoffire>
				<islight>TRUE</islight>
				<sequence>0</sequence>
			</common>
			<melee>
				<invalidtext>
					<tohit>N/A</tohit>
					<damage>N/A</damage>
				</invalidtext>
				<hand>Off-hand</hand>
				<w1_h1_p>
					<!-- One weapon, 1 hand, primary hand -->
					<to_hit>+17/+12</to_hit>
					<damage>1d3+2</damage>
				</w1_h1_p>
				<w1_h1_o>
					<!-- One weapon, 1 handed, offhand -->
					<to_hit>+17/+12</to_hit>
					<damage>1d3+1</damage>
				</w1_h1_o>
				<w1_h2>
					<!-- One weapon, 2 handed -->
					<to_hit>+17/+12</to_hit>
					<damage>1d3+2</damage>
				</w1_h2>
				<w2_p_oh>
					<!-- Two weapons, this weapon in primary hand, other hand with heavy weapon -->
					<to_hit>+13/+8</to_hit>
					<damage>1d3+2</damage>
				</w2_p_oh>
				<w2_p_ol>
					<!-- Two weapons, this weapon in primary hand, other hand with light weapon -->
					<to_hit>+15/+10</to_hit>
					<damage>1d3+2</damage>
				</w2_p_ol>
				<w2_o>
					<!-- Two weapons, this weapon in off-hand -->
					<to_hit>+15/+10</to_hit>
					<damage>1d3+1</damage>
				</w2_o>
			</melee>
	<!-- End New Ranges Section -->

			<ranges>
				<rangetype>Thrown</rangetype>
				<range>
					<distance>10 ft.</distance>
					<to_hit>+17/+12</to_hit>
					<damage>1d3+2</damage>
					<basehit>+17/+12</basehit>
					<tohit_offhand>+17/+12</tohit_offhand>
					<tohit_twohand>+17/+12</tohit_twohand>
					<tohit_2weap_heavy>+13/+8</tohit_2weap_heavy>
					<tohit_2weap_light>+15/+10</tohit_2weap_light>
					<tohit_2weap_offhand>+15/+10</tohit_2weap_offhand>
				</range>
				<range>
					<distance>20 ft.</distance>
					<to_hit>+15/+10</to_hit>
					<damage>1d3+2</damage>
					<basehit>+15/+10</basehit>
					<tohit_offhand>+15/+10</tohit_offhand>
					<tohit_twohand>+15/+10</tohit_twohand>
					<tohit_2weap_heavy>+11/+6</tohit_2weap_heavy>
					<tohit_2weap_light>+13/+8</tohit_2weap_light>
					<tohit_2weap_offhand>+13/+8</tohit_2weap_offhand>
				</range>
				<range>
					<distance>30 ft.</distance>
					<to_hit>+13/+8</to_hit>
					<damage>1d3+2</damage>
					<basehit>+13/+8</basehit>
					<tohit_offhand>+13/+8</tohit_offhand>
					<tohit_twohand>+13/+8</tohit_twohand>
					<tohit_2weap_heavy>+9/+4</tohit_2weap_heavy>
					<tohit_2weap_light>+11/+6</tohit_2weap_light>
					<tohit_2weap_offhand>+11/+6</tohit_2weap_offhand>
				</range>
				<range>
					<distance>40 ft.</distance>
					<to_hit>+11/+6</to_hit>
					<damage>1d3+2</damage>
					<basehit>+11/+6</basehit>
					<tohit_offhand>+11/+6</tohit_offhand>
					<tohit_twohand>+11/+6</tohit_twohand>
					<tohit_2weap_heavy>+7/+2</tohit_2weap_heavy>
					<tohit_2weap_light>+9/+4</tohit_2weap_light>
					<tohit_2weap_offhand>+9/+4</tohit_2weap_offhand>
				</range>
				<range>
					<distance>50 ft.</distance>
					<to_hit>+9/+4</to_hit>
					<damage>1d3+2</damage>
					<basehit>+9/+4</basehit>
					<tohit_offhand>+9/+4</tohit_offhand>
					<tohit_twohand>+9/+4</tohit_twohand>
					<tohit_2weap_heavy>+5/+0</tohit_2weap_heavy>
					<tohit_2weap_light>+7/+2</tohit_2weap_light>
					<tohit_2weap_offhand>+7/+2</tohit_2weap_offhand>
				</range>
			</ranges>
		</weapon>
	<!-- End New Ranges Section -->
	<!--	Request to remove the Double Weapon Block OS-133		-->
		<weapon>
			<common>
				<name>
					<short>*Rapier +1 (Small)</short>
					<long>*Rapier +1 (Small)</long>
					<output>*Rapier +1 (Small)</output>
				</name>
				<category>Martial-Melee</category>
				<critical>
					<range>18-20</range>
					<multiplier>2</multiplier>
				</critical>
				<to_hit>
					<hit>+15/+10</hit>
					<magic_hit>+1</magic_hit>
					<total_hit>+15/+10</total_hit>
				</to_hit>
				<feat>
					<hit>+0</hit>
					<damage>+0</damage>
				</feat>
				<magic>
					<hit>+1</hit>
					<damage>+1</damage>
				</magic>
				<template>
					<hit>+0</hit>
					<damage>+0</damage>
				</template>
				<hand>Primary</hand>
				<num_attacks>2</num_attacks>
				<reach>5</reach>
				<reachunit> ft.</reachunit>
				<size>S</size>
					<special_properties></special_properties>
				<type>P</type>
				<weight>1</weight>
				<attacks>0</attacks>
				<heft>MEDIUM</heft>
				<range>0 ft.</range>
				<sizemod>+0</sizemod>
				<basehit>+17/+12</basehit>
				<misc>+0</misc>
				<damage>1d4+2</damage>
				<damagebonus>+2</damagebonus>
				<basedamagebonus>+0</basedamagebonus>
				<thdamagebonus>+2</thdamagebonus>
				<ohdamagebonus>+1</ohdamagebonus>
				<rateoffire></rateoffire>
				<islight>FALSE</islight>
				<sequence>2</sequence>
			</common>
			<melee>
				<invalidtext>
					<tohit>N/A</tohit>
					<damage>N/A</damage>
				</invalidtext>
				<hand>Primary</hand>
				<w1_h1_p>
					<!-- One weapon, 1 hand, primary hand -->
					<to_hit>+17/+12</to_hit>
					<damage>1d4+2</damage>
				</w1_h1_p>
				<w1_h1_o>
					<!-- One weapon, 1 handed, offhand -->
					<to_hit>+17/+12</to_hit>
					<damage>1d4+1</damage>
				</w1_h1_o>
				<w1_h2>
					<!-- One weapon, 2 handed -->
					<to_hit>+17/+12</to_hit>
					<damage>1d4+2</damage>
				</w1_h2>
				<w2_p_oh>
					<!-- Two weapons, this weapon in primary hand, other hand with heavy weapon -->
					<to_hit>+13/+8</to_hit>
					<damage>1d4+2</damage>
				</w2_p_oh>
				<w2_p_ol>
					<!-- Two weapons, this weapon in primary hand, other hand with light weapon -->
					<to_hit>+15/+10</to_hit>
					<damage>1d4+2</damage>
				</w2_p_ol>
				<w2_o>
					<!-- Two weapons, this weapon in off-hand -->
					<to_hit>+13/+8</to_hit>
					<damage>1d4+1</damage>
				</w2_o>
			</melee>
		</weapon>
		<weapon>
			<common>
				<name>
					<short>Oil</short>
					<long>Oil, 1 Pint Flask</long>
					<output>Oil</output>
				</name>
				<category>Non-Standard-Ranged</category>
				<critical>
					<range>20</range>
					<multiplier>2</multiplier>
				</critical>
				<to_hit>
					<hit>+14/+9</hit>
					<magic_hit>-2</magic_hit>
					<total_hit>+14/+9</total_hit>
				</to_hit>
				<feat>
					<hit>+0</hit>
					<damage>+0</damage>
				</feat>
				<magic>
					<hit>-2</hit>
					<damage>+0</damage>
				</magic>
				<template>
					<hit>+0</hit>
					<damage>+0</damage>
				</template>
				<hand>Not Carried</hand>
				<num_attacks>2</num_attacks>
				<reach>5</reach>
				<reachunit> ft.</reachunit>
				<size>M</size>
					<special_properties>splash weapon, full-round action to prepare, 50% chance to ignite</special_properties>
				<type>F</type>
				<weight>1</weight>
				<attacks>0</attacks>
				<heft>HEAVY</heft>
				<range>10 ft.</range>
				<sizemod>+0</sizemod>
				<basehit>+14/+9</basehit>
				<misc>+0</misc>
				<damage>1d6-1</damage>
				<damagebonus>-1</damagebonus>
				<basedamagebonus>+0</basedamagebonus>
				<thdamagebonus>-1</thdamagebonus>
				<ohdamagebonus>-1</ohdamagebonus>
				<rateoffire></rateoffire>
				<islight>FALSE</islight>
				<sequence>3</sequence>
			</common>
			<ranges>

				<rangetype>Thrown</rangetype>
				<range>
					<distance>10 ft.</distance>
					<to_hit>+14/+9</to_hit>
					<damage>1d6</damage>
					<basehit>+14/+9</basehit>
					<tohit_offhand>+14/+9</tohit_offhand>
					<tohit_twohand>+14/+9</tohit_twohand>
					<tohit_2weap_heavy>+10/+5</tohit_2weap_heavy>
					<tohit_2weap_light>+12/+7</tohit_2weap_light>
					<tohit_2weap_offhand>+10/+5</tohit_2weap_offhand>
				</range>
									<range>
					<distance>20 ft.</distance>
					<to_hit>+12/+7</to_hit>
					<damage>1d6</damage>
					<basehit>+12/+7</basehit>
					<tohit_offhand>+12/+7</tohit_offhand>
					<tohit_twohand>+12/+7</tohit_twohand>
					<tohit_2weap_heavy>+8/+3</tohit_2weap_heavy>
					<tohit_2weap_light>+10/+5</tohit_2weap_light>
					<tohit_2weap_offhand>+8/+3</tohit_2weap_offhand>
				</range>
									<range>
					<distance>30 ft.</distance>
					<to_hit>+10/+5</to_hit>
					<damage>1d6</damage>
					<basehit>+10/+5</basehit>
					<tohit_offhand>+10/+5</tohit_offhand>
					<tohit_twohand>+10/+5</tohit_twohand>
					<tohit_2weap_heavy>+6/+1</tohit_2weap_heavy>
					<tohit_2weap_light>+8/+3</tohit_2weap_light>
					<tohit_2weap_offhand>+6/+1</tohit_2weap_offhand>
				</range>
									<range>
					<distance>40 ft.</distance>
					<to_hit>+8/+3</to_hit>
					<damage>1d6</damage>
					<basehit>+8/+3</basehit>
					<tohit_offhand>+8/+3</tohit_offhand>
					<tohit_twohand>+8/+3</tohit_twohand>
					<tohit_2weap_heavy>+4/-1</tohit_2weap_heavy>
					<tohit_2weap_light>+6/+1</tohit_2weap_light>
					<tohit_2weap_offhand>+4/-1</tohit_2weap_offhand>
				</range>
									<range>
					<distance>50 ft.</distance>
					<to_hit>+6/+1</to_hit>
					<damage>1d6</damage>
					<basehit>+6/+1</basehit>
					<tohit_offhand>+6/+1</tohit_offhand>
					<tohit_twohand>+6/+1</tohit_twohand>
					<tohit_2weap_heavy>+2/-3</tohit_2weap_heavy>
					<tohit_2weap_light>+4/-1</tohit_2weap_light>
					<tohit_2weap_offhand>+2/-3</tohit_2weap_offhand>
				</range>
										<!-- Range -->
			</ranges>
		</weapon>

		<weapon>
			<common>
				<name>
					<short>Sling (Small)</short>
					<long>Sling (Small)</long>
					<output>Sling (Small)</output>
				</name>
				<category>Simple-Ranged</category>
				<critical>
					<range>20</range>
					<multiplier>2</multiplier>
				</critical>
				<to_hit>
					<hit>+16/+11</hit>
					<magic_hit>+0</magic_hit>
					<total_hit>+16/+11</total_hit>
				</to_hit>
				<feat>
					<hit>+0</hit>
					<damage>+0</damage>
				</feat>
				<magic>
					<hit>+0</hit>
					<damage>+1</damage>
				</magic>
				<template>
					<hit>+0</hit>
					<damage>+0</damage>
				</template>
				<hand>Carried</hand>
				<num_attacks>2</num_attacks>
				<reach>5</reach>
				<reachunit> ft.</reachunit>
				<size>S</size>
					<special_properties></special_properties>
				<type>B</type>
				<weight>0</weight>
				<attacks>0</attacks>
				<heft>MEDIUM</heft>
				<range>50 ft.</range>
				<sizemod>+0</sizemod>
				<basehit>+16/+11</basehit>
				<misc>+0</misc>
				<damage>1d3+1</damage>
				<damagebonus>+1</damagebonus>
				<basedamagebonus>+0</basedamagebonus>
				<thdamagebonus>+1</thdamagebonus>
				<ohdamagebonus>+1</ohdamagebonus>
				<rateoffire></rateoffire>
				<islight>FALSE</islight>
				<sequence>4</sequence>
			</common>
			<ranges>
				<rangetype>Ranged</rangetype><!-- ranged second -->
				<range>
					<distance>30 ft.</distance>
					<to_hit>+16/+11</to_hit>
					<damage>1d3+1</damage>
					<basehit>+16/+11</basehit>
					<tohit_offhand>+16/+11</tohit_offhand>
					<tohit_twohand>+16/+11</tohit_twohand>
					<tohit_2weap_heavy>+12/+7</tohit_2weap_heavy>
					<tohit_2weap_light>+14/+9</tohit_2weap_light>
					<tohit_2weap_offhand>+12/+7</tohit_2weap_offhand>
				</range>
				<range>
					<distance>50 ft.</distance>
					<to_hit>+16/+11</to_hit>
					<damage>1d3+1</damage>
					<basehit>+16/+11</basehit>
					<tohit_offhand>+16/+11</tohit_offhand>
					<tohit_twohand>+16/+11</tohit_twohand>
					<tohit_2weap_heavy>+12/+7</tohit_2weap_heavy>
					<tohit_2weap_light>+14/+9</tohit_2weap_light>
					<tohit_2weap_offhand>+12/+7</tohit_2weap_offhand>
				</range>
				<range>
					<distance>100 ft.</distance>
					<to_hit>+14/+9</to_hit>
					<damage>1d3+1</damage>
					<basehit>+14/+9</basehit>
					<tohit_offhand>+14/+9</tohit_offhand>
					<tohit_twohand>+14/+9</tohit_twohand>
					<tohit_2weap_heavy>+10/+5</tohit_2weap_heavy>
					<tohit_2weap_light>+12/+7</tohit_2weap_light>
					<tohit_2weap_offhand>+10/+5</tohit_2weap_offhand>
				</range>
				<range>
					<distance>150 ft.</distance>
					<to_hit>+12/+7</to_hit>
					<damage>1d3+1</damage>
					<basehit>+12/+7</basehit>
					<tohit_offhand>+12/+7</tohit_offhand>
					<tohit_twohand>+12/+7</tohit_twohand>
					<tohit_2weap_heavy>+8/+3</tohit_2weap_heavy>
					<tohit_2weap_light>+10/+5</tohit_2weap_light>
					<tohit_2weap_offhand>+8/+3</tohit_2weap_offhand>
				</range>
				<range>
					<distance>200 ft.</distance>
					<to_hit>+10/+5</to_hit>
					<damage>1d3+1</damage>
					<basehit>+10/+5</basehit>
					<tohit_offhand>+10/+5</tohit_offhand>
					<tohit_twohand>+10/+5</tohit_twohand>
					<tohit_2weap_heavy>+6/+1</tohit_2weap_heavy>
					<tohit_2weap_light>+8/+3</tohit_2weap_light>
					<tohit_2weap_offhand>+6/+1</tohit_2weap_offhand>
				</range>
				<range>
					<distance>250 ft.</distance>
					<to_hit>+8/+3</to_hit>
					<damage>1d3+1</damage>
					<basehit>+8/+3</basehit>
					<tohit_offhand>+8/+3</tohit_offhand>
					<tohit_twohand>+8/+3</tohit_twohand>
					<tohit_2weap_heavy>+4/-1</tohit_2weap_heavy>
					<tohit_2weap_light>+6/+1</tohit_2weap_light>
					<tohit_2weap_offhand>+4/-1</tohit_2weap_offhand>
				</range>
				<range>
					<distance>300 ft.</distance>
					<to_hit>+6/+1</to_hit>
					<damage>1d3+1</damage>
					<basehit>+6/+1</basehit>
					<tohit_offhand>+6/+1</tohit_offhand>
					<tohit_twohand>+6/+1</tohit_twohand>
					<tohit_2weap_heavy>+2/-3</tohit_2weap_heavy>
					<tohit_2weap_light>+4/-1</tohit_2weap_light>
					<tohit_2weap_offhand>+2/-3</tohit_2weap_offhand>
				</range>
				<range>
					<distance>350 ft.</distance>
					<to_hit>+4/-1</to_hit>
					<damage>1d3+1</damage>
					<basehit>+4/-1</basehit>
					<tohit_offhand>+4/-1</tohit_offhand>
					<tohit_twohand>+4/-1</tohit_twohand>
					<tohit_2weap_heavy>+0/-5</tohit_2weap_heavy>
					<tohit_2weap_light>+2/-3</tohit_2weap_light>
					<tohit_2weap_offhand>+0/-5</tohit_2weap_offhand>
				</range>
				<range>
					<distance>400 ft.</distance>
					<to_hit>+2/-3</to_hit>
					<damage>1d3+1</damage>
					<basehit>+2/-3</basehit>
					<tohit_offhand>+2/-3</tohit_offhand>
					<tohit_twohand>+2/-3</tohit_twohand>
					<tohit_2weap_heavy>-2/-7</tohit_2weap_heavy>
					<tohit_2weap_light>+0/-5</tohit_2weap_light>
					<tohit_2weap_offhand>-2/-7</tohit_2weap_offhand>
				</range>
				<range>
					<distance>450 ft.</distance>
					<to_hit>+0/-5</to_hit>
					<damage>1d3+1</damage>
					<basehit>+0/-5</basehit>
					<tohit_offhand>+0/-5</tohit_offhand>
					<tohit_twohand>+0/-5</tohit_twohand>
					<tohit_2weap_heavy>-4/-9</tohit_2weap_heavy>
					<tohit_2weap_light>-2/-7</tohit_2weap_light>
					<tohit_2weap_offhand>-4/-9</tohit_2weap_offhand>
				</range>
				<range>
					<distance>500 ft.</distance>
					<to_hit>-2/-7</to_hit>
					<damage>1d3+1</damage>
					<basehit>-2/-7</basehit>
					<tohit_offhand>-2/-7</tohit_offhand>
					<tohit_twohand>-2/-7</tohit_twohand>
					<tohit_2weap_heavy>-6/-11</tohit_2weap_heavy>
					<tohit_2weap_light>-4/-9</tohit_2weap_light>
					<tohit_2weap_offhand>-6/-11</tohit_2weap_offhand>
				</range>
			</ranges>
		</weapon>

	<!--	Request to remove the Double Weapon Block OS-133		-->
		<weapon>
			<common>
				<name>
					<short>Masterwork Sap (Small)</short>
					<long>Masterwork Sap (Small)</long>
					<output>Masterwork Sap (Small)</output>
				</name>
				<category>Martial-Melee</category>
				<critical>
					<range>20</range>
					<multiplier>2</multiplier>
				</critical>
				<to_hit>
					<hit>+17/+12</hit>
					<magic_hit>+1</magic_hit>
					<total_hit>+17/+12</total_hit>
				</to_hit>
				<feat>
					<hit>+0</hit>
					<damage>+0</damage>
				</feat>
				<magic>
					<hit>+1</hit>
					<damage>+0</damage>
				</magic>
				<template>
					<hit>+0</hit>
					<damage>+0</damage>
				</template>
				<hand>Carried</hand>
				<num_attacks>2</num_attacks>
				<reach>5</reach>
				<reachunit> ft.</reachunit>
				<size>S</size>
					<special_properties>nonlethal</special_properties>
				<type>B</type>
				<weight>1</weight>
				<attacks>0</attacks>
				<heft>MEDIUM</heft>
				<range>0 ft.</range>
				<sizemod>+0</sizemod>
				<basehit>+17/+12</basehit>
				<misc>+0</misc>
				<damage>1d4+1</damage>
				<damagebonus>+1</damagebonus>
				<basedamagebonus>+0</basedamagebonus>
				<thdamagebonus>+1</thdamagebonus>
				<ohdamagebonus>+0</ohdamagebonus>
				<rateoffire></rateoffire>
				<islight>TRUE</islight>
				<sequence>5</sequence>
			</common>
			<melee>
				<invalidtext>
					<tohit>N/A</tohit>
					<damage>N/A</damage>
				</invalidtext>
				<hand>Carried</hand>
				<w1_h1_p>
					<!-- One weapon, 1 hand, primary hand -->
					<to_hit>+17/+12</to_hit>
					<damage>1d4+1</damage>
				</w1_h1_p>
				<w1_h1_o>
					<!-- One weapon, 1 handed, offhand -->
					<to_hit>+17/+12</to_hit>
					<damage>1d4</damage>
				</w1_h1_o>
				<w1_h2>
					<!-- One weapon, 2 handed -->
					<to_hit>+17/+12</to_hit>
					<damage>1d4+1</damage>
				</w1_h2>
				<w2_p_oh>
					<!-- Two weapons, this weapon in primary hand, other hand with heavy weapon -->
					<to_hit>+13/+8</to_hit>
					<damage>1d4+1</damage>
				</w2_p_oh>
				<w2_p_ol>
					<!-- Two weapons, this weapon in primary hand, other hand with light weapon -->
					<to_hit>+15/+10</to_hit>
					<damage>1d4+1</damage>
				</w2_p_ol>
				<w2_o>
					<!-- Two weapons, this weapon in off-hand -->
					<to_hit>+15/+10</to_hit>
					<damage>1d4</damage>
				</w2_o>
			</melee>
		</weapon>

		<weapon>
			<common>
				<name>
					<short>Dagger (Small)</short>
					<long>Dagger (Small)</long>
					<output>Dagger (Small)</output>
				</name>
				<category>Simple-Both (Melee)</category>
				<critical>
					<range>19-20</range>
					<multiplier>2</multiplier>
				</critical>
				<to_hit>
					<hit>+16/+11</hit>
					<magic_hit>+0</magic_hit>
					<total_hit>+16/+11</total_hit>
				</to_hit>
				<feat>
					<hit>+0</hit>
					<damage>+0</damage>
				</feat>
				<magic>
					<hit>+0</hit>
					<damage>+0</damage>
				</magic>
				<template>
					<hit>+0</hit>
					<damage>+0</damage>
				</template>
				<hand>Not Carried</hand>
				<num_attacks>2</num_attacks>
				<reach>5</reach>
				<reachunit> ft.</reachunit>
				<size>S</size>
					<special_properties></special_properties>
				<type>PS</type>
				<weight>0</weight>
				<attacks>0</attacks>
				<heft>MEDIUM</heft>
				<range>0 ft.</range>
				<sizemod>+0</sizemod>
				<basehit>+16/+11</basehit>
				<misc>+0</misc>
				<damage>1d3+1</damage>
				<damagebonus>+1</damagebonus>
				<basedamagebonus>+0</basedamagebonus>
				<thdamagebonus>+1</thdamagebonus>
				<ohdamagebonus>+0</ohdamagebonus>
				<rateoffire></rateoffire>
				<islight>TRUE</islight>
				<sequence>6</sequence>
			</common>
			<melee>
				<invalidtext>
					<tohit>N/A</tohit>
					<damage>N/A</damage>
				</invalidtext>
				<hand>Not Carried</hand>
				<w1_h1_p>
					<!-- One weapon, 1 hand, primary hand -->
					<to_hit>+16/+11</to_hit>
					<damage>1d3+1</damage>
				</w1_h1_p>
				<w1_h1_o>
					<!-- One weapon, 1 handed, offhand -->
					<to_hit>+16/+11</to_hit>
					<damage>1d3</damage>
				</w1_h1_o>
				<w1_h2>
					<!-- One weapon, 2 handed -->
					<to_hit>+16/+11</to_hit>
					<damage>1d3+1</damage>
				</w1_h2>
				<w2_p_oh>
					<!-- Two weapons, this weapon in primary hand, other hand with heavy weapon -->
					<to_hit>+12/+7</to_hit>
					<damage>1d3+1</damage>
				</w2_p_oh>
				<w2_p_ol>
					<!-- Two weapons, this weapon in primary hand, other hand with light weapon -->
					<to_hit>+14/+9</to_hit>
					<damage>1d3+1</damage>
				</w2_p_ol>
				<w2_o>
					<!-- Two weapons, this weapon in off-hand -->
					<to_hit>+14/+9</to_hit>
					<damage>1d3</damage>
				</w2_o>
			</melee>
	<!-- End New Ranges Section -->

			<ranges>
				<rangetype>Thrown</rangetype>
				<range>
					<distance>10 ft.</distance>
					<to_hit>+16/+11</to_hit>
					<damage>1d3+1</damage>
					<basehit>+16/+11</basehit>
					<tohit_offhand>+16/+11</tohit_offhand>
					<tohit_twohand>+16/+11</tohit_twohand>
					<tohit_2weap_heavy>+12/+7</tohit_2weap_heavy>
					<tohit_2weap_light>+14/+9</tohit_2weap_light>
					<tohit_2weap_offhand>+14/+9</tohit_2weap_offhand>
				</range>
				<range>
					<distance>20 ft.</distance>
					<to_hit>+14/+9</to_hit>
					<damage>1d3+1</damage>
					<basehit>+14/+9</basehit>
					<tohit_offhand>+14/+9</tohit_offhand>
					<tohit_twohand>+14/+9</tohit_twohand>
					<tohit_2weap_heavy>+10/+5</tohit_2weap_heavy>
					<tohit_2weap_light>+12/+7</tohit_2weap_light>
					<tohit_2weap_offhand>+12/+7</tohit_2weap_offhand>
				</range>
				<range>
					<distance>30 ft.</distance>
					<to_hit>+12/+7</to_hit>
					<damage>1d3+1</damage>
					<basehit>+12/+7</basehit>
					<tohit_offhand>+12/+7</tohit_offhand>
					<tohit_twohand>+12/+7</tohit_twohand>
					<tohit_2weap_heavy>+8/+3</tohit_2weap_heavy>
					<tohit_2weap_light>+10/+5</tohit_2weap_light>
					<tohit_2weap_offhand>+10/+5</tohit_2weap_offhand>
				</range>
				<range>
					<distance>40 ft.</distance>
					<to_hit>+10/+5</to_hit>
					<damage>1d3+1</damage>
					<basehit>+10/+5</basehit>
					<tohit_offhand>+10/+5</tohit_offhand>
					<tohit_twohand>+10/+5</tohit_twohand>
					<tohit_2weap_heavy>+6/+1</tohit_2weap_heavy>
					<tohit_2weap_light>+8/+3</tohit_2weap_light>
					<tohit_2weap_offhand>+8/+3</tohit_2weap_offhand>
				</range>
				<range>
					<distance>50 ft.</distance>
					<to_hit>+8/+3</to_hit>
					<damage>1d3+1</damage>
					<basehit>+8/+3</basehit>
					<tohit_offhand>+8/+3</tohit_offhand>
					<tohit_twohand>+8/+3</tohit_twohand>
					<tohit_2weap_heavy>+4/-1</tohit_2weap_heavy>
					<tohit_2weap_light>+6/+1</tohit_2weap_light>
					<tohit_2weap_offhand>+6/+1</tohit_2weap_offhand>
				</range>
			</ranges>
		</weapon>
	<!-- End New Ranges Section -->
	<!--	Request to remove the Double Weapon Block OS-133		-->
		<weapon>
			<common>
				<name>
					<short>Masterwork Morningstar (Small/Alchemical Silver)</short>
					<long>Masterwork Morningstar (Small/Alchemical Silver)</long>
					<output>Masterwork Morningstar (Small/Alchemical Silver)</output>
				</name>
				<category>Simple-Melee</category>
				<critical>
					<range>20</range>
					<multiplier>2</multiplier>
				</critical>
				<to_hit>
					<hit>+12/+7</hit>
					<magic_hit>+1</magic_hit>
					<total_hit>+12/+7</total_hit>
				</to_hit>
				<feat>
					<hit>+0</hit>
					<damage>+0</damage>
				</feat>
				<magic>
					<hit>+1</hit>
					<damage>-1</damage>
				</magic>
				<template>
					<hit>+0</hit>
					<damage>+0</damage>
				</template>
				<hand>Not Carried</hand>
				<num_attacks>2</num_attacks>
				<reach>5</reach>
				<reachunit> ft.</reachunit>
				<size>S</size>
					<special_properties>silver</special_properties>
				<type>BP</type>
				<weight>3</weight>
				<attacks>0</attacks>
				<heft>MEDIUM</heft>
				<range>0 ft.</range>
				<sizemod>+0</sizemod>
				<basehit>+12/+7</basehit>
				<misc>+0</misc>
				<damage>1d6</damage>
				<damagebonus>+0</damagebonus>
				<basedamagebonus>+0</basedamagebonus>
				<thdamagebonus>+0</thdamagebonus>
				<ohdamagebonus>-1</ohdamagebonus>
				<rateoffire></rateoffire>
				<islight>FALSE</islight>
				<sequence>8</sequence>
			</common>
			<melee>
				<invalidtext>
					<tohit>N/A</tohit>
					<damage>N/A</damage>
				</invalidtext>
				<hand>Not Carried</hand>
				<w1_h1_p>
					<!-- One weapon, 1 hand, primary hand -->
					<to_hit>+12/+7</to_hit>
					<damage>1d6</damage>
				</w1_h1_p>
				<w1_h1_o>
					<!-- One weapon, 1 handed, offhand -->
					<to_hit>+12/+7</to_hit>
					<damage>1d6-1</damage>
				</w1_h1_o>
				<w1_h2>
					<!-- One weapon, 2 handed -->
					<to_hit>+12/+7</to_hit>
					<damage>1d6</damage>
				</w1_h2>
				<w2_p_oh>
					<!-- Two weapons, this weapon in primary hand, other hand with heavy weapon -->
					<to_hit>+8/+3</to_hit>
					<damage>1d6</damage>
				</w2_p_oh>
				<w2_p_ol>
					<!-- Two weapons, this weapon in primary hand, other hand with light weapon -->
					<to_hit>+10/+5</to_hit>
					<damage>1d6</damage>
				</w2_p_ol>
				<w2_o>
					<!-- Two weapons, this weapon in off-hand -->
					<to_hit>+8/+3</to_hit>
					<damage>1d6-1</damage>
				</w2_o>
			</melee>
		</weapon>
	<!--	Request to remove the Double Weapon Block OS-133		-->
		<weapon>
			<common>
				<name>
					<short>Masterwork Rapier (Small/Cold Iron)</short>
					<long>Masterwork Rapier (Small/Cold Iron)</long>
					<output>Masterwork Rapier (Small/Cold Iron)</output>
				</name>
				<category>Martial-Melee</category>
				<critical>
					<range>18-20</range>
					<multiplier>2</multiplier>
				</critical>
				<to_hit>
					<hit>+17/+12</hit>
					<magic_hit>+1</magic_hit>
					<total_hit>+17/+12</total_hit>
				</to_hit>
				<feat>
					<hit>+0</hit>
					<damage>+0</damage>
				</feat>
				<magic>
					<hit>+1</hit>
					<damage>+0</damage>
				</magic>
				<template>
					<hit>+0</hit>
					<damage>+0</damage>
				</template>
				<hand>Not Carried</hand>
				<num_attacks>2</num_attacks>
				<reach>5</reach>
				<reachunit> ft.</reachunit>
				<size>S</size>
					<special_properties>cold iron</special_properties>
				<type>P</type>
				<weight>1</weight>
				<attacks>0</attacks>
				<heft>MEDIUM</heft>
				<range>0 ft.</range>
				<sizemod>+0</sizemod>
				<basehit>+17/+12</basehit>
				<misc>+0</misc>
				<damage>1d4+1</damage>
				<damagebonus>+1</damagebonus>
				<basedamagebonus>+0</basedamagebonus>
				<thdamagebonus>+1</thdamagebonus>
				<ohdamagebonus>+0</ohdamagebonus>
				<rateoffire></rateoffire>
				<islight>FALSE</islight>
				<sequence>9</sequence>
			</common>
			<melee>
				<invalidtext>
					<tohit>N/A</tohit>
					<damage>N/A</damage>
				</invalidtext>
				<hand>Not Carried</hand>
				<w1_h1_p>
					<!-- One weapon, 1 hand, primary hand -->
					<to_hit>+17/+12</to_hit>
					<damage>1d4+1</damage>
				</w1_h1_p>
				<w1_h1_o>
					<!-- One weapon, 1 handed, offhand -->
					<to_hit>+17/+12</to_hit>
					<damage>1d4</damage>
				</w1_h1_o>
				<w1_h2>
					<!-- One weapon, 2 handed -->
					<to_hit>+17/+12</to_hit>
					<damage>1d4+1</damage>
				</w1_h2>
				<w2_p_oh>
					<!-- Two weapons, this weapon in primary hand, other hand with heavy weapon -->
					<to_hit>+13/+8</to_hit>
					<damage>1d4+1</damage>
				</w2_p_oh>
				<w2_p_ol>
					<!-- Two weapons, this weapon in primary hand, other hand with light weapon -->
					<to_hit>+15/+10</to_hit>
					<damage>1d4+1</damage>
				</w2_p_ol>
				<w2_o>
					<!-- Two weapons, this weapon in off-hand -->
					<to_hit>+13/+8</to_hit>
					<damage>1d4</damage>
				</w2_o>
			</melee>
		</weapon>
	</weapons>
	<!--
	  ====================================
	  ====================================
			ARMOR
	  ====================================
	  ====================================-->
	<protection>
		<armor>
			<name>*Chain Shirt +1 (Small/Mithral)</name>
			<acbonus>+5</acbonus>
			<accheck>+0</accheck>
			<baseac>+4</baseac>
			<edr>+0</edr>
			<maxdex>+6</maxdex>
			<move></move>
			<spellfail>10</spellfail>
			<special_properties>mithral</special_properties>
			<totalac>+5</totalac>
			<type>Light</type>
			<wt>6.25</wt>
			<fulltype>MAGIC.ARMOR.LIGHT.ARMORPROFLIGHT.SUIT.CUSTOM.METAL.MITHRAL.MASTERWORK.ARMORENHANCEMENT.PLUS1</fulltype>
			<location>Equipped</location>
		</armor>
		<item>
			<name>*Amulet of Natural Armor +2</name>
			<acbonus>+2</acbonus>
			<accheck>+0</accheck>
			<baseac>+2</baseac>
			<edr>+0</edr>
			<maxdex></maxdex>
			<move></move>
			<spellfail>0</spellfail>
			<special_properties></special_properties>
			<totalac>+2</totalac>
			<type></type>
			<wt>0</wt>
		</item>
		<item>
			<name>*Ring of Protection +2</name>
			<acbonus>+2</acbonus>
			<accheck>+0</accheck>
			<baseac>+2</baseac>
			<edr>+0</edr>
			<maxdex></maxdex>
			<move></move>
			<spellfail>0</spellfail>
			<special_properties></special_properties>
			<totalac>+2</totalac>
			<type></type>
			<wt>0</wt>
		</item>
	</protection>
	<!--
	  ====================================
	  ====================================
			CLASS-DEPENDANT FEATURES
	  ====================================
	  ====================================-->
	<class_features>
		<!-- D&D 3.0 -->
		<!-- D&D 3.5 -->
	<!-- Bard -->




	<!-- Pathfinder -->
		<!-- Character Rage -->
		<!-- Character Rage -->

	<!-- Turning ability -->


	<!-- Eclipse Channeling -->

	<!-- Channel Energy -->

	<!-- 3.0 stunning fist -->

	<!-- 3.0 stunning fist -->

	<!-- 3.5 stunning fist -->

	<!-- 3.0 wholeness of body -->

	<!-- 3.5 wholeness of body -->

			<!-- Psionics -->

		
		


	</class_features>

	<!-- Abilites with check lists - master/child abilities -->
	<checklists>
	</checklists>

	<!-- Proficiency lists -->
	<proficiency_specials>
	</proficiency_specials>

	<!--
	  ====================================
	  ====================================
			EQUIPMENT
	  ====================================
	  ====================================-->
	<equipment>
		<item>
			<longname>Amulet of Natural Armor +2</longname>
			<id></id>
			<name>Amulet of Natural Armor +2</name>
			<carried>1.0</carried>
			<charges></charges>
			<charges_used></charges_used>
			<contents></contents>
			<contents_num>0</contents_num>
			<content_weight>0</content_weight>
			<cost>8000</cost>
			<equipped>Y</equipped>
			<location>Equipped</location>
			<locationId></locationId>
			<maxcharges>0</maxcharges>
			<note></note>
			<quantity>1</quantity>
			<checkbox>1</checkbox>
			<size>
				<long>Medium</long>
				<short>M</short>
			</size>
			<special_properties></special_properties>
			<type>MAGIC.WONDROUS.NECK.AMULET</type>
			<weight>0</weight>
			<total_wt>0</total_wt>
			<total_weight>0</total_weight>
			<bonuslist></bonuslist>
			<acmod>2</acmod>
			<maxdex>100</maxdex>
			<accheck>0</accheck>
			<edr>0</edr>
			<move></move>
			<spell_failure>0</spell_failure>
			<damage></damage>
			<damage_alt></damage_alt>
			<crit_range></crit_range>
			<crit_mult></crit_mult>
			<crit_range_alt></crit_range_alt>
			<crit_mult_alt></crit_mult_alt>
			<range>0 ft.</range>
			<attacks>0.0</attacks>
			<prof></prof>
			<source>Paizo Inc. - Core Rulebook, p.500</source>
			<quality>Aura: faint transmutation, Caster Level: 5th, Construction Cost: 4,000 gp, Construction Requirements: Craft Wondrous Item, barkskin, creator&#39;s caster level must be at least three times the amulet&#39;s bonus, Slot: neck</quality>
		</item>
		<item>
			<longname>Headband of Vast Intelligence +2 ( Maximize Knowledge SkillKnowledge (Geography))</longname>
			<id></id>
			<name>Headband of Vast Intelligence +2 ( Maximize Knowledge SkillKnowledge (Geography))</name>
			<carried>1.0</carried>
			<charges></charges>
			<charges_used></charges_used>
			<contents></contents>
			<contents_num>0</contents_num>
			<content_weight>0</content_weight>
			<cost>4000</cost>
			<equipped>Y</equipped>
			<location>Equipped</location>
			<locationId></locationId>
			<maxcharges>0</maxcharges>
			<note></note>
			<quantity>1</quantity>
			<checkbox>1</checkbox>
			<size>
				<long>Medium</long>
				<short>M</short>
			</size>
			<special_properties>Grants maximum skill ranks in Knowledge (Geography)</special_properties>
			<type>MAGIC.WONDROUS.HEADBAND.INTELLIGENCE.CUSTOM</type>
			<weight>1</weight>
			<total_wt>1</total_wt>
			<total_weight>1</total_weight>
			<bonuslist></bonuslist>
			<acmod>0</acmod>
			<maxdex>100</maxdex>
			<accheck>0</accheck>
			<edr>0</edr>
			<move></move>
			<spell_failure>0</spell_failure>
			<damage></damage>
			<damage_alt></damage_alt>
			<crit_range></crit_range>
			<crit_mult></crit_mult>
			<crit_range_alt></crit_range_alt>
			<crit_mult_alt></crit_mult_alt>
			<range>0 ft.</range>
			<attacks>0.0</attacks>
			<prof></prof>
			<source>Custom - Paizo Inc. - Core Rulebook, p.517</source>
			<quality>Aura: moderate transmutation, Caster Level: 8th, Construction Cost: 2,000 gp, Construction Requirements: Craft Wondrous Item, fox&#39;s cunning, Slot: headband</quality>
		</item>
		<item>
			<longname>Dagger +1 (Small)</longname>
			<id></id>
			<name>Dagger +1 (Small)</name>
			<carried>1.0</carried>
			<charges></charges>
			<charges_used></charges_used>
			<contents></contents>
			<contents_num>0</contents_num>
			<content_weight>0</content_weight>
			<cost>2302</cost>
			<equipped>Y</equipped>
			<location>Equipped</location>
			<locationId></locationId>
			<maxcharges>0</maxcharges>
			<note></note>
			<quantity>1</quantity>
			<checkbox>1</checkbox>
			<size>
				<long>Small</long>
				<short>S</short>
			</size>
			<special_properties></special_properties>
			<type>MAGIC.WEAPON.RESIZABLE.MELEE.SIMPLE.LIGHT.FINESSEABLE.RANGED.THROWN.PIERCING.SLASHING.DAGGER.BLADELIGHT.WEAPON GROUP BLADES LIGHT.WEAPON GROUP THROWN.CUSTOM.METAL.MASTERWORK.WEAPONENHANCEMENT.PLUS1</type>
			<weight>0.5</weight>
			<total_wt>0.5</total_wt>
			<total_weight>0.5</total_weight>
			<bonuslist></bonuslist>
			<acmod>0</acmod>
			<maxdex>100</maxdex>
			<accheck>0</accheck>
			<edr>0</edr>
			<move></move>
			<spell_failure>0</spell_failure>
			<damage>1d3</damage>
			<damage_alt></damage_alt>
			<crit_range>2</crit_range>
			<crit_mult>x2</crit_mult>
			<crit_range_alt></crit_range_alt>
			<crit_mult_alt></crit_mult_alt>
			<range>10 ft.</range>
			<attacks>0.0</attacks>
			<prof>Dagger</prof>
			<source>Custom - Paizo Inc. - Core Rulebook, p.146</source>
			<quality></quality>
		</item>
		<item>
			<longname>Rapier +1 (Small)</longname>
			<id></id>
			<name>Rapier +1 (Small)</name>
			<carried>1.0</carried>
			<charges></charges>
			<charges_used></charges_used>
			<contents></contents>
			<contents_num>0</contents_num>
			<content_weight>0</content_weight>
			<cost>2320</cost>
			<equipped>Y</equipped>
			<location>Equipped</location>
			<locationId></locationId>
			<maxcharges>0</maxcharges>
			<note></note>
			<quantity>1</quantity>
			<checkbox>1</checkbox>
			<size>
				<long>Small</long>
				<short>S</short>
			</size>
			<special_properties></special_properties>
			<type>MAGIC.WEAPON.RESIZABLE.MELEE.MARTIAL.ONEHANDED.FINESSEABLE.PIERCING.MELEEPIERCING.SWORD.BLADELIGHT.WEAPON GROUP BLADES LIGHT.WEAPON GROUP MELEE ONEHANDED PIERCING.CUSTOM.METAL.MASTERWORK.WEAPONENHANCEMENT.PLUS1</type>
			<weight>1</weight>
			<total_wt>1</total_wt>
			<total_weight>1</total_weight>
			<bonuslist></bonuslist>
			<acmod>0</acmod>
			<maxdex>100</maxdex>
			<accheck>0</accheck>
			<edr>0</edr>
			<move></move>
			<spell_failure>0</spell_failure>
			<damage>1d4</damage>
			<damage_alt></damage_alt>
			<crit_range>3</crit_range>
			<crit_mult>x2</crit_mult>
			<crit_range_alt></crit_range_alt>
			<crit_mult_alt></crit_mult_alt>
			<range>0 ft.</range>
			<attacks>0.0</attacks>
			<prof>Rapier</prof>
			<source>Custom - Paizo Inc. - Core Rulebook, p.148</source>
			<quality></quality>
		</item>
		<item>
			<longname>Ring of Protection +2</longname>
			<id></id>
			<name>Ring of Protection +2</name>
			<carried>1.0</carried>
			<charges></charges>
			<charges_used></charges_used>
			<contents></contents>
			<contents_num>0</contents_num>
			<content_weight>0</content_weight>
			<cost>8000</cost>
			<equipped>Y</equipped>
			<location>Equipped</location>
			<locationId></locationId>
			<maxcharges>0</maxcharges>
			<note></note>
			<quantity>1</quantity>
			<checkbox>1</checkbox>
			<size>
				<long>Medium</long>
				<short>M</short>
			</size>
			<special_properties></special_properties>
			<type>MAGIC.RING</type>
			<weight>0</weight>
			<total_wt>0</total_wt>
			<total_weight>0</total_weight>
			<bonuslist></bonuslist>
			<acmod>2</acmod>
			<maxdex>100</maxdex>
			<accheck>0</accheck>
			<edr>0</edr>
			<move></move>
			<spell_failure>0</spell_failure>
			<damage></damage>
			<damage_alt></damage_alt>
			<crit_range></crit_range>
			<crit_mult></crit_mult>
			<crit_range_alt></crit_range_alt>
			<crit_mult_alt></crit_mult_alt>
			<range>0 ft.</range>
			<attacks>0.0</attacks>
			<prof></prof>
			<source>Paizo Inc. - Core Rulebook, p.481</source>
			<quality>Aura: faint abjuration, Caster Level: 5th, Construction Cost: 4,000 gp, Construction Requirements: Forge Ring, shield of faith, caster must be of a level at least three times the bonus of the ring, Slot: ring</quality>
		</item>
		<item>
			<longname>Ring of Swimming</longname>
			<id></id>
			<name>Ring of Swimming</name>
			<carried>1.0</carried>
			<charges></charges>
			<charges_used></charges_used>
			<contents></contents>
			<contents_num>0</contents_num>
			<content_weight>0</content_weight>
			<cost>2500</cost>
			<equipped>Y</equipped>
			<location>Equipped</location>
			<locationId></locationId>
			<maxcharges>0</maxcharges>
			<note></note>
			<quantity>1</quantity>
			<checkbox>1</checkbox>
			<size>
				<long>Medium</long>
				<short>M</short>
			</size>
			<special_properties></special_properties>
			<type>MAGIC.RING</type>
			<weight>0</weight>
			<total_wt>0</total_wt>
			<total_weight>0</total_weight>
			<bonuslist></bonuslist>
			<acmod>0</acmod>
			<maxdex>100</maxdex>
			<accheck>0</accheck>
			<edr>0</edr>
			<move></move>
			<spell_failure>0</spell_failure>
			<damage></damage>
			<damage_alt></damage_alt>
			<crit_range></crit_range>
			<crit_mult></crit_mult>
			<crit_range_alt></crit_range_alt>
			<crit_mult_alt></crit_mult_alt>
			<range>0 ft.</range>
			<attacks>0.0</attacks>
			<prof></prof>
			<source>Paizo Inc. - Core Rulebook, p.483</source>
			<quality>Aura: faint transmutation, Caster Level: 2nd, Construction Cost: 1,250 gp, Construction Requirements: Forge Ring, creator must have 5 ranks in the Swim skill, Slot: ring</quality>
		</item>
		<item>
			<longname>Belt of Incredible Dexterity +2</longname>
			<id></id>
			<name>Belt of Incredible Dexterity +2</name>
			<carried>1.0</carried>
			<charges></charges>
			<charges_used></charges_used>
			<contents></contents>
			<contents_num>0</contents_num>
			<content_weight>0</content_weight>
			<cost>4000</cost>
			<equipped>Y</equipped>
			<location>Equipped</location>
			<locationId></locationId>
			<maxcharges>0</maxcharges>
			<note></note>
			<quantity>1</quantity>
			<checkbox>1</checkbox>
			<size>
				<long>Medium</long>
				<short>M</short>
			</size>
			<special_properties></special_properties>
			<type>MAGIC.WONDROUS.BELT</type>
			<weight>1</weight>
			<total_wt>1</total_wt>
			<total_weight>1</total_weight>
			<bonuslist></bonuslist>
			<acmod>0</acmod>
			<maxdex>100</maxdex>
			<accheck>0</accheck>
			<edr>0</edr>
			<move></move>
			<spell_failure>0</spell_failure>
			<damage></damage>
			<damage_alt></damage_alt>
			<crit_range></crit_range>
			<crit_mult></crit_mult>
			<crit_range_alt></crit_range_alt>
			<crit_mult_alt></crit_mult_alt>
			<range>0 ft.</range>
			<attacks>0.0</attacks>
			<prof></prof>
			<source>Paizo Inc. - Core Rulebook, p.502</source>
			<quality>Aura: moderate transmutation, Caster Level: 8th, Construction Cost: 2,000 gp, Construction Requirements: Craft Wondrous Item, cat&#39;s grace, Slot: belt</quality>
		</item>
		<item>
			<longname>Chain Shirt +1 (Small/Mithral)</longname>
			<id></id>
			<name>Chain Shirt +1 (Small/Mithral)</name>
			<carried>1.0</carried>
			<charges></charges>
			<charges_used></charges_used>
			<contents></contents>
			<contents_num>0</contents_num>
			<content_weight>0</content_weight>
			<cost>2100</cost>
			<equipped>Y</equipped>
			<location>Equipped</location>
			<locationId></locationId>
			<maxcharges>0</maxcharges>
			<note></note>
			<quantity>1</quantity>
			<checkbox>1</checkbox>
			<size>
				<long>Small</long>
				<short>S</short>
			</size>
			<special_properties>mithral</special_properties>
			<type>MAGIC.ARMOR.LIGHT.ARMORPROFLIGHT.SUIT.CUSTOM.METAL.MITHRAL.MASTERWORK.ARMORENHANCEMENT.PLUS1</type>
			<weight>6.25</weight>
			<total_wt>6.25</total_wt>
			<total_weight>6.25</total_weight>
			<bonuslist></bonuslist>
			<acmod>5</acmod>
			<maxdex>6</maxdex>
			<accheck>0</accheck>
			<edr>0</edr>
			<move></move>
			<spell_failure>10</spell_failure>
			<damage></damage>
			<damage_alt></damage_alt>
			<crit_range></crit_range>
			<crit_mult></crit_mult>
			<crit_range_alt></crit_range_alt>
			<crit_mult_alt></crit_mult_alt>
			<range>0 ft.</range>
			<attacks>0.0</attacks>
			<prof>Chain Shirt</prof>
			<source>Custom - Paizo Inc. - Core Rulebook, p.150</source>
			<quality></quality>
		</item>
		<item>
			<longname>Cloak of Resistance +3</longname>
			<id></id>
			<name>Cloak of Resistance +3</name>
			<carried>1.0</carried>
			<charges></charges>
			<charges_used></charges_used>
			<contents></contents>
			<contents_num>0</contents_num>
			<content_weight>0</content_weight>
			<cost>9000</cost>
			<equipped>Y</equipped>
			<location>Equipped</location>
			<locationId></locationId>
			<maxcharges>0</maxcharges>
			<note></note>
			<quantity>1</quantity>
			<checkbox>1</checkbox>
			<size>
				<long>Medium</long>
				<short>M</short>
			</size>
			<special_properties></special_properties>
			<type>MAGIC.WONDROUS.SHOULDERS.CLOAK.CLOTH</type>
			<weight>1</weight>
			<total_wt>1</total_wt>
			<total_weight>1</total_weight>
			<bonuslist></bonuslist>
			<acmod>0</acmod>
			<maxdex>100</maxdex>
			<accheck>0</accheck>
			<edr>0</edr>
			<move></move>
			<spell_failure>0</spell_failure>
			<damage></damage>
			<damage_alt></damage_alt>
			<crit_range></crit_range>
			<crit_mult></crit_mult>
			<crit_range_alt></crit_range_alt>
			<crit_mult_alt></crit_mult_alt>
			<range>0 ft.</range>
			<attacks>0.0</attacks>
			<prof></prof>
			<source>Paizo Inc. - Core Rulebook, p.507</source>
			<quality>Aura: faint abjuration, Caster Level: 5th, Construction Cost: 4,500 gp, Construction Requirements: Craft Wondrous Item, resistance, creator&#39;s caster level must be at least three times the cloak&#39;s bonus, Slot: shoulders</quality>
		</item>
		<item>
			<longname>Outfit (Explorer&#39;s/Small)</longname>
			<id></id>
			<name>Outfit (Explorer&#39;s/Small)</name>
			<carried>1.0</carried>
			<charges></charges>
			<charges_used></charges_used>
			<contents></contents>
			<contents_num>0</contents_num>
			<content_weight>0</content_weight>
			<cost>0</cost>
			<equipped>Y</equipped>
			<location>Equipped</location>
			<locationId></locationId>
			<maxcharges>0</maxcharges>
			<note></note>
			<quantity>1</quantity>
			<checkbox>1</checkbox>
			<size>
				<long>Small</long>
				<short>S</short>
			</size>
			<special_properties></special_properties>
			<type>GOODS.CLOTHING.RESIZABLE.STARTING.CUSTOM</type>
			<weight>2</weight>
			<total_wt>2</total_wt>
			<total_weight>2</total_weight>
			<bonuslist></bonuslist>
			<acmod>0</acmod>
			<maxdex>100</maxdex>
			<accheck>0</accheck>
			<edr>0</edr>
			<move></move>
			<spell_failure>0</spell_failure>
			<damage></damage>
			<damage_alt></damage_alt>
			<crit_range></crit_range>
			<crit_mult></crit_mult>
			<crit_range_alt></crit_range_alt>
			<crit_mult_alt></crit_mult_alt>
			<range>0 ft.</range>
			<attacks>0.0</attacks>
			<prof></prof>
			<source>Custom - Paizo Inc. - Core Rulebook, p.161</source>
			<quality></quality>
		</item>
		<item>
			<longname>Boots of Elvenkind</longname>
			<id></id>
			<name>Boots of Elvenkind</name>
			<carried>1.0</carried>
			<charges></charges>
			<charges_used></charges_used>
			<contents></contents>
			<contents_num>0</contents_num>
			<content_weight>0</content_weight>
			<cost>2500</cost>
			<equipped>Y</equipped>
			<location>Equipped</location>
			<locationId></locationId>
			<maxcharges>0</maxcharges>
			<note></note>
			<quantity>1</quantity>
			<checkbox>1</checkbox>
			<size>
				<long>Medium</long>
				<short>M</short>
			</size>
			<special_properties></special_properties>
			<type>MAGIC.WONDROUS.FEET.BOOT</type>
			<weight>1</weight>
			<total_wt>1</total_wt>
			<total_weight>1</total_weight>
			<bonuslist></bonuslist>
			<acmod>0</acmod>
			<maxdex>100</maxdex>
			<accheck>0</accheck>
			<edr>0</edr>
			<move></move>
			<spell_failure>0</spell_failure>
			<damage></damage>
			<damage_alt></damage_alt>
			<crit_range></crit_range>
			<crit_mult></crit_mult>
			<crit_range_alt></crit_range_alt>
			<crit_mult_alt></crit_mult_alt>
			<range>0 ft.</range>
			<attacks>0.0</attacks>
			<prof></prof>
			<source>Paizo Inc. - Core Rulebook, p.504</source>
			<quality>Aura: faint transmutation, Caster Level: 5th, Construction Cost: 1,250 gp, Construction Requirements: Craft Wondrous Item, creator must be an elf, Slot: feet</quality>
		</item>
		<item>
			<longname>Bullets, Sling (10)</longname>
			<id></id>
			<name>10 Bullets</name>
			<carried>2.0</carried>
			<charges></charges>
			<charges_used></charges_used>
			<contents></contents>
			<contents_num>0</contents_num>
			<content_weight>0</content_weight>
			<cost>0.1</cost>
			<equipped>N</equipped>
			<location>Carried</location>
			<locationId></locationId>
			<maxcharges>0</maxcharges>
			<note></note>
			<quantity>2</quantity>
			<checkbox>20</checkbox>
			<size>
				<long>Medium</long>
				<short>M</short>
			</size>
			<special_properties></special_properties>
			<type>AMMUNITION.RESIZABLE.BULLET.STACK.METAL</type>
			<weight>5</weight>
			<total_wt>10</total_wt>
			<total_weight>5</total_weight>
			<bonuslist></bonuslist>
			<acmod>0</acmod>
			<maxdex>100</maxdex>
			<accheck>0</accheck>
			<edr>0</edr>
			<move></move>
			<spell_failure>0</spell_failure>
			<damage></damage>
			<damage_alt></damage_alt>
			<crit_range></crit_range>
			<crit_mult></crit_mult>
			<crit_range_alt></crit_range_alt>
			<crit_mult_alt></crit_mult_alt>
			<range>0 ft.</range>
			<attacks>0.0</attacks>
			<prof></prof>
			<source>Paizo Inc. - Core Rulebook, p.145</source>
			<quality></quality>
		</item>
		<item>
			<longname>Backpack (Masterwork) (Small)</longname>
			<id></id>
			<name>Backpack (Masterwork) (Small)</name>
			<carried>1.0</carried>
			<charges></charges>
			<charges_used></charges_used>
			<contents>9.5 lbs., 1 Map Case, 1 Flint and Steel, 2 Inkpen, 1 Bullseye Lantern, 1 Oil, 1 Potion of Cure Light Wounds, 1 Trail Ration, 1 Rope of Climbing, 1 Sealing Wax</contents>
			<contents_num>9</contents_num>
			<content_weight>9.5</content_weight>
			<cost>50</cost>
			<equipped>Y</equipped>
			<location>Equipped</location>
			<locationId></locationId>
			<maxcharges>0</maxcharges>
			<note></note>
			<quantity>1</quantity>
			<checkbox>1</checkbox>
			<size>
				<long>Small</long>
				<short>S</short>
			</size>
			<special_properties></special_properties>
			<type>GOODS.GENERAL.CONTAINER.RESIZABLE.CUSTOM</type>
			<weight>1</weight>
			<total_wt>1</total_wt>
			<total_weight>10.5</total_weight>
			<bonuslist></bonuslist>
			<acmod>0</acmod>
			<maxdex>100</maxdex>
			<accheck>0</accheck>
			<edr>0</edr>
			<move></move>
			<spell_failure>0</spell_failure>
			<damage></damage>
			<damage_alt></damage_alt>
			<crit_range></crit_range>
			<crit_mult></crit_mult>
			<crit_range_alt></crit_range_alt>
			<crit_mult_alt></crit_mult_alt>
			<range>0 ft.</range>
			<attacks>0.0</attacks>
			<prof></prof>
			<source>Custom - Paizo Inc. - Advanced Player&#39;s Guide, p.182</source>
			<quality></quality>
		</item>
		<item>
			<longname>Case, Map</longname>
			<id></id>
			<name>Map Case</name>
			<carried>1.0</carried>
			<charges></charges>
			<charges_used></charges_used>
			<contents>0 lbs., 1 Map of Inner Daggermark, 4 Parchment</contents>
			<contents_num>2</contents_num>
			<content_weight>0</content_weight>
			<cost>1</cost>
			<equipped>N</equipped>
			<location>Backpack (Masterwork) (Small)</location>
			<locationId></locationId>
			<maxcharges>0</maxcharges>
			<note></note>
			<quantity>1</quantity>
			<checkbox>1</checkbox>
			<size>
				<long>Medium</long>
				<short>M</short>
			</size>
			<special_properties></special_properties>
			<type>GOODS.CONTAINER.GENERAL</type>
			<weight>0.5</weight>
			<total_wt>0.5</total_wt>
			<total_weight>0.5</total_weight>
			<bonuslist></bonuslist>
			<acmod>0</acmod>
			<maxdex>100</maxdex>
			<accheck>0</accheck>
			<edr>0</edr>
			<move></move>
			<spell_failure>0</spell_failure>
			<damage></damage>
			<damage_alt></damage_alt>
			<crit_range></crit_range>
			<crit_mult></crit_mult>
			<crit_range_alt></crit_range_alt>
			<crit_mult_alt></crit_mult_alt>
			<range>0 ft.</range>
			<attacks>0.0</attacks>
			<prof></prof>
			<source>Paizo Inc. - Core Rulebook, p.158</source>
			<quality></quality>
		</item>
		<item>
			<longname>Map of Inner Daggermark</longname>
			<id></id>
			<name>Map of Inner Daggermark</name>
			<carried>1.0</carried>
			<charges></charges>
			<charges_used></charges_used>
			<contents></contents>
			<contents_num>0</contents_num>
			<content_weight>0</content_weight>
			<cost>0.2</cost>
			<equipped>N</equipped>
			<location>Map Case</location>
			<locationId></locationId>
			<maxcharges>0</maxcharges>
			<note></note>
			<quantity>1</quantity>
			<checkbox>1</checkbox>
			<size>
				<long>Medium</long>
				<short>M</short>
			</size>
			<special_properties>(Parchment (Sheet))</special_properties>
			<type>GOODS.GENERAL.WRITING.DOCUMENTS.CUSTOM</type>
			<weight>0</weight>
			<total_wt>0</total_wt>
			<total_weight>0</total_weight>
			<bonuslist></bonuslist>
			<acmod>0</acmod>
			<maxdex>100</maxdex>
			<accheck>0</accheck>
			<edr>0</edr>
			<move></move>
			<spell_failure>0</spell_failure>
			<damage></damage>
			<damage_alt></damage_alt>
			<crit_range></crit_range>
			<crit_mult></crit_mult>
			<crit_range_alt></crit_range_alt>
			<crit_mult_alt></crit_mult_alt>
			<range>0 ft.</range>
			<attacks>0.0</attacks>
			<prof></prof>
			<source>Custom - Paizo Inc. - Core Rulebook, p.158</source>
			<quality>Plural: Sheets of, Single: Sheet of</quality>
		</item>
		<item>
			<longname>Parchment (Sheet)</longname>
			<id></id>
			<name>Parchment</name>
			<carried>4.0</carried>
			<charges></charges>
			<charges_used></charges_used>
			<contents></contents>
			<contents_num>0</contents_num>
			<content_weight>0</content_weight>
			<cost>0.2</cost>
			<equipped>N</equipped>
			<location>Map Case</location>
			<locationId></locationId>
			<maxcharges>0</maxcharges>
			<note></note>
			<quantity>4</quantity>
			<checkbox>4</checkbox>
			<size>
				<long>Medium</long>
				<short>M</short>
			</size>
			<special_properties></special_properties>
			<type>GOODS.GENERAL.WRITING.DOCUMENTS</type>
			<weight>0</weight>
			<total_wt>0</total_wt>
			<total_weight>0</total_weight>
			<bonuslist></bonuslist>
			<acmod>0</acmod>
			<maxdex>100</maxdex>
			<accheck>0</accheck>
			<edr>0</edr>
			<move></move>
			<spell_failure>0</spell_failure>
			<damage></damage>
			<damage_alt></damage_alt>
			<crit_range></crit_range>
			<crit_mult></crit_mult>
			<crit_range_alt></crit_range_alt>
			<crit_mult_alt></crit_mult_alt>
			<range>0 ft.</range>
			<attacks>0.0</attacks>
			<prof></prof>
			<source>Paizo Inc. - Core Rulebook, p.158</source>
			<quality>Plural: Sheets of, Single: Sheet of</quality>
		</item>
		<item>
			<longname>Flint and Steel</longname>
			<id></id>
			<name>Flint and Steel</name>
			<carried>1.0</carried>
			<charges></charges>
			<charges_used></charges_used>
			<contents></contents>
			<contents_num>0</contents_num>
			<content_weight>0</content_weight>
			<cost>1</cost>
			<equipped>N</equipped>
			<location>Backpack (Masterwork) (Small)</location>
			<locationId></locationId>
			<maxcharges>0</maxcharges>
			<note></note>
			<quantity>1</quantity>
			<checkbox>1</checkbox>
			<size>
				<long>Medium</long>
				<short>M</short>
			</size>
			<special_properties></special_properties>
			<type>GOODS.GENERAL</type>
			<weight>0</weight>
			<total_wt>0</total_wt>
			<total_weight>0</total_weight>
			<bonuslist></bonuslist>
			<acmod>0</acmod>
			<maxdex>100</maxdex>
			<accheck>0</accheck>
			<edr>0</edr>
			<move></move>
			<spell_failure>0</spell_failure>
			<damage></damage>
			<damage_alt></damage_alt>
			<crit_range></crit_range>
			<crit_mult></crit_mult>
			<crit_range_alt></crit_range_alt>
			<crit_mult_alt></crit_mult_alt>
			<range>0 ft.</range>
			<attacks>0.0</attacks>
			<prof></prof>
			<source>Paizo Inc. - Core Rulebook, p.155</source>
			<quality>Plural: No</quality>
		</item>
		<item>
			<longname>Inkpen</longname>
			<id></id>
			<name>Inkpen</name>
			<carried>2.0</carried>
			<charges></charges>
			<charges_used></charges_used>
			<contents></contents>
			<contents_num>0</contents_num>
			<content_weight>0</content_weight>
			<cost>0.1</cost>
			<equipped>N</equipped>
			<location>Backpack (Masterwork) (Small)</location>
			<locationId></locationId>
			<maxcharges>0</maxcharges>
			<note></note>
			<quantity>2</quantity>
			<checkbox>2</checkbox>
			<size>
				<long>Medium</long>
				<short>M</short>
			</size>
			<special_properties></special_properties>
			<type>GOODS.GENERAL.WRITING</type>
			<weight>0</weight>
			<total_wt>0</total_wt>
			<total_weight>0</total_weight>
			<bonuslist></bonuslist>
			<acmod>0</acmod>
			<maxdex>100</maxdex>
			<accheck>0</accheck>
			<edr>0</edr>
			<move></move>
			<spell_failure>0</spell_failure>
			<damage></damage>
			<damage_alt></damage_alt>
			<crit_range></crit_range>
			<crit_mult></crit_mult>
			<crit_range_alt></crit_range_alt>
			<crit_mult_alt></crit_mult_alt>
			<range>0 ft.</range>
			<attacks>0.0</attacks>
			<prof></prof>
			<source>Paizo Inc. - Core Rulebook, p.158</source>
			<quality></quality>
		</item>
		<item>
			<longname>Lantern, Bullseye</longname>
			<id></id>
			<name>Bullseye Lantern</name>
			<carried>1.0</carried>
			<charges></charges>
			<charges_used></charges_used>
			<contents></contents>
			<contents_num>0</contents_num>
			<content_weight>0</content_weight>
			<cost>12</cost>
			<equipped>N</equipped>
			<location>Backpack (Masterwork) (Small)</location>
			<locationId></locationId>
			<maxcharges>0</maxcharges>
			<note></note>
			<quantity>1</quantity>
			<checkbox>1</checkbox>
			<size>
				<long>Medium</long>
				<short>M</short>
			</size>
			<special_properties></special_properties>
			<type>GOODS.GENERAL.LIGHT SOURCE</type>
			<weight>3</weight>
			<total_wt>3</total_wt>
			<total_weight>3</total_weight>
			<bonuslist></bonuslist>
			<acmod>0</acmod>
			<maxdex>100</maxdex>
			<accheck>0</accheck>
			<edr>0</edr>
			<move></move>
			<spell_failure>0</spell_failure>
			<damage></damage>
			<damage_alt></damage_alt>
			<crit_range></crit_range>
			<crit_mult></crit_mult>
			<crit_range_alt></crit_range_alt>
			<crit_mult_alt></crit_mult_alt>
			<range>0 ft.</range>
			<attacks>0.0</attacks>
			<prof></prof>
			<source>Paizo Inc. - Core Rulebook, p.156</source>
			<quality>Duration: 6 hr./pint, Increases light level by 1 step: 120 ft. cone, Normal Illumination: 60 ft. cone</quality>
		</item>
		<item>
			<longname>Oil, 1 Pint Flask</longname>
			<id></id>
			<name>Oil</name>
			<carried>1.0</carried>
			<charges></charges>
			<charges_used></charges_used>
			<contents></contents>
			<contents_num>0</contents_num>
			<content_weight>0</content_weight>
			<cost>0.1</cost>
			<equipped>N</equipped>
			<location>Backpack (Masterwork) (Small)</location>
			<locationId></locationId>
			<maxcharges>0</maxcharges>
			<note></note>
			<quantity>1</quantity>
			<checkbox>1</checkbox>
			<size>
				<long>Medium</long>
				<short>M</short>
			</size>
			<special_properties>splash weapon, full-round action to prepare, 50% chance to ignite</special_properties>
			<type>GOODS.GENERAL.LIQUID.FLASK.CONSUMABLE.WEAPON.RANGED.THROWN.FIRE.SPLASH</type>
			<weight>1</weight>
			<total_wt>1</total_wt>
			<total_weight>1</total_weight>
			<bonuslist></bonuslist>
			<acmod>0</acmod>
			<maxdex>100</maxdex>
			<accheck>0</accheck>
			<edr>0</edr>
			<move></move>
			<spell_failure>0</spell_failure>
			<damage>1d6</damage>
			<damage_alt></damage_alt>
			<crit_range>1</crit_range>
			<crit_mult>x2</crit_mult>
			<crit_range_alt></crit_range_alt>
			<crit_mult_alt></crit_mult_alt>
			<range>10 ft.</range>
			<attacks>0.0</attacks>
			<prof>Splash Weapon</prof>
			<source>Paizo Inc. - Core Rulebook, p.157</source>
			<quality>Plural: No</quality>
		</item>
		<item>
			<longname>Oil, 1 Pint Flask</longname>
			<id></id>
			<name>Oil</name>
			<carried>0.0</carried>
			<charges></charges>
			<charges_used></charges_used>
			<contents></contents>
			<contents_num>0</contents_num>
			<content_weight>0</content_weight>
			<cost>0.1</cost>
			<equipped>N</equipped>
			<location>Saddlebags</location>
			<locationId></locationId>
			<maxcharges>0</maxcharges>
			<note></note>
			<quantity>1</quantity>
			<checkbox>1</checkbox>
			<size>
				<long>Medium</long>
				<short>M</short>
			</size>
			<special_properties>splash weapon, full-round action to prepare, 50% chance to ignite</special_properties>
			<type>GOODS.GENERAL.LIQUID.FLASK.CONSUMABLE.WEAPON.RANGED.THROWN.FIRE.SPLASH</type>
			<weight>1</weight>
			<total_wt>1</total_wt>
			<total_weight>1</total_weight>
			<bonuslist></bonuslist>
			<acmod>0</acmod>
			<maxdex>100</maxdex>
			<accheck>0</accheck>
			<edr>0</edr>
			<move></move>
			<spell_failure>0</spell_failure>
			<damage>1d6</damage>
			<damage_alt></damage_alt>
			<crit_range>1</crit_range>
			<crit_mult>x2</crit_mult>
			<crit_range_alt></crit_range_alt>
			<crit_mult_alt></crit_mult_alt>
			<range>10 ft.</range>
			<attacks>0.0</attacks>
			<prof>Splash Weapon</prof>
			<source>Paizo Inc. - Core Rulebook, p.157</source>
			<quality>Plural: No</quality>
		</item>
		<item>
			<longname>Potion of Cure Light Wounds</longname>
			<id></id>
			<name>Potion of Cure Light Wounds</name>
			<carried>1.0</carried>
			<charges></charges>
			<charges_used></charges_used>
			<contents></contents>
			<contents_num>0</contents_num>
			<content_weight>0</content_weight>
			<cost>50</cost>
			<equipped>N</equipped>
			<location>Backpack (Masterwork) (Small)</location>
			<locationId></locationId>
			<maxcharges>0</maxcharges>
			<note></note>
			<quantity>1</quantity>
			<checkbox>1</checkbox>
			<size>
				<long>Medium</long>
				<short>M</short>
			</size>
			<special_properties>Cures 1d8+1 points of damage</special_properties>
			<type>MAGIC.POTION.CONSUMABLE.COMBAT GEAR.ENHANCEMENT</type>
			<weight>0</weight>
			<total_wt>0</total_wt>
			<total_weight>0</total_weight>
			<bonuslist></bonuslist>
			<acmod>0</acmod>
			<maxdex>100</maxdex>
			<accheck>0</accheck>
			<edr>0</edr>
			<move></move>
			<spell_failure>0</spell_failure>
			<damage></damage>
			<damage_alt></damage_alt>
			<crit_range></crit_range>
			<crit_mult></crit_mult>
			<crit_range_alt></crit_range_alt>
			<crit_mult_alt></crit_mult_alt>
			<range>0 ft.</range>
			<attacks>0.0</attacks>
			<prof></prof>
			<source>Paizo Inc. - Core Rulebook, p.477</source>
			<quality>Aura: faint conjuration (healing), Caster Level: 1st, Construction Cost: 25 gp, Construction Requirements: Brew Potion, cure light wounds, Slot: none</quality>
		</item>
		<item>
			<longname>Rations, Trail</longname>
			<id></id>
			<name>Trail Ration</name>
			<carried>1.0</carried>
			<charges></charges>
			<charges_used></charges_used>
			<contents></contents>
			<contents_num>0</contents_num>
			<content_weight>0</content_weight>
			<cost>0.5</cost>
			<equipped>N</equipped>
			<location>Backpack (Masterwork) (Small)</location>
			<locationId></locationId>
			<maxcharges>0</maxcharges>
			<note></note>
			<quantity>1</quantity>
			<checkbox>1</checkbox>
			<size>
				<long>Medium</long>
				<short>M</short>
			</size>
			<special_properties></special_properties>
			<type>GOODS.FOOD.RESIZABLE.CONSUMABLE</type>
			<weight>1</weight>
			<total_wt>1</total_wt>
			<total_weight>1</total_weight>
			<bonuslist></bonuslist>
			<acmod>0</acmod>
			<maxdex>100</maxdex>
			<accheck>0</accheck>
			<edr>0</edr>
			<move></move>
			<spell_failure>0</spell_failure>
			<damage></damage>
			<damage_alt></damage_alt>
			<crit_range></crit_range>
			<crit_mult></crit_mult>
			<crit_range_alt></crit_range_alt>
			<crit_mult_alt></crit_mult_alt>
			<range>0 ft.</range>
			<attacks>0.0</attacks>
			<prof></prof>
			<source>Paizo Inc. - Core Rulebook, p.158</source>
			<quality></quality>
		</item>
		<item>
			<longname>Rations, Trail</longname>
			<id></id>
			<name>Trail Ration</name>
			<carried>0.0</carried>
			<charges></charges>
			<charges_used></charges_used>
			<contents></contents>
			<contents_num>0</contents_num>
			<content_weight>0</content_weight>
			<cost>0.5</cost>
			<equipped>N</equipped>
			<location>Saddlebags</location>
			<locationId></locationId>
			<maxcharges>0</maxcharges>
			<note></note>
			<quantity>4</quantity>
			<checkbox>4</checkbox>
			<size>
				<long>Medium</long>
				<short>M</short>
			</size>
			<special_properties></special_properties>
			<type>GOODS.FOOD.RESIZABLE.CONSUMABLE</type>
			<weight>1</weight>
			<total_wt>4</total_wt>
			<total_weight>1</total_weight>
			<bonuslist></bonuslist>
			<acmod>0</acmod>
			<maxdex>100</maxdex>
			<accheck>0</accheck>
			<edr>0</edr>
			<move></move>
			<spell_failure>0</spell_failure>
			<damage></damage>
			<damage_alt></damage_alt>
			<crit_range></crit_range>
			<crit_mult></crit_mult>
			<crit_range_alt></crit_range_alt>
			<crit_mult_alt></crit_mult_alt>
			<range>0 ft.</range>
			<attacks>0.0</attacks>
			<prof></prof>
			<source>Paizo Inc. - Core Rulebook, p.158</source>
			<quality></quality>
		</item>
		<item>
			<longname>Rope of Climbing</longname>
			<id></id>
			<name>Rope of Climbing</name>
			<carried>1.0</carried>
			<charges></charges>
			<charges_used></charges_used>
			<contents></contents>
			<contents_num>0</contents_num>
			<content_weight>0</content_weight>
			<cost>3000</cost>
			<equipped>N</equipped>
			<location>Backpack (Masterwork) (Small)</location>
			<locationId></locationId>
			<maxcharges>0</maxcharges>
			<note></note>
			<quantity>1</quantity>
			<checkbox>1</checkbox>
			<size>
				<long>Medium</long>
				<short>M</short>
			</size>
			<special_properties></special_properties>
			<type>MAGIC.WONDROUS</type>
			<weight>3</weight>
			<total_wt>3</total_wt>
			<total_weight>3</total_weight>
			<bonuslist></bonuslist>
			<acmod>0</acmod>
			<maxdex>100</maxdex>
			<accheck>0</accheck>
			<edr>0</edr>
			<move></move>
			<spell_failure>0</spell_failure>
			<damage></damage>
			<damage_alt></damage_alt>
			<crit_range></crit_range>
			<crit_mult></crit_mult>
			<crit_range_alt></crit_range_alt>
			<crit_mult_alt></crit_mult_alt>
			<range>0 ft.</range>
			<attacks>0.0</attacks>
			<prof></prof>
			<source>Paizo Inc. - Core Rulebook, p.529</source>
			<quality>Aura: faint transmutation, Caster Level: 3rd, Construction Cost: 1,500 gp, Construction Requirements: Craft Wondrous Item, animate rope, Slot: none</quality>
		</item>
		<item>
			<longname>Sealing Wax</longname>
			<id></id>
			<name>Sealing Wax</name>
			<carried>1.0</carried>
			<charges></charges>
			<charges_used></charges_used>
			<contents></contents>
			<contents_num>0</contents_num>
			<content_weight>0</content_weight>
			<cost>1</cost>
			<equipped>N</equipped>
			<location>Backpack (Masterwork) (Small)</location>
			<locationId></locationId>
			<maxcharges>0</maxcharges>
			<note></note>
			<quantity>1</quantity>
			<checkbox>1</checkbox>
			<size>
				<long>Medium</long>
				<short>M</short>
			</size>
			<special_properties></special_properties>
			<type>GOODS.GENERAL.WRITING</type>
			<weight>1</weight>
			<total_wt>1</total_wt>
			<total_weight>1</total_weight>
			<bonuslist></bonuslist>
			<acmod>0</acmod>
			<maxdex>100</maxdex>
			<accheck>0</accheck>
			<edr>0</edr>
			<move></move>
			<spell_failure>0</spell_failure>
			<damage></damage>
			<damage_alt></damage_alt>
			<crit_range></crit_range>
			<crit_mult></crit_mult>
			<crit_range_alt></crit_range_alt>
			<crit_mult_alt></crit_mult_alt>
			<range>0 ft.</range>
			<attacks>0.0</attacks>
			<prof></prof>
			<source>Paizo Inc. - Core Rulebook, p.158</source>
			<quality>Plural: No</quality>
		</item>
		<item>
			<longname>Masterwork Thieves&#39; Tools</longname>
			<id></id>
			<name>Masterwork Thieves&#39; Tools</name>
			<carried>1.0</carried>
			<charges></charges>
			<charges_used></charges_used>
			<contents></contents>
			<contents_num>0</contents_num>
			<content_weight>0</content_weight>
			<cost>100</cost>
			<equipped>Y</equipped>
			<location>Equipped</location>
			<locationId></locationId>
			<maxcharges>0</maxcharges>
			<note></note>
			<quantity>1</quantity>
			<checkbox>1</checkbox>
			<size>
				<long>Medium</long>
				<short>M</short>
			</size>
			<special_properties></special_properties>
			<type>GOODS.TOOLS.THIEF.THIEFTOOLS.CUSTOM.MASTERWORK</type>
			<weight>1</weight>
			<total_wt>1</total_wt>
			<total_weight>1</total_weight>
			<bonuslist></bonuslist>
			<acmod>0</acmod>
			<maxdex>100</maxdex>
			<accheck>0</accheck>
			<edr>0</edr>
			<move></move>
			<spell_failure>0</spell_failure>
			<damage></damage>
			<damage_alt></damage_alt>
			<crit_range></crit_range>
			<crit_mult></crit_mult>
			<crit_range_alt></crit_range_alt>
			<crit_mult_alt></crit_mult_alt>
			<range>0 ft.</range>
			<attacks>0.0</attacks>
			<prof></prof>
			<source>Custom - Paizo Inc. - Core Rulebook, p.161</source>
			<quality>Plural: No</quality>
		</item>
		<item>
			<longname>Pouch, Belt</longname>
			<id></id>
			<name>Belt Pouch</name>
			<carried>1.0</carried>
			<charges></charges>
			<charges_used></charges_used>
			<contents>0.14 lbs., 1 Gold Piece, 6 Silver Piece</contents>
			<contents_num>2</contents_num>
			<content_weight>0.14</content_weight>
			<cost>1</cost>
			<equipped>Y</equipped>
			<location>Equipped</location>
			<locationId></locationId>
			<maxcharges>0</maxcharges>
			<note></note>
			<quantity>1</quantity>
			<checkbox>1</checkbox>
			<size>
				<long>Medium</long>
				<short>M</short>
			</size>
			<special_properties></special_properties>
			<type>GOODS.CONTAINER.GENERAL.RESIZABLE</type>
			<weight>0.5</weight>
			<total_wt>0.5</total_wt>
			<total_weight>0.64</total_weight>
			<bonuslist></bonuslist>
			<acmod>0</acmod>
			<maxdex>100</maxdex>
			<accheck>0</accheck>
			<edr>0</edr>
			<move></move>
			<spell_failure>0</spell_failure>
			<damage></damage>
			<damage_alt></damage_alt>
			<crit_range></crit_range>
			<crit_mult></crit_mult>
			<crit_range_alt></crit_range_alt>
			<crit_mult_alt></crit_mult_alt>
			<range>0 ft.</range>
			<attacks>0.0</attacks>
			<prof></prof>
			<source>Paizo Inc. - Core Rulebook, p.158</source>
			<quality></quality>
		</item>
		<item>
			<longname>Gold Piece</longname>
			<id></id>
			<name>Gold Piece</name>
			<carried>1.0</carried>
			<charges></charges>
			<charges_used></charges_used>
			<contents></contents>
			<contents_num>0</contents_num>
			<content_weight>0</content_weight>
			<cost>1</cost>
			<equipped>N</equipped>
			<location>Belt Pouch</location>
			<locationId></locationId>
			<maxcharges>0</maxcharges>
			<note></note>
			<quantity>1</quantity>
			<checkbox>1</checkbox>
			<size>
				<long>Medium</long>
				<short>M</short>
			</size>
			<special_properties></special_properties>
			<type>COIN</type>
			<weight>0.02</weight>
			<total_wt>0.02</total_wt>
			<total_weight>0.02</total_weight>
			<bonuslist></bonuslist>
			<acmod>0</acmod>
			<maxdex>100</maxdex>
			<accheck>0</accheck>
			<edr>0</edr>
			<move></move>
			<spell_failure>0</spell_failure>
			<damage></damage>
			<damage_alt></damage_alt>
			<crit_range></crit_range>
			<crit_mult></crit_mult>
			<crit_range_alt></crit_range_alt>
			<crit_mult_alt></crit_mult_alt>
			<range>0 ft.</range>
			<attacks>0.0</attacks>
			<prof></prof>
			<source>Paizo Inc. - Core Rulebook, p.140</source>
			<quality>Abbreviation: gp</quality>
		</item>
		<item>
			<longname>Silver Piece</longname>
			<id></id>
			<name>Silver Piece</name>
			<carried>6.0</carried>
			<charges></charges>
			<charges_used></charges_used>
			<contents></contents>
			<contents_num>0</contents_num>
			<content_weight>0</content_weight>
			<cost>0.1</cost>
			<equipped>N</equipped>
			<location>Belt Pouch</location>
			<locationId></locationId>
			<maxcharges>0</maxcharges>
			<note></note>
			<quantity>6</quantity>
			<checkbox>6</checkbox>
			<size>
				<long>Medium</long>
				<short>M</short>
			</size>
			<special_properties></special_properties>
			<type>COIN</type>
			<weight>0.02</weight>
			<total_wt>0.12</total_wt>
			<total_weight>0.02</total_weight>
			<bonuslist></bonuslist>
			<acmod>0</acmod>
			<maxdex>100</maxdex>
			<accheck>0</accheck>
			<edr>0</edr>
			<move></move>
			<spell_failure>0</spell_failure>
			<damage></damage>
			<damage_alt></damage_alt>
			<crit_range></crit_range>
			<crit_mult></crit_mult>
			<crit_range_alt></crit_range_alt>
			<crit_mult_alt></crit_mult_alt>
			<range>0 ft.</range>
			<attacks>0.0</attacks>
			<prof></prof>
			<source>Paizo Inc. - Core Rulebook, p.140</source>
			<quality>Abbreviation: sp</quality>
		</item>
		<item>
			<longname>Sling (Small)</longname>
			<id></id>
			<name>Sling (Small)</name>
			<carried>1.0</carried>
			<charges></charges>
			<charges_used></charges_used>
			<contents>0 lbs.</contents>
			<contents_num>0</contents_num>
			<content_weight>0</content_weight>
			<cost>0</cost>
			<equipped>N</equipped>
			<location>Carried</location>
			<locationId></locationId>
			<maxcharges>0</maxcharges>
			<note></note>
			<quantity>1</quantity>
			<checkbox>1</checkbox>
			<size>
				<long>Small</long>
				<short>S</short>
			</size>
			<special_properties></special_properties>
			<type>WEAPON.RESIZABLE.RANGED.SIMPLE.CONTAINER.PROJECTILE.BLUDGEONING.SLING.WEAPON GROUP THROWN.CUSTOM</type>
			<weight>0</weight>
			<total_wt>0</total_wt>
			<total_weight>0</total_weight>
			<bonuslist></bonuslist>
			<acmod>0</acmod>
			<maxdex>100</maxdex>
			<accheck>0</accheck>
			<edr>0</edr>
			<move></move>
			<spell_failure>0</spell_failure>
			<damage>1d3</damage>
			<damage_alt></damage_alt>
			<crit_range>1</crit_range>
			<crit_mult>x2</crit_mult>
			<crit_range_alt></crit_range_alt>
			<crit_mult_alt></crit_mult_alt>
			<range>50 ft.</range>
			<attacks>0.0</attacks>
			<prof>Sling</prof>
			<source>Custom - Paizo Inc. - Core Rulebook, p.148</source>
			<quality></quality>
		</item>
		<item>
			<longname>Masterwork Sap (Small)</longname>
			<id></id>
			<name>Masterwork Sap (Small)</name>
			<carried>1.0</carried>
			<charges></charges>
			<charges_used></charges_used>
			<contents></contents>
			<contents_num>0</contents_num>
			<content_weight>0</content_weight>
			<cost>301</cost>
			<equipped>N</equipped>
			<location>Carried</location>
			<locationId></locationId>
			<maxcharges>0</maxcharges>
			<note></note>
			<quantity>1</quantity>
			<checkbox>1</checkbox>
			<size>
				<long>Small</long>
				<short>S</short>
			</size>
			<special_properties>nonlethal</special_properties>
			<type>WEAPON.RESIZABLE.MELEE.MARTIAL.LIGHT.FINESSEABLE.BLUDGEONING.SAP.CLOSE.WEAPON GROUP CLOSE.CUSTOM.NONLETHAL.MASTERWORK</type>
			<weight>1</weight>
			<total_wt>1</total_wt>
			<total_weight>1</total_weight>
			<bonuslist></bonuslist>
			<acmod>0</acmod>
			<maxdex>100</maxdex>
			<accheck>0</accheck>
			<edr>0</edr>
			<move></move>
			<spell_failure>0</spell_failure>
			<damage>1d4</damage>
			<damage_alt></damage_alt>
			<crit_range>1</crit_range>
			<crit_mult>x2</crit_mult>
			<crit_range_alt></crit_range_alt>
			<crit_mult_alt></crit_mult_alt>
			<range>0 ft.</range>
			<attacks>0.0</attacks>
			<prof>Sap</prof>
			<source>Custom - Paizo Inc. - Core Rulebook, p.142</source>
			<quality></quality>
		</item>
		<item>
			<longname>Dog, Riding</longname>
			<id></id>
			<name>Riding Dog</name>
			<carried>0.0</carried>
			<charges></charges>
			<charges_used></charges_used>
			<contents>73.5 lbs., 1 Dagger (Small), 1 Bedroll, 1 Masterwork Morningstar (Small/Alchemical Silver), 1 Masterwork Rapier (Small/Cold Iron), 1 Riding Saddle, 1 Saddlebags, 1 Waterskin</contents>
			<contents_num>7</contents_num>
			<content_weight>73.5</content_weight>
			<cost>150</cost>
			<equipped>N</equipped>
			<location></location>
			<locationId></locationId>
			<maxcharges>0</maxcharges>
			<note></note>
			<quantity>1</quantity>
			<checkbox>1</checkbox>
			<size>
				<long>Medium</long>
				<short>M</short>
			</size>
			<special_properties></special_properties>
			<type>MOUNT.GOODS.TRANSPORTATION.CONTAINER</type>
			<weight>0</weight>
			<total_wt>0</total_wt>
			<total_weight>73.5</total_weight>
			<bonuslist></bonuslist>
			<acmod>0</acmod>
			<maxdex>100</maxdex>
			<accheck>0</accheck>
			<edr>0</edr>
			<move></move>
			<spell_failure>0</spell_failure>
			<damage></damage>
			<damage_alt></damage_alt>
			<crit_range></crit_range>
			<crit_mult></crit_mult>
			<crit_range_alt></crit_range_alt>
			<crit_mult_alt></crit_mult_alt>
			<range>0 ft.</range>
			<attacks>0.0</attacks>
			<prof></prof>
			<source>Paizo Inc. - Core Rulebook, p.162</source>
			<quality></quality>
		</item>
		<item>
			<longname>Dagger (Small)</longname>
			<id></id>
			<name>Dagger (Small)</name>
			<carried>0.0</carried>
			<charges></charges>
			<charges_used></charges_used>
			<contents></contents>
			<contents_num>0</contents_num>
			<content_weight>0</content_weight>
			<cost>2</cost>
			<equipped>N</equipped>
			<location>Riding Dog</location>
			<locationId></locationId>
			<maxcharges>0</maxcharges>
			<note></note>
			<quantity>1</quantity>
			<checkbox>1</checkbox>
			<size>
				<long>Small</long>
				<short>S</short>
			</size>
			<special_properties></special_properties>
			<type>WEAPON.RESIZABLE.MELEE.SIMPLE.LIGHT.FINESSEABLE.RANGED.THROWN.PIERCING.SLASHING.DAGGER.BLADELIGHT.WEAPON GROUP BLADES LIGHT.WEAPON GROUP THROWN.CUSTOM.METAL</type>
			<weight>0.5</weight>
			<total_wt>0.5</total_wt>
			<total_weight>0.5</total_weight>
			<bonuslist></bonuslist>
			<acmod>0</acmod>
			<maxdex>100</maxdex>
			<accheck>0</accheck>
			<edr>0</edr>
			<move></move>
			<spell_failure>0</spell_failure>
			<damage>1d3</damage>
			<damage_alt></damage_alt>
			<crit_range>2</crit_range>
			<crit_mult>x2</crit_mult>
			<crit_range_alt></crit_range_alt>
			<crit_mult_alt></crit_mult_alt>
			<range>10 ft.</range>
			<attacks>0.0</attacks>
			<prof>Dagger</prof>
			<source>Custom - Paizo Inc. - Core Rulebook, p.146</source>
			<quality></quality>
		</item>
		<item>
			<longname>Bedroll</longname>
			<id></id>
			<name>Bedroll</name>
			<carried>0.0</carried>
			<charges></charges>
			<charges_used></charges_used>
			<contents></contents>
			<contents_num>0</contents_num>
			<content_weight>0</content_weight>
			<cost>0.1</cost>
			<equipped>N</equipped>
			<location>Riding Dog</location>
			<locationId></locationId>
			<maxcharges>0</maxcharges>
			<note></note>
			<quantity>1</quantity>
			<checkbox>1</checkbox>
			<size>
				<long>Medium</long>
				<short>M</short>
			</size>
			<special_properties></special_properties>
			<type>GOODS.GENERAL.RESIZABLE</type>
			<weight>5</weight>
			<total_wt>5</total_wt>
			<total_weight>5</total_weight>
			<bonuslist></bonuslist>
			<acmod>0</acmod>
			<maxdex>100</maxdex>
			<accheck>0</accheck>
			<edr>0</edr>
			<move></move>
			<spell_failure>0</spell_failure>
			<damage></damage>
			<damage_alt></damage_alt>
			<crit_range></crit_range>
			<crit_mult></crit_mult>
			<crit_range_alt></crit_range_alt>
			<crit_mult_alt></crit_mult_alt>
			<range>0 ft.</range>
			<attacks>0.0</attacks>
			<prof></prof>
			<source>Paizo Inc. - Core Rulebook, p.158</source>
			<quality></quality>
		</item>
		<item>
			<longname>Masterwork Morningstar (Small/Alchemical Silver)</longname>
			<id></id>
			<name>Masterwork Morningstar (Small/Alchemical Silver)</name>
			<carried>0.0</carried>
			<charges></charges>
			<charges_used></charges_used>
			<contents></contents>
			<contents_num>0</contents_num>
			<content_weight>0</content_weight>
			<cost>398</cost>
			<equipped>N</equipped>
			<location>Riding Dog</location>
			<locationId></locationId>
			<maxcharges>0</maxcharges>
			<note></note>
			<quantity>1</quantity>
			<checkbox>1</checkbox>
			<size>
				<long>Small</long>
				<short>S</short>
			</size>
			<special_properties>silver</special_properties>
			<type>WEAPON.RESIZABLE.MELEE.SIMPLE.ONEHANDED.BLUDGEONING.PIERCING.MACE.FLAIL.WEAPON GROUP FLAILS.CUSTOM.METAL.SILVER.MASTERWORK</type>
			<weight>3</weight>
			<total_wt>3</total_wt>
			<total_weight>3</total_weight>
			<bonuslist></bonuslist>
			<acmod>0</acmod>
			<maxdex>100</maxdex>
			<accheck>0</accheck>
			<edr>0</edr>
			<move></move>
			<spell_failure>0</spell_failure>
			<damage>1d6</damage>
			<damage_alt></damage_alt>
			<crit_range>1</crit_range>
			<crit_mult>x2</crit_mult>
			<crit_range_alt></crit_range_alt>
			<crit_mult_alt></crit_mult_alt>
			<range>0 ft.</range>
			<attacks>0.0</attacks>
			<prof>Morningstar</prof>
			<source>Custom - Paizo Inc. - Core Rulebook, p.147</source>
			<quality></quality>
		</item>
		<item>
			<longname>Masterwork Rapier (Small/Cold Iron)</longname>
			<id></id>
			<name>Masterwork Rapier (Small/Cold Iron)</name>
			<carried>0.0</carried>
			<charges></charges>
			<charges_used></charges_used>
			<contents></contents>
			<contents_num>0</contents_num>
			<content_weight>0</content_weight>
			<cost>340</cost>
			<equipped>N</equipped>
			<location>Riding Dog</location>
			<locationId></locationId>
			<maxcharges>0</maxcharges>
			<note></note>
			<quantity>1</quantity>
			<checkbox>1</checkbox>
			<size>
				<long>Small</long>
				<short>S</short>
			</size>
			<special_properties>cold iron</special_properties>
			<type>WEAPON.RESIZABLE.MELEE.MARTIAL.ONEHANDED.FINESSEABLE.PIERCING.MELEEPIERCING.SWORD.BLADELIGHT.WEAPON GROUP BLADES LIGHT.WEAPON GROUP MELEE ONEHANDED PIERCING.CUSTOM.METAL.MASTERWORK.COLDIRON</type>
			<weight>1</weight>
			<total_wt>1</total_wt>
			<total_weight>1</total_weight>
			<bonuslist></bonuslist>
			<acmod>0</acmod>
			<maxdex>100</maxdex>
			<accheck>0</accheck>
			<edr>0</edr>
			<move></move>
			<spell_failure>0</spell_failure>
			<damage>1d4</damage>
			<damage_alt></damage_alt>
			<crit_range>3</crit_range>
			<crit_mult>x2</crit_mult>
			<crit_range_alt></crit_range_alt>
			<crit_mult_alt></crit_mult_alt>
			<range>0 ft.</range>
			<attacks>0.0</attacks>
			<prof>Rapier</prof>
			<source>Custom - Paizo Inc. - Core Rulebook, p.148</source>
			<quality></quality>
		</item>
		<item>
			<longname>Saddle, Riding</longname>
			<id></id>
			<name>Riding Saddle</name>
			<carried>0.0</carried>
			<charges></charges>
			<charges_used></charges_used>
			<contents></contents>
			<contents_num>0</contents_num>
			<content_weight>0</content_weight>
			<cost>10</cost>
			<equipped>N</equipped>
			<location>Riding Dog</location>
			<locationId></locationId>
			<maxcharges>0</maxcharges>
			<note></note>
			<quantity>1</quantity>
			<checkbox>1</checkbox>
			<size>
				<long>Medium</long>
				<short>M</short>
			</size>
			<special_properties></special_properties>
			<type>GOODS.MOUNT.SADDLE.RESIZABLE</type>
			<weight>25</weight>
			<total_wt>25</total_wt>
			<total_weight>25</total_weight>
			<bonuslist></bonuslist>
			<acmod>0</acmod>
			<maxdex>100</maxdex>
			<accheck>0</accheck>
			<edr>0</edr>
			<move></move>
			<spell_failure>0</spell_failure>
			<damage></damage>
			<damage_alt></damage_alt>
			<crit_range></crit_range>
			<crit_mult></crit_mult>
			<crit_range_alt></crit_range_alt>
			<crit_mult_alt></crit_mult_alt>
			<range>0 ft.</range>
			<attacks>0.0</attacks>
			<prof></prof>
			<source>Paizo Inc. - Core Rulebook, p.162</source>
			<quality></quality>
		</item>
		<item>
			<longname>Saddlebags</longname>
			<id></id>
			<name>Saddlebags</name>
			<carried>0.0</carried>
			<charges></charges>
			<charges_used></charges_used>
			<contents>31 lbs., 1 Oil, 4 Trail Ration, 1 Grappling Hook, 1 Map Maker&#39;s Kit, 1 Small Tent</contents>
			<contents_num>5</contents_num>
			<content_weight>31</content_weight>
			<cost>4</cost>
			<equipped>N</equipped>
			<location>Riding Dog</location>
			<locationId></locationId>
			<maxcharges>0</maxcharges>
			<note></note>
			<quantity>1</quantity>
			<checkbox>1</checkbox>
			<size>
				<long>Medium</long>
				<short>M</short>
			</size>
			<special_properties></special_properties>
			<type>GOODS.CONTAINER.MOUNT.RESIZABLE</type>
			<weight>8</weight>
			<total_wt>8</total_wt>
			<total_weight>39</total_weight>
			<bonuslist></bonuslist>
			<acmod>0</acmod>
			<maxdex>100</maxdex>
			<accheck>0</accheck>
			<edr>0</edr>
			<move></move>
			<spell_failure>0</spell_failure>
			<damage></damage>
			<damage_alt></damage_alt>
			<crit_range></crit_range>
			<crit_mult></crit_mult>
			<crit_range_alt></crit_range_alt>
			<crit_mult_alt></crit_mult_alt>
			<range>0 ft.</range>
			<attacks>0.0</attacks>
			<prof></prof>
			<source>Paizo Inc. - Core Rulebook, p.159</source>
			<quality></quality>
		</item>
		<item>
			<longname>Grappling Hook</longname>
			<id></id>
			<name>Grappling Hook</name>
			<carried>0.0</carried>
			<charges></charges>
			<charges_used></charges_used>
			<contents></contents>
			<contents_num>0</contents_num>
			<content_weight>0</content_weight>
			<cost>1</cost>
			<equipped>N</equipped>
			<location>Saddlebags</location>
			<locationId></locationId>
			<maxcharges>0</maxcharges>
			<note></note>
			<quantity>1</quantity>
			<checkbox>1</checkbox>
			<size>
				<long>Medium</long>
				<short>M</short>
			</size>
			<special_properties></special_properties>
			<type>GOODS.GENERAL</type>
			<weight>4</weight>
			<total_wt>4</total_wt>
			<total_weight>4</total_weight>
			<bonuslist></bonuslist>
			<acmod>0</acmod>
			<maxdex>100</maxdex>
			<accheck>0</accheck>
			<edr>0</edr>
			<move></move>
			<spell_failure>0</spell_failure>
			<damage></damage>
			<damage_alt></damage_alt>
			<crit_range></crit_range>
			<crit_mult></crit_mult>
			<crit_range_alt></crit_range_alt>
			<crit_mult_alt></crit_mult_alt>
			<range>0 ft.</range>
			<attacks>0.0</attacks>
			<prof></prof>
			<source>Paizo Inc. - Core Rulebook, p.155</source>
			<quality></quality>
		</item>
		<item>
			<longname>Map Maker&#39;s Kit</longname>
			<id></id>
			<name>Map Maker&#39;s Kit</name>
			<carried>0.0</carried>
			<charges></charges>
			<charges_used></charges_used>
			<contents></contents>
			<contents_num>0</contents_num>
			<content_weight>0</content_weight>
			<cost>10</cost>
			<equipped>N</equipped>
			<location>Saddlebags</location>
			<locationId></locationId>
			<maxcharges>0</maxcharges>
			<note></note>
			<quantity>1</quantity>
			<checkbox>1</checkbox>
			<size>
				<long>Medium</long>
				<short>M</short>
			</size>
			<special_properties></special_properties>
			<type>GOODS.TOOLS</type>
			<weight>2</weight>
			<total_wt>2</total_wt>
			<total_weight>2</total_weight>
			<bonuslist></bonuslist>
			<acmod>0</acmod>
			<maxdex>100</maxdex>
			<accheck>0</accheck>
			<edr>0</edr>
			<move></move>
			<spell_failure>0</spell_failure>
			<damage></damage>
			<damage_alt></damage_alt>
			<crit_range></crit_range>
			<crit_mult></crit_mult>
			<crit_range_alt></crit_range_alt>
			<crit_mult_alt></crit_mult_alt>
			<range>0 ft.</range>
			<attacks>0.0</attacks>
			<prof></prof>
			<source>Paizo Inc. - Advanced Player&#39;s Guide, p.182</source>
			<quality></quality>
		</item>
		<item>
			<longname>Tent</longname>
			<id></id>
			<name>Small Tent</name>
			<carried>0.0</carried>
			<charges></charges>
			<charges_used></charges_used>
			<contents></contents>
			<contents_num>0</contents_num>
			<content_weight>0</content_weight>
			<cost>10</cost>
			<equipped>N</equipped>
			<location>Saddlebags</location>
			<locationId></locationId>
			<maxcharges>0</maxcharges>
			<note></note>
			<quantity>1</quantity>
			<checkbox>1</checkbox>
			<size>
				<long>Medium</long>
				<short>M</short>
			</size>
			<special_properties></special_properties>
			<type>GOODS.GENERAL.RESIZABLE</type>
			<weight>20</weight>
			<total_wt>20</total_wt>
			<total_weight>20</total_weight>
			<bonuslist></bonuslist>
			<acmod>0</acmod>
			<maxdex>100</maxdex>
			<accheck>0</accheck>
			<edr>0</edr>
			<move></move>
			<spell_failure>0</spell_failure>
			<damage></damage>
			<damage_alt></damage_alt>
			<crit_range></crit_range>
			<crit_mult></crit_mult>
			<crit_range_alt></crit_range_alt>
			<crit_mult_alt></crit_mult_alt>
			<range>0 ft.</range>
			<attacks>0.0</attacks>
			<prof></prof>
			<source>Paizo Inc. - Advanced Player&#39;s Guide, p.182</source>
			<quality></quality>
		</item>
		<item>
			<longname>Waterskin</longname>
			<id></id>
			<name>Waterskin</name>
			<carried>0.0</carried>
			<charges></charges>
			<charges_used></charges_used>
			<contents>0 lbs.</contents>
			<contents_num>0</contents_num>
			<content_weight>0</content_weight>
			<cost>1</cost>
			<equipped>N</equipped>
			<location>Riding Dog</location>
			<locationId></locationId>
			<maxcharges>0</maxcharges>
			<note></note>
			<quantity>1</quantity>
			<checkbox>1</checkbox>
			<size>
				<long>Medium</long>
				<short>M</short>
			</size>
			<special_properties></special_properties>
			<type>GOODS.CONTAINER.GENERAL</type>
			<weight>0</weight>
			<total_wt>0</total_wt>
			<total_weight>0</total_weight>
			<bonuslist></bonuslist>
			<acmod>0</acmod>
			<maxdex>100</maxdex>
			<accheck>0</accheck>
			<edr>0</edr>
			<move></move>
			<spell_failure>0</spell_failure>
			<damage></damage>
			<damage_alt></damage_alt>
			<crit_range></crit_range>
			<crit_mult></crit_mult>
			<crit_range_alt></crit_range_alt>
			<crit_mult_alt></crit_mult_alt>
			<range>0 ft.</range>
			<attacks>0.0</attacks>
			<prof></prof>
			<source>Paizo Inc. - Core Rulebook, p.158</source>
			<quality></quality>
		</item>
		<total>
			<weight>36.89 lbs.</weight>
			<value>49170.8 gp</value>
			<load>Light</load>
			<capacity>112.5</capacity>
		</total>
		<equipmentsets>
		<equipmentset name="Default Set">
				<item>
					<longname>Amulet of Natural Armor +2</longname>
					<name>Amulet of Natural Armor +2</name>
					<carried>1.0</carried>
					<charges></charges>
					<charges_used></charges_used>
					<contents></contents>
					<contents_num>0</contents_num>
					<content_weight>0</content_weight>
					<cost>8000</cost>
					<equipped>Y</equipped>
					<location>Equipped</location>
					<maxcharges>0</maxcharges>
					<note></note>
					<quantity>1</quantity>
					<checkbox>1</checkbox>
					<size>
						<long>Medium</long>
						<short>M</short>
					</size>
					<special_properties></special_properties>
					<type>MAGIC.WONDROUS.NECK.AMULET</type>
					<weight>0</weight>
					<total_wt>0</total_wt>
					<total_weight>0</total_weight>
					<bonuslist></bonuslist>
					<acmod>2</acmod>
					<maxdex>100</maxdex>
					<accheck>0</accheck>
					<edr>0</edr>
					<move></move>
					<spell_failure>0</spell_failure>
					<damage></damage>
					<damage_alt></damage_alt>
					<crit_range></crit_range>
					<crit_mult></crit_mult>
					<crit_range_alt></crit_range_alt>
					<crit_mult_alt></crit_mult_alt>
					<range>0 ft.</range>
					<attacks>0.0</attacks>
					<prof></prof>
					<source>Paizo Inc. - Core Rulebook, p.500</source>
					<quality>EQ.0.QUALITY</quality>
				</item>
				<item>
					<longname>Headband of Vast Intelligence +2 ( Maximize Knowledge SkillKnowledge (Geography))</longname>
					<name>Headband of Vast Intelligence +2 ( Maximize Knowledge SkillKnowledge (Geography))</name>
					<carried>1.0</carried>
					<charges></charges>
					<charges_used></charges_used>
					<contents></contents>
					<contents_num>0</contents_num>
					<content_weight>0</content_weight>
					<cost>4000</cost>
					<equipped>Y</equipped>
					<location>Equipped</location>
					<maxcharges>0</maxcharges>
					<note></note>
					<quantity>1</quantity>
					<checkbox>1</checkbox>
					<size>
						<long>Medium</long>
						<short>M</short>
					</size>
					<special_properties>Grants maximum skill ranks in Knowledge (Geography)</special_properties>
					<type>MAGIC.WONDROUS.HEADBAND.INTELLIGENCE.CUSTOM</type>
					<weight>1</weight>
					<total_wt>1</total_wt>
					<total_weight>1</total_weight>
					<bonuslist></bonuslist>
					<acmod>0</acmod>
					<maxdex>100</maxdex>
					<accheck>0</accheck>
					<edr>0</edr>
					<move></move>
					<spell_failure>0</spell_failure>
					<damage></damage>
					<damage_alt></damage_alt>
					<crit_range></crit_range>
					<crit_mult></crit_mult>
					<crit_range_alt></crit_range_alt>
					<crit_mult_alt></crit_mult_alt>
					<range>0 ft.</range>
					<attacks>0.0</attacks>
					<prof></prof>
					<source>Custom - Paizo Inc. - Core Rulebook, p.517</source>
					<quality>EQ.0.QUALITY</quality>
				</item>
				<item>
					<longname>Dagger +1 (Small)</longname>
					<name>Dagger +1 (Small)</name>
					<carried>1.0</carried>
					<charges></charges>
					<charges_used></charges_used>
					<contents></contents>
					<contents_num>0</contents_num>
					<content_weight>0</content_weight>
					<cost>2302</cost>
					<equipped>Y</equipped>
					<location>Equipped</location>
					<maxcharges>0</maxcharges>
					<note></note>
					<quantity>1</quantity>
					<checkbox>1</checkbox>
					<size>
						<long>Small</long>
						<short>S</short>
					</size>
					<special_properties></special_properties>
					<type>MAGIC.WEAPON.RESIZABLE.MELEE.SIMPLE.LIGHT.FINESSEABLE.RANGED.THROWN.PIERCING.SLASHING.DAGGER.BLADELIGHT.WEAPON GROUP BLADES LIGHT.WEAPON GROUP THROWN.CUSTOM.METAL.MASTERWORK.WEAPONENHANCEMENT.PLUS1</type>
					<weight>0.5</weight>
					<total_wt>0.5</total_wt>
					<total_weight>0.5</total_weight>
					<bonuslist></bonuslist>
					<acmod>0</acmod>
					<maxdex>100</maxdex>
					<accheck>0</accheck>
					<edr>0</edr>
					<move></move>
					<spell_failure>0</spell_failure>
					<damage>1d3</damage>
					<damage_alt></damage_alt>
					<crit_range>2</crit_range>
					<crit_mult>x2</crit_mult>
					<crit_range_alt></crit_range_alt>
					<crit_mult_alt></crit_mult_alt>
					<range>10 ft.</range>
					<attacks>0.0</attacks>
					<prof>Dagger</prof>
					<source>Custom - Paizo Inc. - Core Rulebook, p.146</source>
					<quality>EQ.0.QUALITY</quality>
				</item>
				<item>
					<longname>Rapier +1 (Small)</longname>
					<name>Rapier +1 (Small)</name>
					<carried>1.0</carried>
					<charges></charges>
					<charges_used></charges_used>
					<contents></contents>
					<contents_num>0</contents_num>
					<content_weight>0</content_weight>
					<cost>2320</cost>
					<equipped>Y</equipped>
					<location>Equipped</location>
					<maxcharges>0</maxcharges>
					<note></note>
					<quantity>1</quantity>
					<checkbox>1</checkbox>
					<size>
						<long>Small</long>
						<short>S</short>
					</size>
					<special_properties></special_properties>
					<type>MAGIC.WEAPON.RESIZABLE.MELEE.MARTIAL.ONEHANDED.FINESSEABLE.PIERCING.MELEEPIERCING.SWORD.BLADELIGHT.WEAPON GROUP BLADES LIGHT.WEAPON GROUP MELEE ONEHANDED PIERCING.CUSTOM.METAL.MASTERWORK.WEAPONENHANCEMENT.PLUS1</type>
					<weight>1</weight>
					<total_wt>1</total_wt>
					<total_weight>1</total_weight>
					<bonuslist></bonuslist>
					<acmod>0</acmod>
					<maxdex>100</maxdex>
					<accheck>0</accheck>
					<edr>0</edr>
					<move></move>
					<spell_failure>0</spell_failure>
					<damage>1d4</damage>
					<damage_alt></damage_alt>
					<crit_range>3</crit_range>
					<crit_mult>x2</crit_mult>
					<crit_range_alt></crit_range_alt>
					<crit_mult_alt></crit_mult_alt>
					<range>0 ft.</range>
					<attacks>0.0</attacks>
					<prof>Rapier</prof>
					<source>Custom - Paizo Inc. - Core Rulebook, p.148</source>
					<quality>EQ.0.QUALITY</quality>
				</item>
				<item>
					<longname>Ring of Protection +2</longname>
					<name>Ring of Protection +2</name>
					<carried>1.0</carried>
					<charges></charges>
					<charges_used></charges_used>
					<contents></contents>
					<contents_num>0</contents_num>
					<content_weight>0</content_weight>
					<cost>8000</cost>
					<equipped>Y</equipped>
					<location>Equipped</location>
					<maxcharges>0</maxcharges>
					<note></note>
					<quantity>1</quantity>
					<checkbox>1</checkbox>
					<size>
						<long>Medium</long>
						<short>M</short>
					</size>
					<special_properties></special_properties>
					<type>MAGIC.RING</type>
					<weight>0</weight>
					<total_wt>0</total_wt>
					<total_weight>0</total_weight>
					<bonuslist></bonuslist>
					<acmod>2</acmod>
					<maxdex>100</maxdex>
					<accheck>0</accheck>
					<edr>0</edr>
					<move></move>
					<spell_failure>0</spell_failure>
					<damage></damage>
					<damage_alt></damage_alt>
					<crit_range></crit_range>
					<crit_mult></crit_mult>
					<crit_range_alt></crit_range_alt>
					<crit_mult_alt></crit_mult_alt>
					<range>0 ft.</range>
					<attacks>0.0</attacks>
					<prof></prof>
					<source>Paizo Inc. - Core Rulebook, p.481</source>
					<quality>EQ.0.QUALITY</quality>
				</item>
				<item>
					<longname>Ring of Swimming</longname>
					<name>Ring of Swimming</name>
					<carried>1.0</carried>
					<charges></charges>
					<charges_used></charges_used>
					<contents></contents>
					<contents_num>0</contents_num>
					<content_weight>0</content_weight>
					<cost>2500</cost>
					<equipped>Y</equipped>
					<location>Equipped</location>
					<maxcharges>0</maxcharges>
					<note></note>
					<quantity>1</quantity>
					<checkbox>1</checkbox>
					<size>
						<long>Medium</long>
						<short>M</short>
					</size>
					<special_properties></special_properties>
					<type>MAGIC.RING</type>
					<weight>0</weight>
					<total_wt>0</total_wt>
					<total_weight>0</total_weight>
					<bonuslist></bonuslist>
					<acmod>0</acmod>
					<maxdex>100</maxdex>
					<accheck>0</accheck>
					<edr>0</edr>
					<move></move>
					<spell_failure>0</spell_failure>
					<damage></damage>
					<damage_alt></damage_alt>
					<crit_range></crit_range>
					<crit_mult></crit_mult>
					<crit_range_alt></crit_range_alt>
					<crit_mult_alt></crit_mult_alt>
					<range>0 ft.</range>
					<attacks>0.0</attacks>
					<prof></prof>
					<source>Paizo Inc. - Core Rulebook, p.483</source>
					<quality>EQ.0.QUALITY</quality>
				</item>
				<item>
					<longname>Belt of Incredible Dexterity +2</longname>
					<name>Belt of Incredible Dexterity +2</name>
					<carried>1.0</carried>
					<charges></charges>
					<charges_used></charges_used>
					<contents></contents>
					<contents_num>0</contents_num>
					<content_weight>0</content_weight>
					<cost>4000</cost>
					<equipped>Y</equipped>
					<location>Equipped</location>
					<maxcharges>0</maxcharges>
					<note></note>
					<quantity>1</quantity>
					<checkbox>1</checkbox>
					<size>
						<long>Medium</long>
						<short>M</short>
					</size>
					<special_properties></special_properties>
					<type>MAGIC.WONDROUS.BELT</type>
					<weight>1</weight>
					<total_wt>1</total_wt>
					<total_weight>1</total_weight>
					<bonuslist></bonuslist>
					<acmod>0</acmod>
					<maxdex>100</maxdex>
					<accheck>0</accheck>
					<edr>0</edr>
					<move></move>
					<spell_failure>0</spell_failure>
					<damage></damage>
					<damage_alt></damage_alt>
					<crit_range></crit_range>
					<crit_mult></crit_mult>
					<crit_range_alt></crit_range_alt>
					<crit_mult_alt></crit_mult_alt>
					<range>0 ft.</range>
					<attacks>0.0</attacks>
					<prof></prof>
					<source>Paizo Inc. - Core Rulebook, p.502</source>
					<quality>EQ.0.QUALITY</quality>
				</item>
				<item>
					<longname>Chain Shirt +1 (Small/Mithral)</longname>
					<name>Chain Shirt +1 (Small/Mithral)</name>
					<carried>1.0</carried>
					<charges></charges>
					<charges_used></charges_used>
					<contents></contents>
					<contents_num>0</contents_num>
					<content_weight>0</content_weight>
					<cost>2100</cost>
					<equipped>Y</equipped>
					<location>Equipped</location>
					<maxcharges>0</maxcharges>
					<note></note>
					<quantity>1</quantity>
					<checkbox>1</checkbox>
					<size>
						<long>Small</long>
						<short>S</short>
					</size>
					<special_properties>mithral</special_properties>
					<type>MAGIC.ARMOR.LIGHT.ARMORPROFLIGHT.SUIT.CUSTOM.METAL.MITHRAL.MASTERWORK.ARMORENHANCEMENT.PLUS1</type>
					<weight>6.25</weight>
					<total_wt>6.25</total_wt>
					<total_weight>6.25</total_weight>
					<bonuslist></bonuslist>
					<acmod>5</acmod>
					<maxdex>6</maxdex>
					<accheck>0</accheck>
					<edr>0</edr>
					<move></move>
					<spell_failure>10</spell_failure>
					<damage></damage>
					<damage_alt></damage_alt>
					<crit_range></crit_range>
					<crit_mult></crit_mult>
					<crit_range_alt></crit_range_alt>
					<crit_mult_alt></crit_mult_alt>
					<range>0 ft.</range>
					<attacks>0.0</attacks>
					<prof>Chain Shirt</prof>
					<source>Custom - Paizo Inc. - Core Rulebook, p.150</source>
					<quality>EQ.0.QUALITY</quality>
				</item>
				<item>
					<longname>Cloak of Resistance +3</longname>
					<name>Cloak of Resistance +3</name>
					<carried>1.0</carried>
					<charges></charges>
					<charges_used></charges_used>
					<contents></contents>
					<contents_num>0</contents_num>
					<content_weight>0</content_weight>
					<cost>9000</cost>
					<equipped>Y</equipped>
					<location>Equipped</location>
					<maxcharges>0</maxcharges>
					<note></note>
					<quantity>1</quantity>
					<checkbox>1</checkbox>
					<size>
						<long>Medium</long>
						<short>M</short>
					</size>
					<special_properties></special_properties>
					<type>MAGIC.WONDROUS.SHOULDERS.CLOAK.CLOTH</type>
					<weight>1</weight>
					<total_wt>1</total_wt>
					<total_weight>1</total_weight>
					<bonuslist></bonuslist>
					<acmod>0</acmod>
					<maxdex>100</maxdex>
					<accheck>0</accheck>
					<edr>0</edr>
					<move></move>
					<spell_failure>0</spell_failure>
					<damage></damage>
					<damage_alt></damage_alt>
					<crit_range></crit_range>
					<crit_mult></crit_mult>
					<crit_range_alt></crit_range_alt>
					<crit_mult_alt></crit_mult_alt>
					<range>0 ft.</range>
					<attacks>0.0</attacks>
					<prof></prof>
					<source>Paizo Inc. - Core Rulebook, p.507</source>
					<quality>EQ.0.QUALITY</quality>
				</item>
				<item>
					<longname>Outfit (Explorer&#39;s/Small)</longname>
					<name>Outfit (Explorer&#39;s/Small)</name>
					<carried>1.0</carried>
					<charges></charges>
					<charges_used></charges_used>
					<contents></contents>
					<contents_num>0</contents_num>
					<content_weight>0</content_weight>
					<cost>0</cost>
					<equipped>Y</equipped>
					<location>Equipped</location>
					<maxcharges>0</maxcharges>
					<note></note>
					<quantity>1</quantity>
					<checkbox>1</checkbox>
					<size>
						<long>Small</long>
						<short>S</short>
					</size>
					<special_properties></special_properties>
					<type>GOODS.CLOTHING.RESIZABLE.STARTING.CUSTOM</type>
					<weight>2</weight>
					<total_wt>2</total_wt>
					<total_weight>2</total_weight>
					<bonuslist></bonuslist>
					<acmod>0</acmod>
					<maxdex>100</maxdex>
					<accheck>0</accheck>
					<edr>0</edr>
					<move></move>
					<spell_failure>0</spell_failure>
					<damage></damage>
					<damage_alt></damage_alt>
					<crit_range></crit_range>
					<crit_mult></crit_mult>
					<crit_range_alt></crit_range_alt>
					<crit_mult_alt></crit_mult_alt>
					<range>0 ft.</range>
					<attacks>0.0</attacks>
					<prof></prof>
					<source>Custom - Paizo Inc. - Core Rulebook, p.161</source>
					<quality>EQ.0.QUALITY</quality>
				</item>
				<item>
					<longname>Boots of Elvenkind</longname>
					<name>Boots of Elvenkind</name>
					<carried>1.0</carried>
					<charges></charges>
					<charges_used></charges_used>
					<contents></contents>
					<contents_num>0</contents_num>
					<content_weight>0</content_weight>
					<cost>2500</cost>
					<equipped>Y</equipped>
					<location>Equipped</location>
					<maxcharges>0</maxcharges>
					<note></note>
					<quantity>1</quantity>
					<checkbox>1</checkbox>
					<size>
						<long>Medium</long>
						<short>M</short>
					</size>
					<special_properties></special_properties>
					<type>MAGIC.WONDROUS.FEET.BOOT</type>
					<weight>1</weight>
					<total_wt>1</total_wt>
					<total_weight>1</total_weight>
					<bonuslist></bonuslist>
					<acmod>0</acmod>
					<maxdex>100</maxdex>
					<accheck>0</accheck>
					<edr>0</edr>
					<move></move>
					<spell_failure>0</spell_failure>
					<damage></damage>
					<damage_alt></damage_alt>
					<crit_range></crit_range>
					<crit_mult></crit_mult>
					<crit_range_alt></crit_range_alt>
					<crit_mult_alt></crit_mult_alt>
					<range>0 ft.</range>
					<attacks>0.0</attacks>
					<prof></prof>
					<source>Paizo Inc. - Core Rulebook, p.504</source>
					<quality>EQ.0.QUALITY</quality>
				</item>
				<item>
					<longname>Bullets, Sling (10)</longname>
					<name>10 Bullets</name>
					<carried>2.0</carried>
					<charges></charges>
					<charges_used></charges_used>
					<contents></contents>
					<contents_num>0</contents_num>
					<content_weight>0</content_weight>
					<cost>0.1</cost>
					<equipped>N</equipped>
					<location>Carried</location>
					<maxcharges>0</maxcharges>
					<note></note>
					<quantity>2</quantity>
					<checkbox>20</checkbox>
					<size>
						<long>Medium</long>
						<short>M</short>
					</size>
					<special_properties></special_properties>
					<type>AMMUNITION.RESIZABLE.BULLET.STACK.METAL</type>
					<weight>5</weight>
					<total_wt>10</total_wt>
					<total_weight>5</total_weight>
					<bonuslist></bonuslist>
					<acmod>0</acmod>
					<maxdex>100</maxdex>
					<accheck>0</accheck>
					<edr>0</edr>
					<move></move>
					<spell_failure>0</spell_failure>
					<damage></damage>
					<damage_alt></damage_alt>
					<crit_range></crit_range>
					<crit_mult></crit_mult>
					<crit_range_alt></crit_range_alt>
					<crit_mult_alt></crit_mult_alt>
					<range>0 ft.</range>
					<attacks>0.0</attacks>
					<prof></prof>
					<source>Paizo Inc. - Core Rulebook, p.145</source>
					<quality>EQ.0.QUALITY</quality>
				</item>
				<item>
					<longname>Backpack (Masterwork) (Small)</longname>
					<name>Backpack (Masterwork) (Small)</name>
					<carried>1.0</carried>
					<charges></charges>
					<charges_used></charges_used>
					<contents>9.5 lbs., 1 Map Case, 1 Flint and Steel, 2 Inkpen, 1 Bullseye Lantern, 1 Oil, 1 Potion of Cure Light Wounds, 1 Trail Ration, 1 Rope of Climbing, 1 Sealing Wax</contents>
					<contents_num>9</contents_num>
					<content_weight>9.5</content_weight>
					<cost>50</cost>
					<equipped>Y</equipped>
					<location>Equipped</location>
					<maxcharges>0</maxcharges>
					<note></note>
					<quantity>1</quantity>
					<checkbox>1</checkbox>
					<size>
						<long>Small</long>
						<short>S</short>
					</size>
					<special_properties></special_properties>
					<type>GOODS.GENERAL.CONTAINER.RESIZABLE.CUSTOM</type>
					<weight>1</weight>
					<total_wt>1</total_wt>
					<total_weight>10.5</total_weight>
					<bonuslist></bonuslist>
					<acmod>0</acmod>
					<maxdex>100</maxdex>
					<accheck>0</accheck>
					<edr>0</edr>
					<move></move>
					<spell_failure>0</spell_failure>
					<damage></damage>
					<damage_alt></damage_alt>
					<crit_range></crit_range>
					<crit_mult></crit_mult>
					<crit_range_alt></crit_range_alt>
					<crit_mult_alt></crit_mult_alt>
					<range>0 ft.</range>
					<attacks>0.0</attacks>
					<prof></prof>
					<source>Custom - Paizo Inc. - Advanced Player&#39;s Guide, p.182</source>
					<quality>EQ.0.QUALITY</quality>
				</item>
				<item>
					<longname>Case, Map</longname>
					<name>Map Case</name>
					<carried>1.0</carried>
					<charges></charges>
					<charges_used></charges_used>
					<contents>0 lbs., 1 Map of Inner Daggermark, 4 Parchment</contents>
					<contents_num>2</contents_num>
					<content_weight>0</content_weight>
					<cost>1</cost>
					<equipped>N</equipped>
					<location>Backpack (Masterwork) (Small)</location>
					<maxcharges>0</maxcharges>
					<note></note>
					<quantity>1</quantity>
					<checkbox>1</checkbox>
					<size>
						<long>Medium</long>
						<short>M</short>
					</size>
					<special_properties></special_properties>
					<type>GOODS.CONTAINER.GENERAL</type>
					<weight>0.5</weight>
					<total_wt>0.5</total_wt>
					<total_weight>0.5</total_weight>
					<bonuslist></bonuslist>
					<acmod>0</acmod>
					<maxdex>100</maxdex>
					<accheck>0</accheck>
					<edr>0</edr>
					<move></move>
					<spell_failure>0</spell_failure>
					<damage></damage>
					<damage_alt></damage_alt>
					<crit_range></crit_range>
					<crit_mult></crit_mult>
					<crit_range_alt></crit_range_alt>
					<crit_mult_alt></crit_mult_alt>
					<range>0 ft.</range>
					<attacks>0.0</attacks>
					<prof></prof>
					<source>Paizo Inc. - Core Rulebook, p.158</source>
					<quality>EQ.0.QUALITY</quality>
				</item>
				<item>
					<longname>Map of Inner Daggermark</longname>
					<name>Map of Inner Daggermark</name>
					<carried>1.0</carried>
					<charges></charges>
					<charges_used></charges_used>
					<contents></contents>
					<contents_num>0</contents_num>
					<content_weight>0</content_weight>
					<cost>0.2</cost>
					<equipped>N</equipped>
					<location>Map Case</location>
					<maxcharges>0</maxcharges>
					<note></note>
					<quantity>1</quantity>
					<checkbox>1</checkbox>
					<size>
						<long>Medium</long>
						<short>M</short>
					</size>
					<special_properties>(Parchment (Sheet))</special_properties>
					<type>GOODS.GENERAL.WRITING.DOCUMENTS.CUSTOM</type>
					<weight>0</weight>
					<total_wt>0</total_wt>
					<total_weight>0</total_weight>
					<bonuslist></bonuslist>
					<acmod>0</acmod>
					<maxdex>100</maxdex>
					<accheck>0</accheck>
					<edr>0</edr>
					<move></move>
					<spell_failure>0</spell_failure>
					<damage></damage>
					<damage_alt></damage_alt>
					<crit_range></crit_range>
					<crit_mult></crit_mult>
					<crit_range_alt></crit_range_alt>
					<crit_mult_alt></crit_mult_alt>
					<range>0 ft.</range>
					<attacks>0.0</attacks>
					<prof></prof>
					<source>Custom - Paizo Inc. - Core Rulebook, p.158</source>
					<quality>EQ.0.QUALITY</quality>
				</item>
				<item>
					<longname>Parchment (Sheet)</longname>
					<name>Parchment</name>
					<carried>4.0</carried>
					<charges></charges>
					<charges_used></charges_used>
					<contents></contents>
					<contents_num>0</contents_num>
					<content_weight>0</content_weight>
					<cost>0.2</cost>
					<equipped>N</equipped>
					<location>Map Case</location>
					<maxcharges>0</maxcharges>
					<note></note>
					<quantity>4</quantity>
					<checkbox>4</checkbox>
					<size>
						<long>Medium</long>
						<short>M</short>
					</size>
					<special_properties></special_properties>
					<type>GOODS.GENERAL.WRITING.DOCUMENTS</type>
					<weight>0</weight>
					<total_wt>0</total_wt>
					<total_weight>0</total_weight>
					<bonuslist></bonuslist>
					<acmod>0</acmod>
					<maxdex>100</maxdex>
					<accheck>0</accheck>
					<edr>0</edr>
					<move></move>
					<spell_failure>0</spell_failure>
					<damage></damage>
					<damage_alt></damage_alt>
					<crit_range></crit_range>
					<crit_mult></crit_mult>
					<crit_range_alt></crit_range_alt>
					<crit_mult_alt></crit_mult_alt>
					<range>0 ft.</range>
					<attacks>0.0</attacks>
					<prof></prof>
					<source>Paizo Inc. - Core Rulebook, p.158</source>
					<quality>EQ.0.QUALITY</quality>
				</item>
				<item>
					<longname>Flint and Steel</longname>
					<name>Flint and Steel</name>
					<carried>1.0</carried>
					<charges></charges>
					<charges_used></charges_used>
					<contents></contents>
					<contents_num>0</contents_num>
					<content_weight>0</content_weight>
					<cost>1</cost>
					<equipped>N</equipped>
					<location>Backpack (Masterwork) (Small)</location>
					<maxcharges>0</maxcharges>
					<note></note>
					<quantity>1</quantity>
					<checkbox>1</checkbox>
					<size>
						<long>Medium</long>
						<short>M</short>
					</size>
					<special_properties></special_properties>
					<type>GOODS.GENERAL</type>
					<weight>0</weight>
					<total_wt>0</total_wt>
					<total_weight>0</total_weight>
					<bonuslist></bonuslist>
					<acmod>0</acmod>
					<maxdex>100</maxdex>
					<accheck>0</accheck>
					<edr>0</edr>
					<move></move>
					<spell_failure>0</spell_failure>
					<damage></damage>
					<damage_alt></damage_alt>
					<crit_range></crit_range>
					<crit_mult></crit_mult>
					<crit_range_alt></crit_range_alt>
					<crit_mult_alt></crit_mult_alt>
					<range>0 ft.</range>
					<attacks>0.0</attacks>
					<prof></prof>
					<source>Paizo Inc. - Core Rulebook, p.155</source>
					<quality>EQ.0.QUALITY</quality>
				</item>
				<item>
					<longname>Inkpen</longname>
					<name>Inkpen</name>
					<carried>2.0</carried>
					<charges></charges>
					<charges_used></charges_used>
					<contents></contents>
					<contents_num>0</contents_num>
					<content_weight>0</content_weight>
					<cost>0.1</cost>
					<equipped>N</equipped>
					<location>Backpack (Masterwork) (Small)</location>
					<maxcharges>0</maxcharges>
					<note></note>
					<quantity>2</quantity>
					<checkbox>2</checkbox>
					<size>
						<long>Medium</long>
						<short>M</short>
					</size>
					<special_properties></special_properties>
					<type>GOODS.GENERAL.WRITING</type>
					<weight>0</weight>
					<total_wt>0</total_wt>
					<total_weight>0</total_weight>
					<bonuslist></bonuslist>
					<acmod>0</acmod>
					<maxdex>100</maxdex>
					<accheck>0</accheck>
					<edr>0</edr>
					<move></move>
					<spell_failure>0</spell_failure>
					<damage></damage>
					<damage_alt></damage_alt>
					<crit_range></crit_range>
					<crit_mult></crit_mult>
					<crit_range_alt></crit_range_alt>
					<crit_mult_alt></crit_mult_alt>
					<range>0 ft.</range>
					<attacks>0.0</attacks>
					<prof></prof>
					<source>Paizo Inc. - Core Rulebook, p.158</source>
					<quality>EQ.0.QUALITY</quality>
				</item>
				<item>
					<longname>Lantern, Bullseye</longname>
					<name>Bullseye Lantern</name>
					<carried>1.0</carried>
					<charges></charges>
					<charges_used></charges_used>
					<contents></contents>
					<contents_num>0</contents_num>
					<content_weight>0</content_weight>
					<cost>12</cost>
					<equipped>N</equipped>
					<location>Backpack (Masterwork) (Small)</location>
					<maxcharges>0</maxcharges>
					<note></note>
					<quantity>1</quantity>
					<checkbox>1</checkbox>
					<size>
						<long>Medium</long>
						<short>M</short>
					</size>
					<special_properties></special_properties>
					<type>GOODS.GENERAL.LIGHT SOURCE</type>
					<weight>3</weight>
					<total_wt>3</total_wt>
					<total_weight>3</total_weight>
					<bonuslist></bonuslist>
					<acmod>0</acmod>
					<maxdex>100</maxdex>
					<accheck>0</accheck>
					<edr>0</edr>
					<move></move>
					<spell_failure>0</spell_failure>
					<damage></damage>
					<damage_alt></damage_alt>
					<crit_range></crit_range>
					<crit_mult></crit_mult>
					<crit_range_alt></crit_range_alt>
					<crit_mult_alt></crit_mult_alt>
					<range>0 ft.</range>
					<attacks>0.0</attacks>
					<prof></prof>
					<source>Paizo Inc. - Core Rulebook, p.156</source>
					<quality>EQ.0.QUALITY</quality>
				</item>
				<item>
					<longname>Oil, 1 Pint Flask</longname>
					<name>Oil</name>
					<carried>1.0</carried>
					<charges></charges>
					<charges_used></charges_used>
					<contents></contents>
					<contents_num>0</contents_num>
					<content_weight>0</content_weight>
					<cost>0.1</cost>
					<equipped>N</equipped>
					<location>Backpack (Masterwork) (Small)</location>
					<maxcharges>0</maxcharges>
					<note></note>
					<quantity>1</quantity>
					<checkbox>1</checkbox>
					<size>
						<long>Medium</long>
						<short>M</short>
					</size>
					<special_properties>splash weapon, full-round action to prepare, 50% chance to ignite</special_properties>
					<type>GOODS.GENERAL.LIQUID.FLASK.CONSUMABLE.WEAPON.RANGED.THROWN.FIRE.SPLASH</type>
					<weight>1</weight>
					<total_wt>1</total_wt>
					<total_weight>1</total_weight>
					<bonuslist></bonuslist>
					<acmod>0</acmod>
					<maxdex>100</maxdex>
					<accheck>0</accheck>
					<edr>0</edr>
					<move></move>
					<spell_failure>0</spell_failure>
					<damage>1d6</damage>
					<damage_alt></damage_alt>
					<crit_range>1</crit_range>
					<crit_mult>x2</crit_mult>
					<crit_range_alt></crit_range_alt>
					<crit_mult_alt></crit_mult_alt>
					<range>10 ft.</range>
					<attacks>0.0</attacks>
					<prof>Splash Weapon</prof>
					<source>Paizo Inc. - Core Rulebook, p.157</source>
					<quality>EQ.0.QUALITY</quality>
				</item>
				<item>
					<longname>Oil, 1 Pint Flask</longname>
					<name>Oil</name>
					<carried>0.0</carried>
					<charges></charges>
					<charges_used></charges_used>
					<contents></contents>
					<contents_num>0</contents_num>
					<content_weight>0</content_weight>
					<cost>0.1</cost>
					<equipped>N</equipped>
					<location>Saddlebags</location>
					<maxcharges>0</maxcharges>
					<note></note>
					<quantity>1</quantity>
					<checkbox>1</checkbox>
					<size>
						<long>Medium</long>
						<short>M</short>
					</size>
					<special_properties>splash weapon, full-round action to prepare, 50% chance to ignite</special_properties>
					<type>GOODS.GENERAL.LIQUID.FLASK.CONSUMABLE.WEAPON.RANGED.THROWN.FIRE.SPLASH</type>
					<weight>1</weight>
					<total_wt>1</total_wt>
					<total_weight>1</total_weight>
					<bonuslist></bonuslist>
					<acmod>0</acmod>
					<maxdex>100</maxdex>
					<accheck>0</accheck>
					<edr>0</edr>
					<move></move>
					<spell_failure>0</spell_failure>
					<damage>1d6</damage>
					<damage_alt></damage_alt>
					<crit_range>1</crit_range>
					<crit_mult>x2</crit_mult>
					<crit_range_alt></crit_range_alt>
					<crit_mult_alt></crit_mult_alt>
					<range>10 ft.</range>
					<attacks>0.0</attacks>
					<prof>Splash Weapon</prof>
					<source>Paizo Inc. - Core Rulebook, p.157</source>
					<quality>EQ.0.QUALITY</quality>
				</item>
				<item>
					<longname>Potion of Cure Light Wounds</longname>
					<name>Potion of Cure Light Wounds</name>
					<carried>1.0</carried>
					<charges></charges>
					<charges_used></charges_used>
					<contents></contents>
					<contents_num>0</contents_num>
					<content_weight>0</content_weight>
					<cost>50</cost>
					<equipped>N</equipped>
					<location>Backpack (Masterwork) (Small)</location>
					<maxcharges>0</maxcharges>
					<note></note>
					<quantity>1</quantity>
					<checkbox>1</checkbox>
					<size>
						<long>Medium</long>
						<short>M</short>
					</size>
					<special_properties>Cures 1d8+1 points of damage</special_properties>
					<type>MAGIC.POTION.CONSUMABLE.COMBAT GEAR.ENHANCEMENT</type>
					<weight>0</weight>
					<total_wt>0</total_wt>
					<total_weight>0</total_weight>
					<bonuslist></bonuslist>
					<acmod>0</acmod>
					<maxdex>100</maxdex>
					<accheck>0</accheck>
					<edr>0</edr>
					<move></move>
					<spell_failure>0</spell_failure>
					<damage></damage>
					<damage_alt></damage_alt>
					<crit_range></crit_range>
					<crit_mult></crit_mult>
					<crit_range_alt></crit_range_alt>
					<crit_mult_alt></crit_mult_alt>
					<range>0 ft.</range>
					<attacks>0.0</attacks>
					<prof></prof>
					<source>Paizo Inc. - Core Rulebook, p.477</source>
					<quality>EQ.0.QUALITY</quality>
				</item>
				<item>
					<longname>Rations, Trail</longname>
					<name>Trail Ration</name>
					<carried>1.0</carried>
					<charges></charges>
					<charges_used></charges_used>
					<contents></contents>
					<contents_num>0</contents_num>
					<content_weight>0</content_weight>
					<cost>0.5</cost>
					<equipped>N</equipped>
					<location>Backpack (Masterwork) (Small)</location>
					<maxcharges>0</maxcharges>
					<note></note>
					<quantity>1</quantity>
					<checkbox>1</checkbox>
					<size>
						<long>Medium</long>
						<short>M</short>
					</size>
					<special_properties></special_properties>
					<type>GOODS.FOOD.RESIZABLE.CONSUMABLE</type>
					<weight>1</weight>
					<total_wt>1</total_wt>
					<total_weight>1</total_weight>
					<bonuslist></bonuslist>
					<acmod>0</acmod>
					<maxdex>100</maxdex>
					<accheck>0</accheck>
					<edr>0</edr>
					<move></move>
					<spell_failure>0</spell_failure>
					<damage></damage>
					<damage_alt></damage_alt>
					<crit_range></crit_range>
					<crit_mult></crit_mult>
					<crit_range_alt></crit_range_alt>
					<crit_mult_alt></crit_mult_alt>
					<range>0 ft.</range>
					<attacks>0.0</attacks>
					<prof></prof>
					<source>Paizo Inc. - Core Rulebook, p.158</source>
					<quality>EQ.0.QUALITY</quality>
				</item>
				<item>
					<longname>Rations, Trail</longname>
					<name>Trail Ration</name>
					<carried>0.0</carried>
					<charges></charges>
					<charges_used></charges_used>
					<contents></contents>
					<contents_num>0</contents_num>
					<content_weight>0</content_weight>
					<cost>0.5</cost>
					<equipped>N</equipped>
					<location>Saddlebags</location>
					<maxcharges>0</maxcharges>
					<note></note>
					<quantity>4</quantity>
					<checkbox>4</checkbox>
					<size>
						<long>Medium</long>
						<short>M</short>
					</size>
					<special_properties></special_properties>
					<type>GOODS.FOOD.RESIZABLE.CONSUMABLE</type>
					<weight>1</weight>
					<total_wt>4</total_wt>
					<total_weight>1</total_weight>
					<bonuslist></bonuslist>
					<acmod>0</acmod>
					<maxdex>100</maxdex>
					<accheck>0</accheck>
					<edr>0</edr>
					<move></move>
					<spell_failure>0</spell_failure>
					<damage></damage>
					<damage_alt></damage_alt>
					<crit_range></crit_range>
					<crit_mult></crit_mult>
					<crit_range_alt></crit_range_alt>
					<crit_mult_alt></crit_mult_alt>
					<range>0 ft.</range>
					<attacks>0.0</attacks>
					<prof></prof>
					<source>Paizo Inc. - Core Rulebook, p.158</source>
					<quality>EQ.0.QUALITY</quality>
				</item>
				<item>
					<longname>Rope of Climbing</longname>
					<name>Rope of Climbing</name>
					<carried>1.0</carried>
					<charges></charges>
					<charges_used></charges_used>
					<contents></contents>
					<contents_num>0</contents_num>
					<content_weight>0</content_weight>
					<cost>3000</cost>
					<equipped>N</equipped>
					<location>Backpack (Masterwork) (Small)</location>
					<maxcharges>0</maxcharges>
					<note></note>
					<quantity>1</quantity>
					<checkbox>1</checkbox>
					<size>
						<long>Medium</long>
						<short>M</short>
					</size>
					<special_properties></special_properties>
					<type>MAGIC.WONDROUS</type>
					<weight>3</weight>
					<total_wt>3</total_wt>
					<total_weight>3</total_weight>
					<bonuslist></bonuslist>
					<acmod>0</acmod>
					<maxdex>100</maxdex>
					<accheck>0</accheck>
					<edr>0</edr>
					<move></move>
					<spell_failure>0</spell_failure>
					<damage></damage>
					<damage_alt></damage_alt>
					<crit_range></crit_range>
					<crit_mult></crit_mult>
					<crit_range_alt></crit_range_alt>
					<crit_mult_alt></crit_mult_alt>
					<range>0 ft.</range>
					<attacks>0.0</attacks>
					<prof></prof>
					<source>Paizo Inc. - Core Rulebook, p.529</source>
					<quality>EQ.0.QUALITY</quality>
				</item>
				<item>
					<longname>Sealing Wax</longname>
					<name>Sealing Wax</name>
					<carried>1.0</carried>
					<charges></charges>
					<charges_used></charges_used>
					<contents></contents>
					<contents_num>0</contents_num>
					<content_weight>0</content_weight>
					<cost>1</cost>
					<equipped>N</equipped>
					<location>Backpack (Masterwork) (Small)</location>
					<maxcharges>0</maxcharges>
					<note></note>
					<quantity>1</quantity>
					<checkbox>1</checkbox>
					<size>
						<long>Medium</long>
						<short>M</short>
					</size>
					<special_properties></special_properties>
					<type>GOODS.GENERAL.WRITING</type>
					<weight>1</weight>
					<total_wt>1</total_wt>
					<total_weight>1</total_weight>
					<bonuslist></bonuslist>
					<acmod>0</acmod>
					<maxdex>100</maxdex>
					<accheck>0</accheck>
					<edr>0</edr>
					<move></move>
					<spell_failure>0</spell_failure>
					<damage></damage>
					<damage_alt></damage_alt>
					<crit_range></crit_range>
					<crit_mult></crit_mult>
					<crit_range_alt></crit_range_alt>
					<crit_mult_alt></crit_mult_alt>
					<range>0 ft.</range>
					<attacks>0.0</attacks>
					<prof></prof>
					<source>Paizo Inc. - Core Rulebook, p.158</source>
					<quality>EQ.0.QUALITY</quality>
				</item>
				<item>
					<longname>Masterwork Thieves&#39; Tools</longname>
					<name>Masterwork Thieves&#39; Tools</name>
					<carried>1.0</carried>
					<charges></charges>
					<charges_used></charges_used>
					<contents></contents>
					<contents_num>0</contents_num>
					<content_weight>0</content_weight>
					<cost>100</cost>
					<equipped>Y</equipped>
					<location>Equipped</location>
					<maxcharges>0</maxcharges>
					<note></note>
					<quantity>1</quantity>
					<checkbox>1</checkbox>
					<size>
						<long>Medium</long>
						<short>M</short>
					</size>
					<special_properties></special_properties>
					<type>GOODS.TOOLS.THIEF.THIEFTOOLS.CUSTOM.MASTERWORK</type>
					<weight>1</weight>
					<total_wt>1</total_wt>
					<total_weight>1</total_weight>
					<bonuslist></bonuslist>
					<acmod>0</acmod>
					<maxdex>100</maxdex>
					<accheck>0</accheck>
					<edr>0</edr>
					<move></move>
					<spell_failure>0</spell_failure>
					<damage></damage>
					<damage_alt></damage_alt>
					<crit_range></crit_range>
					<crit_mult></crit_mult>
					<crit_range_alt></crit_range_alt>
					<crit_mult_alt></crit_mult_alt>
					<range>0 ft.</range>
					<attacks>0.0</attacks>
					<prof></prof>
					<source>Custom - Paizo Inc. - Core Rulebook, p.161</source>
					<quality>EQ.0.QUALITY</quality>
				</item>
				<item>
					<longname>Pouch, Belt</longname>
					<name>Belt Pouch</name>
					<carried>1.0</carried>
					<charges></charges>
					<charges_used></charges_used>
					<contents>0.14 lbs., 1 Gold Piece, 6 Silver Piece</contents>
					<contents_num>2</contents_num>
					<content_weight>0.14</content_weight>
					<cost>1</cost>
					<equipped>Y</equipped>
					<location>Equipped</location>
					<maxcharges>0</maxcharges>
					<note></note>
					<quantity>1</quantity>
					<checkbox>1</checkbox>
					<size>
						<long>Medium</long>
						<short>M</short>
					</size>
					<special_properties></special_properties>
					<type>GOODS.CONTAINER.GENERAL.RESIZABLE</type>
					<weight>0.5</weight>
					<total_wt>0.5</total_wt>
					<total_weight>0.64</total_weight>
					<bonuslist></bonuslist>
					<acmod>0</acmod>
					<maxdex>100</maxdex>
					<accheck>0</accheck>
					<edr>0</edr>
					<move></move>
					<spell_failure>0</spell_failure>
					<damage></damage>
					<damage_alt></damage_alt>
					<crit_range></crit_range>
					<crit_mult></crit_mult>
					<crit_range_alt></crit_range_alt>
					<crit_mult_alt></crit_mult_alt>
					<range>0 ft.</range>
					<attacks>0.0</attacks>
					<prof></prof>
					<source>Paizo Inc. - Core Rulebook, p.158</source>
					<quality>EQ.0.QUALITY</quality>
				</item>
				<item>
					<longname>Gold Piece</longname>
					<name>Gold Piece</name>
					<carried>1.0</carried>
					<charges></charges>
					<charges_used></charges_used>
					<contents></contents>
					<contents_num>0</contents_num>
					<content_weight>0</content_weight>
					<cost>1</cost>
					<equipped>N</equipped>
					<location>Belt Pouch</location>
					<maxcharges>0</maxcharges>
					<note></note>
					<quantity>1</quantity>
					<checkbox>1</checkbox>
					<size>
						<long>Medium</long>
						<short>M</short>
					</size>
					<special_properties></special_properties>
					<type>COIN</type>
					<weight>0.02</weight>
					<total_wt>0.02</total_wt>
					<total_weight>0.02</total_weight>
					<bonuslist></bonuslist>
					<acmod>0</acmod>
					<maxdex>100</maxdex>
					<accheck>0</accheck>
					<edr>0</edr>
					<move></move>
					<spell_failure>0</spell_failure>
					<damage></damage>
					<damage_alt></damage_alt>
					<crit_range></crit_range>
					<crit_mult></crit_mult>
					<crit_range_alt></crit_range_alt>
					<crit_mult_alt></crit_mult_alt>
					<range>0 ft.</range>
					<attacks>0.0</attacks>
					<prof></prof>
					<source>Paizo Inc. - Core Rulebook, p.140</source>
					<quality>EQ.0.QUALITY</quality>
				</item>
				<item>
					<longname>Silver Piece</longname>
					<name>Silver Piece</name>
					<carried>6.0</carried>
					<charges></charges>
					<charges_used></charges_used>
					<contents></contents>
					<contents_num>0</contents_num>
					<content_weight>0</content_weight>
					<cost>0.1</cost>
					<equipped>N</equipped>
					<location>Belt Pouch</location>
					<maxcharges>0</maxcharges>
					<note></note>
					<quantity>6</quantity>
					<checkbox>6</checkbox>
					<size>
						<long>Medium</long>
						<short>M</short>
					</size>
					<special_properties></special_properties>
					<type>COIN</type>
					<weight>0.02</weight>
					<total_wt>0.12</total_wt>
					<total_weight>0.02</total_weight>
					<bonuslist></bonuslist>
					<acmod>0</acmod>
					<maxdex>100</maxdex>
					<accheck>0</accheck>
					<edr>0</edr>
					<move></move>
					<spell_failure>0</spell_failure>
					<damage></damage>
					<damage_alt></damage_alt>
					<crit_range></crit_range>
					<crit_mult></crit_mult>
					<crit_range_alt></crit_range_alt>
					<crit_mult_alt></crit_mult_alt>
					<range>0 ft.</range>
					<attacks>0.0</attacks>
					<prof></prof>
					<source>Paizo Inc. - Core Rulebook, p.140</source>
					<quality>EQ.0.QUALITY</quality>
				</item>
				<item>
					<longname>Sling (Small)</longname>
					<name>Sling (Small)</name>
					<carried>1.0</carried>
					<charges></charges>
					<charges_used></charges_used>
					<contents>0 lbs.</contents>
					<contents_num>0</contents_num>
					<content_weight>0</content_weight>
					<cost>0</cost>
					<equipped>N</equipped>
					<location>Carried</location>
					<maxcharges>0</maxcharges>
					<note></note>
					<quantity>1</quantity>
					<checkbox>1</checkbox>
					<size>
						<long>Small</long>
						<short>S</short>
					</size>
					<special_properties></special_properties>
					<type>WEAPON.RESIZABLE.RANGED.SIMPLE.CONTAINER.PROJECTILE.BLUDGEONING.SLING.WEAPON GROUP THROWN.CUSTOM</type>
					<weight>0</weight>
					<total_wt>0</total_wt>
					<total_weight>0</total_weight>
					<bonuslist></bonuslist>
					<acmod>0</acmod>
					<maxdex>100</maxdex>
					<accheck>0</accheck>
					<edr>0</edr>
					<move></move>
					<spell_failure>0</spell_failure>
					<damage>1d3</damage>
					<damage_alt></damage_alt>
					<crit_range>1</crit_range>
					<crit_mult>x2</crit_mult>
					<crit_range_alt></crit_range_alt>
					<crit_mult_alt></crit_mult_alt>
					<range>50 ft.</range>
					<attacks>0.0</attacks>
					<prof>Sling</prof>
					<source>Custom - Paizo Inc. - Core Rulebook, p.148</source>
					<quality>EQ.0.QUALITY</quality>
				</item>
				<item>
					<longname>Masterwork Sap (Small)</longname>
					<name>Masterwork Sap (Small)</name>
					<carried>1.0</carried>
					<charges></charges>
					<charges_used></charges_used>
					<contents></contents>
					<contents_num>0</contents_num>
					<content_weight>0</content_weight>
					<cost>301</cost>
					<equipped>N</equipped>
					<location>Carried</location>
					<maxcharges>0</maxcharges>
					<note></note>
					<quantity>1</quantity>
					<checkbox>1</checkbox>
					<size>
						<long>Small</long>
						<short>S</short>
					</size>
					<special_properties>nonlethal</special_properties>
					<type>WEAPON.RESIZABLE.MELEE.MARTIAL.LIGHT.FINESSEABLE.BLUDGEONING.SAP.CLOSE.WEAPON GROUP CLOSE.CUSTOM.NONLETHAL.MASTERWORK</type>
					<weight>1</weight>
					<total_wt>1</total_wt>
					<total_weight>1</total_weight>
					<bonuslist></bonuslist>
					<acmod>0</acmod>
					<maxdex>100</maxdex>
					<accheck>0</accheck>
					<edr>0</edr>
					<move></move>
					<spell_failure>0</spell_failure>
					<damage>1d4</damage>
					<damage_alt></damage_alt>
					<crit_range>1</crit_range>
					<crit_mult>x2</crit_mult>
					<crit_range_alt></crit_range_alt>
					<crit_mult_alt></crit_mult_alt>
					<range>0 ft.</range>
					<attacks>0.0</attacks>
					<prof>Sap</prof>
					<source>Custom - Paizo Inc. - Core Rulebook, p.142</source>
					<quality>EQ.0.QUALITY</quality>
				</item>
				<item>
					<longname>Dog, Riding</longname>
					<name>Riding Dog</name>
					<carried>0.0</carried>
					<charges></charges>
					<charges_used></charges_used>
					<contents>73.5 lbs., 1 Dagger (Small), 1 Bedroll, 1 Masterwork Morningstar (Small/Alchemical Silver), 1 Masterwork Rapier (Small/Cold Iron), 1 Riding Saddle, 1 Saddlebags, 1 Waterskin</contents>
					<contents_num>7</contents_num>
					<content_weight>73.5</content_weight>
					<cost>150</cost>
					<equipped>N</equipped>
					<location></location>
					<maxcharges>0</maxcharges>
					<note></note>
					<quantity>1</quantity>
					<checkbox>1</checkbox>
					<size>
						<long>Medium</long>
						<short>M</short>
					</size>
					<special_properties></special_properties>
					<type>MOUNT.GOODS.TRANSPORTATION.CONTAINER</type>
					<weight>0</weight>
					<total_wt>0</total_wt>
					<total_weight>73.5</total_weight>
					<bonuslist></bonuslist>
					<acmod>0</acmod>
					<maxdex>100</maxdex>
					<accheck>0</accheck>
					<edr>0</edr>
					<move></move>
					<spell_failure>0</spell_failure>
					<damage></damage>
					<damage_alt></damage_alt>
					<crit_range></crit_range>
					<crit_mult></crit_mult>
					<crit_range_alt></crit_range_alt>
					<crit_mult_alt></crit_mult_alt>
					<range>0 ft.</range>
					<attacks>0.0</attacks>
					<prof></prof>
					<source>Paizo Inc. - Core Rulebook, p.162</source>
					<quality>EQ.0.QUALITY</quality>
				</item>
				<item>
					<longname>Dagger (Small)</longname>
					<name>Dagger (Small)</name>
					<carried>0.0</carried>
					<charges></charges>
					<charges_used></charges_used>
					<contents></contents>
					<contents_num>0</contents_num>
					<content_weight>0</content_weight>
					<cost>2</cost>
					<equipped>N</equipped>
					<location>Riding Dog</location>
					<maxcharges>0</maxcharges>
					<note></note>
					<quantity>1</quantity>
					<checkbox>1</checkbox>
					<size>
						<long>Small</long>
						<short>S</short>
					</size>
					<special_properties></special_properties>
					<type>WEAPON.RESIZABLE.MELEE.SIMPLE.LIGHT.FINESSEABLE.RANGED.THROWN.PIERCING.SLASHING.DAGGER.BLADELIGHT.WEAPON GROUP BLADES LIGHT.WEAPON GROUP THROWN.CUSTOM.METAL</type>
					<weight>0.5</weight>
					<total_wt>0.5</total_wt>
					<total_weight>0.5</total_weight>
					<bonuslist></bonuslist>
					<acmod>0</acmod>
					<maxdex>100</maxdex>
					<accheck>0</accheck>
					<edr>0</edr>
					<move></move>
					<spell_failure>0</spell_failure>
					<damage>1d3</damage>
					<damage_alt></damage_alt>
					<crit_range>2</crit_range>
					<crit_mult>x2</crit_mult>
					<crit_range_alt></crit_range_alt>
					<crit_mult_alt></crit_mult_alt>
					<range>10 ft.</range>
					<attacks>0.0</attacks>
					<prof>Dagger</prof>
					<source>Custom - Paizo Inc. - Core Rulebook, p.146</source>
					<quality>EQ.0.QUALITY</quality>
				</item>
				<item>
					<longname>Bedroll</longname>
					<name>Bedroll</name>
					<carried>0.0</carried>
					<charges></charges>
					<charges_used></charges_used>
					<contents></contents>
					<contents_num>0</contents_num>
					<content_weight>0</content_weight>
					<cost>0.1</cost>
					<equipped>N</equipped>
					<location>Riding Dog</location>
					<maxcharges>0</maxcharges>
					<note></note>
					<quantity>1</quantity>
					<checkbox>1</checkbox>
					<size>
						<long>Medium</long>
						<short>M</short>
					</size>
					<special_properties></special_properties>
					<type>GOODS.GENERAL.RESIZABLE</type>
					<weight>5</weight>
					<total_wt>5</total_wt>
					<total_weight>5</total_weight>
					<bonuslist></bonuslist>
					<acmod>0</acmod>
					<maxdex>100</maxdex>
					<accheck>0</accheck>
					<edr>0</edr>
					<move></move>
					<spell_failure>0</spell_failure>
					<damage></damage>
					<damage_alt></damage_alt>
					<crit_range></crit_range>
					<crit_mult></crit_mult>
					<crit_range_alt></crit_range_alt>
					<crit_mult_alt></crit_mult_alt>
					<range>0 ft.</range>
					<attacks>0.0</attacks>
					<prof></prof>
					<source>Paizo Inc. - Core Rulebook, p.158</source>
					<quality>EQ.0.QUALITY</quality>
				</item>
				<item>
					<longname>Masterwork Morningstar (Small/Alchemical Silver)</longname>
					<name>Masterwork Morningstar (Small/Alchemical Silver)</name>
					<carried>0.0</carried>
					<charges></charges>
					<charges_used></charges_used>
					<contents></contents>
					<contents_num>0</contents_num>
					<content_weight>0</content_weight>
					<cost>398</cost>
					<equipped>N</equipped>
					<location>Riding Dog</location>
					<maxcharges>0</maxcharges>
					<note></note>
					<quantity>1</quantity>
					<checkbox>1</checkbox>
					<size>
						<long>Small</long>
						<short>S</short>
					</size>
					<special_properties>silver</special_properties>
					<type>WEAPON.RESIZABLE.MELEE.SIMPLE.ONEHANDED.BLUDGEONING.PIERCING.MACE.FLAIL.WEAPON GROUP FLAILS.CUSTOM.METAL.SILVER.MASTERWORK</type>
					<weight>3</weight>
					<total_wt>3</total_wt>
					<total_weight>3</total_weight>
					<bonuslist></bonuslist>
					<acmod>0</acmod>
					<maxdex>100</maxdex>
					<accheck>0</accheck>
					<edr>0</edr>
					<move></move>
					<spell_failure>0</spell_failure>
					<damage>1d6</damage>
					<damage_alt></damage_alt>
					<crit_range>1</crit_range>
					<crit_mult>x2</crit_mult>
					<crit_range_alt></crit_range_alt>
					<crit_mult_alt></crit_mult_alt>
					<range>0 ft.</range>
					<attacks>0.0</attacks>
					<prof>Morningstar</prof>
					<source>Custom - Paizo Inc. - Core Rulebook, p.147</source>
					<quality>EQ.0.QUALITY</quality>
				</item>
				<item>
					<longname>Masterwork Rapier (Small/Cold Iron)</longname>
					<name>Masterwork Rapier (Small/Cold Iron)</name>
					<carried>0.0</carried>
					<charges></charges>
					<charges_used></charges_used>
					<contents></contents>
					<contents_num>0</contents_num>
					<content_weight>0</content_weight>
					<cost>340</cost>
					<equipped>N</equipped>
					<location>Riding Dog</location>
					<maxcharges>0</maxcharges>
					<note></note>
					<quantity>1</quantity>
					<checkbox>1</checkbox>
					<size>
						<long>Small</long>
						<short>S</short>
					</size>
					<special_properties>cold iron</special_properties>
					<type>WEAPON.RESIZABLE.MELEE.MARTIAL.ONEHANDED.FINESSEABLE.PIERCING.MELEEPIERCING.SWORD.BLADELIGHT.WEAPON GROUP BLADES LIGHT.WEAPON GROUP MELEE ONEHANDED PIERCING.CUSTOM.METAL.MASTERWORK.COLDIRON</type>
					<weight>1</weight>
					<total_wt>1</total_wt>
					<total_weight>1</total_weight>
					<bonuslist></bonuslist>
					<acmod>0</acmod>
					<maxdex>100</maxdex>
					<accheck>0</accheck>
					<edr>0</edr>
					<move></move>
					<spell_failure>0</spell_failure>
					<damage>1d4</damage>
					<damage_alt></damage_alt>
					<crit_range>3</crit_range>
					<crit_mult>x2</crit_mult>
					<crit_range_alt></crit_range_alt>
					<crit_mult_alt></crit_mult_alt>
					<range>0 ft.</range>
					<attacks>0.0</attacks>
					<prof>Rapier</prof>
					<source>Custom - Paizo Inc. - Core Rulebook, p.148</source>
					<quality>EQ.0.QUALITY</quality>
				</item>
				<item>
					<longname>Saddle, Riding</longname>
					<name>Riding Saddle</name>
					<carried>0.0</carried>
					<charges></charges>
					<charges_used></charges_used>
					<contents></contents>
					<contents_num>0</contents_num>
					<content_weight>0</content_weight>
					<cost>10</cost>
					<equipped>N</equipped>
					<location>Riding Dog</location>
					<maxcharges>0</maxcharges>
					<note></note>
					<quantity>1</quantity>
					<checkbox>1</checkbox>
					<size>
						<long>Medium</long>
						<short>M</short>
					</size>
					<special_properties></special_properties>
					<type>GOODS.MOUNT.SADDLE.RESIZABLE</type>
					<weight>25</weight>
					<total_wt>25</total_wt>
					<total_weight>25</total_weight>
					<bonuslist></bonuslist>
					<acmod>0</acmod>
					<maxdex>100</maxdex>
					<accheck>0</accheck>
					<edr>0</edr>
					<move></move>
					<spell_failure>0</spell_failure>
					<damage></damage>
					<damage_alt></damage_alt>
					<crit_range></crit_range>
					<crit_mult></crit_mult>
					<crit_range_alt></crit_range_alt>
					<crit_mult_alt></crit_mult_alt>
					<range>0 ft.</range>
					<attacks>0.0</attacks>
					<prof></prof>
					<source>Paizo Inc. - Core Rulebook, p.162</source>
					<quality>EQ.0.QUALITY</quality>
				</item>
				<item>
					<longname>Saddlebags</longname>
					<name>Saddlebags</name>
					<carried>0.0</carried>
					<charges></charges>
					<charges_used></charges_used>
					<contents>31 lbs., 1 Oil, 4 Trail Ration, 1 Grappling Hook, 1 Map Maker&#39;s Kit, 1 Small Tent</contents>
					<contents_num>5</contents_num>
					<content_weight>31</content_weight>
					<cost>4</cost>
					<equipped>N</equipped>
					<location>Riding Dog</location>
					<maxcharges>0</maxcharges>
					<note></note>
					<quantity>1</quantity>
					<checkbox>1</checkbox>
					<size>
						<long>Medium</long>
						<short>M</short>
					</size>
					<special_properties></special_properties>
					<type>GOODS.CONTAINER.MOUNT.RESIZABLE</type>
					<weight>8</weight>
					<total_wt>8</total_wt>
					<total_weight>39</total_weight>
					<bonuslist></bonuslist>
					<acmod>0</acmod>
					<maxdex>100</maxdex>
					<accheck>0</accheck>
					<edr>0</edr>
					<move></move>
					<spell_failure>0</spell_failure>
					<damage></damage>
					<damage_alt></damage_alt>
					<crit_range></crit_range>
					<crit_mult></crit_mult>
					<crit_range_alt></crit_range_alt>
					<crit_mult_alt></crit_mult_alt>
					<range>0 ft.</range>
					<attacks>0.0</attacks>
					<prof></prof>
					<source>Paizo Inc. - Core Rulebook, p.159</source>
					<quality>EQ.0.QUALITY</quality>
				</item>
				<item>
					<longname>Grappling Hook</longname>
					<name>Grappling Hook</name>
					<carried>0.0</carried>
					<charges></charges>
					<charges_used></charges_used>
					<contents></contents>
					<contents_num>0</contents_num>
					<content_weight>0</content_weight>
					<cost>1</cost>
					<equipped>N</equipped>
					<location>Saddlebags</location>
					<maxcharges>0</maxcharges>
					<note></note>
					<quantity>1</quantity>
					<checkbox>1</checkbox>
					<size>
						<long>Medium</long>
						<short>M</short>
					</size>
					<special_properties></special_properties>
					<type>GOODS.GENERAL</type>
					<weight>4</weight>
					<total_wt>4</total_wt>
					<total_weight>4</total_weight>
					<bonuslist></bonuslist>
					<acmod>0</acmod>
					<maxdex>100</maxdex>
					<accheck>0</accheck>
					<edr>0</edr>
					<move></move>
					<spell_failure>0</spell_failure>
					<damage></damage>
					<damage_alt></damage_alt>
					<crit_range></crit_range>
					<crit_mult></crit_mult>
					<crit_range_alt></crit_range_alt>
					<crit_mult_alt></crit_mult_alt>
					<range>0 ft.</range>
					<attacks>0.0</attacks>
					<prof></prof>
					<source>Paizo Inc. - Core Rulebook, p.155</source>
					<quality>EQ.0.QUALITY</quality>
				</item>
				<item>
					<longname>Map Maker&#39;s Kit</longname>
					<name>Map Maker&#39;s Kit</name>
					<carried>0.0</carried>
					<charges></charges>
					<charges_used></charges_used>
					<contents></contents>
					<contents_num>0</contents_num>
					<content_weight>0</content_weight>
					<cost>10</cost>
					<equipped>N</equipped>
					<location>Saddlebags</location>
					<maxcharges>0</maxcharges>
					<note></note>
					<quantity>1</quantity>
					<checkbox>1</checkbox>
					<size>
						<long>Medium</long>
						<short>M</short>
					</size>
					<special_properties></special_properties>
					<type>GOODS.TOOLS</type>
					<weight>2</weight>
					<total_wt>2</total_wt>
					<total_weight>2</total_weight>
					<bonuslist></bonuslist>
					<acmod>0</acmod>
					<maxdex>100</maxdex>
					<accheck>0</accheck>
					<edr>0</edr>
					<move></move>
					<spell_failure>0</spell_failure>
					<damage></damage>
					<damage_alt></damage_alt>
					<crit_range></crit_range>
					<crit_mult></crit_mult>
					<crit_range_alt></crit_range_alt>
					<crit_mult_alt></crit_mult_alt>
					<range>0 ft.</range>
					<attacks>0.0</attacks>
					<prof></prof>
					<source>Paizo Inc. - Advanced Player&#39;s Guide, p.182</source>
					<quality>EQ.0.QUALITY</quality>
				</item>
				<item>
					<longname>Tent</longname>
					<name>Small Tent</name>
					<carried>0.0</carried>
					<charges></charges>
					<charges_used></charges_used>
					<contents></contents>
					<contents_num>0</contents_num>
					<content_weight>0</content_weight>
					<cost>10</cost>
					<equipped>N</equipped>
					<location>Saddlebags</location>
					<maxcharges>0</maxcharges>
					<note></note>
					<quantity>1</quantity>
					<checkbox>1</checkbox>
					<size>
						<long>Medium</long>
						<short>M</short>
					</size>
					<special_properties></special_properties>
					<type>GOODS.GENERAL.RESIZABLE</type>
					<weight>20</weight>
					<total_wt>20</total_wt>
					<total_weight>20</total_weight>
					<bonuslist></bonuslist>
					<acmod>0</acmod>
					<maxdex>100</maxdex>
					<accheck>0</accheck>
					<edr>0</edr>
					<move></move>
					<spell_failure>0</spell_failure>
					<damage></damage>
					<damage_alt></damage_alt>
					<crit_range></crit_range>
					<crit_mult></crit_mult>
					<crit_range_alt></crit_range_alt>
					<crit_mult_alt></crit_mult_alt>
					<range>0 ft.</range>
					<attacks>0.0</attacks>
					<prof></prof>
					<source>Paizo Inc. - Advanced Player&#39;s Guide, p.182</source>
					<quality>EQ.0.QUALITY</quality>
				</item>
				<item>
					<longname>Waterskin</longname>
					<name>Waterskin</name>
					<carried>0.0</carried>
					<charges></charges>
					<charges_used></charges_used>
					<contents>0 lbs.</contents>
					<contents_num>0</contents_num>
					<content_weight>0</content_weight>
					<cost>1</cost>
					<equipped>N</equipped>
					<location>Riding Dog</location>
					<maxcharges>0</maxcharges>
					<note></note>
					<quantity>1</quantity>
					<checkbox>1</checkbox>
					<size>
						<long>Medium</long>
						<short>M</short>
					</size>
					<special_properties></special_properties>
					<type>GOODS.CONTAINER.GENERAL</type>
					<weight>0</weight>
					<total_wt>0</total_wt>
					<total_weight>0</total_weight>
					<bonuslist></bonuslist>
					<acmod>0</acmod>
					<maxdex>100</maxdex>
					<accheck>0</accheck>
					<edr>0</edr>
					<move></move>
					<spell_failure>0</spell_failure>
					<damage></damage>
					<damage_alt></damage_alt>
					<crit_range></crit_range>
					<crit_mult></crit_mult>
					<crit_range_alt></crit_range_alt>
					<crit_mult_alt></crit_mult_alt>
					<range>0 ft.</range>
					<attacks>0.0</attacks>
					<prof></prof>
					<source>Paizo Inc. - Core Rulebook, p.158</source>
					<quality>EQ.0.QUALITY</quality>
				</item>
			</equipmentset>
		</equipmentsets>
	</equipment>
	<weight_allowance>
		<light>37</light>
		<medium>75</medium>
		<heavy>112</heavy>
		<lift_over_head>112</lift_over_head>
		<lift_off_ground>225</lift_off_ground>
		<!-- And loses Dex bonus to AC and can only move 5 feet per round as a full-round action -->
		<push_drag>562</push_drag>
	</weight_allowance>
	<!--
	  ====================================
	  ====================================
			SPECIAL ABILITIES
	  ====================================
	  ====================================-->
	<special_abilities>
		<race></race>
		<class>
			<class>Rogue</class>
			<ability></ability>
		</class>
	</special_abilities>
	<!--
	  ====================================
	  ====================================
			FEATS
	  ====================================
	  ====================================-->
	<feats>
		<!-- Visible standard feats (not including the auto feats) -->
		<feat>
			<name>Combat Expertise</name>
			<description>You can increase your defense at the expense of your accuracy.</description>
			<benefit>You can choose to take a -3 penalty on melee attack rolls and combat maneuver checks to gain a +3 dodge bonus to your Armor Class. You can only choose to use this feat when you declare that you are making an attack or a full-attack action with a melee weapon. The effects of this feat last until your next turn.</benefit>
			<type>COMBAT.ATTACKOPTION.MODIFYAC.DRUIDSHAMANSERPENT</type>
			<associated></associated>
			<count>0</count>
			<auto>F</auto>
			<hidden>F</hidden>
			<virtual>F</virtual>
			<source>Paizo Inc. - Core Rulebook, p.119</source>
		</feat>
		<feat>
			<name>Dodge</name>
			<description>Your training and reflexes allow you to react swiftly to avoid an opponent&#39;s attack.</description>
			<benefit>You gain a +1 dodge bonus to your AC. A condition that makes you lose your Dex bonus to AC also makes you lose the benefits of this feat.</benefit>
			<type>COMBAT.DRUIDSHAMANLION</type>
			<associated></associated>
			<count>0</count>
			<auto>F</auto>
			<hidden>F</hidden>
			<virtual>F</virtual>
			<source>Paizo Inc. - Core Rulebook, p.122</source>
		</feat>
		<feat>
			<name>Fleet</name>
			<description>You are faster than most.</description>
			<benefit>While you are wearing light or no armor, your base speed increases by 5 feet. You lose the benefits of this feat if you carry a medium or heavy load.</benefit>
			<type>GENERAL</type>
			<associated></associated>
			<count>1</count>
			<auto>F</auto>
			<hidden>F</hidden>
			<virtual>F</virtual>
			<source>Paizo Inc. - Core Rulebook, p.124</source>
		</feat>
		<feat>
			<name>Improved Two-Weapon Fighting</name>
			<description>You are skilled at fighting with two weapons.</description>
			<benefit>In addition to the standard single extra attack you get with an off-hand weapon, you get a second attack with it, albeit at a -5 penalty.</benefit>
			<type>COMBAT</type>
			<associated></associated>
			<count>0</count>
			<auto>F</auto>
			<hidden>F</hidden>
			<virtual>F</virtual>
			<source>Paizo Inc. - Core Rulebook, p.128</source>
		</feat>
		<feat>
			<name>Quick Draw</name>
			<description>You can draw weapons faster than most.</description>
			<benefit>You can draw a weapon as a free action instead of as a move action. You can draw a hidden weapon (see the Sleight of Hand skill) as a move action. A character who has selected this feat may throw weapons at his full normal rate of attacks (much like a character with a bow). Alchemical items, potions, scrolls, and wands cannot be drawn quickly using this feat.</benefit>
			<type>COMBAT</type>
			<associated></associated>
			<count>0</count>
			<auto>F</auto>
			<hidden>F</hidden>
			<virtual>F</virtual>
			<source>Paizo Inc. - Core Rulebook, p.131</source>
		</feat>
		<feat>
			<name>Two-Weapon Fighting</name>
			<description>You can fight with a weapon in each of your hands. You can make one extra attack each round with the secondary weapon.</description>
			<benefit>Your penalties on attack rolls for fighting with two weapons are reduced. The penalty for your primary hand lessens by 2 and the one for your off hand lessens by 6. See Two-Weapon Fighting in Chapter 8.</benefit>
			<type>COMBAT</type>
			<associated></associated>
			<count>0</count>
			<auto>F</auto>
			<hidden>F</hidden>
			<virtual>F</virtual>
			<source>Paizo Inc. - Core Rulebook, p.136</source>
		</feat>
		<feat>
			<name>Weapon Finesse</name>
			<description>You are trained in using your agility in melee combat, as opposed to brute strength.</description>
			<benefit>With a light weapon, rapier, whip, or spiked chain made for a creature of your size category, you may use your Dexterity modifier instead of your Strength modifier on attack rolls. If you carry a shield, its armor check penalty applies to your attack rolls.</benefit>
			<type>COMBAT</type>
			<associated></associated>
			<count>0</count>
			<auto>F</auto>
			<hidden>F</hidden>
			<virtual>F</virtual>
			<source>Paizo Inc. - Core Rulebook, p.136</source>
		</feat>

		<!-- Auto feats -->

		<!-- Virtual Feats -->
		<!-- End Virtual Feats -->
		<!-- Hidden feats (all feats less the virtual, automatic and visible ones) -->
		<!-- Hidden VFEATS -->
		<!-- END Hidden VFEATS -->
		<feat>
			<name>CMB Output</name>
			<description></description>
			<benefit></benefit>
			<type>INTERNAL</type>
			<associated></associated>
			<count>0</count>
			<auto>T</auto>
			<hidden>T</hidden>
			<virtual>F</virtual>
			<source>Paizo Inc. - Core Rulebook</source>
		</feat>
	</feats>

	<!--
	  ====================================
	  ====================================
			ARCHETYPES
	  ====================================
	  ====================================-->
	<archetypes>
	</archetypes>
	<!--
	  ====================================
	  ====================================
			SPECIAL QUALITIES
	  ====================================
	  ====================================-->
	<special_qualities>
		<!-- Visible All "Special Ability" Ability Objects -->
		<special_quality>
			<name>Bonus Hit Point (6x)</name>
			<description></description>
			<type>FAVOREDCLASSBONUS.SPECIALQUALITY</type>
			<associated>,,,,,</associated>
			<count>6</count>
			<aspect></aspect>
			<auto>F</auto>
			<hidden>F</hidden>
			<virtual>F</virtual>
			<category>Special Ability</category>
			<source>Paizo Inc. - Core Rulebook</source>
		</special_quality>
		<special_quality>
			<name>Bonus Skill Rank (Handle Animal, Knowledge (Dungeoneering), Knowledge (Engineering), Knowledge (Geography), Knowledge (Local), Sense Motive)</name>
			<description></description>
			<type>FAVOREDCLASSBONUS.SPECIALQUALITY</type>
			<associated>Handle Animal,Knowledge (Dungeoneering),Knowledge (Engineering),Knowledge (Geography),Knowledge (Local),Sense Motive</associated>
			<count>6</count>
			<aspect></aspect>
			<auto>F</auto>
			<hidden>F</hidden>
			<virtual>F</virtual>
			<category>Special Ability</category>
			<source>Paizo Inc. - Core Rulebook</source>
		</special_quality>
		<special_quality>
			<name>Canny Observer (Ex)</name>
			<description>When a rogue with this talent makes a Perception check to hear the details of a conversation or to find concealed or secret objects (including doors and traps), she gains a +4 bonus.</description>
			<type>ROGUETALENT.SPECIALQUALITY.EXTRAORDINARY</type>
			<associated></associated>
			<count>0</count>
			<aspect></aspect>
			<auto>F</auto>
			<hidden>F</hidden>
			<virtual>F</virtual>
			<category>Special Ability</category>
			<source>Paizo Inc. - Advanced Player&#39;s Guide, p.130</source>
		</special_quality>
		<special_quality>
			<name>Fearless</name>
			<description>Halflings receive a +2 racial bonus on all saving throws against fear. This bonus stacks with the bonus granted by halfling luck.</description>
			<type>RACIALTRAITS.HALFLING RACIAL TRAIT.HALFLING RACIAL DEFAULT.SPECIALQUALITY</type>
			<associated></associated>
			<count>0</count>
			<aspect>SaveBonus: +2 racial bonus on all saving throws against fear. This bonus stacks with the bonus granted by halfling luck.</aspect>
			<auto>F</auto>
			<hidden>F</hidden>
			<virtual>F</virtual>
			<category>Special Ability</category>
			<source>Paizo Inc. - Core Rulebook, p.26</source>
		</special_quality>
		<special_quality>
			<name>Guileful Polyglot (Aklo, Giant, Hallit, Varisian) (Ex)</name>
			<description>A rogue with this talent who has at least one rank in Linguistics gains four additional languages. A rogue with this talent who does not have any ranks in Linguistics gains two additional languages. If the rogue later gains ranks in Linguistics, she gains two additional languages, to a total of four additional languages above those granted by the Linguistics skill itself.</description>
			<type>GUILEFULPOLYGOTLANG.SPECIALQUALITY.EXTRAORDINARY</type>
			<associated>Aklo,Giant,Hallit,Varisian</associated>
			<count>4</count>
			<aspect></aspect>
			<auto>F</auto>
			<hidden>F</hidden>
			<virtual>F</virtual>
			<category>Special Ability</category>
			<source>Paizo Inc. - Advanced Player&#39;s Guide, p.130</source>
		</special_quality>
		<special_quality>
			<name>Halfling Luck</name>
			<description>Halflings receive a +1 racial bonus on all saving throws.</description>
			<type>RACIALTRAITS.HALFLING RACIAL TRAIT.HALFLING RACIAL DEFAULT.SPECIALQUALITY</type>
			<associated></associated>
			<count>0</count>
			<aspect></aspect>
			<auto>F</auto>
			<hidden>F</hidden>
			<virtual>F</virtual>
			<category>Special Ability</category>
			<source>Paizo Inc. - Core Rulebook, p.26</source>
		</special_quality>
		<special_quality>
			<name>Improved Evasion (Ex)</name>
			<description>You can avoid damage from many area-effect attacks. If you make a successful Reflex save against an attack that normally deals half damage on a successful save, you instead take no damage, and even on a failed saving throw you take only half damage. If you are helpless, you do not gain the benefit of improved evasion.</description>
			<type>SPECIALQUALITY.EXTRAORDINARY.DEFENSIVE.ADVANCEDROGUETALENT.ROGUECLASSFEATURES.RANGERCLASSFEATURES.MONKCLASSFEATURES</type>
			<associated></associated>
			<count>0</count>
			<aspect></aspect>
			<auto>F</auto>
			<hidden>F</hidden>
			<virtual>F</virtual>
			<category>Special Ability</category>
			<source>Paizo Inc. - Core Rulebook</source>
		</special_quality>
		<special_quality>
			<name>Improved Uncanny Dodge (Ex)</name>
			<description>You can no longer be flanked. This defense denies a rogue the ability to sneak attack you by flanking you, unless the attacker is a rogue of at least level 16.</description>
			<type>SPECIALQUALITY.EXTRAORDINARY.DEFENSIVE</type>
			<associated></associated>
			<count>0</count>
			<aspect></aspect>
			<auto>F</auto>
			<hidden>F</hidden>
			<virtual>F</virtual>
			<category>Special Ability</category>
			<source>Paizo Inc. - Core Rulebook</source>
		</special_quality>
		<special_quality>
			<name>Keen Senses</name>
			<description>Halflings receive a +2 racial bonus on Perception skill checks.</description>
			<type>RACIALTRAITS.HALFLING RACIAL TRAIT.HALFLING RACIAL DEFAULT.SPECIALQUALITY</type>
			<associated></associated>
			<count>0</count>
			<aspect></aspect>
			<auto>F</auto>
			<hidden>F</hidden>
			<virtual>F</virtual>
			<category>Special Ability</category>
			<source>Paizo Inc. - Core Rulebook, p.26</source>
		</special_quality>
		<special_quality>
			<name>Sure-Footed</name>
			<description>Halflings receive a +2 racial bonus on Acrobatics and Climb skill checks.</description>
			<type>RACIALTRAITS.HALFLING RACIAL TRAIT.HALFLING RACIAL DEFAULT.SPECIALQUALITY</type>
			<associated></associated>
			<count>0</count>
			<aspect></aspect>
			<auto>F</auto>
			<hidden>F</hidden>
			<virtual>F</virtual>
			<category>Special Ability</category>
			<source>Paizo Inc. - Core Rulebook, p.26</source>
		</special_quality>
		<special_quality>
			<name>Trapfinding (Ex)</name>
			<description>You add +6 to Perception skill checks made to locate traps and to Disable Device skill checks. You can use the Disable Device skill to disarm magical traps.</description>
			<type>ROGUECLASSFEATURES.RANGERCLASSFEATURES.SPECIALQUALITY.EXTRAORDINARY.TRAPFINDING</type>
			<associated></associated>
			<count>0</count>
			<aspect></aspect>
			<auto>F</auto>
			<hidden>F</hidden>
			<virtual>F</virtual>
			<category>Special Ability</category>
			<source>Paizo Inc. - Core Rulebook, p.68</source>
		</special_quality>
		<special_quality>
			<name>Trap Sense (Ex)</name>
			<description>You gain a +4 bonus on Reflex saves made to avoid traps, and a +4 dodge bonus to AC against attacks made by traps.</description>
			<type>SPECIALQUALITY.EXTRAORDINARY.DEFENSIVE.BARBARIANCLASSFEATURES.CLASSFEATURES</type>
			<associated></associated>
			<count>0</count>
			<aspect>Ability Benefit: +4, SaveBonus: +4 Reflex to avoid traps</aspect>
			<auto>F</auto>
			<hidden>F</hidden>
			<virtual>F</virtual>
			<category>Special Ability</category>
			<source>Paizo Inc. - Core Rulebook</source>
		</special_quality>
		<special_quality>
			<name>Trap Spotter (Ex)</name>
			<description>Whenever you come within 10 feet of a trap, you receive an immediate Perception skill check to notice the trap. This check should be made in secret by the GM.</description>
			<type>ROGUECLASSFEATURES.SPECIALQUALITY.EXTRAORDINARY.ROGUETALENT</type>
			<associated></associated>
			<count>0</count>
			<aspect></aspect>
			<auto>F</auto>
			<hidden>F</hidden>
			<virtual>F</virtual>
			<category>Special Ability</category>
			<source>Paizo Inc. - Core Rulebook, p.69</source>
		</special_quality>
		<special_quality>
			<name>Uncanny Dodge (Ex)</name>
			<description>You can react to danger before your senses would normally allow you to do so. You cannot be caught flat-footed, nor do you lose your Dexterity bonus to AC if the attacker is invisible. You still lose your Dexterity bonus to AC if immobilized. You can still lose your Dexterity bonus to AC if an opponent successfully uses the feint action against you.</description>
			<type>SPECIALQUALITY.EXTRAORDINARY.DEFENSIVE</type>
			<associated></associated>
			<count>0</count>
			<aspect></aspect>
			<auto>F</auto>
			<hidden>F</hidden>
			<virtual>F</virtual>
			<category>Special Ability</category>
			<source>Paizo Inc. - Core Rulebook</source>
		</special_quality>
		<special_quality>
			<name>Weapon Familiarity</name>
			<description>Halflings are proficient with slings and treat any weapon with the word &quot;halfling&quot; in its name as a martial weapon.</description>
			<type>RACIALTRAITS.HALFLING RACIAL TRAIT.HALFLING RACIAL DEFAULT.SPECIALQUALITY.WEAPON FAMILIARITY</type>
			<associated></associated>
			<count>0</count>
			<aspect></aspect>
			<auto>F</auto>
			<hidden>F</hidden>
			<virtual>F</virtual>
			<category>Special Ability</category>
			<source>Paizo Inc. - Core Rulebook, p.26</source>
		</special_quality>
	</special_qualities>
	<!--
	  ====================================
	  ====================================
			SPECIAL ATTACKS
	  ====================================
	  ====================================-->
	<special_attacks>
		<!-- Visible All "Special Ability" Ability Objects -->
		<special_attack>
			<name>Crippling Strike (Ex)</name>
			<description>You can sneak attack opponents with such precision that your blows weaken and hamper them. An opponent damaged by one of your sneak attacks also takes 2 points of Strength damage.</description>
			<type>ROGUECLASSFEATURES.SPECIALATTACK.EXTRAORDINARY.ROGUEADVANCEDTALENT.ATTACKOPTION</type>
			<associated></associated>
			<count>0</count>
			<aspect></aspect>
			<auto>F</auto>
			<hidden>F</hidden>
			<virtual>F</virtual>
			<category>Special Ability</category>
			<source>Paizo Inc. - Core Rulebook, p.69</source>
		</special_attack>
		<special_attack>
			<name>Sneak Attack (Ex)</name>
			<description>If you can catch an opponent when he is unable to defend himself effectively from your attack, you can strike a vital spot for extra damage. Your attack deals 6d6 points of extra damage anytime your target would be denied a Dexterity bonus to AC, or when you flank your target. Should you score a critical hit with a sneak attack, this extra damage is not multiplied. Ranged attacks can count as sneak attacks only if the target is within 30 feet. With a weapon that deals nonlethal damage, you can make a sneak attack that deals nonlethal damage instead of lethal damage. You cannot use a weapon that deals lethal damage to deal nonlethal damage in a sneak attack, not even with the usual -4 penalty. You must be able to see the target well enough to pick out a vital spot and must be able to reach such a spot. You cannot sneak attack while striking a creature with concealment.</description>
			<type>ROGUECLASSFEATURES.ALCHEMISTCLASSFEATURES.SPECIALATTACK.EXTRAORDINARY.ATTACKOPTION</type>
			<associated></associated>
			<count>0</count>
			<aspect>Ability Benefit: 6d6</aspect>
			<auto>F</auto>
			<hidden>F</hidden>
			<virtual>F</virtual>
			<category>Special Ability</category>
			<source>Paizo Inc. - Core Rulebook, p.68</source>
		</special_attack>
	</special_attacks>

		<!--
	  ====================================
	  ====================================
			Resistance Table
	  ====================================
	  ====================================-->
		<resistances>
		</resistances>

		<!--
	  ====================================
	  ====================================
			Racial Traits
	  ====================================
	  ====================================-->

	<racial_traits>
	</racial_traits>

		<!--
	  ====================================
	  ====================================
			Animal Trick
	  ====================================
	  ====================================-->
	<animal_tricks>
	</animal_tricks>

	<!--
	  ====================================
	  ====================================
			TALENTS
	  ====================================
	  ====================================-->
	<talents>
	</talents>

	<!--
	  ====================================
	  ====================================
			Intelligent Item
	  ====================================
	  ====================================-->
	<intelligent_items>
	</intelligent_items>

	<!--
	  ====================================
	  ====================================
			Words of Power
	  ====================================
	  ====================================-->
	<words_of_powers>
	</words_of_powers>

	<!--
	  ====================================
	  ====================================
			SALIENT DIVINE ABILITIES
	  ====================================
	  ====================================-->
	<salient_divine_abilities>
	</salient_divine_abilities>
	<!--
	  ====================================
	  ====================================
			Occupations
	  ====================================
	  ====================================-->
	<occupations>
	</occupations>


	<!-- Eclipse Section -->
		<!--
	  ====================================
	  ====================================
			Eclipse Recurring Bonuses
	  ====================================
	  ====================================-->
	<charcreations>
	</charcreations>
		<!--
	  ====================================
	  ====================================
			DISADVANTAGES
	  ====================================
	  ====================================-->
	<disadvantages>
	</disadvantages>
	<!--
	  ====================================
	  ====================================
			Eclipse Abilities
	  ====================================
	  ====================================-->
	<eclipse_abilities>
	</eclipse_abilities>
	<!--
	  ====================================
	  ====================================
			Spell Caster Output
	  ====================================
	  ====================================-->
	<spellcasteroutputs>
	</spellcasteroutputs>
	<!--
	  ====================================
	  ====================================
			Martial Arts
	  ====================================
	  ====================================-->
	<martial_arts>
	</martial_arts>
	<!--
	  ====================================
	  ====================================
			Mystic Artist
	  ====================================
	  ====================================-->
	<mystic_artists>
	</mystic_artists>
	<!--
	  ====================================
	  ====================================
			Witchcraft Abilities
	  ====================================
	  ====================================-->
	<witchcrafts>
	</witchcrafts>
	<!--
	  ====================================
	  ====================================
			The Path of the Dragon
	  ====================================
	  ====================================-->
	<path_dragons>
	</path_dragons>
		<!--
	  ====================================
	  ====================================
			Dominion and Advanced Dominion
	  ====================================
	  ====================================-->
	<dominions>
	</dominions>
	<!--
	  ====================================
	  ====================================
			Channeling
	  ====================================
	  ====================================-->
	<channelings>
	</channelings>
	<!-- END ECLIPSE SECION -->

	<!--
	  ====================================
	  ====================================
			POWERS - CLASSFEATURES
	  ====================================
	  ====================================-->
	<powers_classfeatures>
	</powers_classfeatures>

		<!--
	  ====================================
	  ====================================
			POWERS - CLASSFEATURES
	  ====================================
	  ====================================-->
	<powers_classfeatures>
	</powers_classfeatures><!--
	  ====================================
	  ====================================
			POWERS - FEATPOWERS
	  ====================================
	  ====================================-->
	<powers_featpowers>
	</powers_featpowers>

	<!--
	  ====================================
	  ====================================
			4e Powers - At-Will
	  ====================================
	  ====================================-->
	<powers_atwills>
	</powers_atwills>

	<!--
	  ====================================
	  ====================================
			4e Powers - At-Will
	  ====================================
	  ====================================-->
	<powers_atwills>
	</powers_atwills>

	<!--
	  ====================================
	  ====================================
			4e Powers - Encounter
	  ====================================
	  ====================================-->

	<powers_encounters>
	</powers_encounters>
	<!--
	  ====================================
	  ====================================
			4e Powers - Daily
	  ====================================
	  ====================================-->
	<powers_dailies>
	</powers_dailies>
	<!--
	  ====================================
	  ====================================
			4e Powers - Utility
	  ====================================
	  ====================================-->

	<powers_utilities>
	</powers_utilities>

	<!--
	  ====================================
	  ====================================
			Demon Cant
	  ====================================
	  ====================================-->
	<demon_cants>
	</demon_cants>
	<!--
	  ====================================
	  ====================================
			Mage Gnosis
	  ====================================
	  ====================================-->
	<mage_gnosises>
	</mage_gnosises>
	<!--
	  ====================================
	  ====================================
			Vampire Disciplines
	  ====================================
	  ====================================-->
	<vampire_disciplines>
	</vampire_disciplines>
	<!--
	  ====================================
	  ====================================
			Werewolf Rites
	  ====================================
	  ====================================-->
	<werewolf_rites>
	</werewolf_rites>

	<!--
	  ====================================
	  ====================================
			Force Powers
	  ====================================
	  ====================================-->
	<force_powers>
	</force_powers>
	<!--
	  ====================================
	  ====================================
			Force Techniques
	  ====================================
	  ====================================-->
	<force_techniques>
	</force_techniques>
	<!--
	  ====================================
	  ====================================
			Force Secrets
	  ====================================
	  ====================================-->
	<force_secrets>
	</force_secrets>

	<!--
	====================================
	====================================
			MUTATIONS
	====================================
	====================================	-->
	<mutations>
	</mutations>




	<!--
	  ====================================
	  ====================================
			TRAITS
	  ====================================
	  ====================================-->
	<traits>
		<trait>
			<name>Brigand</name>
			<description>You hail from the River Kingdoms or the more lawless reaches of Brevoy. Life has been hard for you. Perhaps your parents and siblings were crooks and con artists, or maybe your rough, lonely life lead you to fall in with thieves and worse. You know how to ambush travelers, bully traders, avoid the law, and camp where no one might find you. Recently, you&#39;ve run into some trouble, either with the law or with other bandits, and you&#39;re looking to get away to somewhere no one would ever think to look for you. An expedition into the rugged wilderness seems like a perfect way to lie low until the trouble blows over. You gain a +1 trait bonus on Bluff, Diplomacy, Intimidate, and Sense Motive checks when dealing with brigands, thieves, bandits, and their ilk.</description>
			<source>Paizo Inc. - Kingmaker Player&#39;s Guide, p.10</source>
		</trait>
		<trait>
			<name>Natural-Born Leader</name>
			<description>You&#39;ve always found yourself in positions where others look up to you as a leader, and you can distinctly remember an event from your early childhood where you led several other children to accomplish a goal that each of you individually could not. All cohorts, followers, or summoned creatures under your leadership gain a +1 morale bonus on Will saves to avoid mind-affecting effects. If you ever take the Leadership feat, you gain a +1 trait bonus to your Leadership score.</description>
			<source>Paizo Inc. - Advanced Player&#39;s Guide, p.330</source>
		</trait>
	</traits>

	<!--
	  ====================================
	  ====================================
			Afflictions
	  ====================================
	  ====================================-->
	<afflictions>
	</afflictions>

	<!--
	  ====================================
	  ====================================
			PFS Chronicles
	  ====================================
	  ====================================-->
	<pfs_chronicles>
	</pfs_chronicles>
	<!--
	  ====================================
	  ====================================
			PFS Boons
	  ====================================
	  ====================================-->
	<pfs_boons>
	</pfs_boons>
	<!--
	====================================
	  ====================================
			Temporary Bonus
	  ====================================
	  ====================================-->
	<tempbonuses>
	</tempbonuses>

	<!--
	  ====================================
	  ====================================
			MISCELLANEOUS
	  ====================================
	  ====================================-->


	<!-- Domains -->
	<weapon_proficiencies>Bayonet, Blowgun, Cestus, Club, Hand Crossbow, Heavy Crossbow, Light Crossbow, Dagger, Punching Dagger, Dart, Gauntlet, Spiked Gauntlet, Grapple, Javelin, Longspear, Heavy Mace, Light Mace, Mere Club, Morningstar, Quarterstaff, Rapier, Rock, Sap, Shortbow, Shortspear, Sickle, Sling, Spear, Boar Spear, Ray Spells, Touch Spells, Splash Weapon, Stake, Short Sword, Unarmed Strike</weapon_proficiencies>
	<languages>Aklo, Common, Elven, Giant, Halfling, Hallit, Skald, Sylvan, Varisian</languages>


	<misc>
			<gold>1,258</gold>

		<funds>
			<fund></fund>
		</funds>
		<companions>
			<companion></companion>
		</companions>
<!--	This doesn't work - AM
		-->
		<magics>
			<magic></magic>
		</magics>
	</misc>
	<!--
	  ====================================
	  ====================================
			COMPANIONS
	  ====================================
	  ====================================-->
	<companions>


	</companions>
	<!--
	  ====================================
	  ====================================
			SPELLS
	  ====================================
	  ====================================-->
	<spells>
		<!-- ### BEGIN Innate spells ### -->
	<spells_innate number="none"/>
		<!-- ### END Innate spells ### -->
		<!-- ### BEGIN Known spells ### -->
		<known_spells>
	</known_spells>
		<!-- ### END Known spells ### -->

		<!-- ### BEGIN memorized spells ### -->
	<memorized_spells/>
	<!-- ### END class Spellbook memorized spells ### -->
	</spells>
	<!-- ### Additional House Rules for Variables in the xsl:fo code ### -->
	<house_var>
		<spelldisplaydc>0.0</spelldisplaydc>
		<OldStyleAbilityStatBlockDisplay>0.0</OldStyleAbilityStatBlockDisplay>
	</house_var>
</character>
